split,page_id,relative_path,content_hash,file_size_bytes,image_format,width,height,color_mode,has_ground_truth_page_xml,ground_truth_relative_path
train,NL-HaNA_1.01.02_3097_0039,dataset-dutch-rgb/republic7/train/NL-HaNA_1.01.02_3097_0039.jpg,page_image_535455a9402468193b6550ecc437b13671a6ff6864d995ce028a3ac27981a70b,7425212,JPEG,5915,4439,RGB,True,dataset-dutch-rgb/republic7/train/page/NL-HaNA_1.01.02_3097_0039.xml
train,NL-HaNA_1.01.02_3097_0114,dataset-dutch-rgb/republic7/train/NL-HaNA_1.01.02_3097_0114.jpg,page_image_493a736d32bb57d2a6d2ee1003399776cb76fa763a23d38f0b15bc971f1464ae,7616429,JPEG,5896,4478,RGB,True,dataset-dutch-rgb/republic7/train/page/NL-HaNA_1.01.02_3097_0114.xml
train,NL-HaNA_1.01.02_3099_0298,dataset-dutch-rgb/republic7/train/NL-HaNA_1.01.02_3099_0298.jpg,page_image_d70c7968b3dd9fae1f5d21ebc42236d5f92fb9a657f7f3e7c0c446e96054f887,6959720,JPEG,5612,4392,RGB,True,dataset-dutch-rgb/republic7/train/page/NL-HaNA_1.01.02_3099_0298.xml
train,NL-HaNA_1.01.02_3102_0083,dataset-dutch-rgb/republic7/train/NL-HaNA_1.01.02_3102_0083.jpg,page_image_e969182279ffdc0bb90d740b317716b8f973e82d5ed401c8bbd3eb9796ae4cf0,6348209,JPEG,4941,4155,RGB,True,dataset-dutch-rgb/republic7/train/page/NL-HaNA_1.01.02_3102_0083.xml
train,NL-HaNA_1.01.02_3108_0008,dataset-dutch-rgb/republic7/train/NL-HaNA_1.01.02_3108_0008.jpg,page_image_7122ba1edb820f27316543d0de99b6ddfda7a77f75e535aac2d804125cabdb9a,5795496,JPEG,5281,4181,RGB,True,dataset-dutch-rgb/republic7/train/page/NL-HaNA_1.01.02_3108_0008.xml
train,NL-HaNA_1.01.02_3114_0218,dataset-dutch-rgb/republic7/train/NL-HaNA_1.01.02_3114_0218.jpg,page_image_cc0efc762d8d2f132322ecf6da29d0922d83f9b9dd4b587ba9e12611e16f7864,5800993,JPEG,4993,3808,RGB,True,dataset-dutch-rgb/republic7/train/page/NL-HaNA_1.01.02_3114_0218.xml
train,NL-HaNA_1.01.02_3118_0015,dataset-dutch-rgb/republic7/train/NL-HaNA_1.01.02_3118_0015.jpg,page_image_47370761053d1ec18770b209e0b04c5d8ec695488e9202aa5e59a306cdf3cf7e,5750762,JPEG,5484,4118,RGB,True,dataset-dutch-rgb/republic7/train/page/NL-HaNA_1.01.02_3118_0015.xml
train,NL-HaNA_1.01.02_3120_0415,dataset-dutch-rgb/republic7/train/NL-HaNA_1.01.02_3120_0415.jpg,page_image_079bcdbaa77dcf28342a092e4777b1491acaac3e90036505112704b26f7ee716,5676023,JPEG,4959,3963,RGB,True,dataset-dutch-rgb/republic7/train/page/NL-HaNA_1.01.02_3120_0415.xml
train,NL-HaNA_1.01.02_3124_0173,dataset-dutch-rgb/republic7/train/NL-HaNA_1.01.02_3124_0173.jpg,page_image_c5b2c44a7f02506efd3938a5c9cc811a3321258c2d201206966ee4ecf587668e,6330152,JPEG,5269,4249,RGB,True,dataset-dutch-rgb/republic7/train/page/NL-HaNA_1.01.02_3124_0173.xml
train,NL-HaNA_1.01.02_3124_0215,dataset-dutch-rgb/republic7/train/NL-HaNA_1.01.02_3124_0215.jpg,page_image_84696cc96957590fbed46395762ebde950b618eab47dfe67d63ab64dd787907b,6379909,JPEG,5241,4231,RGB,True,dataset-dutch-rgb/republic7/train/page/NL-HaNA_1.01.02_3124_0215.xml
train,NL-HaNA_1.01.02_3124_0341,dataset-dutch-rgb/republic7/train/NL-HaNA_1.01.02_3124_0341.jpg,page_image_5f934843641fd114d2547d3d70f73fcbe0d042ff651b096f8a652e7ddd0fabc8,6521537,JPEG,5211,4221,RGB,True,dataset-dutch-rgb/republic7/train/page/NL-HaNA_1.01.02_3124_0341.xml
train,NL-HaNA_1.01.02_3126_0031,dataset-dutch-rgb/republic7/train/NL-HaNA_1.01.02_3126_0031.jpg,page_image_6a80a3c2b844e94b8301929ff5613c7e9a1268b0d07d2a35bf3faa1aa2759b4c,6532035,JPEG,5540,4311,RGB,True,dataset-dutch-rgb/republic7/train/page/NL-HaNA_1.01.02_3126_0031.xml
train,NL-HaNA_1.01.02_3126_0159,dataset-dutch-rgb/republic7/train/NL-HaNA_1.01.02_3126_0159.jpg,page_image_10f8c4aead3f6be3d4e59de4a0f83ff41691c87e2097eae7d86ed93e53e04357,6455146,JPEG,5284,4213,RGB,True,dataset-dutch-rgb/republic7/train/page/NL-HaNA_1.01.02_3126_0159.xml
train,NL-HaNA_1.01.02_3128_0006,dataset-dutch-rgb/republic7/train/NL-HaNA_1.01.02_3128_0006.jpg,page_image_9217dc496c82ba6839c27a7c54d5ea14742b0a0c6ce8b90bf9f96f114973f97b,6560785,JPEG,5441,4181,RGB,True,dataset-dutch-rgb/republic7/train/page/NL-HaNA_1.01.02_3128_0006.xml
train,NL-HaNA_1.01.02_3128_0373,dataset-dutch-rgb/republic7/train/NL-HaNA_1.01.02_3128_0373.jpg,page_image_db37c79b5eeb0ba83c5a45c182b2853d933940df15b92a49c33741a3eb7f2ea6,7520463,JPEG,5590,4238,RGB,True,dataset-dutch-rgb/republic7/train/page/NL-HaNA_1.01.02_3128_0373.xml
train,NL-HaNA_1.01.02_3130_0235,dataset-dutch-rgb/republic7/train/NL-HaNA_1.01.02_3130_0235.jpg,page_image_17a7024b28c549c01d4adb3632bc10356f256e620ca0cac859c04b93716b6d65,5769556,JPEG,5543,4140,RGB,True,dataset-dutch-rgb/republic7/train/page/NL-HaNA_1.01.02_3130_0235.xml
train,NL-HaNA_1.01.02_3132_0171,dataset-dutch-rgb/republic7/train/NL-HaNA_1.01.02_3132_0171.jpg,page_image_ff1ed150ff5101f4a1df63365e8c5528c219abafb042e28800907a05088cc786,7016294,JPEG,5553,4227,RGB,True,dataset-dutch-rgb/republic7/train/page/NL-HaNA_1.01.02_3132_0171.xml
train,NL-HaNA_1.01.02_3134_0118,dataset-dutch-rgb/republic7/train/NL-HaNA_1.01.02_3134_0118.jpg,page_image_875d62693f1bcc6c3da340ee43a8c7c35755798edcfdcba5e0975b9bb2307010,7660447,JPEG,5821,4269,RGB,True,dataset-dutch-rgb/republic7/train/page/NL-HaNA_1.01.02_3134_0118.xml
train,NL-HaNA_1.01.02_3134_0256,dataset-dutch-rgb/republic7/train/NL-HaNA_1.01.02_3134_0256.jpg,page_image_5fd021e009c2b36b598f71a385aaff0fe6410def5c03f67813d47d7e145097e8,7813790,JPEG,5806,4240,RGB,True,dataset-dutch-rgb/republic7/train/page/NL-HaNA_1.01.02_3134_0256.xml
train,NL-HaNA_1.01.02_3134_0597,dataset-dutch-rgb/republic7/train/NL-HaNA_1.01.02_3134_0597.jpg,page_image_21b4fdc0323e9735b5dee1a335738030674a2c0463394c972f73aa1738eeba28,7716223,JPEG,5798,4248,RGB,True,dataset-dutch-rgb/republic7/train/page/NL-HaNA_1.01.02_3134_0597.xml
train,NL-HaNA_1.01.02_3136_0080,dataset-dutch-rgb/republic7/train/NL-HaNA_1.01.02_3136_0080.jpg,page_image_0a09d424c47c2adedf844301ad0efcc2b23f8a8408b140bcd3fc89cb4dc64ed0,7653895,JPEG,5782,4372,RGB,True,dataset-dutch-rgb/republic7/train/page/NL-HaNA_1.01.02_3136_0080.xml
train,NL-HaNA_1.01.02_3136_0104,dataset-dutch-rgb/republic7/train/NL-HaNA_1.01.02_3136_0104.jpg,page_image_50e6bddb07a36a066c7e7ca383ab7dd92623a38455630763096c03968b88b558,7809460,JPEG,5776,4390,RGB,True,dataset-dutch-rgb/republic7/train/page/NL-HaNA_1.01.02_3136_0104.xml
train,NL-HaNA_1.01.02_3136_0196,dataset-dutch-rgb/republic7/train/NL-HaNA_1.01.02_3136_0196.jpg,page_image_703cd012770c48cc7aafa7cc68f8e236ddd2df4f40409d9b9b57606ef26ee28d,8110651,JPEG,5794,4407,RGB,True,dataset-dutch-rgb/republic7/train/page/NL-HaNA_1.01.02_3136_0196.xml
train,NL-HaNA_1.01.02_3136_0272,dataset-dutch-rgb/republic7/train/NL-HaNA_1.01.02_3136_0272.jpg,page_image_5f0365fe44ab51c5a04de3a71659c191700899bab46dfb2e5899891961de0613,7472665,JPEG,5671,4371,RGB,True,dataset-dutch-rgb/republic7/train/page/NL-HaNA_1.01.02_3136_0272.xml
train,NL-HaNA_1.01.02_3137_0041,dataset-dutch-rgb/republic7/train/NL-HaNA_1.01.02_3137_0041.jpg,page_image_a61b690745e98be051f9fb611272db2ed926081887566ccd37bdc3329dd4c634,5085874,JPEG,5094,3817,RGB,True,dataset-dutch-rgb/republic7/train/page/NL-HaNA_1.01.02_3137_0041.xml
train,NL-HaNA_1.01.02_3138_0448,dataset-dutch-rgb/republic7/train/NL-HaNA_1.01.02_3138_0448.jpg,page_image_8b4cd5c591223d21207b2de765028eec27f17ad4421008fd0d2692e51db8aa29,6873201,JPEG,5811,4116,RGB,True,dataset-dutch-rgb/republic7/train/page/NL-HaNA_1.01.02_3138_0448.xml
train,NL-HaNA_1.01.02_3140_0245,dataset-dutch-rgb/republic7/train/NL-HaNA_1.01.02_3140_0245.jpg,page_image_3803d773dab80a64f583b7b09dd8b9b02e812f5443e211402e60404d530557ff,6007292,JPEG,5163,4017,RGB,True,dataset-dutch-rgb/republic7/train/page/NL-HaNA_1.01.02_3140_0245.xml
train,NL-HaNA_1.01.02_3140_0545,dataset-dutch-rgb/republic7/train/NL-HaNA_1.01.02_3140_0545.jpg,page_image_726d447ee7684f6b1fd98b2273f255b470b61f7494b19b6facbf9c676099a41a,6093753,JPEG,5173,4051,RGB,True,dataset-dutch-rgb/republic7/train/page/NL-HaNA_1.01.02_3140_0545.xml
train,NL-HaNA_1.01.02_3140_0650,dataset-dutch-rgb/republic7/train/NL-HaNA_1.01.02_3140_0650.jpg,page_image_40ce8017c2bba0052746b37e4192b82d371d4310f9ed25052416352a4e57d4d4,6220465,JPEG,5263,4066,RGB,True,dataset-dutch-rgb/republic7/train/page/NL-HaNA_1.01.02_3140_0650.xml
train,NL-HaNA_1.01.02_3142_0063,dataset-dutch-rgb/republic7/train/NL-HaNA_1.01.02_3142_0063.jpg,page_image_babba0360ee6a8d5e02c7743d53e5963fd5e35162fd8c185c87518f78a2eb372,7281462,JPEG,5597,4443,RGB,True,dataset-dutch-rgb/republic7/train/page/NL-HaNA_1.01.02_3142_0063.xml
train,NL-HaNA_1.01.02_3142_0171,dataset-dutch-rgb/republic7/train/NL-HaNA_1.01.02_3142_0171.jpg,page_image_d2e637a22402e5c9cb67a077f2da1c5a15983be25af5fba2d08423d248c1687e,6936905,JPEG,5534,4406,RGB,True,dataset-dutch-rgb/republic7/train/page/NL-HaNA_1.01.02_3142_0171.xml
train,NL-HaNA_1.01.02_3142_0740,dataset-dutch-rgb/republic7/train/NL-HaNA_1.01.02_3142_0740.jpg,page_image_5d99ae0840951e79301441da7c3d397638c8d75153d6a1b581867227c3696057,7175614,JPEG,5601,4407,RGB,True,dataset-dutch-rgb/republic7/train/page/NL-HaNA_1.01.02_3142_0740.xml
train,NL-HaNA_1.01.02_3144_0853,dataset-dutch-rgb/republic7/train/NL-HaNA_1.01.02_3144_0853.jpg,page_image_e4b90ac5656b5c68dde241344d37a3e4d67c767060f76779c6245f2d8b25e0ff,5841878,JPEG,5102,4023,RGB,True,dataset-dutch-rgb/republic7/train/page/NL-HaNA_1.01.02_3144_0853.xml
train,NL-HaNA_1.01.02_3146_0231,dataset-dutch-rgb/republic7/train/NL-HaNA_1.01.02_3146_0231.jpg,page_image_c08e7d14a80d2224a4656a136dc5fa3b438112db214e8016a0973784aed82573,7401911,JPEG,5564,4392,RGB,True,dataset-dutch-rgb/republic7/train/page/NL-HaNA_1.01.02_3146_0231.xml
train,NL-HaNA_1.01.02_3146_0679,dataset-dutch-rgb/republic7/train/NL-HaNA_1.01.02_3146_0679.jpg,page_image_daf3764407902994526aff8a2d6b87fbbc8b1853203c16533929924d8f9f219c,7740921,JPEG,5753,4465,RGB,True,dataset-dutch-rgb/republic7/train/page/NL-HaNA_1.01.02_3146_0679.xml
train,NL-HaNA_1.01.02_3148_0090,dataset-dutch-rgb/republic7/train/NL-HaNA_1.01.02_3148_0090.jpg,page_image_b94bfe03551b4c94b3354ec6f37be0d56d1db1b477e31d71d92800f33c58a1bc,8557253,JPEG,5792,4342,RGB,True,dataset-dutch-rgb/republic7/train/page/NL-HaNA_1.01.02_3148_0090.xml
train,NL-HaNA_1.01.02_3148_0382,dataset-dutch-rgb/republic7/train/NL-HaNA_1.01.02_3148_0382.jpg,page_image_554ef5798e1b3ccd29ed6c0f9071ba1c79439409f200286dbf818c6191765490,8787259,JPEG,5751,4331,RGB,True,dataset-dutch-rgb/republic7/train/page/NL-HaNA_1.01.02_3148_0382.xml
train,NL-HaNA_1.01.02_3148_0404,dataset-dutch-rgb/republic7/train/NL-HaNA_1.01.02_3148_0404.jpg,page_image_c8e5eebaca79e1ba268b4b406ab5906a1853edddd9c328bd3032bfbbec098a1d,8718193,JPEG,5813,4361,RGB,True,dataset-dutch-rgb/republic7/train/page/NL-HaNA_1.01.02_3148_0404.xml
train,NL-HaNA_1.01.02_3150_0163,dataset-dutch-rgb/republic7/train/NL-HaNA_1.01.02_3150_0163.jpg,page_image_b10422218441752add57c03aceeaadeb8078a98e8610ec8e4bb73d4c1bf983d6,6171663,JPEG,5201,3989,RGB,True,dataset-dutch-rgb/republic7/train/page/NL-HaNA_1.01.02_3150_0163.xml
train,NL-HaNA_1.01.02_3150_0394,dataset-dutch-rgb/republic7/train/NL-HaNA_1.01.02_3150_0394.jpg,page_image_c91dab021b55f2cd2762d7b869417212b25ae9cf2dd1920e8b8842fb3c28be2d,5945069,JPEG,5141,3981,RGB,True,dataset-dutch-rgb/republic7/train/page/NL-HaNA_1.01.02_3150_0394.xml
train,NL-HaNA_1.01.02_3150_0414,dataset-dutch-rgb/republic7/train/NL-HaNA_1.01.02_3150_0414.jpg,page_image_71b010964230e120a4eb7d8270f30990dbcd45b495e87c8e253844342d91f924,5829580,JPEG,5128,4009,RGB,True,dataset-dutch-rgb/republic7/train/page/NL-HaNA_1.01.02_3150_0414.xml
train,NL-HaNA_1.01.02_3150_0454,dataset-dutch-rgb/republic7/train/NL-HaNA_1.01.02_3150_0454.jpg,page_image_ee19ee6660e7fbb9a1ec3f4621336155d6f48cd69b79052d5b3f2d9492a1a34d,5938680,JPEG,5098,3996,RGB,True,dataset-dutch-rgb/republic7/train/page/NL-HaNA_1.01.02_3150_0454.xml
train,NL-HaNA_1.01.02_3150_0693,dataset-dutch-rgb/republic7/train/NL-HaNA_1.01.02_3150_0693.jpg,page_image_3dd74f17797e7af5a750e22bf549aa053bcabe4cd2bed17af8ea4b65aa5f2cf0,6288489,JPEG,5137,4043,RGB,True,dataset-dutch-rgb/republic7/train/page/NL-HaNA_1.01.02_3150_0693.xml
train,NL-HaNA_1.01.02_3152_0017,dataset-dutch-rgb/republic7/train/NL-HaNA_1.01.02_3152_0017.jpg,page_image_1c5f0bd14062f97029d781d3cbbe6bc1c51a7c6f70eeb78ca22288231c804460,4787116,JPEG,5208,4070,RGB,True,dataset-dutch-rgb/republic7/train/page/NL-HaNA_1.01.02_3152_0017.xml
train,NL-HaNA_1.01.02_3152_0385,dataset-dutch-rgb/republic7/train/NL-HaNA_1.01.02_3152_0385.jpg,page_image_66c1d92dbfe0ba1824a0447d28657ee8153775a370f0dab96382e8ef4ca0f1ce,6207233,JPEG,5231,4001,RGB,True,dataset-dutch-rgb/republic7/train/page/NL-HaNA_1.01.02_3152_0385.xml
train,NL-HaNA_1.01.02_3152_0742,dataset-dutch-rgb/republic7/train/NL-HaNA_1.01.02_3152_0742.jpg,page_image_0873582516b714976893f95c4b0ff2ee346ac17074823f45fcd22bd119cfabeb,6164863,JPEG,5236,4047,RGB,True,dataset-dutch-rgb/republic7/train/page/NL-HaNA_1.01.02_3152_0742.xml
train,NL-HaNA_1.01.02_3156_0264,dataset-dutch-rgb/republic7/train/NL-HaNA_1.01.02_3156_0264.jpg,page_image_f8c983e0499e4a75869641d2e25d17f849bec35bdfeeb716d4d0d9f77dab4b6e,7985306,JPEG,5749,4399,RGB,True,dataset-dutch-rgb/republic7/train/page/NL-HaNA_1.01.02_3156_0264.xml
train,NL-HaNA_1.01.02_3156_0484,dataset-dutch-rgb/republic7/train/NL-HaNA_1.01.02_3156_0484.jpg,page_image_42e185b9d56ca75f7384c8117bee95b2415abd3dee3f26ce0f703563a307e8c8,7858691,JPEG,5754,4369,RGB,True,dataset-dutch-rgb/republic7/train/page/NL-HaNA_1.01.02_3156_0484.xml
train,NL-HaNA_1.01.02_3156_0520,dataset-dutch-rgb/republic7/train/NL-HaNA_1.01.02_3156_0520.jpg,page_image_586267e39117818a708b74538e11c8fce36a29226874688b1d360307e1d33732,7625984,JPEG,5792,4391,RGB,True,dataset-dutch-rgb/republic7/train/page/NL-HaNA_1.01.02_3156_0520.xml
train,NL-HaNA_1.01.02_3156_0580,dataset-dutch-rgb/republic7/train/NL-HaNA_1.01.02_3156_0580.jpg,page_image_ab97b6a6228b2165450ca0464753be4a2c7db7dee8935a7b80aa9f60e019e67e,7783539,JPEG,5771,4341,RGB,True,dataset-dutch-rgb/republic7/train/page/NL-HaNA_1.01.02_3156_0580.xml
train,NL-HaNA_1.01.02_3158_0262,dataset-dutch-rgb/republic7/train/NL-HaNA_1.01.02_3158_0262.jpg,page_image_6fec3d263c2d6c96268629ec46cbcbb2d104eb2c99031207f4fda3c21934dadc,5602240,JPEG,5192,4012,RGB,True,dataset-dutch-rgb/republic7/train/page/NL-HaNA_1.01.02_3158_0262.xml
train,NL-HaNA_1.01.02_3158_0570,dataset-dutch-rgb/republic7/train/NL-HaNA_1.01.02_3158_0570.jpg,page_image_ce0043a77a670037762f9bdeaaac0f0b093fc382f228e4dee577d883f2022ab3,5774363,JPEG,5152,4052,RGB,True,dataset-dutch-rgb/republic7/train/page/NL-HaNA_1.01.02_3158_0570.xml
train,NL-HaNA_1.01.02_3158_0844,dataset-dutch-rgb/republic7/train/NL-HaNA_1.01.02_3158_0844.jpg,page_image_90520d76abcbd28fda03a7fd3f9dde6fd5e3ff52631109dbe619344463800442,5929822,JPEG,5151,4061,RGB,True,dataset-dutch-rgb/republic7/train/page/NL-HaNA_1.01.02_3158_0844.xml
train,NL-HaNA_1.01.02_3160_0064,dataset-dutch-rgb/republic7/train/NL-HaNA_1.01.02_3160_0064.jpg,page_image_523f48aef8cf434d41a00cfd8a1b29f196faf7bf9fac7cf01051401a2ec350fc,6737667,JPEG,5186,4124,RGB,True,dataset-dutch-rgb/republic7/train/page/NL-HaNA_1.01.02_3160_0064.xml
train,NL-HaNA_1.01.02_3160_0447,dataset-dutch-rgb/republic7/train/NL-HaNA_1.01.02_3160_0447.jpg,page_image_c6329da633d072d5b6c770e1347507895baab1b2c14c7ba34b02640abd18b1da,6324678,JPEG,5236,4008,RGB,True,dataset-dutch-rgb/republic7/train/page/NL-HaNA_1.01.02_3160_0447.xml
train,NL-HaNA_1.01.02_3162_0086,dataset-dutch-rgb/republic7/train/NL-HaNA_1.01.02_3162_0086.jpg,page_image_265531edc452405a0c31a00a21221926d043ef3aa71e5bc63720d160c23517af,5719195,JPEG,5241,4018,RGB,True,dataset-dutch-rgb/republic7/train/page/NL-HaNA_1.01.02_3162_0086.xml
train,NL-HaNA_1.01.02_3162_0093,dataset-dutch-rgb/republic7/train/NL-HaNA_1.01.02_3162_0093.jpg,page_image_c0dc7a2b308072fbe9e56c334ada50fb8cfbd49cdcf94d7b4dc515f673cfe459,5707385,JPEG,5211,3991,RGB,True,dataset-dutch-rgb/republic7/train/page/NL-HaNA_1.01.02_3162_0093.xml
train,NL-HaNA_1.01.02_3162_0216,dataset-dutch-rgb/republic7/train/NL-HaNA_1.01.02_3162_0216.jpg,page_image_f849f9b893a8aa2ba80d560abd1e5cd5ada81b7082bc80c742044934019913ed,5706717,JPEG,5221,4021,RGB,True,dataset-dutch-rgb/republic7/train/page/NL-HaNA_1.01.02_3162_0216.xml
train,NL-HaNA_1.01.02_3164_0319,dataset-dutch-rgb/republic7/train/NL-HaNA_1.01.02_3164_0319.jpg,page_image_cc57ca530d60c62d877c60d36202ad5982e3552c70444dafcfc68d273f332aa6,6962122,JPEG,5691,4508,RGB,True,dataset-dutch-rgb/republic7/train/page/NL-HaNA_1.01.02_3164_0319.xml
train,NL-HaNA_1.01.02_3164_0354,dataset-dutch-rgb/republic7/train/NL-HaNA_1.01.02_3164_0354.jpg,page_image_4fa5ef3c925128c9cb47071d80d080284180052a69161fbcc2b9a2a5741f1f01,6946082,JPEG,5601,4441,RGB,True,dataset-dutch-rgb/republic7/train/page/NL-HaNA_1.01.02_3164_0354.xml
train,NL-HaNA_1.01.02_3167_0020,dataset-dutch-rgb/republic7/train/NL-HaNA_1.01.02_3167_0020.jpg,page_image_6c8ab0cb8acc6411daa5f5d3b2e40d9835b4ca03583d4e8bdf12bdb571eca1e2,5711182,JPEG,5028,3861,RGB,True,dataset-dutch-rgb/republic7/train/page/NL-HaNA_1.01.02_3167_0020.xml
train,NL-HaNA_1.01.02_3168_0164,dataset-dutch-rgb/republic7/train/NL-HaNA_1.01.02_3168_0164.jpg,page_image_0ea3bc9977b1e2cd6d3ba3c7fadafbefcf68341c8f33192301faf02ac4cfe2cc,6134444,JPEG,5142,4100,RGB,True,dataset-dutch-rgb/republic7/train/page/NL-HaNA_1.01.02_3168_0164.xml
train,NL-HaNA_1.01.02_3168_0211,dataset-dutch-rgb/republic7/train/NL-HaNA_1.01.02_3168_0211.jpg,page_image_2ab2f7884a9c3ca60d0bbe3dc33af569e594d4dc1a5c5f0aa51e33ee147e1c71,5948238,JPEG,5040,4023,RGB,True,dataset-dutch-rgb/republic7/train/page/NL-HaNA_1.01.02_3168_0211.xml
train,NL-HaNA_1.01.02_3168_0700,dataset-dutch-rgb/republic7/train/NL-HaNA_1.01.02_3168_0700.jpg,page_image_5fd37da9728f8647a50308aee9fc28aeca6357e2ccb143b0b3436e8e15a1fa66,6133915,JPEG,5104,4087,RGB,True,dataset-dutch-rgb/republic7/train/page/NL-HaNA_1.01.02_3168_0700.xml
train,NL-HaNA_1.01.02_3170_0476,dataset-dutch-rgb/republic7/train/NL-HaNA_1.01.02_3170_0476.jpg,page_image_cde63253403c6308c5ff771455228f82c3cc42c46f0b6bd2b6dd06419ccd51d0,5928832,JPEG,5152,4021,RGB,True,dataset-dutch-rgb/republic7/train/page/NL-HaNA_1.01.02_3170_0476.xml
train,NL-HaNA_1.01.02_3172_0062,dataset-dutch-rgb/republic7/train/NL-HaNA_1.01.02_3172_0062.jpg,page_image_9a5d752588d563060c1e36dcbe09c6de6c82324381e0d0a70c4a820bebd8121b,6089603,JPEG,5105,4073,RGB,True,dataset-dutch-rgb/republic7/train/page/NL-HaNA_1.01.02_3172_0062.xml
train,NL-HaNA_1.01.02_3172_0127,dataset-dutch-rgb/republic7/train/NL-HaNA_1.01.02_3172_0127.jpg,page_image_7518452856d5fe61f00a77de4f70b6a6f8e668a19ce7953fd81c912aa7f288c9,6165170,JPEG,5060,4054,RGB,True,dataset-dutch-rgb/republic7/train/page/NL-HaNA_1.01.02_3172_0127.xml
train,NL-HaNA_1.01.02_3172_0696,dataset-dutch-rgb/republic7/train/NL-HaNA_1.01.02_3172_0696.jpg,page_image_9f9e8595efb8a0ad32b9b9fff520fb42b31c9e71f02ada70c0bbb1df4acd11bb,5897823,JPEG,5119,4059,RGB,True,dataset-dutch-rgb/republic7/train/page/NL-HaNA_1.01.02_3172_0696.xml
train,NL-HaNA_1.01.02_3172_0806,dataset-dutch-rgb/republic7/train/NL-HaNA_1.01.02_3172_0806.jpg,page_image_f1291517d2b6bccf21c7bc600dd296a66d86022bc0794ef3ea4364891863193a,6147368,JPEG,5090,4065,RGB,True,dataset-dutch-rgb/republic7/train/page/NL-HaNA_1.01.02_3172_0806.xml
train,NL-HaNA_1.01.02_3172_0889,dataset-dutch-rgb/republic7/train/NL-HaNA_1.01.02_3172_0889.jpg,page_image_28cf17c8bce921a718cabed3b73311b32951c1c27eb3ed1f2259a8725978efdf,6039822,JPEG,5158,4023,RGB,True,dataset-dutch-rgb/republic7/train/page/NL-HaNA_1.01.02_3172_0889.xml
train,NL-HaNA_1.01.02_3174_0408,dataset-dutch-rgb/republic7/train/NL-HaNA_1.01.02_3174_0408.jpg,page_image_65c43f10052bc3e6c7ae83638486d3fececb5ea8a31d381233d4a69dff51451a,5100974,JPEG,5041,4061,RGB,True,dataset-dutch-rgb/republic7/train/page/NL-HaNA_1.01.02_3174_0408.xml
train,NL-HaNA_1.01.02_3174_0763,dataset-dutch-rgb/republic7/train/NL-HaNA_1.01.02_3174_0763.jpg,page_image_57a2bc822981c35aece48ca863a321142c4eb52b10a59e522d76a68771ffc5f0,5746489,JPEG,5172,4015,RGB,True,dataset-dutch-rgb/republic7/train/page/NL-HaNA_1.01.02_3174_0763.xml
train,NL-HaNA_1.01.02_3175_0027,dataset-dutch-rgb/republic7/train/NL-HaNA_1.01.02_3175_0027.jpg,page_image_00fc524e3eafcc2472b03b81f3af724db349cceb3dd8029827e4cc7cffc39055,5726168,JPEG,5156,4035,RGB,True,dataset-dutch-rgb/republic7/train/page/NL-HaNA_1.01.02_3175_0027.xml
train,NL-HaNA_1.01.02_3175_0079,dataset-dutch-rgb/republic7/train/NL-HaNA_1.01.02_3175_0079.jpg,page_image_bc49813d10192ed2397f5d41b8df37ad2cc7a322596fbd01956ad4d8b9ba91c1,6273743,JPEG,5091,3981,RGB,True,dataset-dutch-rgb/republic7/train/page/NL-HaNA_1.01.02_3175_0079.xml
train,NL-HaNA_1.01.02_3175_0408,dataset-dutch-rgb/republic7/train/NL-HaNA_1.01.02_3175_0408.jpg,page_image_989174c85b7e90bd57e85c5402857dd870104c083b9c60b0e960627fa3786083,5991896,JPEG,5211,3981,RGB,True,dataset-dutch-rgb/republic7/train/page/NL-HaNA_1.01.02_3175_0408.xml
train,NL-HaNA_1.01.02_3176_0010,dataset-dutch-rgb/republic7/train/NL-HaNA_1.01.02_3176_0010.jpg,page_image_9bdab1ae092e384685a4ac923fe78cb54d7427ef7868826cdda1b2bebef61efe,6509980,JPEG,5755,4372,RGB,True,dataset-dutch-rgb/republic7/train/page/NL-HaNA_1.01.02_3176_0010.xml
train,NL-HaNA_1.01.02_3176_0069,dataset-dutch-rgb/republic7/train/NL-HaNA_1.01.02_3176_0069.jpg,page_image_6a74470a06b4cb82f1ae1cc639649d57133ad0c8f9ca6daeea22e36f307f024f,7414603,JPEG,5606,4321,RGB,True,dataset-dutch-rgb/republic7/train/page/NL-HaNA_1.01.02_3176_0069.xml
train,NL-HaNA_1.01.02_3176_0081,dataset-dutch-rgb/republic7/train/NL-HaNA_1.01.02_3176_0081.jpg,page_image_f3011c441a6f696338349d8f296577f13ef07dee5e82a74e6ea6d9b367127cd2,6687482,JPEG,5640,4378,RGB,True,dataset-dutch-rgb/republic7/train/page/NL-HaNA_1.01.02_3176_0081.xml
train,NL-HaNA_1.01.02_3176_0298,dataset-dutch-rgb/republic7/train/NL-HaNA_1.01.02_3176_0298.jpg,page_image_b4415cb5fd146ccfb753b7b5c3a156e86f2503633ca60a7117d52b2c2b432ca7,8013223,JPEG,5710,4330,RGB,True,dataset-dutch-rgb/republic7/train/page/NL-HaNA_1.01.02_3176_0298.xml
train,NL-HaNA_1.01.02_3176_0302,dataset-dutch-rgb/republic7/train/NL-HaNA_1.01.02_3176_0302.jpg,page_image_0329954b0c4728a633f1e3216a200b7c2fb9a21601c8a553f9c73462f626300a,8220465,JPEG,5709,4328,RGB,True,dataset-dutch-rgb/republic7/train/page/NL-HaNA_1.01.02_3176_0302.xml
train,NL-HaNA_1.01.02_3177_0062,dataset-dutch-rgb/republic7/train/NL-HaNA_1.01.02_3177_0062.jpg,page_image_17dc4f0a6614b308e9ae8641fe894c7840f10d1fb5df773d7b426ba9649f305b,8978626,JPEG,5801,4351,RGB,True,dataset-dutch-rgb/republic7/train/page/NL-HaNA_1.01.02_3177_0062.xml
train,NL-HaNA_1.01.02_3177_0204,dataset-dutch-rgb/republic7/train/NL-HaNA_1.01.02_3177_0204.jpg,page_image_534155cc49a653fa65bca72a65973716863ad91abfe55b2239cf805e6c6dec5d,8717286,JPEG,5792,4386,RGB,True,dataset-dutch-rgb/republic7/train/page/NL-HaNA_1.01.02_3177_0204.xml
train,NL-HaNA_1.01.02_3178_0066,dataset-dutch-rgb/republic7/train/NL-HaNA_1.01.02_3178_0066.jpg,page_image_994f041e49af0f6e8d88a7c3409e58a60ab0afe6e4fea757eaf976bb4eb654d4,8229320,JPEG,5824,4414,RGB,True,dataset-dutch-rgb/republic7/train/page/NL-HaNA_1.01.02_3178_0066.xml
train,NL-HaNA_1.01.02_3178_0312,dataset-dutch-rgb/republic7/train/NL-HaNA_1.01.02_3178_0312.jpg,page_image_ca2bb2c5a49480035f79670bb5f7b44ff10059c7cf7b6e11a062fbda80d6e59a,8089785,JPEG,5821,4351,RGB,True,dataset-dutch-rgb/republic7/train/page/NL-HaNA_1.01.02_3178_0312.xml
train,NL-HaNA_1.01.02_3178_0557,dataset-dutch-rgb/republic7/train/NL-HaNA_1.01.02_3178_0557.jpg,page_image_120e81a4bc2d79e27cda32d88bbf0fbe01bd4a25ea3c512847942c8a739d8c64,7808561,JPEG,5811,4371,RGB,True,dataset-dutch-rgb/republic7/train/page/NL-HaNA_1.01.02_3178_0557.xml
train,NL-HaNA_1.01.02_3179_0033,dataset-dutch-rgb/republic7/train/NL-HaNA_1.01.02_3179_0033.jpg,page_image_87f15b3a73240868f3676988b6a5b4956392e033e359a19f7ee9a9850125c8fd,7734247,JPEG,5874,4595,RGB,True,dataset-dutch-rgb/republic7/train/page/NL-HaNA_1.01.02_3179_0033.xml
train,NL-HaNA_1.01.02_3180_0430,dataset-dutch-rgb/republic7/train/NL-HaNA_1.01.02_3180_0430.jpg,page_image_3b4af76b615205bcbab9ff915d25a15e7ae71fc4dbc7cc042e2125e381f724b4,7918842,JPEG,5757,4374,RGB,True,dataset-dutch-rgb/republic7/train/page/NL-HaNA_1.01.02_3180_0430.xml
train,NL-HaNA_1.01.02_3181_0233,dataset-dutch-rgb/republic7/train/NL-HaNA_1.01.02_3181_0233.jpg,page_image_85145ad212c436e0fd9cfd101caa249ebc202213e52e76d7408f09d29b134f99,7953156,JPEG,5791,4381,RGB,True,dataset-dutch-rgb/republic7/train/page/NL-HaNA_1.01.02_3181_0233.xml
train,NL-HaNA_1.01.02_3183_0016,dataset-dutch-rgb/republic7/train/NL-HaNA_1.01.02_3183_0016.jpg,page_image_38fbeae838c4db6b8469ed62de66aa2dfca2edcd33eeaa74427ec229353dce21,8403541,JPEG,5940,4481,RGB,True,dataset-dutch-rgb/republic7/train/page/NL-HaNA_1.01.02_3183_0016.xml
train,NL-HaNA_1.01.02_3183_0045,dataset-dutch-rgb/republic7/train/NL-HaNA_1.01.02_3183_0045.jpg,page_image_b5152dd0b2338c2a51d2ab66167bfe55614ba98c0fb0c1476a6f455d197cfe0d,9095498,JPEG,5911,4459,RGB,True,dataset-dutch-rgb/republic7/train/page/NL-HaNA_1.01.02_3183_0045.xml
train,NL-HaNA_1.01.02_3184_0421,dataset-dutch-rgb/republic7/train/NL-HaNA_1.01.02_3184_0421.jpg,page_image_4aee143ab35a7bba9853de80b0f75a7ed38b65350a8550392ddebb0e8c89b99b,9364610,JPEG,5833,4461,RGB,True,dataset-dutch-rgb/republic7/train/page/NL-HaNA_1.01.02_3184_0421.xml
train,NL-HaNA_1.01.02_3185_0243,dataset-dutch-rgb/republic7/train/NL-HaNA_1.01.02_3185_0243.jpg,page_image_65ec4c73bbf4388a36dab2cea1401ae8c9512efd77602a9439ceaecc0bdbb1a7,8557430,JPEG,5631,4471,RGB,True,dataset-dutch-rgb/republic7/train/page/NL-HaNA_1.01.02_3185_0243.xml
train,NL-HaNA_1.01.02_3185_0336,dataset-dutch-rgb/republic7/train/NL-HaNA_1.01.02_3185_0336.jpg,page_image_fd7bb66b244ff7801c9d7f7de7c3c7d5e3d9f0e3aa9033dc505021e023c69e03,7408959,JPEG,5611,4451,RGB,True,dataset-dutch-rgb/republic7/train/page/NL-HaNA_1.01.02_3185_0336.xml
train,NL-HaNA_1.01.02_3185_0526,dataset-dutch-rgb/republic7/train/NL-HaNA_1.01.02_3185_0526.jpg,page_image_f0c3e9eaaf15403a12008ca878b8eac89baec2de5ec5abc4a61eec947ceb11ae,8076042,JPEG,5582,4462,RGB,True,dataset-dutch-rgb/republic7/train/page/NL-HaNA_1.01.02_3185_0526.xml
train,NL-HaNA_1.01.02_3186_0346,dataset-dutch-rgb/republic7/train/NL-HaNA_1.01.02_3186_0346.jpg,page_image_3b6d8e6e26597175edaec60856f6cc39e90b4976a8e7e032c1f9d89bc16eb306,8393673,JPEG,5871,4411,RGB,True,dataset-dutch-rgb/republic7/train/page/NL-HaNA_1.01.02_3186_0346.xml
train,NL-HaNA_1.01.02_3186_0495,dataset-dutch-rgb/republic7/train/NL-HaNA_1.01.02_3186_0495.jpg,page_image_38e240ef48d248f6894a7be6128766f6b46c456103f33195864334221d6f13c7,8248413,JPEG,5841,4421,RGB,True,dataset-dutch-rgb/republic7/train/page/NL-HaNA_1.01.02_3186_0495.xml
train,NL-HaNA_1.01.02_3187_0177,dataset-dutch-rgb/republic7/train/NL-HaNA_1.01.02_3187_0177.jpg,page_image_7fd88bb8c4d3fcb32039d4f95f25b3c50453efc995498be523a39c87796cc6e5,8112552,JPEG,5601,4391,RGB,True,dataset-dutch-rgb/republic7/train/page/NL-HaNA_1.01.02_3187_0177.xml
train,NL-HaNA_1.01.02_3187_0273,dataset-dutch-rgb/republic7/train/NL-HaNA_1.01.02_3187_0273.jpg,page_image_7c2c0936bcc145d4b340b90a9cffecb9ac01aaf457ef964b2afd458beec6ee9d,8513577,JPEG,5615,4398,RGB,True,dataset-dutch-rgb/republic7/train/page/NL-HaNA_1.01.02_3187_0273.xml
train,NL-HaNA_1.01.02_3187_0444,dataset-dutch-rgb/republic7/train/NL-HaNA_1.01.02_3187_0444.jpg,page_image_f3899dc6d756996f2f8057302e39e44a972d5f02ac575e666a3e733eddc1e1a7,8563775,JPEG,5688,4445,RGB,True,dataset-dutch-rgb/republic7/train/page/NL-HaNA_1.01.02_3187_0444.xml
train,NL-HaNA_1.01.02_3187_0500,dataset-dutch-rgb/republic7/train/NL-HaNA_1.01.02_3187_0500.jpg,page_image_fc7ad756ef4000fa0c51ce67df8e65d6409c12aad2154d7e4027a04ee8266776,7822365,JPEG,5581,4401,RGB,True,dataset-dutch-rgb/republic7/train/page/NL-HaNA_1.01.02_3187_0500.xml
train,NL-HaNA_1.01.02_3187_0586,dataset-dutch-rgb/republic7/train/NL-HaNA_1.01.02_3187_0586.jpg,page_image_dbce4a10f735220f73c0900bb74b0d7f799e305eae76161483a1b304323f7354,8262230,JPEG,5614,4418,RGB,True,dataset-dutch-rgb/republic7/train/page/NL-HaNA_1.01.02_3187_0586.xml
train,NL-HaNA_1.01.02_3189_0262,dataset-dutch-rgb/republic7/train/NL-HaNA_1.01.02_3189_0262.jpg,page_image_4c35deeb4bfdde29330a98a7c3af5dbcb9c26535ad08dab099201992bcb31705,7731330,JPEG,5861,4351,RGB,True,dataset-dutch-rgb/republic7/train/page/NL-HaNA_1.01.02_3189_0262.xml
train,NL-HaNA_1.01.02_3190_0143,dataset-dutch-rgb/republic7/train/NL-HaNA_1.01.02_3190_0143.jpg,page_image_9f0001ec99e137ec66a65affe5bfa60b37d9568c63fdb576f3e62c99604d87de,8162108,JPEG,5775,4350,RGB,True,dataset-dutch-rgb/republic7/train/page/NL-HaNA_1.01.02_3190_0143.xml
train,NL-HaNA_1.01.02_3191_0260,dataset-dutch-rgb/republic7/train/NL-HaNA_1.01.02_3191_0260.jpg,page_image_d3f325c45bd4e1443f548d0fa0caeeaa9192a0f80d62ec39afb777d2de06ead8,8296617,JPEG,5831,4332,RGB,True,dataset-dutch-rgb/republic7/train/page/NL-HaNA_1.01.02_3191_0260.xml
train,NL-HaNA_1.01.02_3191_0431,dataset-dutch-rgb/republic7/train/NL-HaNA_1.01.02_3191_0431.jpg,page_image_5c1bcf3b674f8c903c61ccc202a22ebd274d380434beb9eb22609b2fe271a260,8139302,JPEG,5857,4357,RGB,True,dataset-dutch-rgb/republic7/train/page/NL-HaNA_1.01.02_3191_0431.xml
train,NL-HaNA_1.01.02_3191_0580,dataset-dutch-rgb/republic7/train/NL-HaNA_1.01.02_3191_0580.jpg,page_image_d9672b840b6bb9a0e27b66a54c2dbb40986699a6fe3d415dc6ae21018a2674b4,7913976,JPEG,5929,4378,RGB,True,dataset-dutch-rgb/republic7/train/page/NL-HaNA_1.01.02_3191_0580.xml
train,NL-HaNA_1.01.02_3192_0194,dataset-dutch-rgb/republic7/train/NL-HaNA_1.01.02_3192_0194.jpg,page_image_7852a24d6df03373c02630119c0d6928cd43db72713e4cf829427398cb06af74,7985790,JPEG,5811,4361,RGB,True,dataset-dutch-rgb/republic7/train/page/NL-HaNA_1.01.02_3192_0194.xml
train,NL-HaNA_1.01.02_3193_0516,dataset-dutch-rgb/republic7/train/NL-HaNA_1.01.02_3193_0516.jpg,page_image_57024c102f27150855eef56a198013bf7b0f8d7d38ff3614b2918ae008e0aa39,7887523,JPEG,5791,4381,RGB,True,dataset-dutch-rgb/republic7/train/page/NL-HaNA_1.01.02_3193_0516.xml
train,NL-HaNA_1.01.02_3194_0248,dataset-dutch-rgb/republic7/train/NL-HaNA_1.01.02_3194_0248.jpg,page_image_970dcd67d762b5cd8acf4d32abbeeebd72c376d4073bbcb8048cc3a383399b98,8389198,JPEG,5958,4449,RGB,True,dataset-dutch-rgb/republic7/train/page/NL-HaNA_1.01.02_3194_0248.xml
train,NL-HaNA_1.01.02_3195_0278,dataset-dutch-rgb/republic7/train/NL-HaNA_1.01.02_3195_0278.jpg,page_image_999c98b7d4a2a8371082997af92d5b363aa2d923d44aaf00cc5f85ec41b42098,8269488,JPEG,5959,4371,RGB,True,dataset-dutch-rgb/republic7/train/page/NL-HaNA_1.01.02_3195_0278.xml
train,NL-HaNA_1.01.02_3195_0289,dataset-dutch-rgb/republic7/train/NL-HaNA_1.01.02_3195_0289.jpg,page_image_b7655666b2485f9de3eb81977f8f2e6374d5ce9d67e56e2ec941c727aac818c0,8545644,JPEG,5950,4376,RGB,True,dataset-dutch-rgb/republic7/train/page/NL-HaNA_1.01.02_3195_0289.xml
train,NL-HaNA_1.01.02_3195_0324,dataset-dutch-rgb/republic7/train/NL-HaNA_1.01.02_3195_0324.jpg,page_image_8cd67870b6b68c2c17abb1dff2156021384d45b8c195eefe307a5916f4de0212,8020176,JPEG,5911,4341,RGB,True,dataset-dutch-rgb/republic7/train/page/NL-HaNA_1.01.02_3195_0324.xml
train,NL-HaNA_1.01.02_3195_0378,dataset-dutch-rgb/republic7/train/NL-HaNA_1.01.02_3195_0378.jpg,page_image_7977ef7d9e9527543f9e8a3e3aacd27f3bc3bfe15ea9367a4428485f93151143,7482439,JPEG,5911,4351,RGB,True,dataset-dutch-rgb/republic7/train/page/NL-HaNA_1.01.02_3195_0378.xml
train,NL-HaNA_1.01.02_3195_0422,dataset-dutch-rgb/republic7/train/NL-HaNA_1.01.02_3195_0422.jpg,page_image_43a94951703248a6345630060087f293172f838c4c784b8dc67b3a4f5c771f23,7074227,JPEG,5971,4351,RGB,True,dataset-dutch-rgb/republic7/train/page/NL-HaNA_1.01.02_3195_0422.xml
train,NL-HaNA_1.01.02_3195_0679,dataset-dutch-rgb/republic7/train/NL-HaNA_1.01.02_3195_0679.jpg,page_image_a5c7e47e5f43a6bfed5243eac840c95bd9ba4a06fd161026afa3352d67c13776,7228782,JPEG,5973,4411,RGB,True,dataset-dutch-rgb/republic7/train/page/NL-HaNA_1.01.02_3195_0679.xml
train,NL-HaNA_1.01.02_3195_0891,dataset-dutch-rgb/republic7/train/NL-HaNA_1.01.02_3195_0891.jpg,page_image_24892eb3ab8bdbdd1dc2f973b078c75c06fb45d9926bab35c9d0ae5ffb35aef3,7100471,JPEG,6014,4475,RGB,True,dataset-dutch-rgb/republic7/train/page/NL-HaNA_1.01.02_3195_0891.xml
train,NL-HaNA_1.01.02_3196_0429,dataset-dutch-rgb/republic7/train/NL-HaNA_1.01.02_3196_0429.jpg,page_image_2e133f31fae96b9d74733001d797714fb1b48ff2dd53ebf0143376dedcb2cb54,7925274,JPEG,5753,4366,RGB,True,dataset-dutch-rgb/republic7/train/page/NL-HaNA_1.01.02_3196_0429.xml
train,NL-HaNA_1.01.02_3197_0480,dataset-dutch-rgb/republic7/train/NL-HaNA_1.01.02_3197_0480.jpg,page_image_6521936847b3786ba515acba0edb439ce546003fa90fd3113f9a679b3e1f35a1,8708403,JPEG,5656,4376,RGB,True,dataset-dutch-rgb/republic7/train/page/NL-HaNA_1.01.02_3197_0480.xml
train,NL-HaNA_1.01.02_3198_0193,dataset-dutch-rgb/republic7/train/NL-HaNA_1.01.02_3198_0193.jpg,page_image_2cc9853174352b3b462a3cac96ab7d38409375b2877f779f34d4f5017cbc1220,8360466,JPEG,5675,4333,RGB,True,dataset-dutch-rgb/republic7/train/page/NL-HaNA_1.01.02_3198_0193.xml
train,NL-HaNA_1.01.02_3198_0415,dataset-dutch-rgb/republic7/train/NL-HaNA_1.01.02_3198_0415.jpg,page_image_1e51efa9f0289a2aac58551cbe4600e8e6cc148304b864042b537516c9eaf78e,8219260,JPEG,5667,4351,RGB,True,dataset-dutch-rgb/republic7/train/page/NL-HaNA_1.01.02_3198_0415.xml
train,NL-HaNA_1.01.02_3198_0581,dataset-dutch-rgb/republic7/train/NL-HaNA_1.01.02_3198_0581.jpg,page_image_2b20301341ae3b1942f64b45f20bbfac28bd24fb71b5f803b04c74ad84954531,7906645,JPEG,5580,4338,RGB,True,dataset-dutch-rgb/republic7/train/page/NL-HaNA_1.01.02_3198_0581.xml
train,NL-HaNA_1.01.02_3199_0109,dataset-dutch-rgb/republic7/train/NL-HaNA_1.01.02_3199_0109.jpg,page_image_ad6a0cc33dfffc279baadcdbaa819ebf5da8e4499c3f2d3293fa4fe2cd7d21bc,8517618,JPEG,5677,4487,RGB,True,dataset-dutch-rgb/republic7/train/page/NL-HaNA_1.01.02_3199_0109.xml
train,NL-HaNA_1.01.02_3199_0274,dataset-dutch-rgb/republic7/train/NL-HaNA_1.01.02_3199_0274.jpg,page_image_de5ee4fe2073c43fd31e97e347c49185fa972de7ac5accb46e37c502019c4636,7861273,JPEG,5532,4488,RGB,True,dataset-dutch-rgb/republic7/train/page/NL-HaNA_1.01.02_3199_0274.xml
train,NL-HaNA_1.01.02_3199_0448,dataset-dutch-rgb/republic7/train/NL-HaNA_1.01.02_3199_0448.jpg,page_image_bcb7ba47da9ac03c68cabf1469262d1d3184e5932112db7a270b6f8f994b9380,7631756,JPEG,5361,4422,RGB,True,dataset-dutch-rgb/republic7/train/page/NL-HaNA_1.01.02_3199_0448.xml
train,NL-HaNA_1.01.02_3199_0531,dataset-dutch-rgb/republic7/train/NL-HaNA_1.01.02_3199_0531.jpg,page_image_cbb0404732c0f4b5162df123510e60bfb52b24944b99a241fcca4644e00cbe98,7965816,JPEG,5435,4434,RGB,True,dataset-dutch-rgb/republic7/train/page/NL-HaNA_1.01.02_3199_0531.xml
train,NL-HaNA_1.01.02_3199_0721,dataset-dutch-rgb/republic7/train/NL-HaNA_1.01.02_3199_0721.jpg,page_image_bec945c5013fa68bd29933687286c32404d7c4ec09bbbedf282973952b5a7877,8196293,JPEG,5714,4472,RGB,True,dataset-dutch-rgb/republic7/train/page/NL-HaNA_1.01.02_3199_0721.xml
train,NL-HaNA_1.01.02_3199_0763,dataset-dutch-rgb/republic7/train/NL-HaNA_1.01.02_3199_0763.jpg,page_image_bfffb0e21ff3b56d7f7a6be58a84d48b1d35d25e2c32379b8435c895feed90f8,8491394,JPEG,5631,4451,RGB,True,dataset-dutch-rgb/republic7/train/page/NL-HaNA_1.01.02_3199_0763.xml
train,NL-HaNA_1.01.02_3200_0171,dataset-dutch-rgb/republic7/train/NL-HaNA_1.01.02_3200_0171.jpg,page_image_e9655fba8ec3861888a2893215bb71eac493ac0b89b602be1ff85b1494751f1e,8850344,JPEG,5761,4451,RGB,True,dataset-dutch-rgb/republic7/train/page/NL-HaNA_1.01.02_3200_0171.xml
train,NL-HaNA_1.01.02_3200_0219,dataset-dutch-rgb/republic7/train/NL-HaNA_1.01.02_3200_0219.jpg,page_image_e215af80a07654cc82a59ea806def0f0120441f23a3ac0b4dae88da3537ca01d,8274925,JPEG,5685,4463,RGB,True,dataset-dutch-rgb/republic7/train/page/NL-HaNA_1.01.02_3200_0219.xml
train,NL-HaNA_1.01.02_3200_0405,dataset-dutch-rgb/republic7/train/NL-HaNA_1.01.02_3200_0405.jpg,page_image_153f8c367945b407cb6c8fbadce41bc8653f9dafa773c7f415b1b7fa5b4d92c1,8352576,JPEG,5787,4465,RGB,True,dataset-dutch-rgb/republic7/train/page/NL-HaNA_1.01.02_3200_0405.xml
train,NL-HaNA_1.01.02_3201_0064,dataset-dutch-rgb/republic7/train/NL-HaNA_1.01.02_3201_0064.jpg,page_image_30e890369ce91d4367f662932946adbbf1957aa62a7416c08de41801d480e78d,8476168,JPEG,5769,4596,RGB,True,dataset-dutch-rgb/republic7/train/page/NL-HaNA_1.01.02_3201_0064.xml
train,NL-HaNA_1.01.02_3201_0084,dataset-dutch-rgb/republic7/train/NL-HaNA_1.01.02_3201_0084.jpg,page_image_37ce99763ff3f88715ae7806863fe33e8a182c177969aa676bc8f4ae0b31d5a9,8665461,JPEG,5797,4585,RGB,True,dataset-dutch-rgb/republic7/train/page/NL-HaNA_1.01.02_3201_0084.xml
train,NL-HaNA_1.01.02_3201_0198,dataset-dutch-rgb/republic7/train/NL-HaNA_1.01.02_3201_0198.jpg,page_image_70e6f247fc36ee4b3ec0e78b5cd8942276179185d3cafff8fdaf51863045886f,8802001,JPEG,5833,4568,RGB,True,dataset-dutch-rgb/republic7/train/page/NL-HaNA_1.01.02_3201_0198.xml
train,NL-HaNA_1.01.02_3201_0477,dataset-dutch-rgb/republic7/train/NL-HaNA_1.01.02_3201_0477.jpg,page_image_6c1f949f9239d076cf2420eccee8bfa09088ae29a3b44c36e203a7aa324e242f,8503532,JPEG,5836,4584,RGB,True,dataset-dutch-rgb/republic7/train/page/NL-HaNA_1.01.02_3201_0477.xml
train,NL-HaNA_1.01.02_3202_0061,dataset-dutch-rgb/republic7/train/NL-HaNA_1.01.02_3202_0061.jpg,page_image_db054fa308bd1b7c1238ee535c84f7722f296b4b6082668dbb146d7efe13cd6f,8248191,JPEG,5614,4282,RGB,True,dataset-dutch-rgb/republic7/train/page/NL-HaNA_1.01.02_3202_0061.xml
train,NL-HaNA_1.01.02_3202_0095,dataset-dutch-rgb/republic7/train/NL-HaNA_1.01.02_3202_0095.jpg,page_image_9efb062ab25e2380dc1ce9d51a02df2ce71561c95fa4fb822d948de4724c8a00,8179105,JPEG,5671,4304,RGB,True,dataset-dutch-rgb/republic7/train/page/NL-HaNA_1.01.02_3202_0095.xml
train,NL-HaNA_1.01.02_3202_0606,dataset-dutch-rgb/republic7/train/NL-HaNA_1.01.02_3202_0606.jpg,page_image_f9bf0ff435ee7a5b66229f2ec43e11fd46c8f8963943296578bffcaa6037f4e4,7277579,JPEG,5599,4317,RGB,True,dataset-dutch-rgb/republic7/train/page/NL-HaNA_1.01.02_3202_0606.xml
train,NL-HaNA_1.01.02_3202_0620,dataset-dutch-rgb/republic7/train/NL-HaNA_1.01.02_3202_0620.jpg,page_image_fe731ac69d0428c00356612c24b113ab5e38ce10a5c6e6d69772f2a099fcef30,7503689,JPEG,5602,4322,RGB,True,dataset-dutch-rgb/republic7/train/page/NL-HaNA_1.01.02_3202_0620.xml
train,NL-HaNA_1.01.02_3204_0173,dataset-dutch-rgb/republic7/train/NL-HaNA_1.01.02_3204_0173.jpg,page_image_c88b10802e595303455c9dfb624b4edd79ba64c50306c25c1762d0325e5c3fb7,6984520,JPEG,5696,4420,RGB,True,dataset-dutch-rgb/republic7/train/page/NL-HaNA_1.01.02_3204_0173.xml
train,NL-HaNA_1.01.02_3204_0385,dataset-dutch-rgb/republic7/train/NL-HaNA_1.01.02_3204_0385.jpg,page_image_270cd80b1fe544705355dcbbf3f24a57643aab3a69d8782bbb1aa7a29b51a073,7462336,JPEG,5698,4402,RGB,True,dataset-dutch-rgb/republic7/train/page/NL-HaNA_1.01.02_3204_0385.xml
train,NL-HaNA_1.01.02_3204_0483,dataset-dutch-rgb/republic7/train/NL-HaNA_1.01.02_3204_0483.jpg,page_image_250cdcd4e78e88a62860c9a4ff8b5169c2e7d1f744508345797d8071f1d64fcd,7521925,JPEG,5643,4403,RGB,True,dataset-dutch-rgb/republic7/train/page/NL-HaNA_1.01.02_3204_0483.xml
train,NL-HaNA_1.01.02_3204_0484,dataset-dutch-rgb/republic7/train/NL-HaNA_1.01.02_3204_0484.jpg,page_image_fa3219175e43a1b78049647f4c263051e6cac326369965d93c30afd563c6c04a,7923385,JPEG,5632,4412,RGB,True,dataset-dutch-rgb/republic7/train/page/NL-HaNA_1.01.02_3204_0484.xml
train,NL-HaNA_1.01.02_3204_0494,dataset-dutch-rgb/republic7/train/NL-HaNA_1.01.02_3204_0494.jpg,page_image_19c04d901efec66372fd6166bc0607c90bca33547ff97ce28ea5ebf9ca7747e3,7626284,JPEG,5621,4401,RGB,True,dataset-dutch-rgb/republic7/train/page/NL-HaNA_1.01.02_3204_0494.xml
train,NL-HaNA_1.01.02_3205_0299,dataset-dutch-rgb/republic7/train/NL-HaNA_1.01.02_3205_0299.jpg,page_image_007734091027ceedf842ad52acd5850ebc8c6b10fc33a4681b418a35221a7e24,7983279,JPEG,5811,4581,RGB,True,dataset-dutch-rgb/republic7/train/page/NL-HaNA_1.01.02_3205_0299.xml
train,NL-HaNA_1.01.02_3206_0336,dataset-dutch-rgb/republic7/train/NL-HaNA_1.01.02_3206_0336.jpg,page_image_e657b77b1a26b1917c73d958e7ad0fc3ef23808bfa42f84233f3d03e85426cc0,8043418,JPEG,5891,4431,RGB,True,dataset-dutch-rgb/republic7/train/page/NL-HaNA_1.01.02_3206_0336.xml
train,NL-HaNA_1.01.02_3206_0381,dataset-dutch-rgb/republic7/train/NL-HaNA_1.01.02_3206_0381.jpg,page_image_342a24ed543d777b08a77a71c97124b4a3f3749c57c87c6e7056bb3590baff04,7924572,JPEG,5905,4446,RGB,True,dataset-dutch-rgb/republic7/train/page/NL-HaNA_1.01.02_3206_0381.xml
train,NL-HaNA_1.01.02_3207_0529,dataset-dutch-rgb/republic7/train/NL-HaNA_1.01.02_3207_0529.jpg,page_image_aee3dd26fe0d3a035535d2d4b7c3e3bb035c5a8f2e38eaf14cd39735e9fd14e0,6763807,JPEG,5753,4427,RGB,True,dataset-dutch-rgb/republic7/train/page/NL-HaNA_1.01.02_3207_0529.xml
train,NL-HaNA_1.01.02_3207_0688,dataset-dutch-rgb/republic7/train/NL-HaNA_1.01.02_3207_0688.jpg,page_image_bce2b218a870a81b6ad405e68cbd21cf6b26ed5f8d7b05ccd68fc12b7d0c27c1,7217839,JPEG,5806,4458,RGB,True,dataset-dutch-rgb/republic7/train/page/NL-HaNA_1.01.02_3207_0688.xml
train,NL-HaNA_1.01.02_3207_0881,dataset-dutch-rgb/republic7/train/NL-HaNA_1.01.02_3207_0881.jpg,page_image_81dff2253ae39d569429ad606a7b25aaae325941e74b164b62080e8bb4095e73,8188868,JPEG,5893,4452,RGB,True,dataset-dutch-rgb/republic7/train/page/NL-HaNA_1.01.02_3207_0881.xml
train,NL-HaNA_1.01.02_3208_0101,dataset-dutch-rgb/republic7/train/NL-HaNA_1.01.02_3208_0101.jpg,page_image_804ad4f9984f21a1c5f478a4555e1564932278391190bd6f463f5b6f330594b4,7092159,JPEG,5951,4444,RGB,True,dataset-dutch-rgb/republic7/train/page/NL-HaNA_1.01.02_3208_0101.xml
train,NL-HaNA_1.01.02_3208_0216,dataset-dutch-rgb/republic7/train/NL-HaNA_1.01.02_3208_0216.jpg,page_image_c3ce0caa623507e3a40361de269fa587d5463c993cdd377f8ba97512eb09ae49,7222927,JPEG,5931,4411,RGB,True,dataset-dutch-rgb/republic7/train/page/NL-HaNA_1.01.02_3208_0216.xml
train,NL-HaNA_1.01.02_3210_0221,dataset-dutch-rgb/republic7/train/NL-HaNA_1.01.02_3210_0221.jpg,page_image_a1985378339d331158928ca7754329bbdf468ab51a8f5c839d50924eec277675,6910693,JPEG,5825,4459,RGB,True,dataset-dutch-rgb/republic7/train/page/NL-HaNA_1.01.02_3210_0221.xml
train,NL-HaNA_1.01.02_3210_0404,dataset-dutch-rgb/republic7/train/NL-HaNA_1.01.02_3210_0404.jpg,page_image_2b615c3a6474ff8fe7e9edbd907912538c0df5dc21ccf749352f407cb8d5113b,8800027,JPEG,5891,4531,RGB,True,dataset-dutch-rgb/republic7/train/page/NL-HaNA_1.01.02_3210_0404.xml
train,NL-HaNA_1.01.02_3210_0573,dataset-dutch-rgb/republic7/train/NL-HaNA_1.01.02_3210_0573.jpg,page_image_e4200150ad6c3b0d3dddd280e90951498766b6e68bcc6548697b38a4cae307da,8168859,JPEG,5941,4587,RGB,True,dataset-dutch-rgb/republic7/train/page/NL-HaNA_1.01.02_3210_0573.xml
train,NL-HaNA_1.01.02_3210_0701,dataset-dutch-rgb/republic7/train/NL-HaNA_1.01.02_3210_0701.jpg,page_image_04e2988e3a600f691d6312ac4bb71e5afb81c7c0416d18ddbf25076ff7b10ab2,8720578,JPEG,5951,4531,RGB,True,dataset-dutch-rgb/republic7/train/page/NL-HaNA_1.01.02_3210_0701.xml
train,NL-HaNA_1.01.02_3210_0802,dataset-dutch-rgb/republic7/train/NL-HaNA_1.01.02_3210_0802.jpg,page_image_982465f2873603a8eebd6d21d859ac3d04c5e7d69d4c8af6da7bd46015a3f711,8050628,JPEG,5921,4541,RGB,True,dataset-dutch-rgb/republic7/train/page/NL-HaNA_1.01.02_3210_0802.xml
train,NL-HaNA_1.01.02_3212_0080,dataset-dutch-rgb/republic7/train/NL-HaNA_1.01.02_3212_0080.jpg,page_image_412d69a8b0eddd5209a0015b7aaedc86fafd8372bbddae956d7a6d0e194b78cf,8205918,JPEG,5871,4591,RGB,True,dataset-dutch-rgb/republic7/train/page/NL-HaNA_1.01.02_3212_0080.xml
train,NL-HaNA_1.01.02_3213_0458,dataset-dutch-rgb/republic7/train/NL-HaNA_1.01.02_3213_0458.jpg,page_image_97275366857b80ba43a2867d89fd39b31e05bfe4ff4bc498513b06d974345d1c,8768029,JPEG,5791,4561,RGB,True,dataset-dutch-rgb/republic7/train/page/NL-HaNA_1.01.02_3213_0458.xml
train,NL-HaNA_1.01.02_3215_0058,dataset-dutch-rgb/republic7/train/NL-HaNA_1.01.02_3215_0058.jpg,page_image_90ed8f79b5e2d79831fa5d2c06f8b89d17a9a36c3a7760016784ad056b8b3ee6,7266902,JPEG,5901,4571,RGB,True,dataset-dutch-rgb/republic7/train/page/NL-HaNA_1.01.02_3215_0058.xml
train,NL-HaNA_1.01.02_3217_0380,dataset-dutch-rgb/republic7/train/NL-HaNA_1.01.02_3217_0380.jpg,page_image_9664360ac26c8e52b1ae14b8ee323eac0139456e43dcf09e034f8274dd0d3f33,8015742,JPEG,5961,4561,RGB,True,dataset-dutch-rgb/republic7/train/page/NL-HaNA_1.01.02_3217_0380.xml
train,NL-HaNA_1.01.02_3217_0622,dataset-dutch-rgb/republic7/train/NL-HaNA_1.01.02_3217_0622.jpg,page_image_8ddd5a541fb3902fd6237fa617b08e1d1fc55da84ed0a1faf312bb586859b0b5,8493978,JPEG,5931,4569,RGB,True,dataset-dutch-rgb/republic7/train/page/NL-HaNA_1.01.02_3217_0622.xml
train,NL-HaNA_1.01.02_3219_0421,dataset-dutch-rgb/republic7/train/NL-HaNA_1.01.02_3219_0421.jpg,page_image_b0b7e0e6c190f1ded6f87a2e20235189da355916e859fddcc4caf7059463725f,7246285,JPEG,5503,4549,RGB,True,dataset-dutch-rgb/republic7/train/page/NL-HaNA_1.01.02_3219_0421.xml
train,NL-HaNA_1.01.02_3219_0611,dataset-dutch-rgb/republic7/train/NL-HaNA_1.01.02_3219_0611.jpg,page_image_80288d2470449a1aa0a310a5b6483800d420067ac4eec0e4891e38cda04df748,7525445,JPEG,5835,4618,RGB,True,dataset-dutch-rgb/republic7/train/page/NL-HaNA_1.01.02_3219_0611.xml
train,NL-HaNA_1.01.02_3219_0666,dataset-dutch-rgb/republic7/train/NL-HaNA_1.01.02_3219_0666.jpg,page_image_fc23a0e323b1b2cfdce54c351954465015609eb9b07823621603546c96bfb30f,7665130,JPEG,5782,4650,RGB,True,dataset-dutch-rgb/republic7/train/page/NL-HaNA_1.01.02_3219_0666.xml
train,NL-HaNA_1.01.02_3220_0414,dataset-dutch-rgb/republic7/train/NL-HaNA_1.01.02_3220_0414.jpg,page_image_681d538bac35884cc05bb630492f6651237781724eac6d9038483871c7265525,5566783,JPEG,5881,4609,RGB,True,dataset-dutch-rgb/republic7/train/page/NL-HaNA_1.01.02_3220_0414.xml
train,NL-HaNA_1.01.02_3220_0430,dataset-dutch-rgb/republic7/train/NL-HaNA_1.01.02_3220_0430.jpg,page_image_c58ddf8d58fa5924b9ad31a14139ea46546d405265d6113470ea926eaf8e0f36,7656369,JPEG,5898,4616,RGB,True,dataset-dutch-rgb/republic7/train/page/NL-HaNA_1.01.02_3220_0430.xml
train,NL-HaNA_1.01.02_3220_0470,dataset-dutch-rgb/republic7/train/NL-HaNA_1.01.02_3220_0470.jpg,page_image_0be6bb1dc2e3ff6cb922f38b69e68f61b33a234bc8952aee93ef415af833eb5e,8576549,JPEG,5942,4665,RGB,True,dataset-dutch-rgb/republic7/train/page/NL-HaNA_1.01.02_3220_0470.xml
train,NL-HaNA_1.01.02_3220_0504,dataset-dutch-rgb/republic7/train/NL-HaNA_1.01.02_3220_0504.jpg,page_image_3ad735d2484cb4c235e20df2d88c6cfdbfe89c446cd81bb849fd73f9540560c2,8109625,JPEG,5891,4591,RGB,True,dataset-dutch-rgb/republic7/train/page/NL-HaNA_1.01.02_3220_0504.xml
train,NL-HaNA_1.01.02_3220_0581,dataset-dutch-rgb/republic7/train/NL-HaNA_1.01.02_3220_0581.jpg,page_image_34fc40ef434baffbd808a45c54ab3c16200deeee878203c33410e5419ef8daeb,8162294,JPEG,5858,4631,RGB,True,dataset-dutch-rgb/republic7/train/page/NL-HaNA_1.01.02_3220_0581.xml
train,NL-HaNA_1.01.02_3222_0137,dataset-dutch-rgb/republic7/train/NL-HaNA_1.01.02_3222_0137.jpg,page_image_b01452fa4aebf56a1772efc5d522d17a8dd3b766c04d4b53482001d1bea3af8a,7724398,JPEG,5798,4566,RGB,True,dataset-dutch-rgb/republic7/train/page/NL-HaNA_1.01.02_3222_0137.xml
train,NL-HaNA_1.01.02_3223_0652,dataset-dutch-rgb/republic7/train/NL-HaNA_1.01.02_3223_0652.jpg,page_image_f42915bf7acef619609f03c4413aae69d2b1127681874bb7d591bae7915afb55,7183829,JPEG,5834,4617,RGB,True,dataset-dutch-rgb/republic7/train/page/NL-HaNA_1.01.02_3223_0652.xml
train,NL-HaNA_1.01.02_3224_0009,dataset-dutch-rgb/republic7/train/NL-HaNA_1.01.02_3224_0009.jpg,page_image_c7e250e8e52908c237d51e13cea0fba9febabafa07141b466e5d4515ec13c742,8645637,JPEG,6338,4808,RGB,True,dataset-dutch-rgb/republic7/train/page/NL-HaNA_1.01.02_3224_0009.xml
train,NL-HaNA_1.01.02_3224_0031,dataset-dutch-rgb/republic7/train/NL-HaNA_1.01.02_3224_0031.jpg,page_image_2b6b8f5ef2639b0a9b510b5da12dacc3e5b28aa2f192f4c8b8969070f1a0f410,7822835,JPEG,5981,4561,RGB,True,dataset-dutch-rgb/republic7/train/page/NL-HaNA_1.01.02_3224_0031.xml
train,NL-HaNA_1.01.02_3224_0161,dataset-dutch-rgb/republic7/train/NL-HaNA_1.01.02_3224_0161.jpg,page_image_6d57293c0a6675146a2ce722823bfc960df3bdd2fbfb3e4c40616064bf4f289e,7820986,JPEG,5921,4551,RGB,True,dataset-dutch-rgb/republic7/train/page/NL-HaNA_1.01.02_3224_0161.xml
train,NL-HaNA_1.01.02_3224_0553,dataset-dutch-rgb/republic7/train/NL-HaNA_1.01.02_3224_0553.jpg,page_image_8494abeb66ef10353eca4fa12278bd58788e41d0c2aa1a6d04ca97f14d0bf245,7779363,JPEG,5750,4560,RGB,True,dataset-dutch-rgb/republic7/train/page/NL-HaNA_1.01.02_3224_0553.xml
train,NL-HaNA_1.01.02_3225_0013,dataset-dutch-rgb/republic7/train/NL-HaNA_1.01.02_3225_0013.jpg,page_image_6b650d564289fc123000af0cdf42ae312a6fba5cfc0620f3be32842fbc7d9314,7091910,JPEG,5882,4559,RGB,True,dataset-dutch-rgb/republic7/train/page/NL-HaNA_1.01.02_3225_0013.xml
train,NL-HaNA_1.01.02_3225_0367,dataset-dutch-rgb/republic7/train/NL-HaNA_1.01.02_3225_0367.jpg,page_image_7c3bb921c3efa042724247d00067928e20d8aae1680ecbd63191ed968d1c078a,6995214,JPEG,5664,4602,RGB,True,dataset-dutch-rgb/republic7/train/page/NL-HaNA_1.01.02_3225_0367.xml
train,NL-HaNA_1.01.02_3226_0292,dataset-dutch-rgb/republic7/train/NL-HaNA_1.01.02_3226_0292.jpg,page_image_49aa71f3b1cee3c130fea6ede9f8a65d13389ebaff4c6f12efbb7911ae89b152,7134155,JPEG,5802,4579,RGB,True,dataset-dutch-rgb/republic7/train/page/NL-HaNA_1.01.02_3226_0292.xml
train,NL-HaNA_1.01.02_3228_0214,dataset-dutch-rgb/republic7/train/NL-HaNA_1.01.02_3228_0214.jpg,page_image_c9b7e4fea426ee0f14564327eb3c7cf0d4e6bdd8ad8b45c0d8ad956d46c6b2d2,9023834,JPEG,5999,4596,RGB,True,dataset-dutch-rgb/republic7/train/page/NL-HaNA_1.01.02_3228_0214.xml
train,NL-HaNA_1.01.02_3228_0512,dataset-dutch-rgb/republic7/train/NL-HaNA_1.01.02_3228_0512.jpg,page_image_9bdb90391d4c3a1b951ccdf6237ece37842d0918c580f103dab23ca339b8761d,8541322,JPEG,5951,4531,RGB,True,dataset-dutch-rgb/republic7/train/page/NL-HaNA_1.01.02_3228_0512.xml
train,NL-HaNA_1.01.02_3228_0553,dataset-dutch-rgb/republic7/train/NL-HaNA_1.01.02_3228_0553.jpg,page_image_47e41af563c6adad52f3c52e2f86787c76f978fa75ce9c3180285199e052284f,8805167,JPEG,5911,4511,RGB,True,dataset-dutch-rgb/republic7/train/page/NL-HaNA_1.01.02_3228_0553.xml
train,NL-HaNA_1.01.02_3228_0645,dataset-dutch-rgb/republic7/train/NL-HaNA_1.01.02_3228_0645.jpg,page_image_04434c480a0f0197cedcc52f6c7fc815a31c22d80913c9b908e312abf69ed850,8211665,JPEG,5971,4561,RGB,True,dataset-dutch-rgb/republic7/train/page/NL-HaNA_1.01.02_3228_0645.xml
train,NL-HaNA_1.01.02_3229_0087,dataset-dutch-rgb/republic7/train/NL-HaNA_1.01.02_3229_0087.jpg,page_image_1fd5aba9a6841b897b31e54c7e2b9342d413fae8e99eec41c9306a2bffbb54aa,7227379,JPEG,5861,4605,RGB,True,dataset-dutch-rgb/republic7/train/page/NL-HaNA_1.01.02_3229_0087.xml
train,NL-HaNA_1.01.02_3229_0108,dataset-dutch-rgb/republic7/train/NL-HaNA_1.01.02_3229_0108.jpg,page_image_06973de145ccaeb4910748f10c648aa9bd7f04c594e81074f3abb91c753ddfad,6496165,JPEG,5844,4628,RGB,True,dataset-dutch-rgb/republic7/train/page/NL-HaNA_1.01.02_3229_0108.xml
train,NL-HaNA_1.01.02_3229_0264,dataset-dutch-rgb/republic7/train/NL-HaNA_1.01.02_3229_0264.jpg,page_image_3906d4d67c76ef112c8186a7289df42a0efd88aa69331c36b875eeafd3c09868,7482745,JPEG,5791,4551,RGB,True,dataset-dutch-rgb/republic7/train/page/NL-HaNA_1.01.02_3229_0264.xml
train,NL-HaNA_1.01.02_3229_0336,dataset-dutch-rgb/republic7/train/NL-HaNA_1.01.02_3229_0336.jpg,page_image_bbd41b62ba5d4c33bc7574a2ebd7a161c1229904bb5c51889a35d612eb907ec6,7744396,JPEG,5772,4633,RGB,True,dataset-dutch-rgb/republic7/train/page/NL-HaNA_1.01.02_3229_0336.xml
train,NL-HaNA_1.01.02_3229_0411,dataset-dutch-rgb/republic7/train/NL-HaNA_1.01.02_3229_0411.jpg,page_image_fc89ba2f1eba05a3b531cdae92b4c42e8ed5d30a93ca937df5db9355491f1e73,7931648,JPEG,5831,4571,RGB,True,dataset-dutch-rgb/republic7/train/page/NL-HaNA_1.01.02_3229_0411.xml
train,NL-HaNA_1.01.02_3230_0164,dataset-dutch-rgb/republic7/train/NL-HaNA_1.01.02_3230_0164.jpg,page_image_2a4ba9bd3d6e323a7b837e0af40ccf90fff2da2267f22470cad7efb4c234ddfa,8433171,JPEG,6000,4570,RGB,True,dataset-dutch-rgb/republic7/train/page/NL-HaNA_1.01.02_3230_0164.xml
train,NL-HaNA_1.01.02_3230_0178,dataset-dutch-rgb/republic7/train/NL-HaNA_1.01.02_3230_0178.jpg,page_image_f59987629a5d94b69c5f2fedeed235234a54afbd1702cbb4213d80bd31b9e0cc,8534234,JPEG,6016,4579,RGB,True,dataset-dutch-rgb/republic7/train/page/NL-HaNA_1.01.02_3230_0178.xml
train,NL-HaNA_1.01.02_3231_0131,dataset-dutch-rgb/republic7/train/NL-HaNA_1.01.02_3231_0131.jpg,page_image_79b7326754270041e7c48a7e01bb2f282a4eae17ed15a3ef809271057fc700d2,9509621,JPEG,5861,4468,RGB,True,dataset-dutch-rgb/republic7/train/page/NL-HaNA_1.01.02_3231_0131.xml
train,NL-HaNA_1.01.02_3231_0385,dataset-dutch-rgb/republic7/train/NL-HaNA_1.01.02_3231_0385.jpg,page_image_d1b47d88037790420cb7b57d5011247faa3ed906aa8a5e7afe88ef65af7c8e1f,9727914,JPEG,5831,4441,RGB,True,dataset-dutch-rgb/republic7/train/page/NL-HaNA_1.01.02_3231_0385.xml
train,NL-HaNA_1.01.02_3231_0773,dataset-dutch-rgb/republic7/train/NL-HaNA_1.01.02_3231_0773.jpg,page_image_9c4243fb01562c040f26f6d14be5066452368bb65be4ad9ebe3c1f8cfa861f0c,9527348,JPEG,5790,4455,RGB,True,dataset-dutch-rgb/republic7/train/page/NL-HaNA_1.01.02_3231_0773.xml
train,NL-HaNA_1.01.02_3231_0777,dataset-dutch-rgb/republic7/train/NL-HaNA_1.01.02_3231_0777.jpg,page_image_000c3e2a79fba3687fa9a84c4ce19850f4ce9599ca2f80da0fd5d5f8aa60e6e4,9391083,JPEG,5785,4447,RGB,True,dataset-dutch-rgb/republic7/train/page/NL-HaNA_1.01.02_3231_0777.xml
train,NL-HaNA_1.01.02_3232_0201,dataset-dutch-rgb/republic7/train/NL-HaNA_1.01.02_3232_0201.jpg,page_image_e8ba002720272ff873d4b46a274f30386db5360c97dfe619a68827378103b0ef,9077549,JPEG,5844,4444,RGB,True,dataset-dutch-rgb/republic7/train/page/NL-HaNA_1.01.02_3232_0201.xml
train,NL-HaNA_1.01.02_3232_0211,dataset-dutch-rgb/republic7/train/NL-HaNA_1.01.02_3232_0211.jpg,page_image_4ccd9bf1ba4a9ef2f8e5a309cc065409b6c492f07bc4df65b3736224ff71c16e,8876676,JPEG,5838,4517,RGB,True,dataset-dutch-rgb/republic7/train/page/NL-HaNA_1.01.02_3232_0211.xml
train,NL-HaNA_1.01.02_3232_0357,dataset-dutch-rgb/republic7/train/NL-HaNA_1.01.02_3232_0357.jpg,page_image_3edcdb4071c93c79268bf2264f0656e196be3d5b3f959f27e723e63a2caa64f4,8260606,JPEG,5882,4449,RGB,True,dataset-dutch-rgb/republic7/train/page/NL-HaNA_1.01.02_3232_0357.xml
train,NL-HaNA_1.01.02_3233_0141,dataset-dutch-rgb/republic7/train/NL-HaNA_1.01.02_3233_0141.jpg,page_image_424e320473c49164c6ee9b7aa7a10838df31b96cc922e8327b6b21c60fbbbe4f,8545674,JPEG,5886,4600,RGB,True,dataset-dutch-rgb/republic7/train/page/NL-HaNA_1.01.02_3233_0141.xml
train,NL-HaNA_1.01.02_3233_0526,dataset-dutch-rgb/republic7/train/NL-HaNA_1.01.02_3233_0526.jpg,page_image_29b06b2cab70534a3bb2d9a91befad930eb0687ac5b902385e54e77bd1c4d047,7648102,JPEG,5879,4630,RGB,True,dataset-dutch-rgb/republic7/train/page/NL-HaNA_1.01.02_3233_0526.xml
train,NL-HaNA_1.01.02_3234_0032,dataset-dutch-rgb/republic7/train/NL-HaNA_1.01.02_3234_0032.jpg,page_image_2fdd66e2506066b308cb81514ff34954dc36dd2680831732720f4bcc07e1d45e,7213386,JPEG,5750,4565,RGB,True,dataset-dutch-rgb/republic7/train/page/NL-HaNA_1.01.02_3234_0032.xml
train,NL-HaNA_1.01.02_3234_0081,dataset-dutch-rgb/republic7/train/NL-HaNA_1.01.02_3234_0081.jpg,page_image_b9a84739c8cef097eb20265789e6fcc1f092013a9023e4b8973044e84f372347,7369142,JPEG,5762,4564,RGB,True,dataset-dutch-rgb/republic7/train/page/NL-HaNA_1.01.02_3234_0081.xml
train,NL-HaNA_1.01.02_3234_0375,dataset-dutch-rgb/republic7/train/NL-HaNA_1.01.02_3234_0375.jpg,page_image_f645e4a97c5bf7531d5d603674a565947d798a1515f5b57c15c5d6f5e4b77d45,8882917,JPEG,5738,4553,RGB,True,dataset-dutch-rgb/republic7/train/page/NL-HaNA_1.01.02_3234_0375.xml
train,NL-HaNA_1.01.02_3235_0250,dataset-dutch-rgb/republic7/train/NL-HaNA_1.01.02_3235_0250.jpg,page_image_9505c15f5b15fbbbf9263d7067fc0c9f85b873dcea59abf62c3522f5ae9d4147,8397859,JPEG,5929,4572,RGB,True,dataset-dutch-rgb/republic7/train/page/NL-HaNA_1.01.02_3235_0250.xml
train,NL-HaNA_1.01.02_3235_0521,dataset-dutch-rgb/republic7/train/NL-HaNA_1.01.02_3235_0521.jpg,page_image_15af78f8d2b90763555ff8b79c8e444a7c9062ec6c6097156998b9184e623627,8904471,JPEG,5971,4581,RGB,True,dataset-dutch-rgb/republic7/train/page/NL-HaNA_1.01.02_3235_0521.xml
train,NL-HaNA_1.01.02_3236_0035,dataset-dutch-rgb/republic7/train/NL-HaNA_1.01.02_3236_0035.jpg,page_image_cb5c9d34e25d789a072ac4f78af91b1ea38775c0e91e9701114bb9fafcfff372,6636491,JPEG,5850,4585,RGB,True,dataset-dutch-rgb/republic7/train/page/NL-HaNA_1.01.02_3236_0035.xml
train,NL-HaNA_1.01.02_3236_0037,dataset-dutch-rgb/republic7/train/NL-HaNA_1.01.02_3236_0037.jpg,page_image_85bb8515de3ec7212978e1d98fb3d5118f9c1756f7546b1bd16378a5b0bda22c,6903561,JPEG,5852,4600,RGB,True,dataset-dutch-rgb/republic7/train/page/NL-HaNA_1.01.02_3236_0037.xml
train,NL-HaNA_1.01.02_3237_0192,dataset-dutch-rgb/republic7/train/NL-HaNA_1.01.02_3237_0192.jpg,page_image_e77cc3d13c66fb58e2402ffa9c5b821b8066d895ae64e3a9b4faf6b632883a16,7240082,JPEG,5648,4625,RGB,True,dataset-dutch-rgb/republic7/train/page/NL-HaNA_1.01.02_3237_0192.xml
train,NL-HaNA_1.01.02_3237_0196,dataset-dutch-rgb/republic7/train/NL-HaNA_1.01.02_3237_0196.jpg,page_image_32fa1ca9b131be9fd00e0d3087a887c4fd4360d6362158962658a49e69ff6981,7572646,JPEG,5670,4628,RGB,True,dataset-dutch-rgb/republic7/train/page/NL-HaNA_1.01.02_3237_0196.xml
train,NL-HaNA_1.01.02_3237_0235,dataset-dutch-rgb/republic7/train/NL-HaNA_1.01.02_3237_0235.jpg,page_image_c4c2d0df7d9b61a95656b73b7df5c50224e0294e3b835f785530fd50aa563685,7476162,JPEG,5611,4601,RGB,True,dataset-dutch-rgb/republic7/train/page/NL-HaNA_1.01.02_3237_0235.xml
train,NL-HaNA_1.01.02_3238_0196,dataset-dutch-rgb/republic7/train/NL-HaNA_1.01.02_3238_0196.jpg,page_image_32812667ca53f91458973efbb7f159e995f4123f8a9d5116199a0ba6a46a36f2,7773311,JPEG,5847,4552,RGB,True,dataset-dutch-rgb/republic7/train/page/NL-HaNA_1.01.02_3238_0196.xml
train,NL-HaNA_1.01.02_3240_0052,dataset-dutch-rgb/republic7/train/NL-HaNA_1.01.02_3240_0052.jpg,page_image_ee93b3bce9b5cbdde1c375a0b93e4978b7d39ccc91e3949985c438d0a634ede1,8517191,JPEG,5826,4554,RGB,True,dataset-dutch-rgb/republic7/train/page/NL-HaNA_1.01.02_3240_0052.xml
train,NL-HaNA_1.01.02_3241_0107,dataset-dutch-rgb/republic7/train/NL-HaNA_1.01.02_3241_0107.jpg,page_image_b77e65c81a369b01863815f870bfb3159bf6cb6b28aec19526752ad3ddf0aa61,9611255,JPEG,5920,4611,RGB,True,dataset-dutch-rgb/republic7/train/page/NL-HaNA_1.01.02_3241_0107.xml
train,NL-HaNA_1.01.02_3241_0217,dataset-dutch-rgb/republic7/train/NL-HaNA_1.01.02_3241_0217.jpg,page_image_bc2f64aeef21fb5e58aa6875181deb01235cf1ba7a82803e3285b3f80a13529a,9273443,JPEG,5848,4621,RGB,True,dataset-dutch-rgb/republic7/train/page/NL-HaNA_1.01.02_3241_0217.xml
train,NL-HaNA_1.01.02_3241_0292,dataset-dutch-rgb/republic7/train/NL-HaNA_1.01.02_3241_0292.jpg,page_image_dd8e55612c028983101d95df7e26aa12bf66a4f03cb15aee4c905633dbcff3a6,8951370,JPEG,5948,4638,RGB,True,dataset-dutch-rgb/republic7/train/page/NL-HaNA_1.01.02_3241_0292.xml
train,NL-HaNA_1.01.02_3242_0195,dataset-dutch-rgb/republic7/train/NL-HaNA_1.01.02_3242_0195.jpg,page_image_3627423f2d27bb804c4eb307000818cba8b56f044c88726d39d11936e59e6704,8323897,JPEG,5871,4585,RGB,True,dataset-dutch-rgb/republic7/train/page/NL-HaNA_1.01.02_3242_0195.xml
train,NL-HaNA_1.01.02_3242_0388,dataset-dutch-rgb/republic7/train/NL-HaNA_1.01.02_3242_0388.jpg,page_image_551c704a279840cc7e328b8727cfb51ec2d2e150c2709e031ebad078dddf3b45,7988676,JPEG,5841,4581,RGB,True,dataset-dutch-rgb/republic7/train/page/NL-HaNA_1.01.02_3242_0388.xml
train,NL-HaNA_1.01.02_3243_0214,dataset-dutch-rgb/republic7/train/NL-HaNA_1.01.02_3243_0214.jpg,page_image_ef35083f831de41ce8a0286394376bf8965b26196ac64a1b208390dfa7bdae42,8001339,JPEG,6043,4657,RGB,True,dataset-dutch-rgb/republic7/train/page/NL-HaNA_1.01.02_3243_0214.xml
train,NL-HaNA_1.01.02_3243_0337,dataset-dutch-rgb/republic7/train/NL-HaNA_1.01.02_3243_0337.jpg,page_image_22401a97f5906748f509666c4bcba4717fc67823bc375a70a8e7330b817ac34c,8402926,JPEG,6096,4711,RGB,True,dataset-dutch-rgb/republic7/train/page/NL-HaNA_1.01.02_3243_0337.xml
train,NL-HaNA_1.01.02_3243_0683,dataset-dutch-rgb/republic7/train/NL-HaNA_1.01.02_3243_0683.jpg,page_image_5db0ac43b6a8b574c5375022ea9b8e5edd4c0b3476dfaa6cca6f717e0151efbc,8300548,JPEG,6041,4641,RGB,True,dataset-dutch-rgb/republic7/train/page/NL-HaNA_1.01.02_3243_0683.xml
train,NL-HaNA_1.01.02_3243_0766,dataset-dutch-rgb/republic7/train/NL-HaNA_1.01.02_3243_0766.jpg,page_image_e0c8bf975b24d25cdd4220cbec429a3310720c843babf954f3376d6c6732b37f,8283602,JPEG,5959,4669,RGB,True,dataset-dutch-rgb/republic7/train/page/NL-HaNA_1.01.02_3243_0766.xml
train,NL-HaNA_1.01.02_3244_0323,dataset-dutch-rgb/republic7/train/NL-HaNA_1.01.02_3244_0323.jpg,page_image_3f89471aa79f706e2ee82ad0161212138152c2218177b076fc89268fa7715dae,7510293,JPEG,4810,4023,RGB,True,dataset-dutch-rgb/republic7/train/page/NL-HaNA_1.01.02_3244_0323.xml
train,NL-HaNA_1.01.02_3246_0062,dataset-dutch-rgb/republic7/train/NL-HaNA_1.01.02_3246_0062.jpg,page_image_037c36c04271fe995525310c29582ce188b980a7fd9f1bf2f7dbcfa07943eff3,7569339,JPEG,5071,4029,RGB,True,dataset-dutch-rgb/republic7/train/page/NL-HaNA_1.01.02_3246_0062.xml
train,NL-HaNA_1.01.02_3246_0560,dataset-dutch-rgb/republic7/train/NL-HaNA_1.01.02_3246_0560.jpg,page_image_b20e8936b644f3800c48429725fdf07243a40b9e5518f167f406a696ee0b2fd4,7114758,JPEG,4940,3977,RGB,True,dataset-dutch-rgb/republic7/train/page/NL-HaNA_1.01.02_3246_0560.xml
train,NL-HaNA_1.01.02_3247_0033,dataset-dutch-rgb/republic7/train/NL-HaNA_1.01.02_3247_0033.jpg,page_image_6a95c6138a4f0697be3f35b51117e3c89e92bd8c417b4ee74191f971c8934c11,6770019,JPEG,4921,4031,RGB,True,dataset-dutch-rgb/republic7/train/page/NL-HaNA_1.01.02_3247_0033.xml
train,NL-HaNA_1.01.02_3247_0379,dataset-dutch-rgb/republic7/train/NL-HaNA_1.01.02_3247_0379.jpg,page_image_50fc3a489ba5d93c337641d27e4eb65d6a7008afa53ee9c8752378846c8999e4,7010679,JPEG,4571,4001,RGB,True,dataset-dutch-rgb/republic7/train/page/NL-HaNA_1.01.02_3247_0379.xml
train,NL-HaNA_1.01.02_3247_0478,dataset-dutch-rgb/republic7/train/NL-HaNA_1.01.02_3247_0478.jpg,page_image_b18fe694110ba2f173b37affd50d78e5a9795c8efff5e3169d0e7f030524a0c4,7129839,JPEG,4621,4061,RGB,True,dataset-dutch-rgb/republic7/train/page/NL-HaNA_1.01.02_3247_0478.xml
train,NL-HaNA_1.01.02_3248_0023,dataset-dutch-rgb/republic7/train/NL-HaNA_1.01.02_3248_0023.jpg,page_image_f980b31ab27fe083e8754157ba608631fcd025820694b63b4923bc2cdb5f882d,6842970,JPEG,5139,4133,RGB,True,dataset-dutch-rgb/republic7/train/page/NL-HaNA_1.01.02_3248_0023.xml
train,NL-HaNA_1.01.02_3248_0073,dataset-dutch-rgb/republic7/train/NL-HaNA_1.01.02_3248_0073.jpg,page_image_ab250c20ab65c000fbe91e85bcb8925bdfffa1cb7f8ed0826d350d0859c4d226,7146431,JPEG,5094,4074,RGB,True,dataset-dutch-rgb/republic7/train/page/NL-HaNA_1.01.02_3248_0073.xml
train,NL-HaNA_1.01.02_3248_0534,dataset-dutch-rgb/republic7/train/NL-HaNA_1.01.02_3248_0534.jpg,page_image_e4fabf25838a925afea6c11c4acac04ef32e0be6b3e851fad68ed32bf3d7aa89,7433698,JPEG,5031,4081,RGB,True,dataset-dutch-rgb/republic7/train/page/NL-HaNA_1.01.02_3248_0534.xml
train,NL-HaNA_1.01.02_3248_0622,dataset-dutch-rgb/republic7/train/NL-HaNA_1.01.02_3248_0622.jpg,page_image_c075b4bb5ebb72d2b2fc2312a7875c234c25a5df01f533b7f2a63fab3716ca65,7465769,JPEG,4926,4088,RGB,True,dataset-dutch-rgb/republic7/train/page/NL-HaNA_1.01.02_3248_0622.xml
train,NL-HaNA_1.01.02_3248_0682,dataset-dutch-rgb/republic7/train/NL-HaNA_1.01.02_3248_0682.jpg,page_image_55888f228354f3d2e2e36144d1aea687efa018762c43c140d56fd07d03dbd1cf,7485458,JPEG,5021,4088,RGB,True,dataset-dutch-rgb/republic7/train/page/NL-HaNA_1.01.02_3248_0682.xml
train,NL-HaNA_1.01.02_3249_0239,dataset-dutch-rgb/republic7/train/NL-HaNA_1.01.02_3249_0239.jpg,page_image_c46f372d8083168f20956e77f8ab21e9f69c3cbd91aa7047d7a17571d97a7425,7552418,JPEG,4942,3962,RGB,True,dataset-dutch-rgb/republic7/train/page/NL-HaNA_1.01.02_3249_0239.xml
train,NL-HaNA_1.01.02_3250_0080,dataset-dutch-rgb/republic7/train/NL-HaNA_1.01.02_3250_0080.jpg,page_image_304d33c42260dca338ae43681830870d34cf497a0f6b87b3822d5ad7fbbed69c,7162124,JPEG,5085,4051,RGB,True,dataset-dutch-rgb/republic7/train/page/NL-HaNA_1.01.02_3250_0080.xml
train,NL-HaNA_1.01.02_3251_0131,dataset-dutch-rgb/republic7/train/NL-HaNA_1.01.02_3251_0131.jpg,page_image_6e65b8f3a7634579e40e14f91de621b0887c4a8b3e825c953140a670679d9958,7380128,JPEG,5122,4032,RGB,True,dataset-dutch-rgb/republic7/train/page/NL-HaNA_1.01.02_3251_0131.xml
train,NL-HaNA_1.01.02_3251_0431,dataset-dutch-rgb/republic7/train/NL-HaNA_1.01.02_3251_0431.jpg,page_image_b19987391d3113bdf64da81c66c4573cee30e02293349e8394212d2a0ecf66f0,7235047,JPEG,5022,4021,RGB,True,dataset-dutch-rgb/republic7/train/page/NL-HaNA_1.01.02_3251_0431.xml
train,NL-HaNA_1.01.02_3251_0521,dataset-dutch-rgb/republic7/train/NL-HaNA_1.01.02_3251_0521.jpg,page_image_b363dee0bcc4364f6da8c0527d885a38761860e7ff4cbe41c2258da6b8b60324,7752837,JPEG,5240,4089,RGB,True,dataset-dutch-rgb/republic7/train/page/NL-HaNA_1.01.02_3251_0521.xml
train,NL-HaNA_1.01.02_3252_0355,dataset-dutch-rgb/republic7/train/NL-HaNA_1.01.02_3252_0355.jpg,page_image_1e1721512a3adae31a8efd8f7b376c85f4bd6192ff467f006add80727ff816df,7615915,JPEG,4942,4042,RGB,True,dataset-dutch-rgb/republic7/train/page/NL-HaNA_1.01.02_3252_0355.xml
train,NL-HaNA_1.01.02_3253_0170,dataset-dutch-rgb/republic7/train/NL-HaNA_1.01.02_3253_0170.jpg,page_image_76521a9d9133abb270072b6511cd944d0efecc7b86605de9dd196c38ff5cec1b,7177869,JPEG,5036,4062,RGB,True,dataset-dutch-rgb/republic7/train/page/NL-HaNA_1.01.02_3253_0170.xml
train,NL-HaNA_1.01.02_3253_0237,dataset-dutch-rgb/republic7/train/NL-HaNA_1.01.02_3253_0237.jpg,page_image_3497454698c1aefac1c41af2c998127a7b7184e91c2e0496d4173d5b0c45f88b,7124985,JPEG,4961,4041,RGB,True,dataset-dutch-rgb/republic7/train/page/NL-HaNA_1.01.02_3253_0237.xml
train,NL-HaNA_1.01.02_3253_0372,dataset-dutch-rgb/republic7/train/NL-HaNA_1.01.02_3253_0372.jpg,page_image_7520d42885dc6eb81656968aff8ec2d36c32586726fd77eda5bd69cd80ae3360,7307367,JPEG,5057,4120,RGB,True,dataset-dutch-rgb/republic7/train/page/NL-HaNA_1.01.02_3253_0372.xml
train,NL-HaNA_1.01.02_3254_0473,dataset-dutch-rgb/republic7/train/NL-HaNA_1.01.02_3254_0473.jpg,page_image_04b68f82060b70f04485c268b4ec215aecce32dfd1229466bdf69e9be8356419,7418805,JPEG,4988,4076,RGB,True,dataset-dutch-rgb/republic7/train/page/NL-HaNA_1.01.02_3254_0473.xml
train,NL-HaNA_1.01.02_3255_0047,dataset-dutch-rgb/republic7/train/NL-HaNA_1.01.02_3255_0047.jpg,page_image_699c90fa59c938f10166e8a37c8facf0a4c3e01856be72d43f23c68d6f3cd136,6925340,JPEG,5201,3991,RGB,True,dataset-dutch-rgb/republic7/train/page/NL-HaNA_1.01.02_3255_0047.xml
train,NL-HaNA_1.01.02_3255_0338,dataset-dutch-rgb/republic7/train/NL-HaNA_1.01.02_3255_0338.jpg,page_image_ebb8b13fc2eafd0cfb8225bf28513a6b83adf1d0d2cda5fb32348416c2d46940,6846449,JPEG,4973,3980,RGB,True,dataset-dutch-rgb/republic7/train/page/NL-HaNA_1.01.02_3255_0338.xml
train,NL-HaNA_1.01.02_3257_0062,dataset-dutch-rgb/republic7/train/NL-HaNA_1.01.02_3257_0062.jpg,page_image_4f1f46156eba81ca21fcdb2b76f87253f6b4cf87c711b1df4a17ad99b0e09132,6296128,JPEG,5261,3991,RGB,True,dataset-dutch-rgb/republic7/train/page/NL-HaNA_1.01.02_3257_0062.xml
train,NL-HaNA_1.01.02_3257_0103,dataset-dutch-rgb/republic7/train/NL-HaNA_1.01.02_3257_0103.jpg,page_image_530950c0138a01902bd323611f5be8d080b14bb4b31353ff41250ad071edcbd7,7539926,JPEG,5051,3991,RGB,True,dataset-dutch-rgb/republic7/train/page/NL-HaNA_1.01.02_3257_0103.xml
train,NL-HaNA_1.01.02_3257_0389,dataset-dutch-rgb/republic7/train/NL-HaNA_1.01.02_3257_0389.jpg,page_image_c5d34e4663bc44c651c359a777843ff47a93b4b686ad5fff1fabe01eadd9135f,7269938,JPEG,5134,3960,RGB,True,dataset-dutch-rgb/republic7/train/page/NL-HaNA_1.01.02_3257_0389.xml
train,NL-HaNA_1.01.02_3257_0666,dataset-dutch-rgb/republic7/train/NL-HaNA_1.01.02_3257_0666.jpg,page_image_32bdee2f22f87e010ecd42f471eb16dd29f04ea713558fa94ff0e432047ba7c6,7062062,JPEG,5142,3952,RGB,True,dataset-dutch-rgb/republic7/train/page/NL-HaNA_1.01.02_3257_0666.xml
train,NL-HaNA_1.01.02_3257_0847,dataset-dutch-rgb/republic7/train/NL-HaNA_1.01.02_3257_0847.jpg,page_image_dccd6832a84677923a18f47681493bfa668cb7f54c6434149b6a3a706ac53097,6981994,JPEG,5066,3993,RGB,True,dataset-dutch-rgb/republic7/train/page/NL-HaNA_1.01.02_3257_0847.xml
train,NL-HaNA_1.01.02_3257_0873,dataset-dutch-rgb/republic7/train/NL-HaNA_1.01.02_3257_0873.jpg,page_image_2f27fc9f9b510f9f0e08372525414340f78f05af3d2a3219e64f62eedfdf5e1d,7181282,JPEG,5101,4024,RGB,True,dataset-dutch-rgb/republic7/train/page/NL-HaNA_1.01.02_3257_0873.xml
train,NL-HaNA_1.01.02_3258_0104,dataset-dutch-rgb/republic7/train/NL-HaNA_1.01.02_3258_0104.jpg,page_image_2953061fb6aa895d58717bfdcd49f5cc510c31bfa9105c871a10f83b80137b82,7461033,JPEG,5118,3962,RGB,True,dataset-dutch-rgb/republic7/train/page/NL-HaNA_1.01.02_3258_0104.xml
train,NL-HaNA_1.01.02_3258_0197,dataset-dutch-rgb/republic7/train/NL-HaNA_1.01.02_3258_0197.jpg,page_image_2856348ea8a1d471f997d4c3ebf0164361164d7788662cfbc32a0be9f2595c67,7196551,JPEG,5030,3998,RGB,True,dataset-dutch-rgb/republic7/train/page/NL-HaNA_1.01.02_3258_0197.xml
train,NL-HaNA_1.01.02_3258_0239,dataset-dutch-rgb/republic7/train/NL-HaNA_1.01.02_3258_0239.jpg,page_image_850f188dbbda541a06dc78f540a71960a797a502328e64551111ef031025ee25,6816369,JPEG,5011,3942,RGB,True,dataset-dutch-rgb/republic7/train/page/NL-HaNA_1.01.02_3258_0239.xml
train,NL-HaNA_1.01.02_3258_0481,dataset-dutch-rgb/republic7/train/NL-HaNA_1.01.02_3258_0481.jpg,page_image_54716ec33683598d008457b94648a6c5db4e7d06f5e3f9d3d2bc741d94c6c9e7,7119173,JPEG,5119,3970,RGB,True,dataset-dutch-rgb/republic7/train/page/NL-HaNA_1.01.02_3258_0481.xml
train,NL-HaNA_1.01.02_3258_0856,dataset-dutch-rgb/republic7/train/NL-HaNA_1.01.02_3258_0856.jpg,page_image_5f348170e4ff634fe096071f1de90bf3b4f164de5c57bd8266e41eaad9bee7d1,7080145,JPEG,4998,4028,RGB,True,dataset-dutch-rgb/republic7/train/page/NL-HaNA_1.01.02_3258_0856.xml
train,NL-HaNA_1.01.02_3258_0888,dataset-dutch-rgb/republic7/train/NL-HaNA_1.01.02_3258_0888.jpg,page_image_9d02fb1e849af8830ff395c88c6e1824138f4bd1823f6e539f2cee47dbd81638,6887670,JPEG,4991,4002,RGB,True,dataset-dutch-rgb/republic7/train/page/NL-HaNA_1.01.02_3258_0888.xml
train,NL-HaNA_1.01.02_3260_0268,dataset-dutch-rgb/republic7/train/NL-HaNA_1.01.02_3260_0268.jpg,page_image_6bbe1b6f0fb04628d5108dd4c61f51b8e1c7fd723852438e4b8a24f4a5d3a159,7316516,JPEG,5148,4004,RGB,True,dataset-dutch-rgb/republic7/train/page/NL-HaNA_1.01.02_3260_0268.xml
train,NL-HaNA_1.01.02_3260_0287,dataset-dutch-rgb/republic7/train/NL-HaNA_1.01.02_3260_0287.jpg,page_image_11adfc03610eb5a86dfd7aab00ae76b15b3af320a61487bd4332d1eae4092052,7405193,JPEG,5124,3992,RGB,True,dataset-dutch-rgb/republic7/train/page/NL-HaNA_1.01.02_3260_0287.xml
train,NL-HaNA_1.01.02_3260_0783,dataset-dutch-rgb/republic7/train/NL-HaNA_1.01.02_3260_0783.jpg,page_image_b02f3a3beac9a94d2b359ad9938fc14255cd8a0ffc84e3c11c7df8c4400b4701,7394654,JPEG,5201,3990,RGB,True,dataset-dutch-rgb/republic7/train/page/NL-HaNA_1.01.02_3260_0783.xml
train,NL-HaNA_1.01.02_3260_0985,dataset-dutch-rgb/republic7/train/NL-HaNA_1.01.02_3260_0985.jpg,page_image_83c717d48b985aa0c901f1e6a62c9cfd1d62a092574d1203fbe171ff23f5109c,7190305,JPEG,5193,4021,RGB,True,dataset-dutch-rgb/republic7/train/page/NL-HaNA_1.01.02_3260_0985.xml
train,NL-HaNA_1.01.02_3261_0068,dataset-dutch-rgb/republic7/train/NL-HaNA_1.01.02_3261_0068.jpg,page_image_e5655b2fc03adc94e0583e1d06501b81829de0e8579b24ec694ec70648e05644,6570682,JPEG,5201,3991,RGB,True,dataset-dutch-rgb/republic7/train/page/NL-HaNA_1.01.02_3261_0068.xml
train,NL-HaNA_1.01.02_3261_0118,dataset-dutch-rgb/republic7/train/NL-HaNA_1.01.02_3261_0118.jpg,page_image_2469dfa47892d7d8f0ebaa9eaab867c3d1ff66e107c5d6328dd340d3b67889b0,7268305,JPEG,5161,3991,RGB,True,dataset-dutch-rgb/republic7/train/page/NL-HaNA_1.01.02_3261_0118.xml
train,NL-HaNA_1.01.02_3261_0154,dataset-dutch-rgb/republic7/train/NL-HaNA_1.01.02_3261_0154.jpg,page_image_6e8a6114dded5ee9af6f19e356ad79c50e6b7cdadf1e7679b878533d77682f11,7277375,JPEG,5228,4022,RGB,True,dataset-dutch-rgb/republic7/train/page/NL-HaNA_1.01.02_3261_0154.xml
train,NL-HaNA_1.01.02_3261_0270,dataset-dutch-rgb/republic7/train/NL-HaNA_1.01.02_3261_0270.jpg,page_image_c30fae051b2db3b55d50d422e4ee6ee8cc968c31102112ed230d46341a3dc8fe,6595376,JPEG,5180,3982,RGB,True,dataset-dutch-rgb/republic7/train/page/NL-HaNA_1.01.02_3261_0270.xml
train,NL-HaNA_1.01.02_3261_0516,dataset-dutch-rgb/republic7/train/NL-HaNA_1.01.02_3261_0516.jpg,page_image_df2f16a77ced435c5093fe9be5edc04a0636d14767697e17c6e7d945bfffea83,7121806,JPEG,5121,3971,RGB,True,dataset-dutch-rgb/republic7/train/page/NL-HaNA_1.01.02_3261_0516.xml
train,NL-HaNA_1.01.02_3261_0536,dataset-dutch-rgb/republic7/train/NL-HaNA_1.01.02_3261_0536.jpg,page_image_08e0e33fcf94cc7b1a8e8d6f1d6cdf0d607d32ccc46050ecadb1b6eeee1674bc,6776799,JPEG,5142,3981,RGB,True,dataset-dutch-rgb/republic7/train/page/NL-HaNA_1.01.02_3261_0536.xml
train,NL-HaNA_1.01.02_3261_0566,dataset-dutch-rgb/republic7/train/NL-HaNA_1.01.02_3261_0566.jpg,page_image_e3d6a22c56cff1ee66e4f4d31f6a58e270892274feec98811e64a4654de71006,7139006,JPEG,5185,3993,RGB,True,dataset-dutch-rgb/republic7/train/page/NL-HaNA_1.01.02_3261_0566.xml
train,NL-HaNA_1.01.02_3261_0844,dataset-dutch-rgb/republic7/train/NL-HaNA_1.01.02_3261_0844.jpg,page_image_c3c66b9ea10ae3d0b0b589a17a1ea0c26f3e908766e4f18d936f1ae47a6a132d,7523764,JPEG,5251,4044,RGB,True,dataset-dutch-rgb/republic7/train/page/NL-HaNA_1.01.02_3261_0844.xml
train,NL-HaNA_1.01.02_3262_0483,dataset-dutch-rgb/republic7/train/NL-HaNA_1.01.02_3262_0483.jpg,page_image_2e005643047ebc900d81540a28c152ec9a5251bc10266f814a8caec6d964f783,6992071,JPEG,5137,4018,RGB,True,dataset-dutch-rgb/republic7/train/page/NL-HaNA_1.01.02_3262_0483.xml
train,NL-HaNA_1.01.02_3262_0726,dataset-dutch-rgb/republic7/train/NL-HaNA_1.01.02_3262_0726.jpg,page_image_b2925223de37ca6e8cdd8441b211b21a78293b6784a7268f0b998807c809c647,7160556,JPEG,5152,4002,RGB,True,dataset-dutch-rgb/republic7/train/page/NL-HaNA_1.01.02_3262_0726.xml
train,NL-HaNA_1.01.02_3262_0751,dataset-dutch-rgb/republic7/train/NL-HaNA_1.01.02_3262_0751.jpg,page_image_d44000dd6d299089e061f6654aa50adfefb086e9fac66a7a0e5b61957b37917b,7147051,JPEG,5171,4007,RGB,True,dataset-dutch-rgb/republic7/train/page/NL-HaNA_1.01.02_3262_0751.xml
train,NL-HaNA_1.01.02_3262_0769,dataset-dutch-rgb/republic7/train/NL-HaNA_1.01.02_3262_0769.jpg,page_image_372c79902689943b0f7a1d2ebd3a683c009da6b11043995211a72e03c7c5ba71,7776715,JPEG,5154,4007,RGB,True,dataset-dutch-rgb/republic7/train/page/NL-HaNA_1.01.02_3262_0769.xml
train,NL-HaNA_1.01.02_3263_0066,dataset-dutch-rgb/republic7/train/NL-HaNA_1.01.02_3263_0066.jpg,page_image_0a8da51f5a36e51c3e2d3a283a7aa5c7a8fe6252479b6d5aa8522a22e39c55da,7302557,JPEG,5104,3984,RGB,True,dataset-dutch-rgb/republic7/train/page/NL-HaNA_1.01.02_3263_0066.xml
train,NL-HaNA_1.01.02_3263_0400,dataset-dutch-rgb/republic7/train/NL-HaNA_1.01.02_3263_0400.jpg,page_image_b4998e8502860e0b4973b921ce9903adf09dfcdf73340d5fb9dadc31f633fa75,7328864,JPEG,5062,4011,RGB,True,dataset-dutch-rgb/republic7/train/page/NL-HaNA_1.01.02_3263_0400.xml
train,NL-HaNA_1.01.02_3264_0381,dataset-dutch-rgb/republic7/train/NL-HaNA_1.01.02_3264_0381.jpg,page_image_6ac742629570ea1b7d1ae5ab47e7a3b3a6a669af04a3c02a9b1b1085ba61f87c,7119730,JPEG,5142,3962,RGB,True,dataset-dutch-rgb/republic7/train/page/NL-HaNA_1.01.02_3264_0381.xml
train,NL-HaNA_1.01.02_3264_0569,dataset-dutch-rgb/republic7/train/NL-HaNA_1.01.02_3264_0569.jpg,page_image_9177421538a89b313027a5fcb2c73cf97c5bfabe55009e07b729ff9a5a1f43b4,7190093,JPEG,5141,3971,RGB,True,dataset-dutch-rgb/republic7/train/page/NL-HaNA_1.01.02_3264_0569.xml
train,NL-HaNA_1.01.02_3264_0622,dataset-dutch-rgb/republic7/train/NL-HaNA_1.01.02_3264_0622.jpg,page_image_704e225082834ae2a9af13ade32d8e334d80bca6d89ef14730e0c90d51cff1c7,7108407,JPEG,5158,4002,RGB,True,dataset-dutch-rgb/republic7/train/page/NL-HaNA_1.01.02_3264_0622.xml
train,NL-HaNA_1.01.02_3264_0783,dataset-dutch-rgb/republic7/train/NL-HaNA_1.01.02_3264_0783.jpg,page_image_a85207fde56a934b3ca880a7e3c55b2af3115c4008f66e6730aa45eb424a1621,7121795,JPEG,5182,3961,RGB,True,dataset-dutch-rgb/republic7/train/page/NL-HaNA_1.01.02_3264_0783.xml
train,NL-HaNA_1.01.02_3265_0171,dataset-dutch-rgb/republic7/train/NL-HaNA_1.01.02_3265_0171.jpg,page_image_2b7f826d44ce7a411eab0c65c4f3b45f5a9e5bbfb2d545ae963a8bf4d4df4eaa,6765285,JPEG,5089,4031,RGB,True,dataset-dutch-rgb/republic7/train/page/NL-HaNA_1.01.02_3265_0171.xml
train,NL-HaNA_1.01.02_3265_0346,dataset-dutch-rgb/republic7/train/NL-HaNA_1.01.02_3265_0346.jpg,page_image_f0072ee31e0ee2a763b071dd0360fddfc2d8befb95ed8bce7fa67e9116994d29,6344342,JPEG,5119,4049,RGB,True,dataset-dutch-rgb/republic7/train/page/NL-HaNA_1.01.02_3265_0346.xml
train,NL-HaNA_1.01.02_3265_0382,dataset-dutch-rgb/republic7/train/NL-HaNA_1.01.02_3265_0382.jpg,page_image_02758bc8d3b609275f25e806ad2eede21f08860f5d7513cfb69c21b5d930ff3c,7075155,JPEG,5124,4035,RGB,True,dataset-dutch-rgb/republic7/train/page/NL-HaNA_1.01.02_3265_0382.xml
train,NL-HaNA_1.01.02_3265_0661,dataset-dutch-rgb/republic7/train/NL-HaNA_1.01.02_3265_0661.jpg,page_image_3dc6357aa4a964dadcf9b3ed9e52a2b4d85baea2fb97a83ad6022797107e9e43,7095600,JPEG,5133,4019,RGB,True,dataset-dutch-rgb/republic7/train/page/NL-HaNA_1.01.02_3265_0661.xml
train,NL-HaNA_1.01.02_3265_0778,dataset-dutch-rgb/republic7/train/NL-HaNA_1.01.02_3265_0778.jpg,page_image_95b6ad945f98e5d5662697ebf88219fbd2a8d89eeacdb1525aac787f8aac7aa9,6964459,JPEG,5025,4000,RGB,True,dataset-dutch-rgb/republic7/train/page/NL-HaNA_1.01.02_3265_0778.xml
train,NL-HaNA_1.01.02_3265_0856,dataset-dutch-rgb/republic7/train/NL-HaNA_1.01.02_3265_0856.jpg,page_image_3d09520355ae8e3db9d70b3ed42b6220c7cfbf8ebb26c432ae173a6598613585,6585743,JPEG,5121,3971,RGB,True,dataset-dutch-rgb/republic7/train/page/NL-HaNA_1.01.02_3265_0856.xml
train,NL-HaNA_1.01.02_3266_0491,dataset-dutch-rgb/republic7/train/NL-HaNA_1.01.02_3266_0491.jpg,page_image_99c7532fcad4e54486728875182b900f7780d4ff3cda7b52c3fa59461261ec7f,6676926,JPEG,5148,4018,RGB,True,dataset-dutch-rgb/republic7/train/page/NL-HaNA_1.01.02_3266_0491.xml
train,NL-HaNA_1.01.02_3266_0707,dataset-dutch-rgb/republic7/train/NL-HaNA_1.01.02_3266_0707.jpg,page_image_1d4c37a0ff2bf2aeacd438727c669319004330fd5d78567d57ccab7f2f4781e8,6931547,JPEG,5121,4012,RGB,True,dataset-dutch-rgb/republic7/train/page/NL-HaNA_1.01.02_3266_0707.xml
train,NL-HaNA_1.01.02_3267_0034,dataset-dutch-rgb/republic7/train/NL-HaNA_1.01.02_3267_0034.jpg,page_image_72f99097503ad455f0706bbc0c8707e6fccc3780723829d76c83148bb829aa22,6361641,JPEG,5190,4053,RGB,True,dataset-dutch-rgb/republic7/train/page/NL-HaNA_1.01.02_3267_0034.xml
train,NL-HaNA_1.01.02_3267_0071,dataset-dutch-rgb/republic7/train/NL-HaNA_1.01.02_3267_0071.jpg,page_image_75d71487751f79904cebbd1634438c877b98576cda628708c6debbec588eb20e,6858641,JPEG,5141,3991,RGB,True,dataset-dutch-rgb/republic7/train/page/NL-HaNA_1.01.02_3267_0071.xml
train,NL-HaNA_1.01.02_3267_0353,dataset-dutch-rgb/republic7/train/NL-HaNA_1.01.02_3267_0353.jpg,page_image_9234e1e277184c0b10a48601ede366b3c12ee14324d2f6371e5f65902b1835ce,6622777,JPEG,5104,3994,RGB,True,dataset-dutch-rgb/republic7/train/page/NL-HaNA_1.01.02_3267_0353.xml
train,NL-HaNA_1.01.02_3267_0530,dataset-dutch-rgb/republic7/train/NL-HaNA_1.01.02_3267_0530.jpg,page_image_8d1b8ea6418974bd93562af97cba99bc7b6b79ec284b296caa841c95a3b0dbcf,6061847,JPEG,5083,4017,RGB,True,dataset-dutch-rgb/republic7/train/page/NL-HaNA_1.01.02_3267_0530.xml
train,NL-HaNA_1.01.02_3269_0104,dataset-dutch-rgb/republic7/train/NL-HaNA_1.01.02_3269_0104.jpg,page_image_90b7148b50cac5f9a80cd25e64aee7f49ec4330c1affeefe7168e97a2883f50d,6831787,JPEG,5165,3982,RGB,True,dataset-dutch-rgb/republic7/train/page/NL-HaNA_1.01.02_3269_0104.xml
train,NL-HaNA_1.01.02_3269_0106,dataset-dutch-rgb/republic7/train/NL-HaNA_1.01.02_3269_0106.jpg,page_image_b4a5b62259ba4ddc00024e41eed8013697acc6a2b8db5e3af41816c4355099ea,6804802,JPEG,5162,3962,RGB,True,dataset-dutch-rgb/republic7/train/page/NL-HaNA_1.01.02_3269_0106.xml
train,NL-HaNA_1.01.02_3269_0140,dataset-dutch-rgb/republic7/train/NL-HaNA_1.01.02_3269_0140.jpg,page_image_7be93dfe9a7c476011a67c52a3467292582b5c764414bc1521eba6135e48bbc6,7010930,JPEG,5121,3961,RGB,True,dataset-dutch-rgb/republic7/train/page/NL-HaNA_1.01.02_3269_0140.xml
train,NL-HaNA_1.01.02_3269_0141,dataset-dutch-rgb/republic7/train/NL-HaNA_1.01.02_3269_0141.jpg,page_image_c9e3b226b1b47b521d31da34981d41d3d0a6dd1c07ebd0ac7e82a546ea170884,6885528,JPEG,5132,3962,RGB,True,dataset-dutch-rgb/republic7/train/page/NL-HaNA_1.01.02_3269_0141.xml
train,NL-HaNA_1.01.02_3269_0178,dataset-dutch-rgb/republic7/train/NL-HaNA_1.01.02_3269_0178.jpg,page_image_2c3128060947c6ebee08937a2c90ccabc8b0f266b9fd40aae91c665901d5fc4c,6661755,JPEG,5012,4016,RGB,True,dataset-dutch-rgb/republic7/train/page/NL-HaNA_1.01.02_3269_0178.xml
train,NL-HaNA_1.01.02_3269_0191,dataset-dutch-rgb/republic7/train/NL-HaNA_1.01.02_3269_0191.jpg,page_image_3549025655d48b35c6cb974580e7956ef322888d74994430b4f2aedb201e0b85,7246227,JPEG,5042,3992,RGB,True,dataset-dutch-rgb/republic7/train/page/NL-HaNA_1.01.02_3269_0191.xml
train,NL-HaNA_1.01.02_3269_0440,dataset-dutch-rgb/republic7/train/NL-HaNA_1.01.02_3269_0440.jpg,page_image_9fa5abf20bf6e4a7e559e4e98e64cb3f6f3ed44c1f481334db121b4d974c4177,6820601,JPEG,5057,4033,RGB,True,dataset-dutch-rgb/republic7/train/page/NL-HaNA_1.01.02_3269_0440.xml
train,NL-HaNA_1.01.02_3269_0578,dataset-dutch-rgb/republic7/train/NL-HaNA_1.01.02_3269_0578.jpg,page_image_b1ae481d03c4eb8b17637466a3a9a31f5484ad3477bc99a078c863d5727293bd,6665062,JPEG,5020,4049,RGB,True,dataset-dutch-rgb/republic7/train/page/NL-HaNA_1.01.02_3269_0578.xml
train,NL-HaNA_1.01.02_3269_0583,dataset-dutch-rgb/republic7/train/NL-HaNA_1.01.02_3269_0583.jpg,page_image_17662816a0567fd2994c169a76377d177b13143e43131a7de02a347d7c9c7476,6587693,JPEG,5123,4052,RGB,True,dataset-dutch-rgb/republic7/train/page/NL-HaNA_1.01.02_3269_0583.xml
train,NL-HaNA_1.01.02_3269_0776,dataset-dutch-rgb/republic7/train/NL-HaNA_1.01.02_3269_0776.jpg,page_image_78745cab05735883a399c0284932bc19ec269fdd6e80f13553fd0d897c1e6819,6497042,JPEG,5113,4071,RGB,True,dataset-dutch-rgb/republic7/train/page/NL-HaNA_1.01.02_3269_0776.xml
train,NL-HaNA_1.01.02_3269_0797,dataset-dutch-rgb/republic7/train/NL-HaNA_1.01.02_3269_0797.jpg,page_image_c89a5849a796d6fe63e0352c64ce533beba9434a56952bdb4b3204dc0cd78422,6630994,JPEG,5081,4046,RGB,True,dataset-dutch-rgb/republic7/train/page/NL-HaNA_1.01.02_3269_0797.xml
train,NL-HaNA_1.01.02_3271_0030,dataset-dutch-rgb/republic7/train/NL-HaNA_1.01.02_3271_0030.jpg,page_image_3d7c0cb7b8ac6730d40707bf2bc7096e413360fd23313b2e2409474f3bbfac6f,6741033,JPEG,5166,4030,RGB,True,dataset-dutch-rgb/republic7/train/page/NL-HaNA_1.01.02_3271_0030.xml
train,NL-HaNA_1.01.02_3271_0293,dataset-dutch-rgb/republic7/train/NL-HaNA_1.01.02_3271_0293.jpg,page_image_08709be5ccada0ecb08ca32ceeb1832eeceb05ca76c8574f4ccd09367992f320,7194374,JPEG,5088,4045,RGB,True,dataset-dutch-rgb/republic7/train/page/NL-HaNA_1.01.02_3271_0293.xml
train,NL-HaNA_1.01.02_3271_0700,dataset-dutch-rgb/republic7/train/NL-HaNA_1.01.02_3271_0700.jpg,page_image_1a0fffa6c3db9bdf72b8929e82e3f2d06ab91cc879bef9f93d371d026c52092c,7576708,JPEG,5222,4056,RGB,True,dataset-dutch-rgb/republic7/train/page/NL-HaNA_1.01.02_3271_0700.xml
train,NL-HaNA_1.01.02_3272_0158,dataset-dutch-rgb/republic7/train/NL-HaNA_1.01.02_3272_0158.jpg,page_image_6b99a0c625f810391d57cce889cfe5bc0ea0a1e9b41756d5d43f866562dd6314,7309089,JPEG,5241,3991,RGB,True,dataset-dutch-rgb/republic7/train/page/NL-HaNA_1.01.02_3272_0158.xml
train,NL-HaNA_1.01.02_3272_0300,dataset-dutch-rgb/republic7/train/NL-HaNA_1.01.02_3272_0300.jpg,page_image_8ff04fd62522a4039344033f75388b74192c3388622d46f6e91b6cc96d607785,7404884,JPEG,5255,4087,RGB,True,dataset-dutch-rgb/republic7/train/page/NL-HaNA_1.01.02_3272_0300.xml
train,NL-HaNA_1.01.02_3272_0382,dataset-dutch-rgb/republic7/train/NL-HaNA_1.01.02_3272_0382.jpg,page_image_87b49db5dc40f7603df36239e2a6c72bbad7e1ad4a4e32295d4f17f4bb6892fa,7038989,JPEG,5221,4041,RGB,True,dataset-dutch-rgb/republic7/train/page/NL-HaNA_1.01.02_3272_0382.xml
train,NL-HaNA_1.01.02_3272_0797,dataset-dutch-rgb/republic7/train/NL-HaNA_1.01.02_3272_0797.jpg,page_image_917835244002849df9e68e91897ebd20e16dcb43afa7ee97fa64ba3b1246f604,7493103,JPEG,5161,4054,RGB,True,dataset-dutch-rgb/republic7/train/page/NL-HaNA_1.01.02_3272_0797.xml
train,NL-HaNA_1.01.02_3273_0038,dataset-dutch-rgb/republic7/train/NL-HaNA_1.01.02_3273_0038.jpg,page_image_49653d9252cf1f04d291209932885b3e8d3ca70f4bee4f4f1b5ebf0021f63a3b,6141177,JPEG,5073,3960,RGB,True,dataset-dutch-rgb/republic7/train/page/NL-HaNA_1.01.02_3273_0038.xml
train,NL-HaNA_1.01.02_3274_0018,dataset-dutch-rgb/republic7/train/NL-HaNA_1.01.02_3274_0018.jpg,page_image_2557da4a9d4295fa25365b9c5264aed7a059ed223f0ff941218ec6df6eb99dc2,5538148,JPEG,5121,4012,RGB,True,dataset-dutch-rgb/republic7/train/page/NL-HaNA_1.01.02_3274_0018.xml
train,NL-HaNA_1.01.02_3274_0193,dataset-dutch-rgb/republic7/train/NL-HaNA_1.01.02_3274_0193.jpg,page_image_a789c879b32f8ff669ff1efed4231747039ce5cc8abb03aee3e1dc23333df592,7556461,JPEG,5101,3981,RGB,True,dataset-dutch-rgb/republic7/train/page/NL-HaNA_1.01.02_3274_0193.xml
train,NL-HaNA_1.01.02_3274_0392,dataset-dutch-rgb/republic7/train/NL-HaNA_1.01.02_3274_0392.jpg,page_image_56de4e1d64632e8970dd0eed82c4585f5fa9b8f15b6c641473ffc0ff475a0b6c,7549739,JPEG,5135,4007,RGB,True,dataset-dutch-rgb/republic7/train/page/NL-HaNA_1.01.02_3274_0392.xml
train,NL-HaNA_1.01.02_3274_0535,dataset-dutch-rgb/republic7/train/NL-HaNA_1.01.02_3274_0535.jpg,page_image_b88ccaa4a90b41ca2dd1be0f99863049c5b1c6dd7a56419d61e1c5161cda1c24,8157116,JPEG,5211,4051,RGB,True,dataset-dutch-rgb/republic7/train/page/NL-HaNA_1.01.02_3274_0535.xml
train,NL-HaNA_1.01.02_3275_0019,dataset-dutch-rgb/republic7/train/NL-HaNA_1.01.02_3275_0019.jpg,page_image_7df72a479e20aa71d5c9a2bf20d1b2d70efc7663c32b761fb8416c09ca392f5b,5860743,JPEG,5371,4087,RGB,True,dataset-dutch-rgb/republic7/train/page/NL-HaNA_1.01.02_3275_0019.xml
train,NL-HaNA_1.01.02_3275_0130,dataset-dutch-rgb/republic7/train/NL-HaNA_1.01.02_3275_0130.jpg,page_image_ea6c986646ce06eab4d76590ab50ee923b75e147a2c00055af612d0c50c53501,7971862,JPEG,5102,4070,RGB,True,dataset-dutch-rgb/republic7/train/page/NL-HaNA_1.01.02_3275_0130.xml
train,NL-HaNA_1.01.02_3275_0263,dataset-dutch-rgb/republic7/train/NL-HaNA_1.01.02_3275_0263.jpg,page_image_34a75a0d5b05827092aa3cd5f2a7f1df3e186f9d00842897cd45956f9e55ea92,8062180,JPEG,5086,4020,RGB,True,dataset-dutch-rgb/republic7/train/page/NL-HaNA_1.01.02_3275_0263.xml
train,NL-HaNA_1.01.02_3275_0267,dataset-dutch-rgb/republic7/train/NL-HaNA_1.01.02_3275_0267.jpg,page_image_2eb8e885276f7133e5a56c13c1b8fbaa1d7eb3da2512997c53dbb6480651a4db,7763550,JPEG,5061,3991,RGB,True,dataset-dutch-rgb/republic7/train/page/NL-HaNA_1.01.02_3275_0267.xml
train,NL-HaNA_1.01.02_3275_0483,dataset-dutch-rgb/republic7/train/NL-HaNA_1.01.02_3275_0483.jpg,page_image_bfc6671bb8cb7accdd8a56e6f76ed49920212982af0bdf1cc1c924a91e42fd6d,8212406,JPEG,5165,3999,RGB,True,dataset-dutch-rgb/republic7/train/page/NL-HaNA_1.01.02_3275_0483.xml
train,NL-HaNA_1.01.02_3275_0584,dataset-dutch-rgb/republic7/train/NL-HaNA_1.01.02_3275_0584.jpg,page_image_f333b1f7755d6eaa072e917c09f0ea542750a4e6e636f8a5615c226230ad348c,7364951,JPEG,5141,3951,RGB,True,dataset-dutch-rgb/republic7/train/page/NL-HaNA_1.01.02_3275_0584.xml
train,NL-HaNA_1.01.02_3275_0643,dataset-dutch-rgb/republic7/train/NL-HaNA_1.01.02_3275_0643.jpg,page_image_52f2c9b2fa978e2539b707cac67ac171d6fdd7257d2282d5c3d15e3b6a88995e,6722686,JPEG,5151,3931,RGB,True,dataset-dutch-rgb/republic7/train/page/NL-HaNA_1.01.02_3275_0643.xml
train,NL-HaNA_1.01.02_3276_0490,dataset-dutch-rgb/republic7/train/NL-HaNA_1.01.02_3276_0490.jpg,page_image_6e22f32bc7d54fac038dfa3a6d90fc13c7cd28c77170ee2ebf90e9194e6c79fa,7072467,JPEG,5192,4011,RGB,True,dataset-dutch-rgb/republic7/train/page/NL-HaNA_1.01.02_3276_0490.xml
train,NL-HaNA_1.01.02_3276_0546,dataset-dutch-rgb/republic7/train/NL-HaNA_1.01.02_3276_0546.jpg,page_image_94160c5b1d1bde0959ebc5cf844e02c4e4bda731a413de90450ee622062b1699,6889717,JPEG,5151,4021,RGB,True,dataset-dutch-rgb/republic7/train/page/NL-HaNA_1.01.02_3276_0546.xml
train,NL-HaNA_1.01.02_3277_0445,dataset-dutch-rgb/republic7/train/NL-HaNA_1.01.02_3277_0445.jpg,page_image_551fcbcab91c99f6f50444f2dce7a8ecb951f07a33957d9477a0f9d57760aad9,7065708,JPEG,5241,4019,RGB,True,dataset-dutch-rgb/republic7/train/page/NL-HaNA_1.01.02_3277_0445.xml
train,NL-HaNA_1.01.02_3277_0491,dataset-dutch-rgb/republic7/train/NL-HaNA_1.01.02_3277_0491.jpg,page_image_973f10462af5e0d4cdaf3be9f1eda441857bb559fb5d4fd2320ba4d2097cd966,7086240,JPEG,5112,4009,RGB,True,dataset-dutch-rgb/republic7/train/page/NL-HaNA_1.01.02_3277_0491.xml
train,NL-HaNA_1.01.02_3278_0015,dataset-dutch-rgb/republic7/train/NL-HaNA_1.01.02_3278_0015.jpg,page_image_c23b679ba02c2d4936a2b12d13da1b4fdc4719ae17176e9773e8c6dbe843c533,5329476,JPEG,5101,3971,RGB,True,dataset-dutch-rgb/republic7/train/page/NL-HaNA_1.01.02_3278_0015.xml
train,NL-HaNA_1.01.02_3278_0230,dataset-dutch-rgb/republic7/train/NL-HaNA_1.01.02_3278_0230.jpg,page_image_81bdaac888e533a8619f766c5044893ff1c07b440a6f8e241c3ae0c614edc45c,6260377,JPEG,5082,4016,RGB,True,dataset-dutch-rgb/republic7/train/page/NL-HaNA_1.01.02_3278_0230.xml
train,NL-HaNA_1.01.02_3278_0272,dataset-dutch-rgb/republic7/train/NL-HaNA_1.01.02_3278_0272.jpg,page_image_b3fa0bf0e111965e3a3a466ccfb2da25793ddc3a56b5bfae0a22bf732297af8f,6322460,JPEG,5072,4000,RGB,True,dataset-dutch-rgb/republic7/train/page/NL-HaNA_1.01.02_3278_0272.xml
train,NL-HaNA_1.01.02_3280_0059,dataset-dutch-rgb/republic7/train/NL-HaNA_1.01.02_3280_0059.jpg,page_image_306097425a861878824f12dadd4f4e044b62475ab625a1d04898d62dba6c16c5,5877078,JPEG,5208,4058,RGB,True,dataset-dutch-rgb/republic7/train/page/NL-HaNA_1.01.02_3280_0059.xml
train,NL-HaNA_1.01.02_3280_0391,dataset-dutch-rgb/republic7/train/NL-HaNA_1.01.02_3280_0391.jpg,page_image_249f57ad91ef62c7b4a2303890f7b8a354c1284a15f6f7639effb072522de655,6253730,JPEG,4990,4012,RGB,True,dataset-dutch-rgb/republic7/train/page/NL-HaNA_1.01.02_3280_0391.xml
train,NL-HaNA_1.01.02_3280_0411,dataset-dutch-rgb/republic7/train/NL-HaNA_1.01.02_3280_0411.jpg,page_image_4ebb982b17ac0370ee90bd9b1c749d99fcef4b99901921dee9c8dae7a70a27ba,6293362,JPEG,4901,3981,RGB,True,dataset-dutch-rgb/republic7/train/page/NL-HaNA_1.01.02_3280_0411.xml
train,NL-HaNA_1.01.02_3281_0091,dataset-dutch-rgb/republic7/train/NL-HaNA_1.01.02_3281_0091.jpg,page_image_ea9c109402333072f1263270cda199581474c2a23a466aab40d526ac4539e6ff,6060261,JPEG,5142,4112,RGB,True,dataset-dutch-rgb/republic7/train/page/NL-HaNA_1.01.02_3281_0091.xml
train,NL-HaNA_1.01.02_3281_0247,dataset-dutch-rgb/republic7/train/NL-HaNA_1.01.02_3281_0247.jpg,page_image_0cdb45e18810449f45da5224f6369051ea2d4ad5cfbfbf284990df01212454e6,6548260,JPEG,5081,3981,RGB,True,dataset-dutch-rgb/republic7/train/page/NL-HaNA_1.01.02_3281_0247.xml
train,NL-HaNA_1.01.02_3281_0374,dataset-dutch-rgb/republic7/train/NL-HaNA_1.01.02_3281_0374.jpg,page_image_f3ffb404676d5f0b1ea17c5dede96feb55854cf72bc2e614e7b323ab330cabec,5926746,JPEG,5139,4029,RGB,True,dataset-dutch-rgb/republic7/train/page/NL-HaNA_1.01.02_3281_0374.xml
train,NL-HaNA_1.01.02_3281_0387,dataset-dutch-rgb/republic7/train/NL-HaNA_1.01.02_3281_0387.jpg,page_image_f3f9682c565b9d91def80800ab07bc9af9fa67d70dd591b287755f570708147f,5770986,JPEG,5165,4014,RGB,True,dataset-dutch-rgb/republic7/train/page/NL-HaNA_1.01.02_3281_0387.xml
train,NL-HaNA_1.01.02_3282_0544,dataset-dutch-rgb/republic7/train/NL-HaNA_1.01.02_3282_0544.jpg,page_image_810aa59998d156ae9636d31c4dcd347d32ebcca3bd56d4ac8ee4d875bb90c898,6367807,JPEG,5041,4021,RGB,True,dataset-dutch-rgb/republic7/train/page/NL-HaNA_1.01.02_3282_0544.xml
train,NL-HaNA_1.01.02_3282_0572,dataset-dutch-rgb/republic7/train/NL-HaNA_1.01.02_3282_0572.jpg,page_image_52ff69d1bc1169631b3b4cea37bf96b69b804b3f2a7fe7f794c0b230731da031,6533793,JPEG,5151,4071,RGB,True,dataset-dutch-rgb/republic7/train/page/NL-HaNA_1.01.02_3282_0572.xml
train,NL-HaNA_1.01.02_3283_0102,dataset-dutch-rgb/republic7/train/NL-HaNA_1.01.02_3283_0102.jpg,page_image_47aea2f64c2b0e722d9cd6b9eec3ec52c577e46196d60601863db5a323ab5175,6315425,JPEG,5061,4001,RGB,True,dataset-dutch-rgb/republic7/train/page/NL-HaNA_1.01.02_3283_0102.xml
train,NL-HaNA_1.01.02_3283_0500,dataset-dutch-rgb/republic7/train/NL-HaNA_1.01.02_3283_0500.jpg,page_image_edfb55e9022f1be0d019750a47f38b4491053798c80acd301a3a47cfa9fcf48f,6317698,JPEG,5012,3952,RGB,True,dataset-dutch-rgb/republic7/train/page/NL-HaNA_1.01.02_3283_0500.xml
train,NL-HaNA_1.01.02_3284_0097,dataset-dutch-rgb/republic7/train/NL-HaNA_1.01.02_3284_0097.jpg,page_image_b1219bea7ca46e16f49d6c57f400fb6738975fbdcbc88d8d1d8703d47e3bda86,7104484,JPEG,5172,3982,RGB,True,dataset-dutch-rgb/republic7/train/page/NL-HaNA_1.01.02_3284_0097.xml
train,NL-HaNA_1.01.02_3284_0157,dataset-dutch-rgb/republic7/train/NL-HaNA_1.01.02_3284_0157.jpg,page_image_38dd72c65b52a7ebdae7cd4738266471879e3d0b2967ec1d62501c826bed4cab,7588104,JPEG,5294,4086,RGB,True,dataset-dutch-rgb/republic7/train/page/NL-HaNA_1.01.02_3284_0157.xml
train,NL-HaNA_1.01.02_3284_0467,dataset-dutch-rgb/republic7/train/NL-HaNA_1.01.02_3284_0467.jpg,page_image_828ff937a042dac62cdeb0dfc1bb794b101b4b8eaaa929c06a8fb1baae2bdce7,7076151,JPEG,5162,4052,RGB,True,dataset-dutch-rgb/republic7/train/page/NL-HaNA_1.01.02_3284_0467.xml
train,NL-HaNA_1.01.02_3285_0195,dataset-dutch-rgb/republic7/train/NL-HaNA_1.01.02_3285_0195.jpg,page_image_e23c22daa3b49488856416fe697c2e4c4953da7bfd6a86b0bba64bde7e6755e2,6704539,JPEG,5142,3991,RGB,True,dataset-dutch-rgb/republic7/train/page/NL-HaNA_1.01.02_3285_0195.xml
train,NL-HaNA_1.01.02_3285_0402,dataset-dutch-rgb/republic7/train/NL-HaNA_1.01.02_3285_0402.jpg,page_image_d5d0182ab587014e044ee837b9c4a57b0f98392050301bea693213a4ca4ee511,6684837,JPEG,5115,4017,RGB,True,dataset-dutch-rgb/republic7/train/page/NL-HaNA_1.01.02_3285_0402.xml
train,NL-HaNA_1.01.02_3286_0208,dataset-dutch-rgb/republic7/train/NL-HaNA_1.01.02_3286_0208.jpg,page_image_fce555313106f371bf7d928b37e4d8ab60d386ffdc86dad7f52ef3f38fd3bc90,6050867,JPEG,5142,4052,RGB,True,dataset-dutch-rgb/republic7/train/page/NL-HaNA_1.01.02_3286_0208.xml
train,NL-HaNA_1.01.02_3286_0399,dataset-dutch-rgb/republic7/train/NL-HaNA_1.01.02_3286_0399.jpg,page_image_abfbe0586abf7888e1b3188a1fc68f8ccd2f80e92308e079900080d6f31f23ab,6731479,JPEG,5081,4001,RGB,True,dataset-dutch-rgb/republic7/train/page/NL-HaNA_1.01.02_3286_0399.xml
train,NL-HaNA_1.01.02_3286_0426,dataset-dutch-rgb/republic7/train/NL-HaNA_1.01.02_3286_0426.jpg,page_image_0d03819445d5255e8a31d39074c86b54b1340ecbc8138769d12ea23c53c285e9,6126639,JPEG,5081,4001,RGB,True,dataset-dutch-rgb/republic7/train/page/NL-HaNA_1.01.02_3286_0426.xml
train,NL-HaNA_1.01.02_3287_0034,dataset-dutch-rgb/republic7/train/NL-HaNA_1.01.02_3287_0034.jpg,page_image_37690da3e314e8a1d912302b88700a8cc67eca37f5af97c6839f56d65452b81e,6530381,JPEG,5203,4027,RGB,True,dataset-dutch-rgb/republic7/train/page/NL-HaNA_1.01.02_3287_0034.xml
train,NL-HaNA_1.01.02_3287_0249,dataset-dutch-rgb/republic7/train/NL-HaNA_1.01.02_3287_0249.jpg,page_image_a1edc2a5aa6b451b2297063cd076d8379c91f9131166223dba1bc83e36ca1820,6875398,JPEG,5182,3962,RGB,True,dataset-dutch-rgb/republic7/train/page/NL-HaNA_1.01.02_3287_0249.xml
train,NL-HaNA_1.01.02_3287_0510,dataset-dutch-rgb/republic7/train/NL-HaNA_1.01.02_3287_0510.jpg,page_image_a91d33f77143b7955d838ea9db4f8b7ddc0eb691ee57ce047db1e44d067fd6b5,6447030,JPEG,5181,4038,RGB,True,dataset-dutch-rgb/republic7/train/page/NL-HaNA_1.01.02_3287_0510.xml
train,NL-HaNA_1.01.02_3287_0519,dataset-dutch-rgb/republic7/train/NL-HaNA_1.01.02_3287_0519.jpg,page_image_0601b90b24fb7f25f07ec0b469a91bd21df8b13fdd833903b4eb901ce43c4f10,6715053,JPEG,5186,4049,RGB,True,dataset-dutch-rgb/republic7/train/page/NL-HaNA_1.01.02_3287_0519.xml
train,NL-HaNA_1.01.02_3288_0084,dataset-dutch-rgb/republic7/train/NL-HaNA_1.01.02_3288_0084.jpg,page_image_83743636ed08b7f78d05b7b363397e6897fead747914aaa04538436d4911f2fa,7138961,JPEG,5151,4021,RGB,True,dataset-dutch-rgb/republic7/train/page/NL-HaNA_1.01.02_3288_0084.xml
train,NL-HaNA_1.01.02_3288_0093,dataset-dutch-rgb/republic7/train/NL-HaNA_1.01.02_3288_0093.jpg,page_image_7342adb4b0484af9cee0bcc5c496424058de6b9290267abca4847a74795fa950,7105289,JPEG,5102,4011,RGB,True,dataset-dutch-rgb/republic7/train/page/NL-HaNA_1.01.02_3288_0093.xml
train,NL-HaNA_1.01.02_3288_0097,dataset-dutch-rgb/republic7/train/NL-HaNA_1.01.02_3288_0097.jpg,page_image_c3d8a5226b05fade42a2ecf527b6501c141d8c9d917e49a4d0adc1b84c59c02e,7178312,JPEG,5112,4011,RGB,True,dataset-dutch-rgb/republic7/train/page/NL-HaNA_1.01.02_3288_0097.xml
train,NL-HaNA_1.01.02_3288_0307,dataset-dutch-rgb/republic7/train/NL-HaNA_1.01.02_3288_0307.jpg,page_image_0dec4f9fd88e25a5c85c9a3a83585d1b81621e8966d3c81ac89ceedbe6325af2,7546901,JPEG,5252,4052,RGB,True,dataset-dutch-rgb/republic7/train/page/NL-HaNA_1.01.02_3288_0307.xml
train,NL-HaNA_1.01.02_3288_0472,dataset-dutch-rgb/republic7/train/NL-HaNA_1.01.02_3288_0472.jpg,page_image_26aa2f5396e27650498870822f8d707e59bcecf21cd878b49e109edb22469b20,7264285,JPEG,5246,4060,RGB,True,dataset-dutch-rgb/republic7/train/page/NL-HaNA_1.01.02_3288_0472.xml
train,NL-HaNA_1.01.02_3289_0038,dataset-dutch-rgb/republic7/train/NL-HaNA_1.01.02_3289_0038.jpg,page_image_634814a2aadc956c9dd0e837f6e3cf36fff5d0975644f4fb2c0461b8a4dbbf10,5612662,JPEG,5166,4035,RGB,True,dataset-dutch-rgb/republic7/train/page/NL-HaNA_1.01.02_3289_0038.xml
train,NL-HaNA_1.01.02_3289_0484,dataset-dutch-rgb/republic7/train/NL-HaNA_1.01.02_3289_0484.jpg,page_image_556d88148bb6c34e9f034e54c284d20be46940f033b32283c15a5307bca5a818,7545161,JPEG,5201,4008,RGB,True,dataset-dutch-rgb/republic7/train/page/NL-HaNA_1.01.02_3289_0484.xml
train,NL-HaNA_1.01.02_3289_0798,dataset-dutch-rgb/republic7/train/NL-HaNA_1.01.02_3289_0798.jpg,page_image_8a3cf815f2e072acd85210a3b98ab152a41b52ca36898beaaed31010f3ff9936,6840734,JPEG,5191,4021,RGB,True,dataset-dutch-rgb/republic7/train/page/NL-HaNA_1.01.02_3289_0798.xml
train,NL-HaNA_1.01.02_3290_0047,dataset-dutch-rgb/republic7/train/NL-HaNA_1.01.02_3290_0047.jpg,page_image_2178ea25f463836cfd0781f0995f681ca09398e6cec70d29da3f48473d24b62a,6038897,JPEG,5185,3999,RGB,True,dataset-dutch-rgb/republic7/train/page/NL-HaNA_1.01.02_3290_0047.xml
train,NL-HaNA_1.01.02_3290_0454,dataset-dutch-rgb/republic7/train/NL-HaNA_1.01.02_3290_0454.jpg,page_image_bb0c36fccc88872894b57b6c989488b983e3348d2dace030845b9cb1ca338d01,7127559,JPEG,5266,4059,RGB,True,dataset-dutch-rgb/republic7/train/page/NL-HaNA_1.01.02_3290_0454.xml
train,NL-HaNA_1.01.02_3291_0152,dataset-dutch-rgb/republic7/train/NL-HaNA_1.01.02_3291_0152.jpg,page_image_43b090f0fdd540bb4445644fd75ac5ff77ba32c42756fa08b8d971f4d52c348d,7000948,JPEG,5152,4011,RGB,True,dataset-dutch-rgb/republic7/train/page/NL-HaNA_1.01.02_3291_0152.xml
train,NL-HaNA_1.01.02_3291_0642,dataset-dutch-rgb/republic7/train/NL-HaNA_1.01.02_3291_0642.jpg,page_image_df869184871fb1668d9f45721a1b0c06ee5c5b54f37d86ed303810e25a9c5146,6852171,JPEG,5142,4012,RGB,True,dataset-dutch-rgb/republic7/train/page/NL-HaNA_1.01.02_3291_0642.xml
train,NL-HaNA_1.01.02_3292_0305,dataset-dutch-rgb/republic7/train/NL-HaNA_1.01.02_3292_0305.jpg,page_image_01da246fcedf5f22a0204f117a18e3ce7a22918c63422e6d54ed3c9a1d02efde,5954882,JPEG,5043,4009,RGB,True,dataset-dutch-rgb/republic7/train/page/NL-HaNA_1.01.02_3292_0305.xml
train,NL-HaNA_1.01.02_3292_0344,dataset-dutch-rgb/republic7/train/NL-HaNA_1.01.02_3292_0344.jpg,page_image_b7a4f06739d7d5e1aa8b5981628d4f1fcc68905d6b490e86ee148eaa9c52895f,5751357,JPEG,4942,3997,RGB,True,dataset-dutch-rgb/republic7/train/page/NL-HaNA_1.01.02_3292_0344.xml
train,NL-HaNA_1.01.02_3293_0036,dataset-dutch-rgb/republic7/train/NL-HaNA_1.01.02_3293_0036.jpg,page_image_4a637a06503f8a0fd35e53bb79bfde3eaaddae3824b283f96f79e7a8b319bf12,4453928,JPEG,5098,4037,RGB,True,dataset-dutch-rgb/republic7/train/page/NL-HaNA_1.01.02_3293_0036.xml
train,NL-HaNA_1.01.02_3293_0286,dataset-dutch-rgb/republic7/train/NL-HaNA_1.01.02_3293_0286.jpg,page_image_d71fee106514aec532c7fedba0b6e31792123fcc8a3eefd020a87ee065924e98,5894869,JPEG,4851,3961,RGB,True,dataset-dutch-rgb/republic7/train/page/NL-HaNA_1.01.02_3293_0286.xml
train,NL-HaNA_1.01.02_3295_0014,dataset-dutch-rgb/republic7/train/NL-HaNA_1.01.02_3295_0014.jpg,page_image_1afc43bc821743b5d4382ac259230bdd307a7034811df3274e96c8a8f2d2dbdb,4854508,JPEG,5248,4018,RGB,True,dataset-dutch-rgb/republic7/train/page/NL-HaNA_1.01.02_3295_0014.xml
train,NL-HaNA_1.01.02_3295_0544,dataset-dutch-rgb/republic7/train/NL-HaNA_1.01.02_3295_0544.jpg,page_image_fc4c36a164a7f39d16dca3a7dc23fe01a820763f8da667284984663d2ae45a4a,5917133,JPEG,5005,3983,RGB,True,dataset-dutch-rgb/republic7/train/page/NL-HaNA_1.01.02_3295_0544.xml
train,NL-HaNA_1.01.02_3295_0578,dataset-dutch-rgb/republic7/train/NL-HaNA_1.01.02_3295_0578.jpg,page_image_738b3a57a88d404bd0cc3af826b14a35997ac31b015a4a65ebd022aacac4d5e8,5804889,JPEG,5076,4026,RGB,True,dataset-dutch-rgb/republic7/train/page/NL-HaNA_1.01.02_3295_0578.xml
train,NL-HaNA_1.01.02_3297_0460,dataset-dutch-rgb/republic7/train/NL-HaNA_1.01.02_3297_0460.jpg,page_image_c7134ce5078af7784949ea0b4aa2d02098c2beffeb8ab8baf2e861c07f206131,5749461,JPEG,4977,4003,RGB,True,dataset-dutch-rgb/republic7/train/page/NL-HaNA_1.01.02_3297_0460.xml
train,NL-HaNA_1.01.02_3297_0538,dataset-dutch-rgb/republic7/train/NL-HaNA_1.01.02_3297_0538.jpg,page_image_3fe560838b68d84562802c79c56d5b7cc6cfbf1e2cc40ea2d02d637f66243d48,5682305,JPEG,4982,3991,RGB,True,dataset-dutch-rgb/republic7/train/page/NL-HaNA_1.01.02_3297_0538.xml
train,NL-HaNA_1.01.02_3298_0372,dataset-dutch-rgb/republic7/train/NL-HaNA_1.01.02_3298_0372.jpg,page_image_e2b732d3da65cd852ff7572b20f68e472ed77dcd33143b0a11c2d5f4c29da8a4,5537400,JPEG,4950,4021,RGB,True,dataset-dutch-rgb/republic7/train/page/NL-HaNA_1.01.02_3298_0372.xml
train,NL-HaNA_1.01.02_3299_0362,dataset-dutch-rgb/republic7/train/NL-HaNA_1.01.02_3299_0362.jpg,page_image_d34195ddf144b051353b5bb3c6aef11d6eb3ae351f2fab05ccabf276f3cdc0a3,5442565,JPEG,4951,3951,RGB,True,dataset-dutch-rgb/republic7/train/page/NL-HaNA_1.01.02_3299_0362.xml
train,NL-HaNA_1.01.02_3300_0158,dataset-dutch-rgb/republic7/train/NL-HaNA_1.01.02_3300_0158.jpg,page_image_15d01af8e6fea121150953fd5fad99026d1abd73acd352196ef66facf84e5ccf,6127621,JPEG,5135,4009,RGB,True,dataset-dutch-rgb/republic7/train/page/NL-HaNA_1.01.02_3300_0158.xml
train,NL-HaNA_1.01.02_3300_0215,dataset-dutch-rgb/republic7/train/NL-HaNA_1.01.02_3300_0215.jpg,page_image_361814ce4485d3aa19454ea547a7582f22899a11584650e45ac0bda37e40a119,5824890,JPEG,5109,3990,RGB,True,dataset-dutch-rgb/republic7/train/page/NL-HaNA_1.01.02_3300_0215.xml
train,NL-HaNA_1.01.02_3300_0308,dataset-dutch-rgb/republic7/train/NL-HaNA_1.01.02_3300_0308.jpg,page_image_4746bfb6381a29b53d6b25695028b6e0ab2b7e654df828fb55fb52186abcfdf8,5698356,JPEG,5147,3993,RGB,True,dataset-dutch-rgb/republic7/train/page/NL-HaNA_1.01.02_3300_0308.xml
train,NL-HaNA_1.01.02_3301_0179,dataset-dutch-rgb/republic7/train/NL-HaNA_1.01.02_3301_0179.jpg,page_image_a5553fdba8f0e210006eed24867acbcb9627fe6b2c8db73d298aa83e969e49e8,5336276,JPEG,5159,4109,RGB,True,dataset-dutch-rgb/republic7/train/page/NL-HaNA_1.01.02_3301_0179.xml
train,NL-HaNA_1.01.02_3302_0025,dataset-dutch-rgb/republic7/train/NL-HaNA_1.01.02_3302_0025.jpg,page_image_7e68d9537fc650e0d8670728a79e2d6c9c0430211015cf8b4e2def7ba253c224,4965414,JPEG,5111,4001,RGB,True,dataset-dutch-rgb/republic7/train/page/NL-HaNA_1.01.02_3302_0025.xml
train,NL-HaNA_1.01.02_3302_0133,dataset-dutch-rgb/republic7/train/NL-HaNA_1.01.02_3302_0133.jpg,page_image_dec2508b6bc9750aa42d515d595d4c64045c80d090fe0596367683b743a40b6f,5779092,JPEG,5024,4018,RGB,True,dataset-dutch-rgb/republic7/train/page/NL-HaNA_1.01.02_3302_0133.xml
train,NL-HaNA_1.01.02_3303_0017,dataset-dutch-rgb/republic7/train/NL-HaNA_1.01.02_3303_0017.jpg,page_image_d5cd3bcbfb79962963f33d6e4f39e6005ed8b893b597d0b8d2b7037a53b8ff5b,5039540,JPEG,5118,4042,RGB,True,dataset-dutch-rgb/republic7/train/page/NL-HaNA_1.01.02_3303_0017.xml
train,NL-HaNA_1.01.02_3303_0070,dataset-dutch-rgb/republic7/train/NL-HaNA_1.01.02_3303_0070.jpg,page_image_3f5777fd6f000584f61ea074de921bfe6680c533fe6f5fce19e288562cf9f55a,5882549,JPEG,5076,4006,RGB,True,dataset-dutch-rgb/republic7/train/page/NL-HaNA_1.01.02_3303_0070.xml
train,NL-HaNA_1.01.02_3303_0272,dataset-dutch-rgb/republic7/train/NL-HaNA_1.01.02_3303_0272.jpg,page_image_2121bf331f78830e7fa0948ba83bad49a9e70486237c8b62f7578144820f095c,5719832,JPEG,5051,4045,RGB,True,dataset-dutch-rgb/republic7/train/page/NL-HaNA_1.01.02_3303_0272.xml
train,NL-HaNA_1.01.02_3303_0517,dataset-dutch-rgb/republic7/train/NL-HaNA_1.01.02_3303_0517.jpg,page_image_f58963759a7a038d4f8a328dfa918ee8fc2224c2acf82d11e247dda18dd00d57,5955707,JPEG,4982,4041,RGB,True,dataset-dutch-rgb/republic7/train/page/NL-HaNA_1.01.02_3303_0517.xml
train,NL-HaNA_1.01.02_3304_0128,dataset-dutch-rgb/republic7/train/NL-HaNA_1.01.02_3304_0128.jpg,page_image_1a82a8d76815a7913aad4e1eb1f264740d0e7474a6a932d8fbd1b58ee3a81423,5131031,JPEG,5134,4050,RGB,True,dataset-dutch-rgb/republic7/train/page/NL-HaNA_1.01.02_3304_0128.xml
train,NL-HaNA_1.01.02_3304_0149,dataset-dutch-rgb/republic7/train/NL-HaNA_1.01.02_3304_0149.jpg,page_image_af5c479df61cd23f5ded43bbcc3d5705011c67c1cd1ce84579ee6512117f17bd,5929313,JPEG,5127,4046,RGB,True,dataset-dutch-rgb/republic7/train/page/NL-HaNA_1.01.02_3304_0149.xml
train,NL-HaNA_1.01.02_3304_0215,dataset-dutch-rgb/republic7/train/NL-HaNA_1.01.02_3304_0215.jpg,page_image_4d7e4ecf5068d8b7a68d27f5c35560265a007967e3aef239d760147f915f7907,5717554,JPEG,5101,3991,RGB,True,dataset-dutch-rgb/republic7/train/page/NL-HaNA_1.01.02_3304_0215.xml
train,NL-HaNA_1.01.02_3304_0335,dataset-dutch-rgb/republic7/train/NL-HaNA_1.01.02_3304_0335.jpg,page_image_0a9552fb3fa6e266b812c998587d816ad3e386096ea98c1eeee2be6aa38d132f,5719331,JPEG,5031,3991,RGB,True,dataset-dutch-rgb/republic7/train/page/NL-HaNA_1.01.02_3304_0335.xml
train,NL-HaNA_1.01.02_3304_0390,dataset-dutch-rgb/republic7/train/NL-HaNA_1.01.02_3304_0390.jpg,page_image_e5a9419c1a64d460a903f3070af2470a3201af20a71b9bbb1fa3aa3877f081b3,5405888,JPEG,5041,3991,RGB,True,dataset-dutch-rgb/republic7/train/page/NL-HaNA_1.01.02_3304_0390.xml
train,NL-HaNA_1.01.02_3305_0148,dataset-dutch-rgb/republic7/train/NL-HaNA_1.01.02_3305_0148.jpg,page_image_2cb9be6b97479516948cfa3f11e9f0c04d899f463a6f89595023ca9c9c05638b,5798110,JPEG,5022,3989,RGB,True,dataset-dutch-rgb/republic7/train/page/NL-HaNA_1.01.02_3305_0148.xml
train,NL-HaNA_1.01.02_3305_0325,dataset-dutch-rgb/republic7/train/NL-HaNA_1.01.02_3305_0325.jpg,page_image_1f89d15293da94c87c07b83da2ec9fa9cf111b1e4b0d7d0306dcde0344356405,5731866,JPEG,4990,3990,RGB,True,dataset-dutch-rgb/republic7/train/page/NL-HaNA_1.01.02_3305_0325.xml
train,NL-HaNA_1.01.02_3305_0342,dataset-dutch-rgb/republic7/train/NL-HaNA_1.01.02_3305_0342.jpg,page_image_018e485ff68984489fb8e8b6704a0ee832342316d951043e976596cc67c6fc3f,5461182,JPEG,5032,3961,RGB,True,dataset-dutch-rgb/republic7/train/page/NL-HaNA_1.01.02_3305_0342.xml
train,NL-HaNA_1.01.02_3306_0120,dataset-dutch-rgb/republic7/train/NL-HaNA_1.01.02_3306_0120.jpg,page_image_b46297eded9abfbd3217c4ed08ecf049986794acea30e0234dbb5898180afbbd,5860081,JPEG,5121,3991,RGB,True,dataset-dutch-rgb/republic7/train/page/NL-HaNA_1.01.02_3306_0120.xml
train,NL-HaNA_1.01.02_3307_0473,dataset-dutch-rgb/republic7/train/NL-HaNA_1.01.02_3307_0473.jpg,page_image_40b08dff6dfebf0fd49a12e75e0e716f09fa19588a44f9a9c16e8200b164baa0,6526449,JPEG,5073,4031,RGB,True,dataset-dutch-rgb/republic7/train/page/NL-HaNA_1.01.02_3307_0473.xml
train,NL-HaNA_1.01.02_3308_0472,dataset-dutch-rgb/republic7/train/NL-HaNA_1.01.02_3308_0472.jpg,page_image_7dd6aeb14cfd49bfe69be4b85e87d505c5758c0e14ef6a3f4e7038dc0f787e3a,5450134,JPEG,5032,4013,RGB,True,dataset-dutch-rgb/republic7/train/page/NL-HaNA_1.01.02_3308_0472.xml
train,NL-HaNA_1.01.02_3308_0587,dataset-dutch-rgb/republic7/train/NL-HaNA_1.01.02_3308_0587.jpg,page_image_112c90f0dcf308cd9ba3ccfa20440b9448fe32d9ff5b1a2b70a4eb7abf2dae7a,5247326,JPEG,5112,4001,RGB,True,dataset-dutch-rgb/republic7/train/page/NL-HaNA_1.01.02_3308_0587.xml
train,NL-HaNA_1.01.02_3309_0068,dataset-dutch-rgb/republic7/train/NL-HaNA_1.01.02_3309_0068.jpg,page_image_7de48f15d4010a60604c02b715bdbd76042d9e2756d601f7afa82e4f6d1a10cf,5991001,JPEG,5334,4077,RGB,True,dataset-dutch-rgb/republic7/train/page/NL-HaNA_1.01.02_3309_0068.xml
train,NL-HaNA_1.01.02_3310_0063,dataset-dutch-rgb/republic7/train/NL-HaNA_1.01.02_3310_0063.jpg,page_image_7fc6fbe249f168dc523207a7789b74a5b427fb7fa55d219b8e607ef93a93e6b1,6415708,JPEG,5151,4031,RGB,True,dataset-dutch-rgb/republic7/train/page/NL-HaNA_1.01.02_3310_0063.xml
train,NL-HaNA_1.01.02_3310_0390,dataset-dutch-rgb/republic7/train/NL-HaNA_1.01.02_3310_0390.jpg,page_image_e6d0c4a50825d45c43208f86419a16f473e4bed3d56216ae96e77356a5138e35,6146597,JPEG,5161,4041,RGB,True,dataset-dutch-rgb/republic7/train/page/NL-HaNA_1.01.02_3310_0390.xml
train,NL-HaNA_1.01.02_3310_0646,dataset-dutch-rgb/republic7/train/NL-HaNA_1.01.02_3310_0646.jpg,page_image_4b18f589acb887f6c63089a510ca892e2503a75ae453b7db15cbf2795899e6dc,6450402,JPEG,5062,4032,RGB,True,dataset-dutch-rgb/republic7/train/page/NL-HaNA_1.01.02_3310_0646.xml
train,NL-HaNA_1.01.02_3311_0540,dataset-dutch-rgb/republic7/train/NL-HaNA_1.01.02_3311_0540.jpg,page_image_e7c47cb218b917c9c2e2749cb934752558b0fc4c9d25d6a19969da5d9a0a72cd,6281448,JPEG,5251,4067,RGB,True,dataset-dutch-rgb/republic7/train/page/NL-HaNA_1.01.02_3311_0540.xml
train,NL-HaNA_1.01.02_3311_0677,dataset-dutch-rgb/republic7/train/NL-HaNA_1.01.02_3311_0677.jpg,page_image_44fcad113f081008badc788b54639af7ffb8206334472a66c76bebc79fc51cd8,6519983,JPEG,5201,4071,RGB,True,dataset-dutch-rgb/republic7/train/page/NL-HaNA_1.01.02_3311_0677.xml
train,NL-HaNA_1.01.02_3311_0683,dataset-dutch-rgb/republic7/train/NL-HaNA_1.01.02_3311_0683.jpg,page_image_5fe90d1785d1213cbc7b375d301fbf25c149bf5a57e9656c7a4fa51da4d43c07,6208211,JPEG,5211,4061,RGB,True,dataset-dutch-rgb/republic7/train/page/NL-HaNA_1.01.02_3311_0683.xml
train,NL-HaNA_1.01.02_3314_0018,dataset-dutch-rgb/republic7/train/NL-HaNA_1.01.02_3314_0018.jpg,page_image_67e542a1e95b4d7e70c18b76122d09e61bdd60ad7ea9d6e2d0dbc754a988613f,5880080,JPEG,5132,4085,RGB,True,dataset-dutch-rgb/republic7/train/page/NL-HaNA_1.01.02_3314_0018.xml
train,NL-HaNA_1.01.02_3314_0328,dataset-dutch-rgb/republic7/train/NL-HaNA_1.01.02_3314_0328.jpg,page_image_f841a19ec9ec78997e3ffdeed2d86b57e3152f2af98f3c67e1fc5c90d05ad28c,6891503,JPEG,5121,3991,RGB,True,dataset-dutch-rgb/republic7/train/page/NL-HaNA_1.01.02_3314_0328.xml
train,NL-HaNA_1.01.02_3315_0246,dataset-dutch-rgb/republic7/train/NL-HaNA_1.01.02_3315_0246.jpg,page_image_b4d7f7d89b347b187a5d61e07565a39b520fc88c72632d5399a6e985fd3ca8ff,6135083,JPEG,4952,4011,RGB,True,dataset-dutch-rgb/republic7/train/page/NL-HaNA_1.01.02_3315_0246.xml
train,NL-HaNA_1.01.02_3315_0700,dataset-dutch-rgb/republic7/train/NL-HaNA_1.01.02_3315_0700.jpg,page_image_44698a67a1816e9d5ea8f102e5908bd8fa249c8fc486ebbeec00bf548bb15bfe,6388328,JPEG,4882,4002,RGB,True,dataset-dutch-rgb/republic7/train/page/NL-HaNA_1.01.02_3315_0700.xml
train,NL-HaNA_1.01.02_3316_0207,dataset-dutch-rgb/republic7/train/NL-HaNA_1.01.02_3316_0207.jpg,page_image_e0d8bc93be422090193ad4f3adeb59c94a77bd1c628df70b8ce83420e0f35576,6168015,JPEG,5001,3981,RGB,True,dataset-dutch-rgb/republic7/train/page/NL-HaNA_1.01.02_3316_0207.xml
train,NL-HaNA_1.01.02_3317_0034,dataset-dutch-rgb/republic7/train/NL-HaNA_1.01.02_3317_0034.jpg,page_image_e8f157cede48bb5ae6b0e310bfe7f93d0cd0ca2c3a9fb02508716bb752a034ca,6441422,JPEG,5201,4031,RGB,True,dataset-dutch-rgb/republic7/train/page/NL-HaNA_1.01.02_3317_0034.xml
train,NL-HaNA_1.01.02_3317_0638,dataset-dutch-rgb/republic7/train/NL-HaNA_1.01.02_3317_0638.jpg,page_image_25cc482500008c09df23ef63c390e962a32ad6258d648d03bff74c66a63203c4,7011437,JPEG,4942,4011,RGB,True,dataset-dutch-rgb/republic7/train/page/NL-HaNA_1.01.02_3317_0638.xml
train,NL-HaNA_1.01.02_3317_0747,dataset-dutch-rgb/republic7/train/NL-HaNA_1.01.02_3317_0747.jpg,page_image_afea739a2c7acd27ac5085ae0a6aa5ed0b2e9e11bf8e58193fa9d923d300d1ad,6546699,JPEG,5104,4056,RGB,True,dataset-dutch-rgb/republic7/train/page/NL-HaNA_1.01.02_3317_0747.xml
train,NL-HaNA_1.01.02_3318_0069,dataset-dutch-rgb/republic7/train/NL-HaNA_1.01.02_3318_0069.jpg,page_image_cd29d3399a9b7ee185af46fddde239fabf8e407419bca1edd06f869bc1f319eb,6334499,JPEG,4990,4112,RGB,True,dataset-dutch-rgb/republic7/train/page/NL-HaNA_1.01.02_3318_0069.xml
train,NL-HaNA_1.01.02_3318_0429,dataset-dutch-rgb/republic7/train/NL-HaNA_1.01.02_3318_0429.jpg,page_image_5d38a18257460ee53adb22a48f7ca882fc7380e0236f55a89f1b37409b01f732,6101502,JPEG,5024,4020,RGB,True,dataset-dutch-rgb/republic7/train/page/NL-HaNA_1.01.02_3318_0429.xml
train,NL-HaNA_1.01.02_3318_0440,dataset-dutch-rgb/republic7/train/NL-HaNA_1.01.02_3318_0440.jpg,page_image_bd86c9613e18310e5383f3f2a9bb26d9341fa2e5bc1fa299a983a45e3b82da8a,6194370,JPEG,5088,4024,RGB,True,dataset-dutch-rgb/republic7/train/page/NL-HaNA_1.01.02_3318_0440.xml
train,NL-HaNA_1.01.02_3318_0516,dataset-dutch-rgb/republic7/train/NL-HaNA_1.01.02_3318_0516.jpg,page_image_12ab450716d39d0921d592f11f6ba9d11e1adb12b6ff2347e8971dcf9a00966f,6354751,JPEG,4991,4001,RGB,True,dataset-dutch-rgb/republic7/train/page/NL-HaNA_1.01.02_3318_0516.xml
train,NL-HaNA_1.01.02_3320_0035,dataset-dutch-rgb/republic7/train/NL-HaNA_1.01.02_3320_0035.jpg,page_image_8705487ecb31af6df310af8b30d075eeeb9700fabce264a490270dc1cd427f43,5763279,JPEG,5138,4045,RGB,True,dataset-dutch-rgb/republic7/train/page/NL-HaNA_1.01.02_3320_0035.xml
train,NL-HaNA_1.01.02_3320_0298,dataset-dutch-rgb/republic7/train/NL-HaNA_1.01.02_3320_0298.jpg,page_image_d95d77ee72ab5fd659c79d8b38352874b33736dc72452ae7df42ffafc45b1613,6580201,JPEG,5185,4097,RGB,True,dataset-dutch-rgb/republic7/train/page/NL-HaNA_1.01.02_3320_0298.xml
train,NL-HaNA_1.01.02_3320_0442,dataset-dutch-rgb/republic7/train/NL-HaNA_1.01.02_3320_0442.jpg,page_image_f12620434cabd32d153d7c59834e02003e6aa4c4025ded554db48df1ad402afe,6321083,JPEG,5011,4011,RGB,True,dataset-dutch-rgb/republic7/train/page/NL-HaNA_1.01.02_3320_0442.xml
train,NL-HaNA_1.01.02_3321_0091,dataset-dutch-rgb/republic7/train/NL-HaNA_1.01.02_3321_0091.jpg,page_image_3e371785d9d3726930da151ce50cfa2f800712fed85103f541d10ba2d8433075,6442781,JPEG,5136,4052,RGB,True,dataset-dutch-rgb/republic7/train/page/NL-HaNA_1.01.02_3321_0091.xml
train,NL-HaNA_1.01.02_3323_0737,dataset-dutch-rgb/republic7/train/NL-HaNA_1.01.02_3323_0737.jpg,page_image_160dfa2db0de2c738579a4476da2e4bfd271db2772c96162e1e8597b9de49a92,6573974,JPEG,5001,4063,RGB,True,dataset-dutch-rgb/republic7/train/page/NL-HaNA_1.01.02_3323_0737.xml
train,NL-HaNA_1.01.02_3325_0086,dataset-dutch-rgb/republic7/train/NL-HaNA_1.01.02_3325_0086.jpg,page_image_bccb078700399756fe99c9b616aac912c1f4d6acb4ac72c781c4732a34abda4b,6285847,JPEG,5012,4029,RGB,True,dataset-dutch-rgb/republic7/train/page/NL-HaNA_1.01.02_3325_0086.xml
train,NL-HaNA_1.01.02_3325_0428,dataset-dutch-rgb/republic7/train/NL-HaNA_1.01.02_3325_0428.jpg,page_image_c21762fe99e0455668815092b124e3b24175b1e6f557b3aa026c69a43cefe9f4,6128397,JPEG,5045,4030,RGB,True,dataset-dutch-rgb/republic7/train/page/NL-HaNA_1.01.02_3325_0428.xml
train,NL-HaNA_1.01.02_3325_0696,dataset-dutch-rgb/republic7/train/NL-HaNA_1.01.02_3325_0696.jpg,page_image_4af9c43131f52235939a2e530915934faa49c5b912fec5e76c855dad7bf9351a,6140122,JPEG,4951,3981,RGB,True,dataset-dutch-rgb/republic7/train/page/NL-HaNA_1.01.02_3325_0696.xml
train,NL-HaNA_1.01.02_3325_0761,dataset-dutch-rgb/republic7/train/NL-HaNA_1.01.02_3325_0761.jpg,page_image_7dd435b5dbcaae4086390f193d89830d430dbc98dd5798b5431230e4b0347ead,6229459,JPEG,4992,4011,RGB,True,dataset-dutch-rgb/republic7/train/page/NL-HaNA_1.01.02_3325_0761.xml
train,NL-HaNA_1.01.02_3327_0403,dataset-dutch-rgb/republic7/train/NL-HaNA_1.01.02_3327_0403.jpg,page_image_09a0ee6caa9a456917f340ca9f5cac61557ed8ca29390b49fe3d83efb3f3a807,6410645,JPEG,5001,4001,RGB,True,dataset-dutch-rgb/republic7/train/page/NL-HaNA_1.01.02_3327_0403.xml
train,NL-HaNA_1.01.02_3327_0459,dataset-dutch-rgb/republic7/train/NL-HaNA_1.01.02_3327_0459.jpg,page_image_2838876bfb46bb28bf4d9a9c2d9f15a5165dea67a5a8feb0053b0faf4eaba9a1,6577359,JPEG,5114,4116,RGB,True,dataset-dutch-rgb/republic7/train/page/NL-HaNA_1.01.02_3327_0459.xml
train,NL-HaNA_1.01.02_3328_0680,dataset-dutch-rgb/republic7/train/NL-HaNA_1.01.02_3328_0680.jpg,page_image_3a07781167299ae3141917800b282465659f8468b3c1276a9f59298e63a1dd61,6681728,JPEG,5131,4021,RGB,True,dataset-dutch-rgb/republic7/train/page/NL-HaNA_1.01.02_3328_0680.xml
train,NL-HaNA_1.01.02_3329_0504,dataset-dutch-rgb/republic7/train/NL-HaNA_1.01.02_3329_0504.jpg,page_image_f7129ad2e32979dec4cbdafd7b1ba9e172eabb38d0317555e595873a185b778b,6953936,JPEG,5181,4049,RGB,True,dataset-dutch-rgb/republic7/train/page/NL-HaNA_1.01.02_3329_0504.xml
train,NL-HaNA_1.01.02_3330_0553,dataset-dutch-rgb/republic7/train/NL-HaNA_1.01.02_3330_0553.jpg,page_image_64098025a046e7bcfb3292e2ca84031bfce8a1bd5e4890c1eb05e4793926aa97,6574938,JPEG,4953,4030,RGB,True,dataset-dutch-rgb/republic7/train/page/NL-HaNA_1.01.02_3330_0553.xml
train,NL-HaNA_1.01.02_3331_0733,dataset-dutch-rgb/republic7/train/NL-HaNA_1.01.02_3331_0733.jpg,page_image_38487f3129553fc3bbd3e6673ea1bd90889fc6912b598cfa1cb3d771a4a3a8db,6856755,JPEG,5254,4045,RGB,True,dataset-dutch-rgb/republic7/train/page/NL-HaNA_1.01.02_3331_0733.xml
train,NL-HaNA_1.01.02_3332_0205,dataset-dutch-rgb/republic7/train/NL-HaNA_1.01.02_3332_0205.jpg,page_image_8af9fe18e1bea147dd37a5e584689da24d7bb85abd786b6e852ff076b68c3c0d,6891377,JPEG,5233,4071,RGB,True,dataset-dutch-rgb/republic7/train/page/NL-HaNA_1.01.02_3332_0205.xml
train,NL-HaNA_1.01.02_3332_0556,dataset-dutch-rgb/republic7/train/NL-HaNA_1.01.02_3332_0556.jpg,page_image_1931ee484a200c84814ae0dcb56d59967bf0008afc8d1fb32564bdc8c9fd835f,7056100,JPEG,5231,3992,RGB,True,dataset-dutch-rgb/republic7/train/page/NL-HaNA_1.01.02_3332_0556.xml
train,NL-HaNA_1.01.02_3333_0353,dataset-dutch-rgb/republic7/train/NL-HaNA_1.01.02_3333_0353.jpg,page_image_7e0b675cbedc54f03f9fb39a610f5550543973027e2c384c131fbc91eb72e238,6577121,JPEG,5252,4013,RGB,True,dataset-dutch-rgb/republic7/train/page/NL-HaNA_1.01.02_3333_0353.xml
train,NL-HaNA_1.01.02_3334_0118,dataset-dutch-rgb/republic7/train/NL-HaNA_1.01.02_3334_0118.jpg,page_image_0efa86a910c57079abc086be475a7475dfd105fad5081c925ccb10ebae0e3d0b,5813790,JPEG,5142,4011,RGB,True,dataset-dutch-rgb/republic7/train/page/NL-HaNA_1.01.02_3334_0118.xml
train,NL-HaNA_1.01.02_3334_0208,dataset-dutch-rgb/republic7/train/NL-HaNA_1.01.02_3334_0208.jpg,page_image_10c88c2161ccb314b9517cf0073ea29ebaec5200ab7a10b33daa6bfbeca473ff,5555608,JPEG,5011,3992,RGB,True,dataset-dutch-rgb/republic7/train/page/NL-HaNA_1.01.02_3334_0208.xml
train,NL-HaNA_1.01.02_3335_0595,dataset-dutch-rgb/republic7/train/NL-HaNA_1.01.02_3335_0595.jpg,page_image_ac95094824705861f3c789905f50c508026f0ff1e698cbe49239991998bc08a4,6197282,JPEG,5111,4021,RGB,True,dataset-dutch-rgb/republic7/train/page/NL-HaNA_1.01.02_3335_0595.xml
train,NL-HaNA_1.01.02_3337_0191,dataset-dutch-rgb/republic7/train/NL-HaNA_1.01.02_3337_0191.jpg,page_image_78e709028bb48671d1b1f52e14a7959fcfa4855d783796da54b77987102441e4,6062597,JPEG,5241,4061,RGB,True,dataset-dutch-rgb/republic7/train/page/NL-HaNA_1.01.02_3337_0191.xml
train,NL-HaNA_1.01.02_3337_0284,dataset-dutch-rgb/republic7/train/NL-HaNA_1.01.02_3337_0284.jpg,page_image_d6ebffe74426c7824a2db593f9393eac643cebc3f1fa33a1b248c4fd128afe58,6329619,JPEG,5112,4055,RGB,True,dataset-dutch-rgb/republic7/train/page/NL-HaNA_1.01.02_3337_0284.xml
train,NL-HaNA_1.01.02_3338_0102,dataset-dutch-rgb/republic7/train/NL-HaNA_1.01.02_3338_0102.jpg,page_image_c1aec08a00f87d616483764cc4fa8d18109b5ce372b0fa12c8f28faf63ca5fdb,5505457,JPEG,4992,4011,RGB,True,dataset-dutch-rgb/republic7/train/page/NL-HaNA_1.01.02_3338_0102.xml
train,NL-HaNA_1.01.02_3338_0618,dataset-dutch-rgb/republic7/train/NL-HaNA_1.01.02_3338_0618.jpg,page_image_4a8c9b02b632b7b7295affb1d65dbfe5be347fae91f619a25189bfab07fdcae5,5407611,JPEG,5062,4020,RGB,True,dataset-dutch-rgb/republic7/train/page/NL-HaNA_1.01.02_3338_0618.xml
train,NL-HaNA_1.01.02_3338_0687,dataset-dutch-rgb/republic7/train/NL-HaNA_1.01.02_3338_0687.jpg,page_image_8111b02f4c409dbb66961330dd6045c818a34a214f7a222c7f735e69960a22b6,5673969,JPEG,5051,4021,RGB,True,dataset-dutch-rgb/republic7/train/page/NL-HaNA_1.01.02_3338_0687.xml
train,NL-HaNA_1.01.02_3339_0205,dataset-dutch-rgb/republic7/train/NL-HaNA_1.01.02_3339_0205.jpg,page_image_1a376c007acc375e2a58128e5affbf3d52d1fdbc667a98211053eb6b6c155be1,6328734,JPEG,5141,3991,RGB,True,dataset-dutch-rgb/republic7/train/page/NL-HaNA_1.01.02_3339_0205.xml
train,NL-HaNA_1.01.02_3339_0577,dataset-dutch-rgb/republic7/train/NL-HaNA_1.01.02_3339_0577.jpg,page_image_e291df2149024eae554961fa53e9ecb983bc22d085d8fb8521b80518463618aa,6003576,JPEG,5034,4049,RGB,True,dataset-dutch-rgb/republic7/train/page/NL-HaNA_1.01.02_3339_0577.xml
train,NL-HaNA_1.01.02_3340_0075,dataset-dutch-rgb/republic7/train/NL-HaNA_1.01.02_3340_0075.jpg,page_image_5cd195cbb8ee84c316172be3526dbab1a352309faf1b0625aa2f102a38baa942,6112372,JPEG,5211,4026,RGB,True,dataset-dutch-rgb/republic7/train/page/NL-HaNA_1.01.02_3340_0075.xml
train,NL-HaNA_1.01.02_3341_0075,dataset-dutch-rgb/republic7/train/NL-HaNA_1.01.02_3341_0075.jpg,page_image_1b9d69f1e1401368ea5c995d4444a58508f1825c0e7a186bebb42e9816e137cd,6110765,JPEG,4938,4052,RGB,True,dataset-dutch-rgb/republic7/train/page/NL-HaNA_1.01.02_3341_0075.xml
train,NL-HaNA_1.01.02_3341_0164,dataset-dutch-rgb/republic7/train/NL-HaNA_1.01.02_3341_0164.jpg,page_image_465fb54ca6c1150798305462ade6310c61d0fa3b93590dd7a7a4f175dcd98cf9,6150981,JPEG,4936,4047,RGB,True,dataset-dutch-rgb/republic7/train/page/NL-HaNA_1.01.02_3341_0164.xml
train,NL-HaNA_1.01.02_3342_0127,dataset-dutch-rgb/republic7/train/NL-HaNA_1.01.02_3342_0127.jpg,page_image_7c6525995f44c924c9348fe8d9127feb254164b959fda362796d17d6121cd995,5141204,JPEG,4881,4057,RGB,True,dataset-dutch-rgb/republic7/train/page/NL-HaNA_1.01.02_3342_0127.xml
train,NL-HaNA_1.01.02_3342_0314,dataset-dutch-rgb/republic7/train/NL-HaNA_1.01.02_3342_0314.jpg,page_image_5f80103913e87d56787b8192cc880adca4b7eea37f4f40f52e5dec1d42d1d767,5041246,JPEG,4953,4044,RGB,True,dataset-dutch-rgb/republic7/train/page/NL-HaNA_1.01.02_3342_0314.xml
train,NL-HaNA_1.01.02_3342_0389,dataset-dutch-rgb/republic7/train/NL-HaNA_1.01.02_3342_0389.jpg,page_image_dbcab792a737aed7ef819c582b4273c3160df8314eb9e79f5fabad7a547219c7,5165375,JPEG,4862,3991,RGB,True,dataset-dutch-rgb/republic7/train/page/NL-HaNA_1.01.02_3342_0389.xml
train,NL-HaNA_1.01.02_3345_0720,dataset-dutch-rgb/republic7/train/NL-HaNA_1.01.02_3345_0720.jpg,page_image_ee71084939b3abc392c3506becf7c169a8571b1ea8469f30f51c2241979e4375,6517998,JPEG,5180,4052,RGB,True,dataset-dutch-rgb/republic7/train/page/NL-HaNA_1.01.02_3345_0720.xml
train,NL-HaNA_1.01.02_3346_0082,dataset-dutch-rgb/republic7/train/NL-HaNA_1.01.02_3346_0082.jpg,page_image_e3373169402849e62457a654046c3bac0bf414d87c287a39efa213a32244d1d2,6251513,JPEG,5161,4011,RGB,True,dataset-dutch-rgb/republic7/train/page/NL-HaNA_1.01.02_3346_0082.xml
train,NL-HaNA_1.01.02_3347_0218,dataset-dutch-rgb/republic7/train/NL-HaNA_1.01.02_3347_0218.jpg,page_image_4d1444055767298d9e8b743e5d163584f5e8e27a194817ac00cb44ccac65fadb,6789629,JPEG,5161,3991,RGB,True,dataset-dutch-rgb/republic7/train/page/NL-HaNA_1.01.02_3347_0218.xml
train,NL-HaNA_1.01.02_3348_0104,dataset-dutch-rgb/republic7/train/NL-HaNA_1.01.02_3348_0104.jpg,page_image_1526a7388f9d351de4221d7579d5ab9658519ba097f99a4bb2f16d1442c54025,5217491,JPEG,5139,3834,RGB,True,dataset-dutch-rgb/republic7/train/page/NL-HaNA_1.01.02_3348_0104.xml
train,NL-HaNA_1.01.02_3865_0066,dataset-dutch-rgb/republic7/train/NL-HaNA_1.01.02_3865_0066.jpg,page_image_39da4e85129dcbea356f2ad51428b72306104712645e0db5c9cd8480863a50d1,3890829,JPEG,4913,3811,RGB,True,dataset-dutch-rgb/republic7/train/page/NL-HaNA_1.01.02_3865_0066.xml
train,NL-HaNA_1.01.02_3865_0090,dataset-dutch-rgb/republic7/train/NL-HaNA_1.01.02_3865_0090.jpg,page_image_5d50e0d25444634211db962fbd55212e823a7effd47ba377f50a418875d39b1b,4496486,JPEG,4951,3761,RGB,True,dataset-dutch-rgb/republic7/train/page/NL-HaNA_1.01.02_3865_0090.xml
train,NL-HaNA_1.01.02_3865_0172,dataset-dutch-rgb/republic7/train/NL-HaNA_1.01.02_3865_0172.jpg,page_image_820d2274f292c5a77acc3443992edb040b1d5952011956bcf39e6b1e855cae20,4253659,JPEG,4930,3787,RGB,True,dataset-dutch-rgb/republic7/train/page/NL-HaNA_1.01.02_3865_0172.xml
train,NL-HaNA_1.01.02_3865_0180,dataset-dutch-rgb/republic7/train/NL-HaNA_1.01.02_3865_0180.jpg,page_image_709eae7e64d955cd11d636a94cef65d46eb90902a9855d811d27ffe596cdadfb,4113914,JPEG,4944,3780,RGB,True,dataset-dutch-rgb/republic7/train/page/NL-HaNA_1.01.02_3865_0180.xml
train,NL-HaNA_1.01.02_3866_0159,dataset-dutch-rgb/republic7/train/NL-HaNA_1.01.02_3866_0159.jpg,page_image_1acbb2ec634dcd86f69779d119fb468a56da300a970e3ee79100aca4c3606bf2,4154050,JPEG,4762,3761,RGB,True,dataset-dutch-rgb/republic7/train/page/NL-HaNA_1.01.02_3866_0159.xml
train,NL-HaNA_1.01.02_3867_0161,dataset-dutch-rgb/republic7/train/NL-HaNA_1.01.02_3867_0161.jpg,page_image_ecc585163576d1bd94fdd37a005793aa5175895855914965f0f901928458689c,4208749,JPEG,5056,4103,RGB,True,dataset-dutch-rgb/republic7/train/page/NL-HaNA_1.01.02_3867_0161.xml
train,NL-HaNA_1.01.02_62_0118,dataset-dutch-rgb/republic7/train/NL-HaNA_1.01.02_62_0118.jpg,page_image_157b2343e3f137d8967ce3802ee3c326bf4f0e410391588edd5c444647c5b618,6356871,JPEG,5031,3971,RGB,True,dataset-dutch-rgb/republic7/train/page/NL-HaNA_1.01.02_62_0118.xml
train,NL-HaNA_1.01.02_62_0460,dataset-dutch-rgb/republic7/train/NL-HaNA_1.01.02_62_0460.jpg,page_image_118a3b98122ddd14543b7f8cbf5cab2df8b1a3d35f5a7972971c1e8d111d4000,8557382,JPEG,4961,3991,RGB,True,dataset-dutch-rgb/republic7/train/page/NL-HaNA_1.01.02_62_0460.xml
train,NL-HaNA_1.10.94_401_0489,dataset-dutch-rgb/republic7/train/NL-HaNA_1.10.94_401_0489.jpg,page_image_dd8a3c92f1ec4f2f1a0fef39f1172d5502b9022428fb8d4eea055583158493e6,5194588,JPEG,5172,3852,RGB,True,dataset-dutch-rgb/republic7/train/page/NL-HaNA_1.10.94_401_0489.xml
train,NL-HaNA_1.10.94_430_0139,dataset-dutch-rgb/republic7/train/NL-HaNA_1.10.94_430_0139.jpg,page_image_d2c2946dd5b4208bacf0a13149ed87b8c9097e96d5f26d0897d61ca062bfcd42,5378154,JPEG,5174,4106,RGB,True,dataset-dutch-rgb/republic7/train/page/NL-HaNA_1.10.94_430_0139.xml
train,NL-HaNA_1.10.94_432_0190,dataset-dutch-rgb/republic7/train/NL-HaNA_1.10.94_432_0190.jpg,page_image_901e7519093324fbc406f181b1ae1ae8274f9bc6e50a705ffeba878e86587eb6,5123509,JPEG,5122,4075,RGB,True,dataset-dutch-rgb/republic7/train/page/NL-HaNA_1.10.94_432_0190.xml
train,NL-HaNA_1.10.94_432_0211,dataset-dutch-rgb/republic7/train/NL-HaNA_1.10.94_432_0211.jpg,page_image_5df0f092b136caf6e4322eaf778c0a0912be6afd69ab3f0068d1790c23acfca5,4984013,JPEG,5096,4068,RGB,True,dataset-dutch-rgb/republic7/train/page/NL-HaNA_1.10.94_432_0211.xml
train,NL-HaNA_1.10.94_436_0064,dataset-dutch-rgb/republic7/train/NL-HaNA_1.10.94_436_0064.jpg,page_image_32efcc7af1b00027dfdc7b2a2c3b438c382d43330b65666a068e9930a848f090,4269822,JPEG,5011,3992,RGB,True,dataset-dutch-rgb/republic7/train/page/NL-HaNA_1.10.94_436_0064.xml
train,NL-HaNA_1.10.94_436_0195,dataset-dutch-rgb/republic7/train/NL-HaNA_1.10.94_436_0195.jpg,page_image_5a214aa7eb50d9ae468fa0171d6281044633097c79d33a6c7cacc2a750842f09,4521906,JPEG,5031,4011,RGB,True,dataset-dutch-rgb/republic7/train/page/NL-HaNA_1.10.94_436_0195.xml
train,NL-HaNA_1.10.94_437_0028,dataset-dutch-rgb/republic7/train/NL-HaNA_1.10.94_437_0028.jpg,page_image_4d97a218138995255b14de998d034291473e04a1922a4fb1870cc9921f5a6407,4794686,JPEG,5161,4011,RGB,False,
val,NL-HaNA_1.01.02_3132_0077,dataset-dutch-rgb/republic7/val/NL-HaNA_1.01.02_3132_0077.jpg,page_image_134e81ff78fdca6fc3aefd15cf328b35d3c5aa082f82837263f699d5d652ec1e,7029912,JPEG,5623,4236,RGB,True,dataset-dutch-rgb/republic7/val/page/NL-HaNA_1.01.02_3132_0077.xml
val,NL-HaNA_1.01.02_3132_0300,dataset-dutch-rgb/republic7/val/NL-HaNA_1.01.02_3132_0300.jpg,page_image_604d1c97942f253882ca27e572898a0f9e663677bb1f6cb70d8b41225cb6ab2d,6883837,JPEG,5607,4224,RGB,True,dataset-dutch-rgb/republic7/val/page/NL-HaNA_1.01.02_3132_0300.xml
val,NL-HaNA_1.01.02_3144_0579,dataset-dutch-rgb/republic7/val/NL-HaNA_1.01.02_3144_0579.jpg,page_image_e822019c7e9fd2a83136b8fcb25df842ad785b395ab0c10197bf373a07e53cd2,5984001,JPEG,5061,4049,RGB,True,dataset-dutch-rgb/republic7/val/page/NL-HaNA_1.01.02_3144_0579.xml
val,NL-HaNA_1.01.02_3148_0067,dataset-dutch-rgb/republic7/val/NL-HaNA_1.01.02_3148_0067.jpg,page_image_ea5b1cad9dca9d01494882b6f0c309c9c394406c1e42f33794857b1592b2945f,8822314,JPEG,5841,4341,RGB,True,dataset-dutch-rgb/republic7/val/page/NL-HaNA_1.01.02_3148_0067.xml
val,NL-HaNA_1.01.02_3156_0694,dataset-dutch-rgb/republic7/val/NL-HaNA_1.01.02_3156_0694.jpg,page_image_62a7ce564954be88d83157918e42a139d8a60b5849af069e23c071ac9645f210,8115801,JPEG,5753,4356,RGB,True,dataset-dutch-rgb/republic7/val/page/NL-HaNA_1.01.02_3156_0694.xml
val,NL-HaNA_1.01.02_3160_0302,dataset-dutch-rgb/republic7/val/NL-HaNA_1.01.02_3160_0302.jpg,page_image_35cbabe7fed72c8d6423836a0f071c2b5423c9402b8e51eaf2af0549931fe76f,6132599,JPEG,5291,4039,RGB,True,dataset-dutch-rgb/republic7/val/page/NL-HaNA_1.01.02_3160_0302.xml
val,NL-HaNA_1.01.02_3170_0730,dataset-dutch-rgb/republic7/val/NL-HaNA_1.01.02_3170_0730.jpg,page_image_1fddf9bfb24c0ed3b29497eb484498330229048e838f3d88468f42dcf1347de6,6000766,JPEG,5176,4009,RGB,True,dataset-dutch-rgb/republic7/val/page/NL-HaNA_1.01.02_3170_0730.xml
val,NL-HaNA_1.01.02_3175_0022,dataset-dutch-rgb/republic7/val/NL-HaNA_1.01.02_3175_0022.jpg,page_image_9a02d28d053464916dec037728c10496421cec25364b1a8f0a757a5f4c3bd10c,5589716,JPEG,5101,3991,RGB,True,dataset-dutch-rgb/republic7/val/page/NL-HaNA_1.01.02_3175_0022.xml
val,NL-HaNA_1.01.02_3180_0191,dataset-dutch-rgb/republic7/val/NL-HaNA_1.01.02_3180_0191.jpg,page_image_1e61d91e78fb9fd8e3eb600982262bd2e47336c25ac115ad13a9ab05449a6a70,7778382,JPEG,5782,4372,RGB,True,dataset-dutch-rgb/republic7/val/page/NL-HaNA_1.01.02_3180_0191.xml
val,NL-HaNA_1.01.02_3184_0322,dataset-dutch-rgb/republic7/val/NL-HaNA_1.01.02_3184_0322.jpg,page_image_1fad02c72eedefe3b2ce219470684376ef936cbd3d633e26570ed8aeed49a786,8871632,JPEG,5802,4422,RGB,True,dataset-dutch-rgb/republic7/val/page/NL-HaNA_1.01.02_3184_0322.xml
val,NL-HaNA_1.01.02_3192_0110,dataset-dutch-rgb/republic7/val/NL-HaNA_1.01.02_3192_0110.jpg,page_image_21913422ff3c190ec4401848bce465486bf401ed7e83ec30b98237b7b3d66db6,8082699,JPEG,5821,4360,RGB,True,dataset-dutch-rgb/republic7/val/page/NL-HaNA_1.01.02_3192_0110.xml
val,NL-HaNA_1.01.02_3192_0130,dataset-dutch-rgb/republic7/val/NL-HaNA_1.01.02_3192_0130.jpg,page_image_fe26e89165079f58645db0af52023500b2fa4409d56b49e98030987bb40bb580,8388018,JPEG,5821,4351,RGB,True,dataset-dutch-rgb/republic7/val/page/NL-HaNA_1.01.02_3192_0130.xml
val,NL-HaNA_1.01.02_3199_0489,dataset-dutch-rgb/republic7/val/NL-HaNA_1.01.02_3199_0489.jpg,page_image_eefbd2a06a905b39056d5ff64aafaef6fcc17eb8d1f3ad80c27ec1fe67998c68,7956474,JPEG,5421,4431,RGB,True,dataset-dutch-rgb/republic7/val/page/NL-HaNA_1.01.02_3199_0489.xml
val,NL-HaNA_1.01.02_3206_0792,dataset-dutch-rgb/republic7/val/NL-HaNA_1.01.02_3206_0792.jpg,page_image_dde9d09da3302c9716bcf2ddb75a47bb3a164e1af5390d01305a191cdadd1cfd,7633039,JPEG,5841,4411,RGB,True,dataset-dutch-rgb/republic7/val/page/NL-HaNA_1.01.02_3206_0792.xml
val,NL-HaNA_1.01.02_3208_0056,dataset-dutch-rgb/republic7/val/NL-HaNA_1.01.02_3208_0056.jpg,page_image_2a05ceb9fbca049a465e2145a5f632dbd4294560b50fbdcca52d51693cebafdb,6984952,JPEG,5831,4411,RGB,True,dataset-dutch-rgb/republic7/val/page/NL-HaNA_1.01.02_3208_0056.xml
val,NL-HaNA_1.01.02_3217_0854,dataset-dutch-rgb/republic7/val/NL-HaNA_1.01.02_3217_0854.jpg,page_image_51f0d929cecc46ee3865f297b124c73dcaadd28388585ca9411e20821c88f01e,8232473,JPEG,5923,4597,RGB,True,dataset-dutch-rgb/republic7/val/page/NL-HaNA_1.01.02_3217_0854.xml
val,NL-HaNA_1.01.02_3223_0425,dataset-dutch-rgb/republic7/val/NL-HaNA_1.01.02_3223_0425.jpg,page_image_4dfd646ecc43ef00e15c6944eb3a2a032bdff93386863938b132909dc924a470,8344620,JPEG,5774,4565,RGB,True,dataset-dutch-rgb/republic7/val/page/NL-HaNA_1.01.02_3223_0425.xml
val,NL-HaNA_1.01.02_3224_0389,dataset-dutch-rgb/republic7/val/NL-HaNA_1.01.02_3224_0389.jpg,page_image_1c538297a1ca6464ac08d19915b628892893824a0620e085a347358d32a12eae,8380724,JPEG,5880,4539,RGB,True,dataset-dutch-rgb/republic7/val/page/NL-HaNA_1.01.02_3224_0389.xml
val,NL-HaNA_1.01.02_3228_0364,dataset-dutch-rgb/republic7/val/NL-HaNA_1.01.02_3228_0364.jpg,page_image_3394de6d3f0139db5dfd1733df463eac146a252afede702c2c669889abe6c79e,9031805,JPEG,5954,4576,RGB,True,dataset-dutch-rgb/republic7/val/page/NL-HaNA_1.01.02_3228_0364.xml
val,NL-HaNA_1.01.02_3231_0115,dataset-dutch-rgb/republic7/val/NL-HaNA_1.01.02_3231_0115.jpg,page_image_dab10725caa47875a1b91ae0a4939384f454da7276bc6f65e14bcb0a7ad721f3,9529886,JPEG,5792,4441,RGB,True,dataset-dutch-rgb/republic7/val/page/NL-HaNA_1.01.02_3231_0115.xml
val,NL-HaNA_1.01.02_3236_0434,dataset-dutch-rgb/republic7/val/NL-HaNA_1.01.02_3236_0434.jpg,page_image_49c5474a1482c4f9c8cc06ed5c25c6e35cadb0283cd6b72ebd1aff8392c7691d,7098993,JPEG,5731,4521,RGB,True,dataset-dutch-rgb/republic7/val/page/NL-HaNA_1.01.02_3236_0434.xml
val,NL-HaNA_1.01.02_3241_0488,dataset-dutch-rgb/republic7/val/NL-HaNA_1.01.02_3241_0488.jpg,page_image_de00d38445be1b0462e0d52fb38af3eb1ef337080c19e8d7c27ad371302c9260,9012192,JPEG,6017,4712,RGB,True,dataset-dutch-rgb/republic7/val/page/NL-HaNA_1.01.02_3241_0488.xml
val,NL-HaNA_1.01.02_3243_0046,dataset-dutch-rgb/republic7/val/NL-HaNA_1.01.02_3243_0046.jpg,page_image_b1896e316f63a42533a01c96df5b68d0cda644e91ae0f382929849831e08b8c3,8741840,JPEG,6121,4671,RGB,True,dataset-dutch-rgb/republic7/val/page/NL-HaNA_1.01.02_3243_0046.xml
val,NL-HaNA_1.01.02_3247_0100,dataset-dutch-rgb/republic7/val/NL-HaNA_1.01.02_3247_0100.jpg,page_image_cf26ae5ac5c5b0d0cac98ad33150e279d6dd00201739a94192bf36eea5852218,7001602,JPEG,4722,4002,RGB,True,dataset-dutch-rgb/republic7/val/page/NL-HaNA_1.01.02_3247_0100.xml
val,NL-HaNA_1.01.02_3254_0067,dataset-dutch-rgb/republic7/val/NL-HaNA_1.01.02_3254_0067.jpg,page_image_9c0856222258e66b28693e51af1a3244424537a8a94242262e7cda18ff2e3360,8413912,JPEG,5152,4068,RGB,True,dataset-dutch-rgb/republic7/val/page/NL-HaNA_1.01.02_3254_0067.xml
val,NL-HaNA_1.01.02_3255_0572,dataset-dutch-rgb/republic7/val/NL-HaNA_1.01.02_3255_0572.jpg,page_image_619d98c48cfa2946ab9e23023e07f38dc0a0d66ebcfd1c34d158f5acf2b739f0,6784492,JPEG,5031,4001,RGB,True,dataset-dutch-rgb/republic7/val/page/NL-HaNA_1.01.02_3255_0572.xml
val,NL-HaNA_1.01.02_3261_0788,dataset-dutch-rgb/republic7/val/NL-HaNA_1.01.02_3261_0788.jpg,page_image_40f957c3ca482ab6b3654063402362a95f2020cb7ca293549e2398d5a4542b24,7173613,JPEG,5181,4011,RGB,True,dataset-dutch-rgb/republic7/val/page/NL-HaNA_1.01.02_3261_0788.xml
val,NL-HaNA_1.01.02_3262_0111,dataset-dutch-rgb/republic7/val/NL-HaNA_1.01.02_3262_0111.jpg,page_image_6f51226ab5a0e5d9acc3990a9b0624c57a9d0c5f7facc1fc757a249621af5bab,7571062,JPEG,5199,4007,RGB,True,dataset-dutch-rgb/republic7/val/page/NL-HaNA_1.01.02_3262_0111.xml
val,NL-HaNA_1.01.02_3262_0223,dataset-dutch-rgb/republic7/val/NL-HaNA_1.01.02_3262_0223.jpg,page_image_c998d822e4109933f4a4af3974a23f8c5ac9cda441773d202a80dfa7c4e5a762,7393048,JPEG,5142,3962,RGB,True,dataset-dutch-rgb/republic7/val/page/NL-HaNA_1.01.02_3262_0223.xml
val,NL-HaNA_1.01.02_3264_0219,dataset-dutch-rgb/republic7/val/NL-HaNA_1.01.02_3264_0219.jpg,page_image_a6c90de15e6826124928bb77736deb16b9f1f38344780e84f043e16d073af7e1,7283194,JPEG,5221,3991,RGB,True,dataset-dutch-rgb/republic7/val/page/NL-HaNA_1.01.02_3264_0219.xml
val,NL-HaNA_1.01.02_3269_0690,dataset-dutch-rgb/republic7/val/NL-HaNA_1.01.02_3269_0690.jpg,page_image_0951d30edb5ee83b91b5a928fe6ea571fc6071b6c85b3478f4d81a0bc24a0f3b,6643195,JPEG,5022,4002,RGB,True,dataset-dutch-rgb/republic7/val/page/NL-HaNA_1.01.02_3269_0690.xml
val,NL-HaNA_1.01.02_3272_0194,dataset-dutch-rgb/republic7/val/NL-HaNA_1.01.02_3272_0194.jpg,page_image_7497c60f0fa78b1bcfaba01564d26c0de690bcbe7795e8440a8ef06a7d74a8d1,7075365,JPEG,5216,4038,RGB,True,dataset-dutch-rgb/republic7/val/page/NL-HaNA_1.01.02_3272_0194.xml
val,NL-HaNA_1.01.02_3277_0018,dataset-dutch-rgb/republic7/val/NL-HaNA_1.01.02_3277_0018.jpg,page_image_8dad4bae5d0d223a5c04427f3d0b8232bf3cebb5ed6d6f79d5cbb9df7a33c8ad,6235194,JPEG,5192,4001,RGB,True,dataset-dutch-rgb/republic7/val/page/NL-HaNA_1.01.02_3277_0018.xml
val,NL-HaNA_1.01.02_3277_0447,dataset-dutch-rgb/republic7/val/NL-HaNA_1.01.02_3277_0447.jpg,page_image_c6859e0a88fea8ec1f55eaaadfe2ef9080693f9b5a06ecf9870309bcb895e958,6573750,JPEG,5251,4020,RGB,True,dataset-dutch-rgb/republic7/val/page/NL-HaNA_1.01.02_3277_0447.xml
val,NL-HaNA_1.01.02_3277_0608,dataset-dutch-rgb/republic7/val/NL-HaNA_1.01.02_3277_0608.jpg,page_image_3bc966d35d5ce79312fba029a24bc60c6e2f0d54019e9120f468752d7b73d598,7550510,JPEG,5290,4077,RGB,True,dataset-dutch-rgb/republic7/val/page/NL-HaNA_1.01.02_3277_0608.xml
val,NL-HaNA_1.01.02_3285_0491,dataset-dutch-rgb/republic7/val/NL-HaNA_1.01.02_3285_0491.jpg,page_image_793d5334b0a99d406974b9aa5f2f2559c401e736410672987f6b206740559d31,6339120,JPEG,5170,4026,RGB,True,dataset-dutch-rgb/republic7/val/page/NL-HaNA_1.01.02_3285_0491.xml
val,NL-HaNA_1.01.02_3285_0912,dataset-dutch-rgb/republic7/val/NL-HaNA_1.01.02_3285_0912.jpg,page_image_cfc7d159b20b0f4a56d9c96d9e50f64b692c5f2e6763b81f81e848cdb56e9adb,6781857,JPEG,5291,4029,RGB,True,dataset-dutch-rgb/republic7/val/page/NL-HaNA_1.01.02_3285_0912.xml
val,NL-HaNA_1.01.02_3288_0600,dataset-dutch-rgb/republic7/val/NL-HaNA_1.01.02_3288_0600.jpg,page_image_6a870684b9d6258bc9671d006378ada625de196738910f99fbbb973a54d4ca1c,7362730,JPEG,5128,4074,RGB,True,dataset-dutch-rgb/republic7/val/page/NL-HaNA_1.01.02_3288_0600.xml
val,NL-HaNA_1.01.02_3290_0627,dataset-dutch-rgb/republic7/val/NL-HaNA_1.01.02_3290_0627.jpg,page_image_a22dde92900db628deee2f8e1a7a3695b0f0bdcd09a5380b7b4bae239a87779d,6858557,JPEG,5132,4011,RGB,True,dataset-dutch-rgb/republic7/val/page/NL-HaNA_1.01.02_3290_0627.xml
val,NL-HaNA_1.01.02_3296_0365,dataset-dutch-rgb/republic7/val/NL-HaNA_1.01.02_3296_0365.jpg,page_image_ca76f9f045c78d295c89664c16264e0d3972c537b312d7cf21f80ee109638d94,5605360,JPEG,4891,4041,RGB,True,dataset-dutch-rgb/republic7/val/page/NL-HaNA_1.01.02_3296_0365.xml
val,NL-HaNA_1.01.02_3299_0390,dataset-dutch-rgb/republic7/val/NL-HaNA_1.01.02_3299_0390.jpg,page_image_42c3c1b69b97656212d5bd1bb04b497c177861bd3e6c30d3ed965c7fdddf4f31,5491115,JPEG,4992,3994,RGB,True,dataset-dutch-rgb/republic7/val/page/NL-HaNA_1.01.02_3299_0390.xml
val,NL-HaNA_1.01.02_3305_0579,dataset-dutch-rgb/republic7/val/NL-HaNA_1.01.02_3305_0579.jpg,page_image_1ac70f72f386cd042ceeac822b33f9a8a49c6a6d4568c70467b78dca5fd228af,5348392,JPEG,5066,4044,RGB,True,dataset-dutch-rgb/republic7/val/page/NL-HaNA_1.01.02_3305_0579.xml
val,NL-HaNA_1.01.02_3309_0674,dataset-dutch-rgb/republic7/val/NL-HaNA_1.01.02_3309_0674.jpg,page_image_1b5c49ec43ee7402d274d7a0d8f0f3253959afb0098e6cebdca34abfef920c91,6320700,JPEG,5218,4049,RGB,True,dataset-dutch-rgb/republic7/val/page/NL-HaNA_1.01.02_3309_0674.xml
val,NL-HaNA_1.01.02_3313_0230,dataset-dutch-rgb/republic7/val/NL-HaNA_1.01.02_3313_0230.jpg,page_image_30a9bdce2e02d755ab72314503c8563377ab823780ac9fd7543e1d49f82301ca,6247309,JPEG,5216,4101,RGB,True,dataset-dutch-rgb/republic7/val/page/NL-HaNA_1.01.02_3313_0230.xml
val,NL-HaNA_1.01.02_3321_0026,dataset-dutch-rgb/republic7/val/NL-HaNA_1.01.02_3321_0026.jpg,page_image_91877ae561ab868fa051fce6ce93818f5319a5ec01bc13e259866f15e5d9e04e,6172675,JPEG,5103,4037,RGB,True,dataset-dutch-rgb/republic7/val/page/NL-HaNA_1.01.02_3321_0026.xml
val,NL-HaNA_1.01.02_3331_0247,dataset-dutch-rgb/republic7/val/NL-HaNA_1.01.02_3331_0247.jpg,page_image_fd9d14c0a48ea778fcdbb745ac4f9b5849a8c950eccb952685a3b50779295b47,6708797,JPEG,5221,4031,RGB,True,dataset-dutch-rgb/republic7/val/page/NL-HaNA_1.01.02_3331_0247.xml
val,NL-HaNA_1.01.02_3334_0498,dataset-dutch-rgb/republic7/val/NL-HaNA_1.01.02_3334_0498.jpg,page_image_987c927fc19a12023a630d608d75fbdbd8e7a2e853a454437ff0013cc7025118,5569724,JPEG,5083,4026,RGB,True,dataset-dutch-rgb/republic7/val/page/NL-HaNA_1.01.02_3334_0498.xml
val,NL-HaNA_1.01.02_3339_0702,dataset-dutch-rgb/republic7/val/NL-HaNA_1.01.02_3339_0702.jpg,page_image_55463afe3b452a6f561e9c0cd24bf930632943de5aeebe1433470e1effced147,6104615,JPEG,5025,4055,RGB,True,dataset-dutch-rgb/republic7/val/page/NL-HaNA_1.01.02_3339_0702.xml
val,NL-HaNA_1.01.02_3342_0145,dataset-dutch-rgb/republic7/val/NL-HaNA_1.01.02_3342_0145.jpg,page_image_8e456f082cdba142dcd107e26095c063869ad44ca6be23d7930997851851c2a6,5047952,JPEG,4905,4017,RGB,True,dataset-dutch-rgb/republic7/val/page/NL-HaNA_1.01.02_3342_0145.xml
val,NL-HaNA_1.10.94_430_0223,dataset-dutch-rgb/republic7/val/NL-HaNA_1.10.94_430_0223.jpg,page_image_dabfb6c357866272a6f6450a083dd1759e4a7c2cfbc3be1dd6fda2acac7834f9,5556755,JPEG,5254,4105,RGB,True,dataset-dutch-rgb/republic7/val/page/NL-HaNA_1.10.94_430_0223.xml
