line_id,image_width,image_height,resized_width,T_timesteps,ref_len,adjacent_repeats,T_min_required,slack,insufficient,loghi_status,loghi_empty,loghi_cer
Svea_Hovraett_etc_export_job_4502443_858057_Svea_Hovraett_OCo_Advokatfiskalen_Jaemtlands_laen__1713_-f577f7f3/0001_DSC_0449/r2l1,584.0,97.0,385.32,49,40,2,42,7,False,ok,0,0.45
Svea_Hovraett_etc_export_job_4502443_858057_Svea_Hovraett_OCo_Advokatfiskalen_Jaemtlands_laen__1713_-f577f7f3/0001_DSC_0449/r2l2,586.0,83.0,451.86,57,38,1,39,18,False,ok,0,0.15789473684210525
Svea_Hovraett_etc_export_job_4502443_858057_Svea_Hovraett_OCo_Advokatfiskalen_Jaemtlands_laen__1713_-f577f7f3/0001_DSC_0449/r2l3,544.0,87.0,400.18,51,33,0,33,18,False,ok,0,0.42424242424242425
Svea_Hovraett_etc_export_job_4502443_858057_Svea_Hovraett_OCo_Advokatfiskalen_Jaemtlands_laen__1713_-f577f7f3/0001_DSC_0449/r2l4,530.0,93.0,364.73,46,36,0,36,10,False,ok,0,0.3055555555555556
Svea_Hovraett_etc_export_job_4502443_858057_Svea_Hovraett_OCo_Advokatfiskalen_Jaemtlands_laen__1713_-f577f7f3/0001_DSC_0449/line_1638973695479_561,734.0,88.0,533.82,67,50,2,52,15,False,ok,0,0.38
Svea_Hovraett_etc_export_job_4502443_858057_Svea_Hovraett_OCo_Advokatfiskalen_Jaemtlands_laen__1713_-f577f7f3/0001_DSC_0449/line_1638973698919_565,700.0,102.0,439.22,55,49,2,51,4,False,ok,0,0.3469387755102041
Svea_Hovraett_etc_export_job_4502443_858057_Svea_Hovraett_OCo_Advokatfiskalen_Jaemtlands_laen__1713_-f577f7f3/0001_DSC_0449/line_1638973701951_569,710.0,89.0,510.56,64,42,3,45,19,False,ok,0,0.42857142857142855
Svea_Hovraett_etc_export_job_4502443_858057_Svea_Hovraett_OCo_Advokatfiskalen_Jaemtlands_laen__1713_-f577f7f3/0001_DSC_0449/line_1638973705134_573,761.0,87.0,559.82,70,46,3,49,21,False,ok,0,0.5
Svea_Hovraett_etc_export_job_4502443_858057_Svea_Hovraett_OCo_Advokatfiskalen_Jaemtlands_laen__1713_-f577f7f3/0001_DSC_0449/line_1638973708415_577,771.0,94.0,524.94,66,51,3,54,12,False,ok,0,0.35294117647058826
Svea_Hovraett_etc_export_job_4502443_858057_Svea_Hovraett_OCo_Advokatfiskalen_Jaemtlands_laen__1713_-f577f7f3/0001_DSC_0449/r2l15,318.0,95.0,214.23,27,27,1,28,-1,True,ok,0,0.5185185185185185
Svea_Hovraett_etc_export_job_4502443_858057_Svea_Hovraett_OCo_Advokatfiskalen_Jaemtlands_laen__1713_-f577f7f3/0001_DSC_0449/r2l16,782.0,102.0,490.67,62,49,1,50,12,False,ok,0,0.30612244897959184
Svea_Hovraett_etc_export_job_4502443_858057_Svea_Hovraett_OCo_Advokatfiskalen_Jaemtlands_laen__1713_-f577f7f3/0001_DSC_0449/r2l17,786.0,113.0,445.17,56,59,4,63,-7,True,ok,0,0.3389830508474576
Svea_Hovraett_etc_export_job_4502443_858057_Svea_Hovraett_OCo_Advokatfiskalen_Jaemtlands_laen__1713_-f577f7f3/0001_DSC_0449/r2l18,789.0,98.0,515.27,65,51,2,53,12,False,ok,0,0.23529411764705882
Svea_Hovraett_etc_export_job_4502443_858057_Svea_Hovraett_OCo_Advokatfiskalen_Jaemtlands_laen__1713_-f577f7f3/0001_DSC_0449/r2l19,800.0,71.0,721.13,91,56,1,57,34,False,ok,0,0.23214285714285715
Svea_Hovraett_etc_export_job_4502443_858057_Svea_Hovraett_OCo_Advokatfiskalen_Jaemtlands_laen__1713_-f577f7f3/0001_DSC_0449/r2l20,818.0,79.0,662.68,83,56,2,58,25,False,ok,0,0.3392857142857143
Svea_Hovraett_etc_export_job_4502443_858057_Svea_Hovraett_OCo_Advokatfiskalen_Jaemtlands_laen__1713_-f577f7f3/0001_DSC_0449/r2l21,842.0,97.0,555.55,70,58,4,62,8,False,ok,0,0.41379310344827586
Svea_Hovraett_etc_export_job_4502443_858057_Svea_Hovraett_OCo_Advokatfiskalen_Jaemtlands_laen__1713_-f577f7f3/0001_DSC_0449/r2l22,831.0,95.0,559.83,70,52,0,52,18,False,ok,0,0.19230769230769232
Svea_Hovraett_etc_export_job_4502443_858057_Svea_Hovraett_OCo_Advokatfiskalen_Jaemtlands_laen__1713_-f577f7f3/0001_DSC_0449/r2l23,850.0,85.0,640.0,80,54,2,56,24,False,ok,0,0.14814814814814814
Svea_Hovraett_etc_export_job_4502443_858057_Svea_Hovraett_OCo_Advokatfiskalen_Jaemtlands_laen__1713_-f577f7f3/0001_DSC_0449/r2l24,842.0,66.0,816.48,103,51,1,52,51,False,ok,0,0.23529411764705882
Svea_Hovraett_etc_export_job_4502443_858057_Svea_Hovraett_OCo_Advokatfiskalen_Jaemtlands_laen__1713_-f577f7f3/0001_DSC_0449/r2l25,855.0,72.0,760.0,95,52,0,52,43,False,ok,0,0.17307692307692307
Svea_Hovraett_etc_export_job_4502443_858057_Svea_Hovraett_OCo_Advokatfiskalen_Jaemtlands_laen__1713_-f577f7f3/0001_DSC_0449/r2l26,833.0,67.0,795.7,100,46,2,48,52,False,ok,0,0.391304347826087
Svea_Hovraett_etc_export_job_4502443_858057_Svea_Hovraett_OCo_Advokatfiskalen_Jaemtlands_laen__1713_-f577f7f3/0001_DSC_0449/r2l27,844.0,77.0,701.51,88,53,4,57,31,False,ok,0,0.09433962264150944
Svea_Hovraett_etc_export_job_4502443_858057_Svea_Hovraett_OCo_Advokatfiskalen_Jaemtlands_laen__1713_-f577f7f3/0001_DSC_0449/r2l28,866.0,87.0,637.06,80,47,1,48,32,False,ok,0,0.2978723404255319
Svea_Hovraett_etc_export_job_4502443_858057_Svea_Hovraett_OCo_Advokatfiskalen_Jaemtlands_laen__1713_-f577f7f3/0001_DSC_0449/r2l29,876.0,86.0,651.91,82,54,3,57,25,False,ok,0,0.25925925925925924
Svea_Hovraett_etc_export_job_4502443_858057_Svea_Hovraett_OCo_Advokatfiskalen_Jaemtlands_laen__1713_-f577f7f3/0001_DSC_0449/r2l30,108.0,67.0,103.16,13,6,0,6,7,False,empty,1,1.0
Svea_Hovraett_etc_export_job_4502443_858057_Svea_Hovraett_OCo_Advokatfiskalen_Jaemtlands_laen__1713_-f577f7f3/0002_DSC_0450/r1l1,677.0,123.0,352.26,45,52,1,53,-8,True,ok,0,0.6730769230769231
Svea_Hovraett_etc_export_job_4502443_858057_Svea_Hovraett_OCo_Advokatfiskalen_Jaemtlands_laen__1713_-f577f7f3/0002_DSC_0450/r1l2,660.0,106.0,398.49,50,57,4,61,-11,True,ok,0,0.7719298245614035
Svea_Hovraett_etc_export_job_4502443_858057_Svea_Hovraett_OCo_Advokatfiskalen_Jaemtlands_laen__1713_-f577f7f3/0002_DSC_0450/r1l3,681.0,103.0,423.15,53,48,3,51,2,False,ok,0,0.8541666666666666
Svea_Hovraett_etc_export_job_4502443_858057_Svea_Hovraett_OCo_Advokatfiskalen_Jaemtlands_laen__1713_-f577f7f3/0002_DSC_0450/r1l4,670.0,102.0,420.39,53,49,0,49,4,False,ok,0,0.8979591836734694
Svea_Hovraett_etc_export_job_4502443_858057_Svea_Hovraett_OCo_Advokatfiskalen_Jaemtlands_laen__1713_-f577f7f3/0002_DSC_0450/r1l5,691.0,103.0,429.36,54,51,1,52,2,False,ok,0,0.8627450980392157
Svea_Hovraett_etc_export_job_4502443_858057_Svea_Hovraett_OCo_Advokatfiskalen_Jaemtlands_laen__1713_-f577f7f3/0002_DSC_0450/r1l6,670.0,100.0,428.8,54,47,4,51,3,False,ok,0,0.7446808510638298
Svea_Hovraett_etc_export_job_4502443_858057_Svea_Hovraett_OCo_Advokatfiskalen_Jaemtlands_laen__1713_-f577f7f3/0002_DSC_0450/r1l7,663.0,112.0,378.86,48,47,5,52,-4,True,ok,0,0.9148936170212766
Svea_Hovraett_etc_export_job_4502443_858057_Svea_Hovraett_OCo_Advokatfiskalen_Jaemtlands_laen__1713_-f577f7f3/0002_DSC_0450/r1l8,676.0,95.0,455.41,57,51,1,52,5,False,ok,0,0.5294117647058824
Svea_Hovraett_etc_export_job_4502443_858057_Svea_Hovraett_OCo_Advokatfiskalen_Jaemtlands_laen__1713_-f577f7f3/0002_DSC_0450/r1l10,35.0,53.0,42.26,6,7,0,7,-1,True,ok,0,1.0
Svea_Hovraett_etc_export_job_4502443_858057_Svea_Hovraett_OCo_Advokatfiskalen_Jaemtlands_laen__1713_-f577f7f3/0002_DSC_0450/r1l11,98.0,64.0,98.0,13,2,0,2,11,False,ok,0,3.0
Svea_Hovraett_etc_export_job_4502443_858057_Svea_Hovraett_OCo_Advokatfiskalen_Jaemtlands_laen__1713_-f577f7f3/0002_DSC_0450/r1l12,671.0,125.0,343.55,43,49,1,50,-7,True,ok,0,0.8367346938775511
Svea_Hovraett_etc_export_job_4502443_858057_Svea_Hovraett_OCo_Advokatfiskalen_Jaemtlands_laen__1713_-f577f7f3/0002_DSC_0450/r1l13,675.0,110.0,392.73,50,48,1,49,1,False,ok,0,0.7916666666666666
Svea_Hovraett_etc_export_job_4502443_858057_Svea_Hovraett_OCo_Advokatfiskalen_Jaemtlands_laen__1713_-f577f7f3/0002_DSC_0450/r1l14,663.0,109.0,389.28,49,48,1,49,0,False,ok,0,0.6666666666666666
Svea_Hovraett_etc_export_job_4502443_858057_Svea_Hovraett_OCo_Advokatfiskalen_Jaemtlands_laen__1713_-f577f7f3/0002_DSC_0450/r1l15,665.0,97.0,438.76,55,46,4,50,5,False,ok,0,0.6086956521739131
Svea_Hovraett_etc_export_job_4502443_858057_Svea_Hovraett_OCo_Advokatfiskalen_Jaemtlands_laen__1713_-f577f7f3/0002_DSC_0450/r1l16,679.0,93.0,467.27,59,51,3,54,5,False,ok,0,0.5294117647058824
Svea_Hovraett_etc_export_job_4502443_858057_Svea_Hovraett_OCo_Advokatfiskalen_Jaemtlands_laen__1713_-f577f7f3/0002_DSC_0450/r1l17,685.0,106.0,413.58,52,53,0,53,-1,True,ok,0,0.5094339622641509
Svea_Hovraett_etc_export_job_4502443_858057_Svea_Hovraett_OCo_Advokatfiskalen_Jaemtlands_laen__1713_-f577f7f3/0002_DSC_0450/r1l18,670.0,88.0,487.27,61,44,0,44,17,False,ok,0,0.5
Svea_Hovraett_etc_export_job_4502443_858057_Svea_Hovraett_OCo_Advokatfiskalen_Jaemtlands_laen__1713_-f577f7f3/0002_DSC_0450/r1l19,704.0,88.0,512.0,64,49,2,51,13,False,ok,0,0.2857142857142857
Svea_Hovraett_etc_export_job_4502443_858057_Svea_Hovraett_OCo_Advokatfiskalen_Jaemtlands_laen__1713_-f577f7f3/0002_DSC_0450/r1l20,699.0,95.0,470.91,59,48,3,51,8,False,ok,0,0.2916666666666667
Svea_Hovraett_etc_export_job_4502443_858057_Svea_Hovraett_OCo_Advokatfiskalen_Jaemtlands_laen__1713_-f577f7f3/0002_DSC_0450/r1l21,695.0,87.0,511.26,64,40,2,42,22,False,ok,0,0.325
Svea_Hovraett_etc_export_job_4502443_858057_Svea_Hovraett_OCo_Advokatfiskalen_Jaemtlands_laen__1713_-f577f7f3/0002_DSC_0450/r1l22,698.0,97.0,460.54,58,48,1,49,9,False,ok,0,0.2708333333333333
Svea_Hovraett_etc_export_job_4502443_858057_Svea_Hovraett_OCo_Advokatfiskalen_Jaemtlands_laen__1713_-f577f7f3/0002_DSC_0450/r1l24,710.0,71.0,640.0,80,51,3,54,26,False,ok,0,0.23529411764705882
Svea_Hovraett_etc_export_job_4502443_858057_Svea_Hovraett_OCo_Advokatfiskalen_Jaemtlands_laen__1713_-f577f7f3/0002_DSC_0450/r1l25,695.0,87.0,511.26,64,44,1,45,19,False,ok,0,0.20454545454545456
Svea_Hovraett_etc_export_job_4502443_858057_Svea_Hovraett_OCo_Advokatfiskalen_Jaemtlands_laen__1713_-f577f7f3/0002_DSC_0450/r1l26,689.0,74.0,595.89,75,43,1,44,31,False,ok,0,0.046511627906976744
Svea_Hovraett_etc_export_job_4502443_858057_Svea_Hovraett_OCo_Advokatfiskalen_Jaemtlands_laen__1713_-f577f7f3/0002_DSC_0450/r1l27,712.0,77.0,591.79,74,47,5,52,22,False,ok,0,0.10638297872340426
Svea_Hovraett_etc_export_job_4502443_858057_Svea_Hovraett_OCo_Advokatfiskalen_Jaemtlands_laen__1713_-f577f7f3/0002_DSC_0450/r1l28,292.0,81.0,230.72,29,16,2,18,11,False,ok,0,0.1875
Svea_Hovraett_etc_export_job_4502443_858057_Svea_Hovraett_OCo_Advokatfiskalen_Jaemtlands_laen__1713_-f577f7f3/0002_DSC_0450/r1l30,140.0,95.0,94.32,12,7,1,8,4,False,ok,0,0.14285714285714285
Svea_Hovraett_etc_export_job_4502443_858057_Svea_Hovraett_OCo_Advokatfiskalen_Jaemtlands_laen__1713_-f577f7f3/0002_DSC_0450/r2l1,43.0,57.0,48.28,7,2,0,2,5,False,ok,0,1.0
Svea_Hovraett_etc_export_job_4502443_858057_Svea_Hovraett_OCo_Advokatfiskalen_Jaemtlands_laen__1713_-f577f7f3/0002_DSC_0450/r2l2,717.0,87.0,527.45,66,48,4,52,14,False,ok,0,0.2916666666666667
Svea_Hovraett_etc_export_job_4502443_858057_Svea_Hovraett_OCo_Advokatfiskalen_Jaemtlands_laen__1713_-f577f7f3/0002_DSC_0450/r2l3,730.0,80.0,584.0,73,44,3,47,26,False,ok,0,0.2727272727272727
Svea_Hovraett_etc_export_job_4502443_858057_Svea_Hovraett_OCo_Advokatfiskalen_Jaemtlands_laen__1713_-f577f7f3/0002_DSC_0450/r2l4,718.0,82.0,560.39,71,47,3,50,21,False,ok,0,0.1276595744680851
Svea_Hovraett_etc_export_job_4502443_858057_Svea_Hovraett_OCo_Advokatfiskalen_Jaemtlands_laen__1713_-f577f7f3/0002_DSC_0450/r2l5,750.0,101.0,475.25,60,51,0,51,9,False,ok,0,0.43137254901960786
Svea_Hovraett_etc_export_job_4502443_858057_Svea_Hovraett_OCo_Advokatfiskalen_Jaemtlands_laen__1713_-f577f7f3/0002_DSC_0450/r2l6,732.0,78.0,600.62,76,51,3,54,22,False,ok,0,0.09803921568627451
Svea_Hovraett_etc_export_job_4502443_858057_Svea_Hovraett_OCo_Advokatfiskalen_Jaemtlands_laen__1713_-f577f7f3/0002_DSC_0450/r2l7,737.0,66.0,714.67,90,54,2,56,34,False,ok,0,0.037037037037037035
Svea_Hovraett_etc_export_job_4502443_858057_Svea_Hovraett_OCo_Advokatfiskalen_Jaemtlands_laen__1713_-f577f7f3/0002_DSC_0450/r2l8,733.0,65.0,721.72,91,48,3,51,40,False,ok,0,0.020833333333333332
Svea_Hovraett_etc_export_job_4502443_858057_Svea_Hovraett_OCo_Advokatfiskalen_Jaemtlands_laen__1713_-f577f7f3/0002_DSC_0450/r2l9,737.0,86.0,548.47,69,52,1,53,16,False,ok,0,0.4807692307692308
Svea_Hovraett_etc_export_job_4502443_858057_Svea_Hovraett_OCo_Advokatfiskalen_Jaemtlands_laen__1713_-f577f7f3/0002_DSC_0450/r2l10,749.0,89.0,538.61,68,58,1,59,9,False,ok,0,0.3793103448275862
Svea_Hovraett_etc_export_job_4502443_858057_Svea_Hovraett_OCo_Advokatfiskalen_Jaemtlands_laen__1713_-f577f7f3/0002_DSC_0450/r2l11,759.0,87.0,558.34,70,52,3,55,15,False,ok,0,0.21153846153846154
Svea_Hovraett_etc_export_job_4502443_858057_Svea_Hovraett_OCo_Advokatfiskalen_Jaemtlands_laen__1713_-f577f7f3/0002_DSC_0450/r2l12,750.0,85.0,564.71,71,51,3,54,17,False,ok,0,0.17647058823529413
Svea_Hovraett_etc_export_job_4502443_858057_Svea_Hovraett_OCo_Advokatfiskalen_Jaemtlands_laen__1713_-f577f7f3/0002_DSC_0450/r2l13,766.0,77.0,636.68,80,54,4,58,22,False,ok,0,0.35185185185185186
Svea_Hovraett_etc_export_job_4502443_858057_Svea_Hovraett_OCo_Advokatfiskalen_Jaemtlands_laen__1713_-f577f7f3/0002_DSC_0450/r2l14,748.0,91.0,526.07,66,59,3,62,4,False,ok,0,0.3220338983050847
Svea_Hovraett_etc_export_job_4502443_858057_Svea_Hovraett_OCo_Advokatfiskalen_Jaemtlands_laen__1713_-f577f7f3/0002_DSC_0450/r2l15,744.0,81.0,587.85,74,42,2,44,30,False,ok,0,0.16666666666666666
Svea_Hovraett_etc_export_job_4502443_858057_Svea_Hovraett_OCo_Advokatfiskalen_Jaemtlands_laen__1713_-f577f7f3/0002_DSC_0450/r2l16,745.0,74.0,644.32,81,46,5,51,30,False,ok,0,0.17391304347826086
Svea_Hovraett_etc_export_job_4502443_858057_Svea_Hovraett_OCo_Advokatfiskalen_Jaemtlands_laen__1713_-f577f7f3/0002_DSC_0450/r2l17,755.0,83.0,582.17,73,56,2,58,15,False,ok,0,0.4107142857142857
Svea_Hovraett_etc_export_job_4502443_858057_Svea_Hovraett_OCo_Advokatfiskalen_Jaemtlands_laen__1713_-f577f7f3/0002_DSC_0450/r2l18,758.0,86.0,564.09,71,48,2,50,21,False,ok,0,0.16666666666666666
Svea_Hovraett_etc_export_job_4502443_858057_Svea_Hovraett_OCo_Advokatfiskalen_Jaemtlands_laen__1713_-f577f7f3/0002_DSC_0450/r2l19,769.0,61.0,806.82,101,51,5,56,45,False,ok,0,0.1568627450980392
Svea_Hovraett_etc_export_job_4502443_858057_Svea_Hovraett_OCo_Advokatfiskalen_Jaemtlands_laen__1713_-f577f7f3/0002_DSC_0450/r2l20,775.0,76.0,652.63,82,51,0,51,31,False,ok,0,0.17647058823529413
Svea_Hovraett_etc_export_job_4502443_858057_Svea_Hovraett_OCo_Advokatfiskalen_Jaemtlands_laen__1713_-f577f7f3/0002_DSC_0450/r2l21,742.0,78.0,608.82,77,47,1,48,29,False,ok,0,0.19148936170212766
Svea_Hovraett_etc_export_job_4502443_858057_Svea_Hovraett_OCo_Advokatfiskalen_Jaemtlands_laen__1713_-f577f7f3/0002_DSC_0450/r2l22,792.0,82.0,618.15,78,52,3,55,23,False,ok,0,0.21153846153846154
Svea_Hovraett_etc_export_job_4502443_858057_Svea_Hovraett_OCo_Advokatfiskalen_Jaemtlands_laen__1713_-f577f7f3/0002_DSC_0450/r2l23,772.0,81.0,609.98,77,46,4,50,27,False,ok,0,0.1956521739130435
Svea_Hovraett_etc_export_job_4502443_858057_Svea_Hovraett_OCo_Advokatfiskalen_Jaemtlands_laen__1713_-f577f7f3/0002_DSC_0450/r2l24,781.0,73.0,684.71,86,49,1,50,36,False,ok,0,0.14285714285714285
Svea_Hovraett_etc_export_job_4502443_858057_Svea_Hovraett_OCo_Advokatfiskalen_Jaemtlands_laen__1713_-f577f7f3/0002_DSC_0450/r2l25,796.0,68.0,749.18,94,50,1,51,43,False,ok,0,0.3
Svea_Hovraett_etc_export_job_4502443_858057_Svea_Hovraett_OCo_Advokatfiskalen_Jaemtlands_laen__1713_-f577f7f3/0002_DSC_0450/r2l27,808.0,88.0,587.64,74,49,3,52,22,False,ok,0,0.16326530612244897
Svea_Hovraett_etc_export_job_4502443_858057_Svea_Hovraett_OCo_Advokatfiskalen_Jaemtlands_laen__1713_-f577f7f3/0002_DSC_0450/r2l28,110.0,67.0,105.07,14,6,0,6,8,False,ok,0,0.6666666666666666
Svea_Hovraett_etc_export_job_4502443_858057_Svea_Hovraett_OCo_Advokatfiskalen_Jaemtlands_laen__1713_-f577f7f3/0003_DSC_0451/r1l1,637.0,147.0,277.33,35,48,3,51,-16,True,ok,0,0.9375
Svea_Hovraett_etc_export_job_4502443_858057_Svea_Hovraett_OCo_Advokatfiskalen_Jaemtlands_laen__1713_-f577f7f3/0003_DSC_0451/r1l2,634.0,149.0,272.32,35,46,1,47,-12,True,ok,0,0.9347826086956522
Svea_Hovraett_etc_export_job_4502443_858057_Svea_Hovraett_OCo_Advokatfiskalen_Jaemtlands_laen__1713_-f577f7f3/0003_DSC_0451/r1l3,653.0,138.0,302.84,38,49,2,51,-13,True,ok,0,0.8367346938775511
Svea_Hovraett_etc_export_job_4502443_858057_Svea_Hovraett_OCo_Advokatfiskalen_Jaemtlands_laen__1713_-f577f7f3/0003_DSC_0451/r1l4,365.0,115.0,203.13,26,29,1,30,-4,True,ok,0,0.896551724137931
Svea_Hovraett_etc_export_job_4502443_858057_Svea_Hovraett_OCo_Advokatfiskalen_Jaemtlands_laen__1713_-f577f7f3/0003_DSC_0451/r1l5,748.0,151.0,317.03,40,63,3,66,-26,True,ok,0,0.9206349206349206
Svea_Hovraett_etc_export_job_4502443_858057_Svea_Hovraett_OCo_Advokatfiskalen_Jaemtlands_laen__1713_-f577f7f3/0003_DSC_0451/r1l6,629.0,136.0,296.0,37,47,2,49,-12,True,ok,0,0.8085106382978723
Svea_Hovraett_etc_export_job_4502443_858057_Svea_Hovraett_OCo_Advokatfiskalen_Jaemtlands_laen__1713_-f577f7f3/0003_DSC_0451/r1l7,649.0,123.0,337.69,43,49,1,50,-7,True,empty,1,1.0
Svea_Hovraett_etc_export_job_4502443_858057_Svea_Hovraett_OCo_Advokatfiskalen_Jaemtlands_laen__1713_-f577f7f3/0003_DSC_0451/r1l8,650.0,128.0,325.0,41,47,0,47,-6,True,ok,0,0.8723404255319149
Svea_Hovraett_etc_export_job_4502443_858057_Svea_Hovraett_OCo_Advokatfiskalen_Jaemtlands_laen__1713_-f577f7f3/0003_DSC_0451/r1l9,658.0,131.0,321.47,41,52,3,55,-14,True,ok,0,0.9230769230769231
Svea_Hovraett_etc_export_job_4502443_858057_Svea_Hovraett_OCo_Advokatfiskalen_Jaemtlands_laen__1713_-f577f7f3/0003_DSC_0451/r1l10,673.0,116.0,371.31,47,49,3,52,-5,True,ok,0,0.7551020408163265
Svea_Hovraett_etc_export_job_4502443_858057_Svea_Hovraett_OCo_Advokatfiskalen_Jaemtlands_laen__1713_-f577f7f3/0003_DSC_0451/r1l11,653.0,130.0,321.48,41,50,2,52,-11,True,ok,0,0.96
Svea_Hovraett_etc_export_job_4502443_858057_Svea_Hovraett_OCo_Advokatfiskalen_Jaemtlands_laen__1713_-f577f7f3/0003_DSC_0451/r1l12,672.0,122.0,352.52,45,48,1,49,-4,True,empty,1,1.0
Svea_Hovraett_etc_export_job_4502443_858057_Svea_Hovraett_OCo_Advokatfiskalen_Jaemtlands_laen__1713_-f577f7f3/0003_DSC_0451/r1l13,668.0,126.0,339.3,43,47,3,50,-7,True,ok,0,0.9361702127659575
Svea_Hovraett_etc_export_job_4502443_858057_Svea_Hovraett_OCo_Advokatfiskalen_Jaemtlands_laen__1713_-f577f7f3/0003_DSC_0451/r1l14,670.0,135.0,317.63,40,45,2,47,-7,True,ok,0,0.9555555555555556
Svea_Hovraett_etc_export_job_4502443_858057_Svea_Hovraett_OCo_Advokatfiskalen_Jaemtlands_laen__1713_-f577f7f3/0003_DSC_0451/r1l15,673.0,122.0,353.05,45,45,1,46,-1,True,ok,0,0.8666666666666667
Svea_Hovraett_etc_export_job_4502443_858057_Svea_Hovraett_OCo_Advokatfiskalen_Jaemtlands_laen__1713_-f577f7f3/0003_DSC_0451/r1l16,681.0,115.0,378.99,48,49,1,50,-2,True,ok,0,0.8571428571428571
Svea_Hovraett_etc_export_job_4502443_858057_Svea_Hovraett_OCo_Advokatfiskalen_Jaemtlands_laen__1713_-f577f7f3/0003_DSC_0451/r1l17,675.0,113.0,382.3,48,50,0,50,-2,True,ok,0,0.82
Svea_Hovraett_etc_export_job_4502443_858057_Svea_Hovraett_OCo_Advokatfiskalen_Jaemtlands_laen__1713_-f577f7f3/0003_DSC_0451/r1l18,669.0,100.0,428.16,54,49,2,51,3,False,ok,0,0.6326530612244898
Svea_Hovraett_etc_export_job_4502443_858057_Svea_Hovraett_OCo_Advokatfiskalen_Jaemtlands_laen__1713_-f577f7f3/0003_DSC_0451/r1l19,681.0,108.0,403.56,51,41,2,43,8,False,ok,0,0.43902439024390244
Svea_Hovraett_etc_export_job_4502443_858057_Svea_Hovraett_OCo_Advokatfiskalen_Jaemtlands_laen__1713_-f577f7f3/0003_DSC_0451/r1l20,683.0,119.0,367.33,46,48,3,51,-5,True,ok,0,0.8333333333333334
Svea_Hovraett_etc_export_job_4502443_858057_Svea_Hovraett_OCo_Advokatfiskalen_Jaemtlands_laen__1713_-f577f7f3/0003_DSC_0451/r1l21,691.0,104.0,425.23,54,44,3,47,7,False,ok,0,0.5909090909090909
Svea_Hovraett_etc_export_job_4502443_858057_Svea_Hovraett_OCo_Advokatfiskalen_Jaemtlands_laen__1713_-f577f7f3/0003_DSC_0451/r1l23,682.0,90.0,484.98,61,49,4,53,8,False,ok,0,0.30612244897959184
Svea_Hovraett_etc_export_job_4502443_858057_Svea_Hovraett_OCo_Advokatfiskalen_Jaemtlands_laen__1713_-f577f7f3/0003_DSC_0451/r1l24,696.0,74.0,601.95,76,47,3,50,26,False,ok,0,0.3829787234042553
Svea_Hovraett_etc_export_job_4502443_858057_Svea_Hovraett_OCo_Advokatfiskalen_Jaemtlands_laen__1713_-f577f7f3/0003_DSC_0451/r1l25,671.0,89.0,482.52,61,49,2,51,10,False,ok,0,0.4489795918367347
Svea_Hovraett_etc_export_job_4502443_858057_Svea_Hovraett_OCo_Advokatfiskalen_Jaemtlands_laen__1713_-f577f7f3/0003_DSC_0451/r1l27,147.0,61.0,154.23,20,6,1,7,13,False,ok,0,0.0
Svea_Hovraett_etc_export_job_4502443_858057_Svea_Hovraett_OCo_Advokatfiskalen_Jaemtlands_laen__1713_-f577f7f3/0003_DSC_0451/r2l2,661.0,88.0,480.73,61,61,6,67,-6,True,ok,0,0.5081967213114754
Svea_Hovraett_etc_export_job_4502443_858057_Svea_Hovraett_OCo_Advokatfiskalen_Jaemtlands_laen__1713_-f577f7f3/0003_DSC_0451/r2l3,661.0,65.0,650.83,82,58,4,62,20,False,ok,0,0.25862068965517243
Svea_Hovraett_etc_export_job_4502443_858057_Svea_Hovraett_OCo_Advokatfiskalen_Jaemtlands_laen__1713_-f577f7f3/0003_DSC_0451/r2l4,667.0,63.0,677.59,85,60,3,63,22,False,ok,0,0.43333333333333335
Svea_Hovraett_etc_export_job_4502443_858057_Svea_Hovraett_OCo_Advokatfiskalen_Jaemtlands_laen__1713_-f577f7f3/0003_DSC_0451/r2l5,661.0,58.0,729.38,92,55,3,58,34,False,ok,0,0.32727272727272727
Svea_Hovraett_etc_export_job_4502443_858057_Svea_Hovraett_OCo_Advokatfiskalen_Jaemtlands_laen__1713_-f577f7f3/0003_DSC_0451/r2l6,668.0,65.0,657.72,83,57,1,58,25,False,ok,0,0.40350877192982454
Svea_Hovraett_etc_export_job_4502443_858057_Svea_Hovraett_OCo_Advokatfiskalen_Jaemtlands_laen__1713_-f577f7f3/0003_DSC_0451/r2l7,679.0,75.0,579.41,73,64,3,67,6,False,ok,0,0.53125
Svea_Hovraett_etc_export_job_4502443_858057_Svea_Hovraett_OCo_Advokatfiskalen_Jaemtlands_laen__1713_-f577f7f3/0003_DSC_0451/r2l8,661.0,68.0,622.12,78,50,0,50,28,False,ok,0,0.28
Svea_Hovraett_etc_export_job_4502443_858057_Svea_Hovraett_OCo_Advokatfiskalen_Jaemtlands_laen__1713_-f577f7f3/0003_DSC_0451/r2l9,672.0,67.0,641.91,81,56,2,58,23,False,ok,0,0.32142857142857145
Svea_Hovraett_etc_export_job_4502443_858057_Svea_Hovraett_OCo_Advokatfiskalen_Jaemtlands_laen__1713_-f577f7f3/0003_DSC_0451/r2l10,682.0,77.0,566.86,71,52,2,54,17,False,ok,0,0.25
Svea_Hovraett_etc_export_job_4502443_858057_Svea_Hovraett_OCo_Advokatfiskalen_Jaemtlands_laen__1713_-f577f7f3/0003_DSC_0451/r2l11,697.0,85.0,524.8,66,49,3,52,14,False,ok,0,0.3877551020408163
Svea_Hovraett_etc_export_job_4502443_858057_Svea_Hovraett_OCo_Advokatfiskalen_Jaemtlands_laen__1713_-f577f7f3/0003_DSC_0451/r2l12,682.0,73.0,597.92,75,49,4,53,22,False,ok,0,0.22448979591836735
Svea_Hovraett_etc_export_job_4502443_858057_Svea_Hovraett_OCo_Advokatfiskalen_Jaemtlands_laen__1713_-f577f7f3/0003_DSC_0451/r2l13,689.0,81.0,544.4,69,47,3,50,19,False,ok,0,0.2553191489361702
Svea_Hovraett_etc_export_job_4502443_858057_Svea_Hovraett_OCo_Advokatfiskalen_Jaemtlands_laen__1713_-f577f7f3/0003_DSC_0451/r2l14,697.0,86.0,518.7,65,48,5,53,12,False,ok,0,0.4583333333333333
Svea_Hovraett_etc_export_job_4502443_858057_Svea_Hovraett_OCo_Advokatfiskalen_Jaemtlands_laen__1713_-f577f7f3/0003_DSC_0451/r2l15,700.0,98.0,457.14,58,51,2,53,5,False,ok,0,0.5098039215686274
Svea_Hovraett_etc_export_job_4502443_858057_Svea_Hovraett_OCo_Advokatfiskalen_Jaemtlands_laen__1713_-f577f7f3/0003_DSC_0451/r2l16,709.0,102.0,444.86,56,52,3,55,1,False,ok,0,0.6346153846153846
Svea_Hovraett_etc_export_job_4502443_858057_Svea_Hovraett_OCo_Advokatfiskalen_Jaemtlands_laen__1713_-f577f7f3/0003_DSC_0451/r2l17,683.0,94.0,465.02,59,45,4,49,10,False,ok,0,0.4888888888888889
Svea_Hovraett_etc_export_job_4502443_858057_Svea_Hovraett_OCo_Advokatfiskalen_Jaemtlands_laen__1713_-f577f7f3/0003_DSC_0451/r2l18,724.0,83.0,558.27,70,48,2,50,20,False,ok,0,0.4375
Svea_Hovraett_etc_export_job_4502443_858057_Svea_Hovraett_OCo_Advokatfiskalen_Jaemtlands_laen__1713_-f577f7f3/0003_DSC_0451/r2l19,712.0,71.0,641.8,81,49,3,52,29,False,ok,0,0.32653061224489793
Svea_Hovraett_etc_export_job_4502443_858057_Svea_Hovraett_OCo_Advokatfiskalen_Jaemtlands_laen__1713_-f577f7f3/0003_DSC_0451/r2l21,719.0,86.0,535.07,67,48,1,49,18,False,ok,0,0.375
Svea_Hovraett_etc_export_job_4502443_858057_Svea_Hovraett_OCo_Advokatfiskalen_Jaemtlands_laen__1713_-f577f7f3/0003_DSC_0451/r2l22,721.0,89.0,518.47,65,49,1,50,15,False,ok,0,0.2857142857142857
Svea_Hovraett_etc_export_job_4502443_858057_Svea_Hovraett_OCo_Advokatfiskalen_Jaemtlands_laen__1713_-f577f7f3/0003_DSC_0451/r2l23,722.0,84.0,550.1,69,51,2,53,16,False,ok,0,0.3333333333333333
Svea_Hovraett_etc_export_job_4502443_858057_Svea_Hovraett_OCo_Advokatfiskalen_Jaemtlands_laen__1713_-f577f7f3/0003_DSC_0451/r2l25,751.0,87.0,552.46,70,52,3,55,15,False,ok,0,0.34615384615384615
Svea_Hovraett_etc_export_job_4502443_858057_Svea_Hovraett_OCo_Advokatfiskalen_Jaemtlands_laen__1713_-f577f7f3/0003_DSC_0451/r2l26,533.0,88.0,387.64,49,46,1,47,2,False,ok,0,0.5217391304347826
Svea_Hovraett_etc_export_job_4502443_858057_Svea_Hovraett_OCo_Advokatfiskalen_Jaemtlands_laen__1713_-f577f7f3/0003_DSC_0451/r2l27,45.0,48.0,60.0,8,2,0,2,6,False,ok,0,1.0
Svea_Hovraett_etc_export_job_4502443_858057_Svea_Hovraett_OCo_Advokatfiskalen_Jaemtlands_laen__1713_-f577f7f3/0003_DSC_0451/r2l28,774.0,101.0,490.46,62,47,3,50,12,False,ok,0,0.425531914893617
Svea_Hovraett_etc_export_job_4502443_858057_Svea_Hovraett_OCo_Advokatfiskalen_Jaemtlands_laen__1713_-f577f7f3/0003_DSC_0451/r2l29,763.0,93.0,525.08,66,53,1,54,12,False,ok,0,0.41509433962264153
Svea_Hovraett_etc_export_job_4502443_858057_Svea_Hovraett_OCo_Advokatfiskalen_Jaemtlands_laen__1713_-f577f7f3/0003_DSC_0451/r2l30,101.0,62.0,104.26,14,5,1,6,8,False,empty,1,1.0
Svea_Hovraett_etc_export_job_4502443_858057_Svea_Hovraett_OCo_Advokatfiskalen_Jaemtlands_laen__1713_-f577f7f3/0004_DSC_0452/r1l1,632.0,114.0,354.81,45,51,2,53,-8,True,ok,0,0.6666666666666666
Svea_Hovraett_etc_export_job_4502443_858057_Svea_Hovraett_OCo_Advokatfiskalen_Jaemtlands_laen__1713_-f577f7f3/0004_DSC_0452/r1l2,638.0,114.0,358.18,45,49,3,52,-7,True,ok,0,0.8163265306122449
Svea_Hovraett_etc_export_job_4502443_858057_Svea_Hovraett_OCo_Advokatfiskalen_Jaemtlands_laen__1713_-f577f7f3/0004_DSC_0452/r1l3,636.0,121.0,336.4,43,51,2,53,-10,True,ok,0,0.8235294117647058
Svea_Hovraett_etc_export_job_4502443_858057_Svea_Hovraett_OCo_Advokatfiskalen_Jaemtlands_laen__1713_-f577f7f3/0004_DSC_0452/r1l4,655.0,105.0,399.24,50,41,2,43,7,False,ok,0,0.6341463414634146
Svea_Hovraett_etc_export_job_4502443_858057_Svea_Hovraett_OCo_Advokatfiskalen_Jaemtlands_laen__1713_-f577f7f3/0004_DSC_0452/r1l5,647.0,111.0,373.05,47,46,2,48,-1,True,ok,0,0.782608695652174
Svea_Hovraett_etc_export_job_4502443_858057_Svea_Hovraett_OCo_Advokatfiskalen_Jaemtlands_laen__1713_-f577f7f3/0004_DSC_0452/r1l6,665.0,124.0,343.23,43,50,0,50,-7,True,ok,0,0.9
Svea_Hovraett_etc_export_job_4502443_858057_Svea_Hovraett_OCo_Advokatfiskalen_Jaemtlands_laen__1713_-f577f7f3/0004_DSC_0452/r1l7,658.0,98.0,429.71,54,47,4,51,3,False,ok,0,0.7021276595744681
Svea_Hovraett_etc_export_job_4502443_858057_Svea_Hovraett_OCo_Advokatfiskalen_Jaemtlands_laen__1713_-f577f7f3/0004_DSC_0452/r1l8,667.0,108.0,395.26,50,55,2,57,-7,True,ok,0,0.7636363636363637
Svea_Hovraett_etc_export_job_4502443_858057_Svea_Hovraett_OCo_Advokatfiskalen_Jaemtlands_laen__1713_-f577f7f3/0004_DSC_0452/r1l9,653.0,103.0,405.75,51,46,3,49,2,False,ok,0,0.717391304347826
Svea_Hovraett_etc_export_job_4502443_858057_Svea_Hovraett_OCo_Advokatfiskalen_Jaemtlands_laen__1713_-f577f7f3/0004_DSC_0452/r1l10,660.0,124.0,340.65,43,46,1,47,-4,True,ok,0,0.9782608695652174
Svea_Hovraett_etc_export_job_4502443_858057_Svea_Hovraett_OCo_Advokatfiskalen_Jaemtlands_laen__1713_-f577f7f3/0004_DSC_0452/r1l11,657.0,100.0,420.48,53,53,3,56,-3,True,ok,0,0.4716981132075472
Svea_Hovraett_etc_export_job_4502443_858057_Svea_Hovraett_OCo_Advokatfiskalen_Jaemtlands_laen__1713_-f577f7f3/0004_DSC_0452/r1l12,675.0,98.0,440.82,56,47,1,48,8,False,ok,0,0.6170212765957447
Svea_Hovraett_etc_export_job_4502443_858057_Svea_Hovraett_OCo_Advokatfiskalen_Jaemtlands_laen__1713_-f577f7f3/0004_DSC_0452/r1l13,682.0,100.0,436.48,55,44,2,46,9,False,ok,0,0.5909090909090909
Svea_Hovraett_etc_export_job_4502443_858057_Svea_Hovraett_OCo_Advokatfiskalen_Jaemtlands_laen__1713_-f577f7f3/0004_DSC_0452/r1l14,674.0,95.0,454.06,57,49,2,51,6,False,ok,0,0.22448979591836735
Svea_Hovraett_etc_export_job_4502443_858057_Svea_Hovraett_OCo_Advokatfiskalen_Jaemtlands_laen__1713_-f577f7f3/0004_DSC_0452/r1l15,689.0,90.0,489.96,62,45,3,48,14,False,ok,0,0.26666666666666666
Svea_Hovraett_etc_export_job_4502443_858057_Svea_Hovraett_OCo_Advokatfiskalen_Jaemtlands_laen__1713_-f577f7f3/0004_DSC_0452/r1l16,675.0,92.0,469.57,59,52,2,54,5,False,ok,0,0.36538461538461536
Svea_Hovraett_etc_export_job_4502443_858057_Svea_Hovraett_OCo_Advokatfiskalen_Jaemtlands_laen__1713_-f577f7f3/0004_DSC_0452/r1l17,693.0,69.0,642.78,81,55,1,56,25,False,ok,0,0.18181818181818182
Svea_Hovraett_etc_export_job_4502443_858057_Svea_Hovraett_OCo_Advokatfiskalen_Jaemtlands_laen__1713_-f577f7f3/0004_DSC_0452/r1l19,697.0,68.0,656.0,82,47,3,50,32,False,ok,0,0.10638297872340426
Svea_Hovraett_etc_export_job_4502443_858057_Svea_Hovraett_OCo_Advokatfiskalen_Jaemtlands_laen__1713_-f577f7f3/0004_DSC_0452/r1l20,674.0,84.0,513.52,65,50,1,51,14,False,ok,0,0.12
Svea_Hovraett_etc_export_job_4502443_858057_Svea_Hovraett_OCo_Advokatfiskalen_Jaemtlands_laen__1713_-f577f7f3/0004_DSC_0452/r1l21,694.0,64.0,694.0,87,51,3,54,33,False,ok,0,0.09803921568627451
Svea_Hovraett_etc_export_job_4502443_858057_Svea_Hovraett_OCo_Advokatfiskalen_Jaemtlands_laen__1713_-f577f7f3/0004_DSC_0452/r1l22,685.0,77.0,569.35,72,49,3,52,20,False,ok,0,0.20408163265306123
Svea_Hovraett_etc_export_job_4502443_858057_Svea_Hovraett_OCo_Advokatfiskalen_Jaemtlands_laen__1713_-f577f7f3/0004_DSC_0452/r1l23,684.0,72.0,608.0,76,45,1,46,30,False,ok,0,0.15555555555555556
Svea_Hovraett_etc_export_job_4502443_858057_Svea_Hovraett_OCo_Advokatfiskalen_Jaemtlands_laen__1713_-f577f7f3/0004_DSC_0452/r1l24,679.0,64.0,679.0,85,49,3,52,33,False,ok,0,0.2653061224489796
Svea_Hovraett_etc_export_job_4502443_858057_Svea_Hovraett_OCo_Advokatfiskalen_Jaemtlands_laen__1713_-f577f7f3/0004_DSC_0452/r1l25,706.0,62.0,728.77,92,44,5,49,43,False,ok,0,0.2727272727272727
Svea_Hovraett_etc_export_job_4502443_858057_Svea_Hovraett_OCo_Advokatfiskalen_Jaemtlands_laen__1713_-f577f7f3/0004_DSC_0452/r1l26,700.0,71.0,630.99,79,40,2,42,37,False,ok,0,0.025
Svea_Hovraett_etc_export_job_4502443_858057_Svea_Hovraett_OCo_Advokatfiskalen_Jaemtlands_laen__1713_-f577f7f3/0004_DSC_0452/r1l27,175.0,63.0,177.78,23,11,0,11,12,False,ok,0,0.18181818181818182
Svea_Hovraett_etc_export_job_4502443_858057_Svea_Hovraett_OCo_Advokatfiskalen_Jaemtlands_laen__1713_-f577f7f3/0004_DSC_0452/r2l2,692.0,81.0,546.77,69,49,3,52,17,False,ok,0,0.24489795918367346
Svea_Hovraett_etc_export_job_4502443_858057_Svea_Hovraett_OCo_Advokatfiskalen_Jaemtlands_laen__1713_-f577f7f3/0004_DSC_0452/r2l3,691.0,73.0,605.81,76,50,4,54,22,False,ok,0,0.24
Svea_Hovraett_etc_export_job_4502443_858057_Svea_Hovraett_OCo_Advokatfiskalen_Jaemtlands_laen__1713_-f577f7f3/0004_DSC_0452/r2l4,669.0,68.0,629.65,79,57,4,61,18,False,ok,0,0.2807017543859649
Svea_Hovraett_etc_export_job_4502443_858057_Svea_Hovraett_OCo_Advokatfiskalen_Jaemtlands_laen__1713_-f577f7f3/0004_DSC_0452/r2l5,688.0,57.0,772.49,97,49,0,49,48,False,ok,0,0.04081632653061224
Svea_Hovraett_etc_export_job_4502443_858057_Svea_Hovraett_OCo_Advokatfiskalen_Jaemtlands_laen__1713_-f577f7f3/0004_DSC_0452/r2l6,676.0,70.0,618.06,78,48,4,52,26,False,ok,0,0.2916666666666667
Svea_Hovraett_etc_export_job_4502443_858057_Svea_Hovraett_OCo_Advokatfiskalen_Jaemtlands_laen__1713_-f577f7f3/0004_DSC_0452/r2l7,700.0,74.0,605.41,76,46,4,50,26,False,ok,0,0.13043478260869565
Svea_Hovraett_etc_export_job_4502443_858057_Svea_Hovraett_OCo_Advokatfiskalen_Jaemtlands_laen__1713_-f577f7f3/0004_DSC_0452/r2l8,706.0,76.0,594.53,75,50,1,51,24,False,ok,0,0.2
Svea_Hovraett_etc_export_job_4502443_858057_Svea_Hovraett_OCo_Advokatfiskalen_Jaemtlands_laen__1713_-f577f7f3/0004_DSC_0452/r2l9,710.0,72.0,631.11,79,48,2,50,29,False,ok,0,0.08333333333333333
Svea_Hovraett_etc_export_job_4502443_858057_Svea_Hovraett_OCo_Advokatfiskalen_Jaemtlands_laen__1713_-f577f7f3/0004_DSC_0452/r2l10,646.0,70.0,590.63,74,41,1,42,32,False,ok,0,0.04878048780487805
Svea_Hovraett_etc_export_job_4502443_858057_Svea_Hovraett_OCo_Advokatfiskalen_Jaemtlands_laen__1713_-f577f7f3/0004_DSC_0452/r2l11,699.0,70.0,639.09,80,44,2,46,34,False,ok,0,0.1590909090909091
Svea_Hovraett_etc_export_job_4502443_858057_Svea_Hovraett_OCo_Advokatfiskalen_Jaemtlands_laen__1713_-f577f7f3/0004_DSC_0452/r2l12,717.0,69.0,665.04,84,48,1,49,35,False,ok,0,0.25
Svea_Hovraett_etc_export_job_4502443_858057_Svea_Hovraett_OCo_Advokatfiskalen_Jaemtlands_laen__1713_-f577f7f3/0004_DSC_0452/r2l13,736.0,75.0,628.05,79,46,4,50,29,False,ok,0,0.17391304347826086
Svea_Hovraett_etc_export_job_4502443_858057_Svea_Hovraett_OCo_Advokatfiskalen_Jaemtlands_laen__1713_-f577f7f3/0004_DSC_0452/r2l14,704.0,62.0,726.71,91,47,4,51,40,False,ok,0,0.0425531914893617
Svea_Hovraett_etc_export_job_4502443_858057_Svea_Hovraett_OCo_Advokatfiskalen_Jaemtlands_laen__1713_-f577f7f3/0004_DSC_0452/r2l15,740.0,84.0,563.81,71,46,1,47,24,False,ok,0,0.043478260869565216
Svea_Hovraett_etc_export_job_4502443_858057_Svea_Hovraett_OCo_Advokatfiskalen_Jaemtlands_laen__1713_-f577f7f3/0004_DSC_0452/r2l16,727.0,97.0,479.67,60,51,2,53,7,False,ok,0,0.23529411764705882
Svea_Hovraett_etc_export_job_4502443_858057_Svea_Hovraett_OCo_Advokatfiskalen_Jaemtlands_laen__1713_-f577f7f3/0004_DSC_0452/r2l17,751.0,82.0,586.15,74,54,1,55,19,False,ok,0,0.25925925925925924
Svea_Hovraett_etc_export_job_4502443_858057_Svea_Hovraett_OCo_Advokatfiskalen_Jaemtlands_laen__1713_-f577f7f3/0004_DSC_0452/r2l18,744.0,61.0,780.59,98,54,3,57,41,False,ok,0,0.14814814814814814
Svea_Hovraett_etc_export_job_4502443_858057_Svea_Hovraett_OCo_Advokatfiskalen_Jaemtlands_laen__1713_-f577f7f3/0004_DSC_0452/r2l19,731.0,79.0,592.2,75,48,1,49,26,False,ok,0,0.1875
Svea_Hovraett_etc_export_job_4502443_858057_Svea_Hovraett_OCo_Advokatfiskalen_Jaemtlands_laen__1713_-f577f7f3/0004_DSC_0452/r2l20,719.0,76.0,605.47,76,44,1,45,31,False,ok,0,0.06818181818181818
Svea_Hovraett_etc_export_job_4502443_858057_Svea_Hovraett_OCo_Advokatfiskalen_Jaemtlands_laen__1713_-f577f7f3/0004_DSC_0452/r2l21,753.0,79.0,610.03,77,52,2,54,23,False,ok,0,0.11538461538461539
Svea_Hovraett_etc_export_job_4502443_858057_Svea_Hovraett_OCo_Advokatfiskalen_Jaemtlands_laen__1713_-f577f7f3/0004_DSC_0452/r2l22,739.0,76.0,622.32,78,49,4,53,25,False,ok,0,0.24489795918367346
Svea_Hovraett_etc_export_job_4502443_858057_Svea_Hovraett_OCo_Advokatfiskalen_Jaemtlands_laen__1713_-f577f7f3/0004_DSC_0452/r2l23,724.0,70.0,661.94,83,54,3,57,26,False,ok,0,0.18518518518518517
Svea_Hovraett_etc_export_job_4502443_858057_Svea_Hovraett_OCo_Advokatfiskalen_Jaemtlands_laen__1713_-f577f7f3/0004_DSC_0452/r2l24,751.0,77.0,624.21,79,52,1,53,26,False,ok,0,0.2692307692307692
Svea_Hovraett_etc_export_job_4502443_858057_Svea_Hovraett_OCo_Advokatfiskalen_Jaemtlands_laen__1713_-f577f7f3/0004_DSC_0452/r2l25,748.0,71.0,674.25,85,47,2,49,36,False,ok,0,0.19148936170212766
Svea_Hovraett_etc_export_job_4502443_858057_Svea_Hovraett_OCo_Advokatfiskalen_Jaemtlands_laen__1713_-f577f7f3/0004_DSC_0452/r2l26,767.0,81.0,606.02,76,51,2,53,23,False,ok,0,0.3137254901960784
Svea_Hovraett_etc_export_job_4502443_858057_Svea_Hovraett_OCo_Advokatfiskalen_Jaemtlands_laen__1713_-f577f7f3/0004_DSC_0452/r2l27,760.0,91.0,534.51,67,50,2,52,15,False,ok,0,0.18
Svea_Hovraett_etc_export_job_4502443_858057_Svea_Hovraett_OCo_Advokatfiskalen_Jaemtlands_laen__1713_-f577f7f3/0004_DSC_0452/r2l28,40.0,68.0,37.65,5,4,1,5,0,False,ok,0,0.25
Svea_Hovraett_etc_export_job_4502443_858057_Svea_Hovraett_OCo_Advokatfiskalen_Jaemtlands_laen__1713_-f577f7f3/0005_DSC_0453/r1l2,687.0,119.0,369.48,47,65,3,68,-21,True,ok,0,0.8923076923076924
Svea_Hovraett_etc_export_job_4502443_858057_Svea_Hovraett_OCo_Advokatfiskalen_Jaemtlands_laen__1713_-f577f7f3/0005_DSC_0453/r1l3,670.0,111.0,386.31,49,55,4,59,-10,True,ok,0,0.8545454545454545
Svea_Hovraett_etc_export_job_4502443_858057_Svea_Hovraett_OCo_Advokatfiskalen_Jaemtlands_laen__1713_-f577f7f3/0005_DSC_0453/r1l4,641.0,114.0,359.86,45,48,2,50,-5,True,ok,0,0.9791666666666666
Svea_Hovraett_etc_export_job_4502443_858057_Svea_Hovraett_OCo_Advokatfiskalen_Jaemtlands_laen__1713_-f577f7f3/0005_DSC_0453/r1l5,671.0,122.0,352.0,44,53,1,54,-10,True,ok,0,0.9056603773584906
Svea_Hovraett_etc_export_job_4502443_858057_Svea_Hovraett_OCo_Advokatfiskalen_Jaemtlands_laen__1713_-f577f7f3/0005_DSC_0453/r1l6,658.0,125.0,336.9,43,60,1,61,-18,True,ok,0,0.9833333333333333
Svea_Hovraett_etc_export_job_4502443_858057_Svea_Hovraett_OCo_Advokatfiskalen_Jaemtlands_laen__1713_-f577f7f3/0005_DSC_0453/r1l7,661.0,97.0,436.12,55,51,4,55,0,False,ok,0,0.803921568627451
Svea_Hovraett_etc_export_job_4502443_858057_Svea_Hovraett_OCo_Advokatfiskalen_Jaemtlands_laen__1713_-f577f7f3/0005_DSC_0453/r1l8,697.0,122.0,365.64,46,51,4,55,-9,True,ok,0,0.8431372549019608
Svea_Hovraett_etc_export_job_4502443_858057_Svea_Hovraett_OCo_Advokatfiskalen_Jaemtlands_laen__1713_-f577f7f3/0005_DSC_0453/r1l9,683.0,111.0,393.8,50,53,4,57,-7,True,ok,0,0.9056603773584906
Svea_Hovraett_etc_export_job_4502443_858057_Svea_Hovraett_OCo_Advokatfiskalen_Jaemtlands_laen__1713_-f577f7f3/0005_DSC_0453/r1l10,678.0,125.0,347.14,44,55,2,57,-13,True,ok,0,0.9454545454545454
Svea_Hovraett_etc_export_job_4502443_858057_Svea_Hovraett_OCo_Advokatfiskalen_Jaemtlands_laen__1713_-f577f7f3/0005_DSC_0453/r1l11,700.0,119.0,376.47,48,51,3,54,-6,True,ok,0,0.8235294117647058
Svea_Hovraett_etc_export_job_4502443_858057_Svea_Hovraett_OCo_Advokatfiskalen_Jaemtlands_laen__1713_-f577f7f3/0005_DSC_0453/r1l12,688.0,116.0,379.59,48,60,4,64,-16,True,ok,0,0.8833333333333333
Svea_Hovraett_etc_export_job_4502443_858057_Svea_Hovraett_OCo_Advokatfiskalen_Jaemtlands_laen__1713_-f577f7f3/0005_DSC_0453/r1l14,705.0,102.0,442.35,56,57,4,61,-5,True,ok,0,0.7192982456140351
Svea_Hovraett_etc_export_job_4502443_858057_Svea_Hovraett_OCo_Advokatfiskalen_Jaemtlands_laen__1713_-f577f7f3/0005_DSC_0453/r1l15,683.0,103.0,424.39,54,53,0,53,1,False,ok,0,0.7924528301886793
Svea_Hovraett_etc_export_job_4502443_858057_Svea_Hovraett_OCo_Advokatfiskalen_Jaemtlands_laen__1713_-f577f7f3/0005_DSC_0453/r1l16,684.0,110.0,397.96,50,49,4,53,-3,True,ok,0,0.6938775510204082
Svea_Hovraett_etc_export_job_4502443_858057_Svea_Hovraett_OCo_Advokatfiskalen_Jaemtlands_laen__1713_-f577f7f3/0005_DSC_0453/r1l17,702.0,98.0,458.45,58,53,3,56,2,False,ok,0,0.5849056603773585
Svea_Hovraett_etc_export_job_4502443_858057_Svea_Hovraett_OCo_Advokatfiskalen_Jaemtlands_laen__1713_-f577f7f3/0005_DSC_0453/r1l18,725.0,102.0,454.9,57,52,2,54,3,False,ok,0,0.5576923076923077
Svea_Hovraett_etc_export_job_4502443_858057_Svea_Hovraett_OCo_Advokatfiskalen_Jaemtlands_laen__1713_-f577f7f3/0005_DSC_0453/r1l19,723.0,80.0,578.4,73,57,3,60,13,False,ok,0,0.45614035087719296
Svea_Hovraett_etc_export_job_4502443_858057_Svea_Hovraett_OCo_Advokatfiskalen_Jaemtlands_laen__1713_-f577f7f3/0005_DSC_0453/r1l20,709.0,91.0,498.64,63,47,2,49,14,False,ok,0,0.40425531914893614
Svea_Hovraett_etc_export_job_4502443_858057_Svea_Hovraett_OCo_Advokatfiskalen_Jaemtlands_laen__1713_-f577f7f3/0005_DSC_0453/r1l21,706.0,95.0,475.62,60,59,3,62,-2,True,ok,0,0.3220338983050847
Svea_Hovraett_etc_export_job_4502443_858057_Svea_Hovraett_OCo_Advokatfiskalen_Jaemtlands_laen__1713_-f577f7f3/0005_DSC_0453/r1l22,706.0,97.0,465.81,59,36,0,36,23,False,ok,0,0.4444444444444444
Svea_Hovraett_etc_export_job_4502443_858057_Svea_Hovraett_OCo_Advokatfiskalen_Jaemtlands_laen__1713_-f577f7f3/0005_DSC_0453/r1l23,715.0,83.0,551.33,69,47,3,50,19,False,ok,0,0.2978723404255319
Svea_Hovraett_etc_export_job_4502443_858057_Svea_Hovraett_OCo_Advokatfiskalen_Jaemtlands_laen__1713_-f577f7f3/0005_DSC_0453/r1l24,721.0,89.0,518.47,65,58,1,59,6,False,ok,0,0.5
Svea_Hovraett_etc_export_job_4502443_858057_Svea_Hovraett_OCo_Advokatfiskalen_Jaemtlands_laen__1713_-f577f7f3/0005_DSC_0453/r1l25,697.0,79.0,564.66,71,48,4,52,19,False,ok,0,0.125
Svea_Hovraett_etc_export_job_4502443_858057_Svea_Hovraett_OCo_Advokatfiskalen_Jaemtlands_laen__1713_-f577f7f3/0005_DSC_0453/r1l26,709.0,78.0,581.74,73,49,0,49,24,False,ok,0,0.1836734693877551
Svea_Hovraett_etc_export_job_4502443_858057_Svea_Hovraett_OCo_Advokatfiskalen_Jaemtlands_laen__1713_-f577f7f3/0005_DSC_0453/r1l27,721.0,82.0,562.73,71,46,4,50,21,False,ok,0,0.1956521739130435
Svea_Hovraett_etc_export_job_4502443_858057_Svea_Hovraett_OCo_Advokatfiskalen_Jaemtlands_laen__1713_-f577f7f3/0005_DSC_0453/r1l28,713.0,85.0,536.85,68,45,3,48,20,False,ok,0,0.17777777777777778
Svea_Hovraett_etc_export_job_4502443_858057_Svea_Hovraett_OCo_Advokatfiskalen_Jaemtlands_laen__1713_-f577f7f3/0005_DSC_0453/r1l29,726.0,79.0,588.15,74,43,2,45,29,False,ok,0,0.2558139534883721
Svea_Hovraett_etc_export_job_4502443_858057_Svea_Hovraett_OCo_Advokatfiskalen_Jaemtlands_laen__1713_-f577f7f3/0005_DSC_0453/r1l30,111.0,38.0,186.95,24,3,0,3,21,False,ok,0,1.0
Svea_Hovraett_etc_export_job_4502443_858057_Svea_Hovraett_OCo_Advokatfiskalen_Jaemtlands_laen__1713_-f577f7f3/0005_DSC_0453/r2l1,703.0,100.0,449.92,57,52,2,54,3,False,ok,0,0.28846153846153844
Svea_Hovraett_etc_export_job_4502443_858057_Svea_Hovraett_OCo_Advokatfiskalen_Jaemtlands_laen__1713_-f577f7f3/0005_DSC_0453/r2l2,695.0,58.0,766.9,96,54,2,56,40,False,ok,0,0.25925925925925924
Svea_Hovraett_etc_export_job_4502443_858057_Svea_Hovraett_OCo_Advokatfiskalen_Jaemtlands_laen__1713_-f577f7f3/0005_DSC_0453/r2l4,552.0,79.0,447.19,56,42,1,43,13,False,ok,0,0.21428571428571427
Svea_Hovraett_etc_export_job_4502443_858057_Svea_Hovraett_OCo_Advokatfiskalen_Jaemtlands_laen__1713_-f577f7f3/0005_DSC_0453/r2l5,31.0,40.0,49.6,7,2,0,2,5,False,ok,0,1.0
Svea_Hovraett_etc_export_job_4502443_858057_Svea_Hovraett_OCo_Advokatfiskalen_Jaemtlands_laen__1713_-f577f7f3/0005_DSC_0453/r2l6,691.0,97.0,455.92,57,52,3,55,2,False,ok,0,0.40384615384615385
Svea_Hovraett_etc_export_job_4502443_858057_Svea_Hovraett_OCo_Advokatfiskalen_Jaemtlands_laen__1713_-f577f7f3/0005_DSC_0453/r2l7,718.0,64.0,718.0,90,52,4,56,34,False,ok,0,0.19230769230769232
Svea_Hovraett_etc_export_job_4502443_858057_Svea_Hovraett_OCo_Advokatfiskalen_Jaemtlands_laen__1713_-f577f7f3/0005_DSC_0453/r2l8,725.0,64.0,725.0,91,55,2,57,34,False,ok,0,0.2
Svea_Hovraett_etc_export_job_4502443_858057_Svea_Hovraett_OCo_Advokatfiskalen_Jaemtlands_laen__1713_-f577f7f3/0005_DSC_0453/r2l9,727.0,78.0,596.51,75,53,1,54,21,False,ok,0,0.16981132075471697
Svea_Hovraett_etc_export_job_4502443_858057_Svea_Hovraett_OCo_Advokatfiskalen_Jaemtlands_laen__1713_-f577f7f3/0005_DSC_0453/r2l10,724.0,65.0,712.86,90,58,3,61,29,False,ok,0,0.3103448275862069
Svea_Hovraett_etc_export_job_4502443_858057_Svea_Hovraett_OCo_Advokatfiskalen_Jaemtlands_laen__1713_-f577f7f3/0005_DSC_0453/r2l11,727.0,80.0,581.6,73,45,3,48,25,False,ok,0,0.28888888888888886
Svea_Hovraett_etc_export_job_4502443_858057_Svea_Hovraett_OCo_Advokatfiskalen_Jaemtlands_laen__1713_-f577f7f3/0005_DSC_0453/r2l12,739.0,77.0,614.23,77,47,2,49,28,False,ok,0,0.2978723404255319
Svea_Hovraett_etc_export_job_4502443_858057_Svea_Hovraett_OCo_Advokatfiskalen_Jaemtlands_laen__1713_-f577f7f3/0005_DSC_0453/r2l13,730.0,91.0,513.41,65,46,4,50,15,False,ok,0,0.43478260869565216
Svea_Hovraett_etc_export_job_4502443_858057_Svea_Hovraett_OCo_Advokatfiskalen_Jaemtlands_laen__1713_-f577f7f3/0005_DSC_0453/r2l14,750.0,79.0,607.59,76,49,2,51,25,False,ok,0,0.22448979591836735
Svea_Hovraett_etc_export_job_4502443_858057_Svea_Hovraett_OCo_Advokatfiskalen_Jaemtlands_laen__1713_-f577f7f3/0005_DSC_0453/r2l15,756.0,79.0,612.46,77,52,3,55,22,False,ok,0,0.17307692307692307
Svea_Hovraett_etc_export_job_4502443_858057_Svea_Hovraett_OCo_Advokatfiskalen_Jaemtlands_laen__1713_-f577f7f3/0005_DSC_0453/r2l16,747.0,83.0,576.0,72,57,2,59,13,False,ok,0,0.2982456140350877
Svea_Hovraett_etc_export_job_4502443_858057_Svea_Hovraett_OCo_Advokatfiskalen_Jaemtlands_laen__1713_-f577f7f3/0005_DSC_0453/r2l17,758.0,75.0,646.83,81,51,4,55,26,False,ok,0,0.47058823529411764
Svea_Hovraett_etc_export_job_4502443_858057_Svea_Hovraett_OCo_Advokatfiskalen_Jaemtlands_laen__1713_-f577f7f3/0005_DSC_0453/r2l18,749.0,90.0,532.62,67,51,2,53,14,False,ok,0,0.5686274509803921
Svea_Hovraett_etc_export_job_4502443_858057_Svea_Hovraett_OCo_Advokatfiskalen_Jaemtlands_laen__1713_-f577f7f3/0005_DSC_0453/r2l20,763.0,73.0,668.93,84,49,4,53,31,False,ok,0,0.14285714285714285
Svea_Hovraett_etc_export_job_4502443_858057_Svea_Hovraett_OCo_Advokatfiskalen_Jaemtlands_laen__1713_-f577f7f3/0005_DSC_0453/r2l22,784.0,97.0,517.28,65,51,3,54,11,False,ok,0,0.45098039215686275
Svea_Hovraett_etc_export_job_4502443_858057_Svea_Hovraett_OCo_Advokatfiskalen_Jaemtlands_laen__1713_-f577f7f3/0005_DSC_0453/r2l23,770.0,88.0,560.0,70,54,2,56,14,False,ok,0,0.3333333333333333
Svea_Hovraett_etc_export_job_4502443_858057_Svea_Hovraett_OCo_Advokatfiskalen_Jaemtlands_laen__1713_-f577f7f3/0005_DSC_0453/r2l24,752.0,79.0,609.22,77,54,2,56,21,False,ok,0,0.2037037037037037
Svea_Hovraett_etc_export_job_4502443_858057_Svea_Hovraett_OCo_Advokatfiskalen_Jaemtlands_laen__1713_-f577f7f3/0005_DSC_0453/r2l25,745.0,84.0,567.62,71,54,3,57,14,False,ok,0,0.3888888888888889
Svea_Hovraett_etc_export_job_4502443_858057_Svea_Hovraett_OCo_Advokatfiskalen_Jaemtlands_laen__1713_-f577f7f3/0005_DSC_0453/r2l27,761.0,101.0,482.22,61,50,4,54,7,False,ok,0,0.4
Svea_Hovraett_etc_export_job_4502443_858057_Svea_Hovraett_OCo_Advokatfiskalen_Jaemtlands_laen__1713_-f577f7f3/0005_DSC_0453/r2l28,782.0,80.0,625.6,79,48,5,53,26,False,ok,0,0.25
Svea_Hovraett_etc_export_job_4502443_858057_Svea_Hovraett_OCo_Advokatfiskalen_Jaemtlands_laen__1713_-f577f7f3/0005_DSC_0453/r2l29,773.0,94.0,526.3,66,48,3,51,15,False,ok,0,0.2916666666666667
Svea_Hovraett_etc_export_job_4502443_858057_Svea_Hovraett_OCo_Advokatfiskalen_Jaemtlands_laen__1713_-f577f7f3/0005_DSC_0453/r2l30,125.0,62.0,129.03,17,6,0,6,11,False,empty,1,1.0
Svea_Hovraett_etc_export_job_4502443_858057_Svea_Hovraett_OCo_Advokatfiskalen_Jaemtlands_laen__1713_-f577f7f3/0006_DSC_0454/r1l1,684.0,124.0,353.03,45,56,3,59,-14,True,ok,0,0.8928571428571429
Svea_Hovraett_etc_export_job_4502443_858057_Svea_Hovraett_OCo_Advokatfiskalen_Jaemtlands_laen__1713_-f577f7f3/0006_DSC_0454/r1l2,674.0,95.0,454.06,57,54,1,55,2,False,ok,0,0.6111111111111112
Svea_Hovraett_etc_export_job_4502443_858057_Svea_Hovraett_OCo_Advokatfiskalen_Jaemtlands_laen__1713_-f577f7f3/0006_DSC_0454/r1l3,677.0,111.0,390.34,49,54,3,57,-8,True,ok,0,0.8333333333333334
Svea_Hovraett_etc_export_job_4502443_858057_Svea_Hovraett_OCo_Advokatfiskalen_Jaemtlands_laen__1713_-f577f7f3/0006_DSC_0454/r1l4,681.0,82.0,531.51,67,55,2,57,10,False,ok,0,0.509090909090909
Svea_Hovraett_etc_export_job_4502443_858057_Svea_Hovraett_OCo_Advokatfiskalen_Jaemtlands_laen__1713_-f577f7f3/0006_DSC_0454/r1l5,689.0,100.0,440.96,56,49,1,50,6,False,ok,0,0.6938775510204082
Svea_Hovraett_etc_export_job_4502443_858057_Svea_Hovraett_OCo_Advokatfiskalen_Jaemtlands_laen__1713_-f577f7f3/0006_DSC_0454/r1l6,687.0,90.0,488.53,62,57,2,59,3,False,ok,0,0.7017543859649122
Svea_Hovraett_etc_export_job_4502443_858057_Svea_Hovraett_OCo_Advokatfiskalen_Jaemtlands_laen__1713_-f577f7f3/0006_DSC_0454/r1l7,695.0,91.0,488.79,62,55,2,57,5,False,ok,0,0.6363636363636364
Svea_Hovraett_etc_export_job_4502443_858057_Svea_Hovraett_OCo_Advokatfiskalen_Jaemtlands_laen__1713_-f577f7f3/0006_DSC_0454/r1l8,691.0,90.0,491.38,62,51,1,52,10,False,ok,0,0.43137254901960786
Svea_Hovraett_etc_export_job_4502443_858057_Svea_Hovraett_OCo_Advokatfiskalen_Jaemtlands_laen__1713_-f577f7f3/0006_DSC_0454/r1l9,681.0,94.0,463.66,58,53,4,57,1,False,ok,0,0.8679245283018868
Svea_Hovraett_etc_export_job_4502443_858057_Svea_Hovraett_OCo_Advokatfiskalen_Jaemtlands_laen__1713_-f577f7f3/0006_DSC_0454/r1l10,693.0,86.0,515.72,65,52,6,58,7,False,ok,0,0.6153846153846154
Svea_Hovraett_etc_export_job_4502443_858057_Svea_Hovraett_OCo_Advokatfiskalen_Jaemtlands_laen__1713_-f577f7f3/0006_DSC_0454/r1l11,698.0,83.0,538.22,68,58,4,62,6,False,ok,0,0.4827586206896552
Svea_Hovraett_etc_export_job_4502443_858057_Svea_Hovraett_OCo_Advokatfiskalen_Jaemtlands_laen__1713_-f577f7f3/0006_DSC_0454/r1l13,686.0,101.0,434.69,55,53,5,58,-3,True,ok,0,0.660377358490566
Svea_Hovraett_etc_export_job_4502443_858057_Svea_Hovraett_OCo_Advokatfiskalen_Jaemtlands_laen__1713_-f577f7f3/0006_DSC_0454/r1l14,692.0,88.0,503.27,63,48,3,51,12,False,ok,0,0.3333333333333333
Svea_Hovraett_etc_export_job_4502443_858057_Svea_Hovraett_OCo_Advokatfiskalen_Jaemtlands_laen__1713_-f577f7f3/0006_DSC_0454/r1l15,692.0,85.0,521.04,66,49,1,50,16,False,ok,0,0.5306122448979592
Svea_Hovraett_etc_export_job_4502443_858057_Svea_Hovraett_OCo_Advokatfiskalen_Jaemtlands_laen__1713_-f577f7f3/0006_DSC_0454/r1l16,686.0,74.0,593.3,75,53,5,58,17,False,ok,0,0.49056603773584906
Svea_Hovraett_etc_export_job_4502443_858057_Svea_Hovraett_OCo_Advokatfiskalen_Jaemtlands_laen__1713_-f577f7f3/0006_DSC_0454/r1l17,691.0,92.0,480.7,61,49,3,52,9,False,ok,0,0.46938775510204084
Svea_Hovraett_etc_export_job_4502443_858057_Svea_Hovraett_OCo_Advokatfiskalen_Jaemtlands_laen__1713_-f577f7f3/0006_DSC_0454/r1l18,709.0,78.0,581.74,73,52,2,54,19,False,ok,0,0.23076923076923078
Svea_Hovraett_etc_export_job_4502443_858057_Svea_Hovraett_OCo_Advokatfiskalen_Jaemtlands_laen__1713_-f577f7f3/0006_DSC_0454/r1l19,713.0,69.0,661.33,83,45,5,50,33,False,ok,0,0.2
Svea_Hovraett_etc_export_job_4502443_858057_Svea_Hovraett_OCo_Advokatfiskalen_Jaemtlands_laen__1713_-f577f7f3/0006_DSC_0454/r1l20,709.0,86.0,527.63,66,52,3,55,11,False,ok,0,0.2692307692307692
Svea_Hovraett_etc_export_job_4502443_858057_Svea_Hovraett_OCo_Advokatfiskalen_Jaemtlands_laen__1713_-f577f7f3/0006_DSC_0454/r1l21,723.0,69.0,670.61,84,51,3,54,30,False,ok,0,0.1568627450980392
Svea_Hovraett_etc_export_job_4502443_858057_Svea_Hovraett_OCo_Advokatfiskalen_Jaemtlands_laen__1713_-f577f7f3/0006_DSC_0454/r1l22,705.0,72.0,626.67,79,47,1,48,31,False,ok,0,0.19148936170212766
Svea_Hovraett_etc_export_job_4502443_858057_Svea_Hovraett_OCo_Advokatfiskalen_Jaemtlands_laen__1713_-f577f7f3/0006_DSC_0454/r1l23,733.0,75.0,625.49,79,48,4,52,27,False,ok,0,0.125
Svea_Hovraett_etc_export_job_4502443_858057_Svea_Hovraett_OCo_Advokatfiskalen_Jaemtlands_laen__1713_-f577f7f3/0006_DSC_0454/r1l24,710.0,81.0,560.99,71,44,1,45,26,False,ok,0,0.1590909090909091
Svea_Hovraett_etc_export_job_4502443_858057_Svea_Hovraett_OCo_Advokatfiskalen_Jaemtlands_laen__1713_-f577f7f3/0006_DSC_0454/r1l25,718.0,87.0,528.18,67,52,5,57,10,False,ok,0,0.3076923076923077
Svea_Hovraett_etc_export_job_4502443_858057_Svea_Hovraett_OCo_Advokatfiskalen_Jaemtlands_laen__1713_-f577f7f3/0006_DSC_0454/r1l26,703.0,76.0,592.0,74,47,0,47,27,False,ok,0,0.23404255319148937
Svea_Hovraett_etc_export_job_4502443_858057_Svea_Hovraett_OCo_Advokatfiskalen_Jaemtlands_laen__1713_-f577f7f3/0006_DSC_0454/r1l27,739.0,89.0,531.42,67,43,2,45,22,False,ok,0,0.2558139534883721
Svea_Hovraett_etc_export_job_4502443_858057_Svea_Hovraett_OCo_Advokatfiskalen_Jaemtlands_laen__1713_-f577f7f3/0006_DSC_0454/r1l28,716.0,98.0,467.59,59,49,3,52,7,False,ok,0,0.3673469387755102
Svea_Hovraett_etc_export_job_4502443_858057_Svea_Hovraett_OCo_Advokatfiskalen_Jaemtlands_laen__1713_-f577f7f3/0006_DSC_0454/r1l29,163.0,77.0,135.48,17,7,1,8,9,False,ok,0,0.42857142857142855
Svea_Hovraett_etc_export_job_4502443_858057_Svea_Hovraett_OCo_Advokatfiskalen_Jaemtlands_laen__1713_-f577f7f3/0006_DSC_0454/r2l1,686.0,78.0,562.87,71,53,4,57,14,False,ok,0,0.2641509433962264
Svea_Hovraett_etc_export_job_4502443_858057_Svea_Hovraett_OCo_Advokatfiskalen_Jaemtlands_laen__1713_-f577f7f3/0006_DSC_0454/r2l2,696.0,66.0,674.91,85,55,3,58,27,False,ok,0,0.2727272727272727
Svea_Hovraett_etc_export_job_4502443_858057_Svea_Hovraett_OCo_Advokatfiskalen_Jaemtlands_laen__1713_-f577f7f3/0006_DSC_0454/r2l3,707.0,77.0,587.64,74,56,4,60,14,False,ok,0,0.25
Svea_Hovraett_etc_export_job_4502443_858057_Svea_Hovraett_OCo_Advokatfiskalen_Jaemtlands_laen__1713_-f577f7f3/0006_DSC_0454/r2l4,688.0,51.0,863.37,108,52,1,53,55,False,ok,0,0.1346153846153846
Svea_Hovraett_etc_export_job_4502443_858057_Svea_Hovraett_OCo_Advokatfiskalen_Jaemtlands_laen__1713_-f577f7f3/0006_DSC_0454/r2l5,721.0,72.0,640.89,81,56,1,57,24,False,ok,0,0.16071428571428573
Svea_Hovraett_etc_export_job_4502443_858057_Svea_Hovraett_OCo_Advokatfiskalen_Jaemtlands_laen__1713_-f577f7f3/0006_DSC_0454/r2l6,719.0,73.0,630.36,79,58,2,60,19,False,ok,0,0.22413793103448276
Svea_Hovraett_etc_export_job_4502443_858057_Svea_Hovraett_OCo_Advokatfiskalen_Jaemtlands_laen__1713_-f577f7f3/0006_DSC_0454/r2l7,719.0,73.0,630.36,79,60,2,62,17,False,ok,0,0.21666666666666667
Svea_Hovraett_etc_export_job_4502443_858057_Svea_Hovraett_OCo_Advokatfiskalen_Jaemtlands_laen__1713_-f577f7f3/0006_DSC_0454/r2l8,726.0,77.0,603.43,76,57,2,59,17,False,ok,0,0.2631578947368421
Svea_Hovraett_etc_export_job_4502443_858057_Svea_Hovraett_OCo_Advokatfiskalen_Jaemtlands_laen__1713_-f577f7f3/0006_DSC_0454/r2l9,720.0,67.0,687.76,86,56,1,57,29,False,ok,0,0.07142857142857142
Svea_Hovraett_etc_export_job_4502443_858057_Svea_Hovraett_OCo_Advokatfiskalen_Jaemtlands_laen__1713_-f577f7f3/0006_DSC_0454/r2l10,727.0,81.0,574.42,72,52,2,54,18,False,ok,0,0.11538461538461539
Svea_Hovraett_etc_export_job_4502443_858057_Svea_Hovraett_OCo_Advokatfiskalen_Jaemtlands_laen__1713_-f577f7f3/0006_DSC_0454/r2l11,733.0,73.0,642.63,81,56,0,56,25,False,ok,0,0.10714285714285714
Svea_Hovraett_etc_export_job_4502443_858057_Svea_Hovraett_OCo_Advokatfiskalen_Jaemtlands_laen__1713_-f577f7f3/0006_DSC_0454/r2l12,727.0,78.0,596.51,75,56,2,58,17,False,ok,0,0.14285714285714285
Svea_Hovraett_etc_export_job_4502443_858057_Svea_Hovraett_OCo_Advokatfiskalen_Jaemtlands_laen__1713_-f577f7f3/0006_DSC_0454/r2l13,721.0,75.0,615.25,77,51,1,52,25,False,ok,0,0.11764705882352941
Svea_Hovraett_etc_export_job_4502443_858057_Svea_Hovraett_OCo_Advokatfiskalen_Jaemtlands_laen__1713_-f577f7f3/0006_DSC_0454/r2l14,729.0,83.0,562.12,71,52,1,53,18,False,ok,0,0.19230769230769232
Svea_Hovraett_etc_export_job_4502443_858057_Svea_Hovraett_OCo_Advokatfiskalen_Jaemtlands_laen__1713_-f577f7f3/0006_DSC_0454/r2l15,740.0,82.0,577.56,73,53,4,57,16,False,ok,0,0.1320754716981132
Svea_Hovraett_etc_export_job_4502443_858057_Svea_Hovraett_OCo_Advokatfiskalen_Jaemtlands_laen__1713_-f577f7f3/0006_DSC_0454/r2l16,739.0,78.0,606.36,76,51,3,54,22,False,ok,0,0.058823529411764705
Svea_Hovraett_etc_export_job_4502443_858057_Svea_Hovraett_OCo_Advokatfiskalen_Jaemtlands_laen__1713_-f577f7f3/0006_DSC_0454/r2l17,745.0,86.0,554.42,70,52,0,52,18,False,ok,0,0.2692307692307692
Svea_Hovraett_etc_export_job_4502443_858057_Svea_Hovraett_OCo_Advokatfiskalen_Jaemtlands_laen__1713_-f577f7f3/0006_DSC_0454/r2l18,755.0,81.0,596.54,75,49,1,50,25,False,ok,0,0.04081632653061224
Svea_Hovraett_etc_export_job_4502443_858057_Svea_Hovraett_OCo_Advokatfiskalen_Jaemtlands_laen__1713_-f577f7f3/0006_DSC_0454/r2l19,754.0,73.0,661.04,83,51,6,57,26,False,ok,0,0.19607843137254902
Svea_Hovraett_etc_export_job_4502443_858057_Svea_Hovraett_OCo_Advokatfiskalen_Jaemtlands_laen__1713_-f577f7f3/0006_DSC_0454/r2l20,763.0,81.0,602.86,76,53,2,55,21,False,ok,0,0.11320754716981132
Svea_Hovraett_etc_export_job_4502443_858057_Svea_Hovraett_OCo_Advokatfiskalen_Jaemtlands_laen__1713_-f577f7f3/0006_DSC_0454/r2l21,748.0,86.0,556.65,70,50,2,52,18,False,ok,0,0.06
Svea_Hovraett_etc_export_job_4502443_858057_Svea_Hovraett_OCo_Advokatfiskalen_Jaemtlands_laen__1713_-f577f7f3/0006_DSC_0454/r2l22,692.0,82.0,540.1,68,46,2,48,20,False,ok,0,0.17391304347826086
Svea_Hovraett_etc_export_job_4502443_858057_Svea_Hovraett_OCo_Advokatfiskalen_Jaemtlands_laen__1713_-f577f7f3/0006_DSC_0454/r2l23,44.0,45.0,62.58,8,2,0,2,6,False,ok,0,1.0
Svea_Hovraett_etc_export_job_4502443_858057_Svea_Hovraett_OCo_Advokatfiskalen_Jaemtlands_laen__1713_-f577f7f3/0006_DSC_0454/r2l24,750.0,100.0,480.0,60,47,1,48,12,False,ok,0,0.2765957446808511
Svea_Hovraett_etc_export_job_4502443_858057_Svea_Hovraett_OCo_Advokatfiskalen_Jaemtlands_laen__1713_-f577f7f3/0006_DSC_0454/r2l25,770.0,89.0,553.71,70,49,3,52,18,False,ok,0,0.10204081632653061
Svea_Hovraett_etc_export_job_4502443_858057_Svea_Hovraett_OCo_Advokatfiskalen_Jaemtlands_laen__1713_-f577f7f3/0006_DSC_0454/r2l27,782.0,94.0,532.43,67,46,3,49,18,False,ok,0,0.391304347826087
Svea_Hovraett_etc_export_job_4502443_858057_Svea_Hovraett_OCo_Advokatfiskalen_Jaemtlands_laen__1713_-f577f7f3/0006_DSC_0454/r2l28,790.0,100.0,505.6,64,42,1,43,21,False,ok,0,0.2619047619047619
Svea_Hovraett_etc_export_job_4502443_858057_Svea_Hovraett_OCo_Advokatfiskalen_Jaemtlands_laen__1713_-f577f7f3/0006_DSC_0454/r2l29,101.0,47.0,137.53,18,3,1,4,14,False,empty,1,1.0
Svea_Hovraett_etc_export_job_4502443_858057_Svea_Hovraett_OCo_Advokatfiskalen_Jaemtlands_laen__1713_-f577f7f3/0007_DSC_0455/r1l1,667.0,108.0,395.26,50,57,3,60,-10,True,ok,0,0.7192982456140351
Svea_Hovraett_etc_export_job_4502443_858057_Svea_Hovraett_OCo_Advokatfiskalen_Jaemtlands_laen__1713_-f577f7f3/0007_DSC_0455/r1l2,663.0,90.0,471.47,59,57,2,59,0,False,ok,0,0.5964912280701754
Svea_Hovraett_etc_export_job_4502443_858057_Svea_Hovraett_OCo_Advokatfiskalen_Jaemtlands_laen__1713_-f577f7f3/0007_DSC_0455/r1l3,665.0,88.0,483.64,61,53,2,55,6,False,ok,0,0.5471698113207547
Svea_Hovraett_etc_export_job_4502443_858057_Svea_Hovraett_OCo_Advokatfiskalen_Jaemtlands_laen__1713_-f577f7f3/0007_DSC_0455/r1l4,665.0,77.0,552.73,70,48,3,51,19,False,ok,0,0.4791666666666667
Svea_Hovraett_etc_export_job_4502443_858057_Svea_Hovraett_OCo_Advokatfiskalen_Jaemtlands_laen__1713_-f577f7f3/0007_DSC_0455/r1l6,680.0,79.0,550.89,69,55,3,58,11,False,ok,0,0.4
Svea_Hovraett_etc_export_job_4502443_858057_Svea_Hovraett_OCo_Advokatfiskalen_Jaemtlands_laen__1713_-f577f7f3/0007_DSC_0455/r1l7,668.0,82.0,521.37,66,48,0,48,18,False,ok,0,0.3958333333333333
Svea_Hovraett_etc_export_job_4502443_858057_Svea_Hovraett_OCo_Advokatfiskalen_Jaemtlands_laen__1713_-f577f7f3/0007_DSC_0455/r1l8,679.0,84.0,517.33,65,53,2,55,10,False,ok,0,0.5094339622641509
Svea_Hovraett_etc_export_job_4502443_858057_Svea_Hovraett_OCo_Advokatfiskalen_Jaemtlands_laen__1713_-f577f7f3/0007_DSC_0455/r1l9,680.0,99.0,439.6,55,50,1,51,4,False,ok,0,0.36
Svea_Hovraett_etc_export_job_4502443_858057_Svea_Hovraett_OCo_Advokatfiskalen_Jaemtlands_laen__1713_-f577f7f3/0007_DSC_0455/r1l11,296.0,63.0,300.7,38,23,0,23,15,False,ok,0,0.13043478260869565
Svea_Hovraett_etc_export_job_4502443_858057_Svea_Hovraett_OCo_Advokatfiskalen_Jaemtlands_laen__1713_-f577f7f3/0007_DSC_0455/r1l13,664.0,95.0,447.33,56,45,1,46,10,False,ok,0,0.26666666666666666
Svea_Hovraett_etc_export_job_4502443_858057_Svea_Hovraett_OCo_Advokatfiskalen_Jaemtlands_laen__1713_-f577f7f3/0007_DSC_0455/r1l14,682.0,71.0,614.76,77,53,1,54,23,False,ok,0,0.1509433962264151
Svea_Hovraett_etc_export_job_4502443_858057_Svea_Hovraett_OCo_Advokatfiskalen_Jaemtlands_laen__1713_-f577f7f3/0007_DSC_0455/r1l15,700.0,70.0,640.0,80,51,4,55,25,False,ok,0,0.09803921568627451
Svea_Hovraett_etc_export_job_4502443_858057_Svea_Hovraett_OCo_Advokatfiskalen_Jaemtlands_laen__1713_-f577f7f3/0007_DSC_0455/r1l16,697.0,78.0,571.9,72,53,4,57,15,False,ok,0,0.09433962264150944
Svea_Hovraett_etc_export_job_4502443_858057_Svea_Hovraett_OCo_Advokatfiskalen_Jaemtlands_laen__1713_-f577f7f3/0007_DSC_0455/line_1638974568995_856,698.0,74.0,603.68,76,50,2,52,24,False,ok,0,0.18
Svea_Hovraett_etc_export_job_4502443_858057_Svea_Hovraett_OCo_Advokatfiskalen_Jaemtlands_laen__1713_-f577f7f3/0007_DSC_0455/r1l19,699.0,77.0,580.99,73,48,1,49,24,False,ok,0,0.08333333333333333
Svea_Hovraett_etc_export_job_4502443_858057_Svea_Hovraett_OCo_Advokatfiskalen_Jaemtlands_laen__1713_-f577f7f3/0007_DSC_0455/r1l21,99.0,68.0,93.18,12,6,0,6,6,False,ok,0,0.6666666666666666
Svea_Hovraett_etc_export_job_4502443_858057_Svea_Hovraett_OCo_Advokatfiskalen_Jaemtlands_laen__1713_-f577f7f3/0007_DSC_0455/r1l22,59.0,63.0,59.94,8,3,0,3,5,False,ok,0,0.6666666666666666
Svea_Hovraett_etc_export_job_4502443_858057_Svea_Hovraett_OCo_Advokatfiskalen_Jaemtlands_laen__1713_-f577f7f3/0007_DSC_0455/r1l24,700.0,96.0,466.67,59,49,2,51,8,False,ok,0,0.2653061224489796
Svea_Hovraett_etc_export_job_4502443_858057_Svea_Hovraett_OCo_Advokatfiskalen_Jaemtlands_laen__1713_-f577f7f3/0007_DSC_0455/r1l25,695.0,80.0,556.0,70,52,4,56,14,False,ok,0,0.21153846153846154
Svea_Hovraett_etc_export_job_4502443_858057_Svea_Hovraett_OCo_Advokatfiskalen_Jaemtlands_laen__1713_-f577f7f3/0007_DSC_0455/r1l26,660.0,76.0,555.79,70,44,0,44,26,False,ok,0,0.3409090909090909
Svea_Hovraett_etc_export_job_4502443_858057_Svea_Hovraett_OCo_Advokatfiskalen_Jaemtlands_laen__1713_-f577f7f3/0007_DSC_0455/r1l27,693.0,85.0,521.79,66,50,0,50,16,False,ok,0,0.56
Svea_Hovraett_etc_export_job_4502443_858057_Svea_Hovraett_OCo_Advokatfiskalen_Jaemtlands_laen__1713_-f577f7f3/0007_DSC_0455/r1l29,703.0,93.0,483.78,61,50,2,52,9,False,ok,0,0.66
Svea_Hovraett_etc_export_job_4502443_858057_Svea_Hovraett_OCo_Advokatfiskalen_Jaemtlands_laen__1713_-f577f7f3/0007_DSC_0455/r1l30,712.0,75.0,607.57,76,49,2,51,25,False,ok,0,0.32653061224489793
Svea_Hovraett_etc_export_job_4502443_858057_Svea_Hovraett_OCo_Advokatfiskalen_Jaemtlands_laen__1713_-f577f7f3/0007_DSC_0455/r1l31,710.0,95.0,478.32,60,45,0,45,15,False,ok,0,0.6666666666666666
Svea_Hovraett_etc_export_job_4502443_858057_Svea_Hovraett_OCo_Advokatfiskalen_Jaemtlands_laen__1713_-f577f7f3/0007_DSC_0455/r1l32,120.0,61.0,125.9,16,6,1,7,9,False,ok,0,0.3333333333333333
Svea_Hovraett_etc_export_job_4502443_858057_Svea_Hovraett_OCo_Advokatfiskalen_Jaemtlands_laen__1713_-f577f7f3/0007_DSC_0455/r2l1,680.0,100.0,435.2,55,49,3,52,3,False,ok,0,0.40816326530612246
Svea_Hovraett_etc_export_job_4502443_858057_Svea_Hovraett_OCo_Advokatfiskalen_Jaemtlands_laen__1713_-f577f7f3/0007_DSC_0455/r2l2,666.0,94.0,453.45,57,50,3,53,4,False,ok,0,0.56
Svea_Hovraett_etc_export_job_4502443_858057_Svea_Hovraett_OCo_Advokatfiskalen_Jaemtlands_laen__1713_-f577f7f3/0007_DSC_0455/r2l3,660.0,94.0,449.36,57,53,2,55,2,False,ok,0,0.6037735849056604
Svea_Hovraett_etc_export_job_4502443_858057_Svea_Hovraett_OCo_Advokatfiskalen_Jaemtlands_laen__1713_-f577f7f3/0007_DSC_0455/r2l4,688.0,81.0,543.6,68,55,2,57,11,False,ok,0,0.36363636363636365
Svea_Hovraett_etc_export_job_4502443_858057_Svea_Hovraett_OCo_Advokatfiskalen_Jaemtlands_laen__1713_-f577f7f3/0007_DSC_0455/r2l5,683.0,86.0,508.28,64,51,0,51,13,False,ok,0,0.4117647058823529
Svea_Hovraett_etc_export_job_4502443_858057_Svea_Hovraett_OCo_Advokatfiskalen_Jaemtlands_laen__1713_-f577f7f3/0007_DSC_0455/r2l6,674.0,84.0,513.52,65,47,1,48,17,False,ok,0,0.1702127659574468
Svea_Hovraett_etc_export_job_4502443_858057_Svea_Hovraett_OCo_Advokatfiskalen_Jaemtlands_laen__1713_-f577f7f3/0007_DSC_0455/r2l7,685.0,83.0,528.19,67,53,3,56,11,False,ok,0,0.09433962264150944
Svea_Hovraett_etc_export_job_4502443_858057_Svea_Hovraett_OCo_Advokatfiskalen_Jaemtlands_laen__1713_-f577f7f3/0007_DSC_0455/r2l8,675.0,76.0,568.42,72,42,3,45,27,False,ok,0,0.023809523809523808
Svea_Hovraett_etc_export_job_4502443_858057_Svea_Hovraett_OCo_Advokatfiskalen_Jaemtlands_laen__1713_-f577f7f3/0007_DSC_0455/r2l9,678.0,87.0,498.76,63,51,2,53,10,False,ok,0,0.23529411764705882
Svea_Hovraett_etc_export_job_4502443_858057_Svea_Hovraett_OCo_Advokatfiskalen_Jaemtlands_laen__1713_-f577f7f3/0007_DSC_0455/r2l10,688.0,87.0,506.11,64,53,3,56,8,False,ok,0,0.2830188679245283
Svea_Hovraett_etc_export_job_4502443_858057_Svea_Hovraett_OCo_Advokatfiskalen_Jaemtlands_laen__1713_-f577f7f3/0007_DSC_0455/r2l11,687.0,85.0,517.27,65,47,1,48,17,False,ok,0,0.0425531914893617
Svea_Hovraett_etc_export_job_4502443_858057_Svea_Hovraett_OCo_Advokatfiskalen_Jaemtlands_laen__1713_-f577f7f3/0007_DSC_0455/r2l12,697.0,81.0,550.72,69,46,2,48,21,False,ok,0,0.15217391304347827
Svea_Hovraett_etc_export_job_4502443_858057_Svea_Hovraett_OCo_Advokatfiskalen_Jaemtlands_laen__1713_-f577f7f3/0007_DSC_0455/r2l13,714.0,71.0,643.61,81,51,1,52,29,False,ok,0,0.19607843137254902
Svea_Hovraett_etc_export_job_4502443_858057_Svea_Hovraett_OCo_Advokatfiskalen_Jaemtlands_laen__1713_-f577f7f3/0007_DSC_0455/r2l14,709.0,88.0,515.64,65,47,3,50,15,False,ok,0,0.19148936170212766
Svea_Hovraett_etc_export_job_4502443_858057_Svea_Hovraett_OCo_Advokatfiskalen_Jaemtlands_laen__1713_-f577f7f3/0007_DSC_0455/r2l15,708.0,91.0,497.93,63,50,3,53,10,False,ok,0,0.22
Svea_Hovraett_etc_export_job_4502443_858057_Svea_Hovraett_OCo_Advokatfiskalen_Jaemtlands_laen__1713_-f577f7f3/0007_DSC_0455/r2l16,722.0,96.0,481.33,61,43,0,43,18,False,ok,0,0.046511627906976744
Svea_Hovraett_etc_export_job_4502443_858057_Svea_Hovraett_OCo_Advokatfiskalen_Jaemtlands_laen__1713_-f577f7f3/0007_DSC_0455/r2l17,725.0,82.0,565.85,71,52,5,57,14,False,ok,0,0.25
Svea_Hovraett_etc_export_job_4502443_858057_Svea_Hovraett_OCo_Advokatfiskalen_Jaemtlands_laen__1713_-f577f7f3/0007_DSC_0455/r2l18,704.0,84.0,536.38,68,47,1,48,20,False,ok,0,0.2553191489361702
Svea_Hovraett_etc_export_job_4502443_858057_Svea_Hovraett_OCo_Advokatfiskalen_Jaemtlands_laen__1713_-f577f7f3/0007_DSC_0455/r2l19,742.0,89.0,533.57,67,56,4,60,7,False,ok,0,0.25
Svea_Hovraett_etc_export_job_4502443_858057_Svea_Hovraett_OCo_Advokatfiskalen_Jaemtlands_laen__1713_-f577f7f3/0007_DSC_0455/r2l20,733.0,81.0,579.16,73,47,3,50,23,False,ok,0,0.0851063829787234
Svea_Hovraett_etc_export_job_4502443_858057_Svea_Hovraett_OCo_Advokatfiskalen_Jaemtlands_laen__1713_-f577f7f3/0007_DSC_0455/r2l21,731.0,88.0,531.64,67,43,3,46,21,False,ok,0,0.32558139534883723
Svea_Hovraett_etc_export_job_4502443_858057_Svea_Hovraett_OCo_Advokatfiskalen_Jaemtlands_laen__1713_-f577f7f3/0007_DSC_0455/r2l22,732.0,90.0,520.53,66,50,3,53,13,False,ok,0,0.26
Svea_Hovraett_etc_export_job_4502443_858057_Svea_Hovraett_OCo_Advokatfiskalen_Jaemtlands_laen__1713_-f577f7f3/0007_DSC_0455/r2l23,739.0,86.0,549.95,69,40,2,42,27,False,ok,0,0.15
Svea_Hovraett_etc_export_job_4502443_858057_Svea_Hovraett_OCo_Advokatfiskalen_Jaemtlands_laen__1713_-f577f7f3/0007_DSC_0455/r2l24,760.0,97.0,501.44,63,46,1,47,16,False,ok,0,0.15217391304347827
Svea_Hovraett_etc_export_job_4502443_858057_Svea_Hovraett_OCo_Advokatfiskalen_Jaemtlands_laen__1713_-f577f7f3/0007_DSC_0455/r2l25,763.0,84.0,581.33,73,48,1,49,24,False,ok,0,0.16666666666666666
Svea_Hovraett_etc_export_job_4502443_858057_Svea_Hovraett_OCo_Advokatfiskalen_Jaemtlands_laen__1713_-f577f7f3/0007_DSC_0455/r2l26,58.0,63.0,58.92,8,2,0,2,6,False,ok,0,0.5
Svea_Hovraett_etc_export_job_4502443_858057_Svea_Hovraett_OCo_Advokatfiskalen_Jaemtlands_laen__1713_-f577f7f3/0008_DSC_0456/r1l2,640.0,116.0,353.1,45,49,5,54,-9,True,ok,0,0.673469387755102
Svea_Hovraett_etc_export_job_4502443_858057_Svea_Hovraett_OCo_Advokatfiskalen_Jaemtlands_laen__1713_-f577f7f3/0008_DSC_0456/r1l3,639.0,119.0,343.66,43,56,2,58,-15,True,ok,0,0.9285714285714286
Svea_Hovraett_etc_export_job_4502443_858057_Svea_Hovraett_OCo_Advokatfiskalen_Jaemtlands_laen__1713_-f577f7f3/0008_DSC_0456/r1l4,629.0,116.0,347.03,44,48,3,51,-7,True,ok,0,0.9791666666666666
Svea_Hovraett_etc_export_job_4502443_858057_Svea_Hovraett_OCo_Advokatfiskalen_Jaemtlands_laen__1713_-f577f7f3/0008_DSC_0456/r1l5,641.0,104.0,394.46,50,52,3,55,-5,True,ok,0,0.8461538461538461
Svea_Hovraett_etc_export_job_4502443_858057_Svea_Hovraett_OCo_Advokatfiskalen_Jaemtlands_laen__1713_-f577f7f3/0008_DSC_0456/r1l6,620.0,108.0,367.41,46,55,1,56,-10,True,ok,0,0.7818181818181819
Svea_Hovraett_etc_export_job_4502443_858057_Svea_Hovraett_OCo_Advokatfiskalen_Jaemtlands_laen__1713_-f577f7f3/0008_DSC_0456/r1l7,624.0,112.0,356.57,45,49,2,51,-6,True,ok,0,0.9183673469387755
Svea_Hovraett_etc_export_job_4502443_858057_Svea_Hovraett_OCo_Advokatfiskalen_Jaemtlands_laen__1713_-f577f7f3/0008_DSC_0456/r1l8,661.0,114.0,371.09,47,54,2,56,-9,True,ok,0,0.7962962962962963
Svea_Hovraett_etc_export_job_4502443_858057_Svea_Hovraett_OCo_Advokatfiskalen_Jaemtlands_laen__1713_-f577f7f3/0008_DSC_0456/r1l9,76.0,62.0,78.45,10,3,1,4,6,False,ok,0,1.0
Svea_Hovraett_etc_export_job_4502443_858057_Svea_Hovraett_OCo_Advokatfiskalen_Jaemtlands_laen__1713_-f577f7f3/0008_DSC_0456/r1l11,640.0,99.0,413.74,52,54,0,54,-2,True,ok,0,0.6481481481481481
Svea_Hovraett_etc_export_job_4502443_858057_Svea_Hovraett_OCo_Advokatfiskalen_Jaemtlands_laen__1713_-f577f7f3/0008_DSC_0456/r1l12,661.0,114.0,371.09,47,59,4,63,-16,True,ok,0,0.8983050847457628
Svea_Hovraett_etc_export_job_4502443_858057_Svea_Hovraett_OCo_Advokatfiskalen_Jaemtlands_laen__1713_-f577f7f3/0008_DSC_0456/r1l13,649.0,97.0,428.21,54,56,3,59,-5,True,ok,0,0.8392857142857143
Svea_Hovraett_etc_export_job_4502443_858057_Svea_Hovraett_OCo_Advokatfiskalen_Jaemtlands_laen__1713_-f577f7f3/0008_DSC_0456/r1l14,659.0,100.0,421.76,53,54,1,55,-2,True,ok,0,0.7222222222222222
Svea_Hovraett_etc_export_job_4502443_858057_Svea_Hovraett_OCo_Advokatfiskalen_Jaemtlands_laen__1713_-f577f7f3/0008_DSC_0456/r1l15,674.0,86.0,501.58,63,53,1,54,9,False,ok,0,0.5849056603773585
Svea_Hovraett_etc_export_job_4502443_858057_Svea_Hovraett_OCo_Advokatfiskalen_Jaemtlands_laen__1713_-f577f7f3/0008_DSC_0456/r1l16,664.0,93.0,456.95,58,51,2,53,5,False,ok,0,0.7058823529411765
Svea_Hovraett_etc_export_job_4502443_858057_Svea_Hovraett_OCo_Advokatfiskalen_Jaemtlands_laen__1713_-f577f7f3/0008_DSC_0456/r1l17,674.0,84.0,513.52,65,47,0,47,18,False,ok,0,0.48936170212765956
Svea_Hovraett_etc_export_job_4502443_858057_Svea_Hovraett_OCo_Advokatfiskalen_Jaemtlands_laen__1713_-f577f7f3/0008_DSC_0456/r1l18,676.0,77.0,561.87,71,51,4,55,16,False,ok,0,0.21568627450980393
Svea_Hovraett_etc_export_job_4502443_858057_Svea_Hovraett_OCo_Advokatfiskalen_Jaemtlands_laen__1713_-f577f7f3/0008_DSC_0456/r1l19,700.0,81.0,553.09,70,49,1,50,20,False,ok,0,0.32653061224489793
Svea_Hovraett_etc_export_job_4502443_858057_Svea_Hovraett_OCo_Advokatfiskalen_Jaemtlands_laen__1713_-f577f7f3/0008_DSC_0456/r1l20,686.0,61.0,719.74,90,53,1,54,36,False,ok,0,0.20754716981132076
Svea_Hovraett_etc_export_job_4502443_858057_Svea_Hovraett_OCo_Advokatfiskalen_Jaemtlands_laen__1713_-f577f7f3/0008_DSC_0456/r1l21,687.0,75.0,586.24,74,50,3,53,21,False,ok,0,0.12
Svea_Hovraett_etc_export_job_4502443_858057_Svea_Hovraett_OCo_Advokatfiskalen_Jaemtlands_laen__1713_-f577f7f3/0008_DSC_0456/r1l23,244.0,74.0,211.03,27,20,1,21,6,False,ok,0,0.25
Svea_Hovraett_etc_export_job_4502443_858057_Svea_Hovraett_OCo_Advokatfiskalen_Jaemtlands_laen__1713_-f577f7f3/0008_DSC_0456/r1l24,25.0,54.0,29.63,4,3,0,3,1,False,empty,1,1.0
Svea_Hovraett_etc_export_job_4502443_858057_Svea_Hovraett_OCo_Advokatfiskalen_Jaemtlands_laen__1713_-f577f7f3/0008_DSC_0456/r1l25,663.0,90.0,471.47,59,46,3,49,10,False,ok,0,0.2391304347826087
Svea_Hovraett_etc_export_job_4502443_858057_Svea_Hovraett_OCo_Advokatfiskalen_Jaemtlands_laen__1713_-f577f7f3/0008_DSC_0456/r1l26,662.0,88.0,481.45,61,44,0,44,17,False,ok,0,0.06818181818181818
Svea_Hovraett_etc_export_job_4502443_858057_Svea_Hovraett_OCo_Advokatfiskalen_Jaemtlands_laen__1713_-f577f7f3/0008_DSC_0456/r1l27,681.0,89.0,489.71,62,43,0,43,19,False,ok,0,0.3488372093023256
Svea_Hovraett_etc_export_job_4502443_858057_Svea_Hovraett_OCo_Advokatfiskalen_Jaemtlands_laen__1713_-f577f7f3/0008_DSC_0456/r1l28,690.0,93.0,474.84,60,45,1,46,14,False,ok,0,0.2222222222222222
Svea_Hovraett_etc_export_job_4502443_858057_Svea_Hovraett_OCo_Advokatfiskalen_Jaemtlands_laen__1713_-f577f7f3/0008_DSC_0456/r1l29,126.0,77.0,104.73,14,7,0,7,7,False,ok,0,0.14285714285714285
Svea_Hovraett_etc_export_job_4502443_858057_Svea_Hovraett_OCo_Advokatfiskalen_Jaemtlands_laen__1713_-f577f7f3/0008_DSC_0456/r2l1,661.0,67.0,631.4,79,50,1,51,28,False,ok,0,0.3
Svea_Hovraett_etc_export_job_4502443_858057_Svea_Hovraett_OCo_Advokatfiskalen_Jaemtlands_laen__1713_-f577f7f3/0008_DSC_0456/r2l2,652.0,68.0,613.65,77,49,3,52,25,False,ok,0,0.2653061224489796
Svea_Hovraett_etc_export_job_4502443_858057_Svea_Hovraett_OCo_Advokatfiskalen_Jaemtlands_laen__1713_-f577f7f3/0008_DSC_0456/r2l3,676.0,69.0,627.01,79,52,1,53,26,False,ok,0,0.25
Svea_Hovraett_etc_export_job_4502443_858057_Svea_Hovraett_OCo_Advokatfiskalen_Jaemtlands_laen__1713_-f577f7f3/0008_DSC_0456/r2l4,676.0,72.0,600.89,76,55,2,57,19,False,ok,0,0.2545454545454545
Svea_Hovraett_etc_export_job_4502443_858057_Svea_Hovraett_OCo_Advokatfiskalen_Jaemtlands_laen__1713_-f577f7f3/0008_DSC_0456/r2l5,700.0,67.0,668.66,84,54,3,57,27,False,ok,0,0.2962962962962963
Svea_Hovraett_etc_export_job_4502443_858057_Svea_Hovraett_OCo_Advokatfiskalen_Jaemtlands_laen__1713_-f577f7f3/0008_DSC_0456/r2l6,677.0,72.0,601.78,76,53,2,55,21,False,ok,0,0.41509433962264153
Svea_Hovraett_etc_export_job_4502443_858057_Svea_Hovraett_OCo_Advokatfiskalen_Jaemtlands_laen__1713_-f577f7f3/0008_DSC_0456/r2l7,681.0,77.0,566.03,71,47,0,47,24,False,ok,0,0.2978723404255319
Svea_Hovraett_etc_export_job_4502443_858057_Svea_Hovraett_OCo_Advokatfiskalen_Jaemtlands_laen__1713_-f577f7f3/0008_DSC_0456/r2l8,700.0,73.0,613.7,77,50,4,54,23,False,ok,0,0.24
Svea_Hovraett_etc_export_job_4502443_858057_Svea_Hovraett_OCo_Advokatfiskalen_Jaemtlands_laen__1713_-f577f7f3/0008_DSC_0456/r2l9,691.0,73.0,605.81,76,50,4,54,22,False,ok,0,0.42
Svea_Hovraett_etc_export_job_4502443_858057_Svea_Hovraett_OCo_Advokatfiskalen_Jaemtlands_laen__1713_-f577f7f3/0008_DSC_0456/r2l11,697.0,78.0,571.9,72,50,1,51,21,False,ok,0,0.26
Svea_Hovraett_etc_export_job_4502443_858057_Svea_Hovraett_OCo_Advokatfiskalen_Jaemtlands_laen__1713_-f577f7f3/0008_DSC_0456/r2l12,705.0,77.0,585.97,74,55,4,59,15,False,ok,0,0.4
Svea_Hovraett_etc_export_job_4502443_858057_Svea_Hovraett_OCo_Advokatfiskalen_Jaemtlands_laen__1713_-f577f7f3/0008_DSC_0456/r2l13,687.0,79.0,556.56,70,45,5,50,20,False,ok,0,0.26666666666666666
Svea_Hovraett_etc_export_job_4502443_858057_Svea_Hovraett_OCo_Advokatfiskalen_Jaemtlands_laen__1713_-f577f7f3/0008_DSC_0456/r2l15,728.0,77.0,605.09,76,49,2,51,25,False,ok,0,0.22448979591836735
Svea_Hovraett_etc_export_job_4502443_858057_Svea_Hovraett_OCo_Advokatfiskalen_Jaemtlands_laen__1713_-f577f7f3/0008_DSC_0456/r2l16,716.0,85.0,539.11,68,53,3,56,12,False,ok,0,0.33962264150943394
Svea_Hovraett_etc_export_job_4502443_858057_Svea_Hovraett_OCo_Advokatfiskalen_Jaemtlands_laen__1713_-f577f7f3/0008_DSC_0456/r2l17,714.0,71.0,643.61,81,45,0,45,36,False,ok,0,0.1111111111111111
Svea_Hovraett_etc_export_job_4502443_858057_Svea_Hovraett_OCo_Advokatfiskalen_Jaemtlands_laen__1713_-f577f7f3/0008_DSC_0456/r2l19,291.0,77.0,241.87,31,20,1,21,10,False,ok,0,0.25
Svea_Hovraett_etc_export_job_4502443_858057_Svea_Hovraett_OCo_Advokatfiskalen_Jaemtlands_laen__1713_-f577f7f3/0008_DSC_0456/r2l20,43.0,50.0,55.04,7,3,0,3,4,False,empty,1,1.0
Svea_Hovraett_etc_export_job_4502443_858057_Svea_Hovraett_OCo_Advokatfiskalen_Jaemtlands_laen__1713_-f577f7f3/0008_DSC_0456/r2l21,724.0,101.0,458.77,58,52,2,54,4,False,ok,0,0.36538461538461536
Svea_Hovraett_etc_export_job_4502443_858057_Svea_Hovraett_OCo_Advokatfiskalen_Jaemtlands_laen__1713_-f577f7f3/0008_DSC_0456/r2l22,714.0,79.0,578.43,73,44,1,45,28,False,ok,0,0.22727272727272727
Svea_Hovraett_etc_export_job_4502443_858057_Svea_Hovraett_OCo_Advokatfiskalen_Jaemtlands_laen__1713_-f577f7f3/0008_DSC_0456/r2l23,726.0,74.0,627.89,79,45,1,46,33,False,ok,0,0.28888888888888886
Svea_Hovraett_etc_export_job_4502443_858057_Svea_Hovraett_OCo_Advokatfiskalen_Jaemtlands_laen__1713_-f577f7f3/0008_DSC_0456/r2l24,743.0,62.0,766.97,96,48,0,48,48,False,ok,0,0.20833333333333334
Svea_Hovraett_etc_export_job_4502443_858057_Svea_Hovraett_OCo_Advokatfiskalen_Jaemtlands_laen__1713_-f577f7f3/0008_DSC_0456/r2l25,723.0,76.0,608.84,77,47,1,48,29,False,ok,0,0.23404255319148937
Svea_Hovraett_etc_export_job_4502443_858057_Svea_Hovraett_OCo_Advokatfiskalen_Jaemtlands_laen__1713_-f577f7f3/0008_DSC_0456/r2l26,707.0,81.0,558.62,70,49,4,53,17,False,ok,0,0.24489795918367346
Svea_Hovraett_etc_export_job_4502443_858057_Svea_Hovraett_OCo_Advokatfiskalen_Jaemtlands_laen__1713_-f577f7f3/0008_DSC_0456/r2l27,728.0,71.0,656.23,83,52,1,53,30,False,ok,0,0.3269230769230769
Svea_Hovraett_etc_export_job_4502443_858057_Svea_Hovraett_OCo_Advokatfiskalen_Jaemtlands_laen__1713_-f577f7f3/0008_DSC_0456/r2l29,743.0,97.0,490.23,62,50,2,52,10,False,ok,0,0.46
Svea_Hovraett_etc_export_job_4502443_858057_Svea_Hovraett_OCo_Advokatfiskalen_Jaemtlands_laen__1713_-f577f7f3/0008_DSC_0456/r2l30,107.0,47.0,145.7,19,6,1,7,12,False,ok,0,0.8333333333333334
Svea_Hovraett_etc_export_job_4502444_855910_Svea_Hovraett_OCo_Advokatfiskalen_Jaemtlands_laen__1713_-b58e9491/0001_DSC_0433/r1l4,475.0,104.0,292.31,37,28,2,30,7,False,ok,0,0.32142857142857145
Svea_Hovraett_etc_export_job_4502444_855910_Svea_Hovraett_OCo_Advokatfiskalen_Jaemtlands_laen__1713_-b58e9491/0001_DSC_0433/r1l6,486.0,70.0,444.34,56,36,1,37,19,False,ok,0,0.4166666666666667
Svea_Hovraett_etc_export_job_4502444_855910_Svea_Hovraett_OCo_Advokatfiskalen_Jaemtlands_laen__1713_-b58e9491/0001_DSC_0433/r1l8,513.0,89.0,368.9,47,36,0,36,11,False,ok,0,0.2222222222222222
Svea_Hovraett_etc_export_job_4502444_855910_Svea_Hovraett_OCo_Advokatfiskalen_Jaemtlands_laen__1713_-b58e9491/0001_DSC_0433/r1l10,524.0,91.0,368.53,47,35,1,36,11,False,ok,0,0.3142857142857143
Svea_Hovraett_etc_export_job_4502444_855910_Svea_Hovraett_OCo_Advokatfiskalen_Jaemtlands_laen__1713_-b58e9491/0001_DSC_0433/r1l12,114.0,53.0,137.66,18,5,0,5,13,False,ok,0,1.0
Svea_Hovraett_etc_export_job_4502444_855910_Svea_Hovraett_OCo_Advokatfiskalen_Jaemtlands_laen__1713_-b58e9491/0001_DSC_0433/r1l15,742.0,94.0,505.19,64,53,3,56,8,False,ok,0,0.39622641509433965
Svea_Hovraett_etc_export_job_4502444_855910_Svea_Hovraett_OCo_Advokatfiskalen_Jaemtlands_laen__1713_-b58e9491/0001_DSC_0433/line_1638883213128_979,715.0,80.0,572.0,72,51,2,53,19,False,ok,0,0.37254901960784315
Svea_Hovraett_etc_export_job_4502444_855910_Svea_Hovraett_OCo_Advokatfiskalen_Jaemtlands_laen__1713_-b58e9491/0001_DSC_0433/line_1638883217576_983,696.0,82.0,543.22,68,42,3,45,23,False,ok,0,0.5
Svea_Hovraett_etc_export_job_4502444_855910_Svea_Hovraett_OCo_Advokatfiskalen_Jaemtlands_laen__1713_-b58e9491/0001_DSC_0433/line_1638883221224_987,743.0,95.0,500.55,63,49,2,51,12,False,ok,0,0.4489795918367347
Svea_Hovraett_etc_export_job_4502444_855910_Svea_Hovraett_OCo_Advokatfiskalen_Jaemtlands_laen__1713_-b58e9491/0001_DSC_0433/line_1638883231297_994,757.0,95.0,509.98,64,46,3,49,15,False,ok,0,0.5217391304347826
Svea_Hovraett_etc_export_job_4502444_855910_Svea_Hovraett_OCo_Advokatfiskalen_Jaemtlands_laen__1713_-b58e9491/0001_DSC_0433/r1l30,389.0,83.0,299.95,38,24,1,25,13,False,ok,0,0.2916666666666667
Svea_Hovraett_etc_export_job_4502444_855910_Svea_Hovraett_OCo_Advokatfiskalen_Jaemtlands_laen__1713_-b58e9491/0001_DSC_0433/r1l32,52.0,53.0,62.79,8,2,0,2,6,False,ok,0,1.0
Svea_Hovraett_etc_export_job_4502444_855910_Svea_Hovraett_OCo_Advokatfiskalen_Jaemtlands_laen__1713_-b58e9491/0001_DSC_0433/r1l34,772.0,116.0,425.93,54,55,1,56,-2,True,ok,0,0.4
Svea_Hovraett_etc_export_job_4502444_855910_Svea_Hovraett_OCo_Advokatfiskalen_Jaemtlands_laen__1713_-b58e9491/0001_DSC_0433/r1l36,803.0,95.0,540.97,68,52,4,56,12,False,ok,0,0.15384615384615385
Svea_Hovraett_etc_export_job_4502444_855910_Svea_Hovraett_OCo_Advokatfiskalen_Jaemtlands_laen__1713_-b58e9491/0001_DSC_0433/r1l38,809.0,88.0,588.36,74,52,1,53,21,False,ok,0,0.057692307692307696
Svea_Hovraett_etc_export_job_4502444_855910_Svea_Hovraett_OCo_Advokatfiskalen_Jaemtlands_laen__1713_-b58e9491/0001_DSC_0433/r1l40,821.0,83.0,633.06,80,48,2,50,30,False,ok,0,0.10416666666666667
Svea_Hovraett_etc_export_job_4502444_855910_Svea_Hovraett_OCo_Advokatfiskalen_Jaemtlands_laen__1713_-b58e9491/0001_DSC_0433/r1l42,443.0,82.0,345.76,44,30,0,30,14,False,ok,0,0.4
Svea_Hovraett_etc_export_job_4502444_855910_Svea_Hovraett_OCo_Advokatfiskalen_Jaemtlands_laen__1713_-b58e9491/0001_DSC_0433/r1l46,47.0,73.0,41.21,6,2,0,2,4,False,empty,1,1.0
Svea_Hovraett_etc_export_job_4502444_855910_Svea_Hovraett_OCo_Advokatfiskalen_Jaemtlands_laen__1713_-b58e9491/0001_DSC_0433/r1l48,819.0,104.0,504.0,63,45,2,47,16,False,ok,0,0.15555555555555556
Svea_Hovraett_etc_export_job_4502444_855910_Svea_Hovraett_OCo_Advokatfiskalen_Jaemtlands_laen__1713_-b58e9491/0001_DSC_0433/r1l51,853.0,84.0,649.9,82,49,1,50,32,False,ok,0,0.10204081632653061
Svea_Hovraett_etc_export_job_4502444_855910_Svea_Hovraett_OCo_Advokatfiskalen_Jaemtlands_laen__1713_-b58e9491/0001_DSC_0433/r1l53,845.0,93.0,581.51,73,40,4,44,29,False,ok,0,0.35
Svea_Hovraett_etc_export_job_4502444_855910_Svea_Hovraett_OCo_Advokatfiskalen_Jaemtlands_laen__1713_-b58e9491/0001_DSC_0433/r1l55,856.0,89.0,615.55,77,50,2,52,25,False,ok,0,0.04
Svea_Hovraett_etc_export_job_4502444_855910_Svea_Hovraett_OCo_Advokatfiskalen_Jaemtlands_laen__1713_-b58e9491/0001_DSC_0433/line_1638883138197_939,880.0,86.0,654.88,82,49,3,52,30,False,ok,0,0.061224489795918366
Svea_Hovraett_etc_export_job_4502444_855910_Svea_Hovraett_OCo_Advokatfiskalen_Jaemtlands_laen__1713_-b58e9491/0001_DSC_0433/line_1638883138200_941,892.0,90.0,634.31,80,54,1,55,25,False,ok,0,0.4074074074074074
Svea_Hovraett_etc_export_job_4502444_855910_Svea_Hovraett_OCo_Advokatfiskalen_Jaemtlands_laen__1713_-b58e9491/0001_DSC_0433/r1l61,879.0,85.0,661.84,83,52,4,56,27,False,ok,0,0.21153846153846154
Svea_Hovraett_etc_export_job_4502444_855910_Svea_Hovraett_OCo_Advokatfiskalen_Jaemtlands_laen__1713_-b58e9491/0001_DSC_0433/r1l63,895.0,88.0,650.91,82,56,4,60,22,False,ok,0,0.35714285714285715
Svea_Hovraett_etc_export_job_4502444_855910_Svea_Hovraett_OCo_Advokatfiskalen_Jaemtlands_laen__1713_-b58e9491/0001_DSC_0433/r1l64,82.0,69.0,76.06,10,3,0,3,7,False,empty,1,1.0
Svea_Hovraett_etc_export_job_4502444_855910_Svea_Hovraett_OCo_Advokatfiskalen_Jaemtlands_laen__1713_-b58e9491/0002_DSC_0435/r1l2,697.0,73.0,611.07,77,51,4,55,22,False,ok,0,0.3137254901960784
Svea_Hovraett_etc_export_job_4502444_855910_Svea_Hovraett_OCo_Advokatfiskalen_Jaemtlands_laen__1713_-b58e9491/0002_DSC_0435/r1l3,712.0,69.0,660.41,83,45,3,48,35,False,ok,0,0.26666666666666666
Svea_Hovraett_etc_export_job_4502444_855910_Svea_Hovraett_OCo_Advokatfiskalen_Jaemtlands_laen__1713_-b58e9491/0002_DSC_0435/r1l4,695.0,63.0,706.03,89,54,2,56,33,False,ok,0,0.25925925925925924
Svea_Hovraett_etc_export_job_4502444_855910_Svea_Hovraett_OCo_Advokatfiskalen_Jaemtlands_laen__1713_-b58e9491/0002_DSC_0435/r1l5,712.0,68.0,670.12,84,52,4,56,28,False,ok,0,0.19230769230769232
Svea_Hovraett_etc_export_job_4502444_855910_Svea_Hovraett_OCo_Advokatfiskalen_Jaemtlands_laen__1713_-b58e9491/0002_DSC_0435/r1l6,695.0,73.0,609.32,77,47,2,49,28,False,ok,0,0.1702127659574468
Svea_Hovraett_etc_export_job_4502444_855910_Svea_Hovraett_OCo_Advokatfiskalen_Jaemtlands_laen__1713_-b58e9491/0002_DSC_0435/r1l7,706.0,76.0,594.53,75,49,2,51,24,False,ok,0,0.14285714285714285
Svea_Hovraett_etc_export_job_4502444_855910_Svea_Hovraett_OCo_Advokatfiskalen_Jaemtlands_laen__1713_-b58e9491/0002_DSC_0435/r1l8,702.0,70.0,641.83,81,49,3,52,29,False,ok,0,0.1836734693877551
Svea_Hovraett_etc_export_job_4502444_855910_Svea_Hovraett_OCo_Advokatfiskalen_Jaemtlands_laen__1713_-b58e9491/0002_DSC_0435/r1l9,710.0,94.0,483.4,61,54,2,56,5,False,ok,0,0.46296296296296297
Svea_Hovraett_etc_export_job_4502444_855910_Svea_Hovraett_OCo_Advokatfiskalen_Jaemtlands_laen__1713_-b58e9491/0002_DSC_0435/r1l10,725.0,73.0,635.62,80,50,2,52,28,False,ok,0,0.12
Svea_Hovraett_etc_export_job_4502444_855910_Svea_Hovraett_OCo_Advokatfiskalen_Jaemtlands_laen__1713_-b58e9491/0002_DSC_0435/r1l11,715.0,84.0,544.76,69,53,2,55,14,False,ok,0,0.16981132075471697
Svea_Hovraett_etc_export_job_4502444_855910_Svea_Hovraett_OCo_Advokatfiskalen_Jaemtlands_laen__1713_-b58e9491/0002_DSC_0435/r1l12,718.0,66.0,696.24,88,50,3,53,35,False,ok,0,0.1
Svea_Hovraett_etc_export_job_4502444_855910_Svea_Hovraett_OCo_Advokatfiskalen_Jaemtlands_laen__1713_-b58e9491/0002_DSC_0435/r1l13,732.0,74.0,633.08,80,55,4,59,21,False,ok,0,0.14545454545454545
Svea_Hovraett_etc_export_job_4502444_855910_Svea_Hovraett_OCo_Advokatfiskalen_Jaemtlands_laen__1713_-b58e9491/0002_DSC_0435/r1l14,728.0,69.0,675.25,85,51,3,54,31,False,ok,0,0.13725490196078433
Svea_Hovraett_etc_export_job_4502444_855910_Svea_Hovraett_OCo_Advokatfiskalen_Jaemtlands_laen__1713_-b58e9491/0002_DSC_0435/r1l15,739.0,68.0,695.53,87,51,1,52,35,False,ok,0,0.11764705882352941
Svea_Hovraett_etc_export_job_4502444_855910_Svea_Hovraett_OCo_Advokatfiskalen_Jaemtlands_laen__1713_-b58e9491/0002_DSC_0435/r1l17,735.0,88.0,534.55,67,53,1,54,13,False,ok,0,0.1509433962264151
Svea_Hovraett_etc_export_job_4502444_855910_Svea_Hovraett_OCo_Advokatfiskalen_Jaemtlands_laen__1713_-b58e9491/0002_DSC_0435/r1l18,740.0,73.0,648.77,82,44,2,46,36,False,ok,0,0.18181818181818182
Svea_Hovraett_etc_export_job_4502444_855910_Svea_Hovraett_OCo_Advokatfiskalen_Jaemtlands_laen__1713_-b58e9491/0002_DSC_0435/r1l19,739.0,71.0,666.14,84,51,0,51,33,False,ok,0,0.17647058823529413
Svea_Hovraett_etc_export_job_4502444_855910_Svea_Hovraett_OCo_Advokatfiskalen_Jaemtlands_laen__1713_-b58e9491/0002_DSC_0435/r1l20,735.0,76.0,618.95,78,48,2,50,28,False,ok,0,0.2916666666666667
Svea_Hovraett_etc_export_job_4502444_855910_Svea_Hovraett_OCo_Advokatfiskalen_Jaemtlands_laen__1713_-b58e9491/0002_DSC_0435/r1l21,737.0,64.0,737.0,93,45,3,48,45,False,ok,0,0.17777777777777778
Svea_Hovraett_etc_export_job_4502444_855910_Svea_Hovraett_OCo_Advokatfiskalen_Jaemtlands_laen__1713_-b58e9491/0002_DSC_0435/r1l22,740.0,72.0,657.78,83,47,2,49,34,False,ok,0,0.10638297872340426
Svea_Hovraett_etc_export_job_4502444_855910_Svea_Hovraett_OCo_Advokatfiskalen_Jaemtlands_laen__1713_-b58e9491/0002_DSC_0435/r1l23,751.0,79.0,608.41,77,49,1,50,27,False,ok,0,0.2857142857142857
Svea_Hovraett_etc_export_job_4502444_855910_Svea_Hovraett_OCo_Advokatfiskalen_Jaemtlands_laen__1713_-b58e9491/0002_DSC_0435/r1l24,746.0,78.0,612.1,77,42,1,43,34,False,ok,0,0.23809523809523808
Svea_Hovraett_etc_export_job_4502444_855910_Svea_Hovraett_OCo_Advokatfiskalen_Jaemtlands_laen__1713_-b58e9491/0002_DSC_0435/r1l26,759.0,81.0,599.7,75,46,1,47,28,False,ok,0,0.17391304347826086
Svea_Hovraett_etc_export_job_4502444_855910_Svea_Hovraett_OCo_Advokatfiskalen_Jaemtlands_laen__1713_-b58e9491/0002_DSC_0435/r1l27,752.0,75.0,641.71,81,45,2,47,34,False,ok,0,0.13333333333333333
Svea_Hovraett_etc_export_job_4502444_855910_Svea_Hovraett_OCo_Advokatfiskalen_Jaemtlands_laen__1713_-b58e9491/0002_DSC_0435/r1l28,755.0,83.0,582.17,73,49,3,52,21,False,ok,0,0.2653061224489796
Svea_Hovraett_etc_export_job_4502444_855910_Svea_Hovraett_OCo_Advokatfiskalen_Jaemtlands_laen__1713_-b58e9491/0002_DSC_0435/r1l30,742.0,89.0,533.57,67,52,2,54,13,False,ok,0,0.3269230769230769
Svea_Hovraett_etc_export_job_4502444_855910_Svea_Hovraett_OCo_Advokatfiskalen_Jaemtlands_laen__1713_-b58e9491/0002_DSC_0435/r1l31,90.0,60.0,96.0,12,4,0,4,8,False,ok,0,0.75
Svea_Hovraett_etc_export_job_4502444_855910_Svea_Hovraett_OCo_Advokatfiskalen_Jaemtlands_laen__1713_-b58e9491/0002_DSC_0435/r2l1,632.0,70.0,577.83,73,51,1,52,21,False,ok,0,0.29411764705882354
Svea_Hovraett_etc_export_job_4502444_855910_Svea_Hovraett_OCo_Advokatfiskalen_Jaemtlands_laen__1713_-b58e9491/0002_DSC_0435/r2l2,670.0,81.0,529.38,67,55,1,56,11,False,ok,0,0.4
Svea_Hovraett_etc_export_job_4502444_855910_Svea_Hovraett_OCo_Advokatfiskalen_Jaemtlands_laen__1713_-b58e9491/0002_DSC_0435/r2l3,666.0,81.0,526.22,66,55,4,59,7,False,ok,0,0.5636363636363636
Svea_Hovraett_etc_export_job_4502444_855910_Svea_Hovraett_OCo_Advokatfiskalen_Jaemtlands_laen__1713_-b58e9491/0002_DSC_0435/r2l4,676.0,74.0,584.65,74,50,5,55,19,False,ok,0,0.32
Svea_Hovraett_etc_export_job_4502444_855910_Svea_Hovraett_OCo_Advokatfiskalen_Jaemtlands_laen__1713_-b58e9491/0002_DSC_0435/r2l5,704.0,74.0,608.86,77,55,3,58,19,False,ok,0,0.32727272727272727
Svea_Hovraett_etc_export_job_4502444_855910_Svea_Hovraett_OCo_Advokatfiskalen_Jaemtlands_laen__1713_-b58e9491/0002_DSC_0435/r2l6,706.0,71.0,636.39,80,54,4,58,22,False,ok,0,0.3148148148148148
Svea_Hovraett_etc_export_job_4502444_855910_Svea_Hovraett_OCo_Advokatfiskalen_Jaemtlands_laen__1713_-b58e9491/0002_DSC_0435/r2l7,691.0,71.0,622.87,78,50,2,52,26,False,ok,0,0.22
Svea_Hovraett_etc_export_job_4502444_855910_Svea_Hovraett_OCo_Advokatfiskalen_Jaemtlands_laen__1713_-b58e9491/0002_DSC_0435/r2l8,695.0,76.0,585.26,74,50,1,51,23,False,ok,0,0.16
Svea_Hovraett_etc_export_job_4502444_855910_Svea_Hovraett_OCo_Advokatfiskalen_Jaemtlands_laen__1713_-b58e9491/0002_DSC_0435/r2l9,704.0,78.0,577.64,73,46,3,49,24,False,ok,0,0.2608695652173913
Svea_Hovraett_etc_export_job_4502444_855910_Svea_Hovraett_OCo_Advokatfiskalen_Jaemtlands_laen__1713_-b58e9491/0002_DSC_0435/r2l10,699.0,81.0,552.3,70,55,3,58,12,False,ok,0,0.2545454545454545
Svea_Hovraett_etc_export_job_4502444_855910_Svea_Hovraett_OCo_Advokatfiskalen_Jaemtlands_laen__1713_-b58e9491/0002_DSC_0435/r2l12,714.0,80.0,571.2,72,52,2,54,18,False,ok,0,0.3076923076923077
Svea_Hovraett_etc_export_job_4502444_855910_Svea_Hovraett_OCo_Advokatfiskalen_Jaemtlands_laen__1713_-b58e9491/0002_DSC_0435/r2l13,712.0,70.0,650.97,82,50,2,52,30,False,ok,0,0.14
Svea_Hovraett_etc_export_job_4502444_855910_Svea_Hovraett_OCo_Advokatfiskalen_Jaemtlands_laen__1713_-b58e9491/0002_DSC_0435/r2l14,721.0,94.0,490.89,62,51,4,55,7,False,ok,0,0.39215686274509803
Svea_Hovraett_etc_export_job_4502444_855910_Svea_Hovraett_OCo_Advokatfiskalen_Jaemtlands_laen__1713_-b58e9491/0002_DSC_0435/r2l15,714.0,93.0,491.35,62,54,2,56,6,False,ok,0,0.5740740740740741
Svea_Hovraett_etc_export_job_4502444_855910_Svea_Hovraett_OCo_Advokatfiskalen_Jaemtlands_laen__1713_-b58e9491/0002_DSC_0435/r2l16,702.0,79.0,568.71,72,51,5,56,16,False,ok,0,0.35294117647058826
Svea_Hovraett_etc_export_job_4502444_855910_Svea_Hovraett_OCo_Advokatfiskalen_Jaemtlands_laen__1713_-b58e9491/0002_DSC_0435/r2l17,730.0,71.0,658.03,83,54,2,56,27,False,ok,0,0.12962962962962962
Svea_Hovraett_etc_export_job_4502444_855910_Svea_Hovraett_OCo_Advokatfiskalen_Jaemtlands_laen__1713_-b58e9491/0002_DSC_0435/r2l18,729.0,75.0,622.08,78,55,2,57,21,False,ok,0,0.10909090909090909
Svea_Hovraett_etc_export_job_4502444_855910_Svea_Hovraett_OCo_Advokatfiskalen_Jaemtlands_laen__1713_-b58e9491/0002_DSC_0435/r2l19,567.0,86.0,421.95,53,37,4,41,12,False,ok,0,0.21621621621621623
Svea_Hovraett_etc_export_job_4502444_855910_Svea_Hovraett_OCo_Advokatfiskalen_Jaemtlands_laen__1713_-b58e9491/0002_DSC_0435/r2l20,41.0,47.0,55.83,7,2,0,2,5,False,empty,1,1.0
Svea_Hovraett_etc_export_job_4502444_855910_Svea_Hovraett_OCo_Advokatfiskalen_Jaemtlands_laen__1713_-b58e9491/0002_DSC_0435/line_1638883594192_1146,836.0,101.0,529.74,67,63,2,65,2,False,ok,0,0.3968253968253968
Svea_Hovraett_etc_export_job_4502444_855910_Svea_Hovraett_OCo_Advokatfiskalen_Jaemtlands_laen__1713_-b58e9491/0002_DSC_0435/r2l22,755.0,84.0,575.24,72,50,3,53,19,False,ok,0,0.26
Svea_Hovraett_etc_export_job_4502444_855910_Svea_Hovraett_OCo_Advokatfiskalen_Jaemtlands_laen__1713_-b58e9491/0002_DSC_0435/r2l23,752.0,74.0,650.38,82,49,3,52,30,False,ok,0,0.20408163265306123
Svea_Hovraett_etc_export_job_4502444_855910_Svea_Hovraett_OCo_Advokatfiskalen_Jaemtlands_laen__1713_-b58e9491/0002_DSC_0435/r2l24,755.0,85.0,568.47,72,49,3,52,20,False,ok,0,0.1836734693877551
Svea_Hovraett_etc_export_job_4502444_855910_Svea_Hovraett_OCo_Advokatfiskalen_Jaemtlands_laen__1713_-b58e9491/0002_DSC_0435/r2l25,771.0,77.0,640.83,81,49,1,50,31,False,ok,0,0.16326530612244897
Svea_Hovraett_etc_export_job_4502444_855910_Svea_Hovraett_OCo_Advokatfiskalen_Jaemtlands_laen__1713_-b58e9491/0002_DSC_0435/r2l26,743.0,79.0,601.92,76,47,2,49,27,False,ok,0,0.2553191489361702
Svea_Hovraett_etc_export_job_4502444_855910_Svea_Hovraett_OCo_Advokatfiskalen_Jaemtlands_laen__1713_-b58e9491/0002_DSC_0435/r2l27,746.0,79.0,604.35,76,49,4,53,23,False,ok,0,0.2653061224489796
Svea_Hovraett_etc_export_job_4502444_855910_Svea_Hovraett_OCo_Advokatfiskalen_Jaemtlands_laen__1713_-b58e9491/0003_DSC_0436/r1l3,682.0,73.0,597.92,75,53,3,56,19,False,ok,0,0.24528301886792453
Svea_Hovraett_etc_export_job_4502444_855910_Svea_Hovraett_OCo_Advokatfiskalen_Jaemtlands_laen__1713_-b58e9491/0003_DSC_0436/r1l5,682.0,70.0,623.54,78,57,3,60,18,False,ok,0,0.2631578947368421
Svea_Hovraett_etc_export_job_4502444_855910_Svea_Hovraett_OCo_Advokatfiskalen_Jaemtlands_laen__1713_-b58e9491/0003_DSC_0436/r1l7,696.0,69.0,645.57,81,59,3,62,19,False,ok,0,0.1694915254237288
Svea_Hovraett_etc_export_job_4502444_855910_Svea_Hovraett_OCo_Advokatfiskalen_Jaemtlands_laen__1713_-b58e9491/0003_DSC_0436/r1l9,677.0,62.0,698.84,88,50,1,51,37,False,ok,0,0.26
Svea_Hovraett_etc_export_job_4502444_855910_Svea_Hovraett_OCo_Advokatfiskalen_Jaemtlands_laen__1713_-b58e9491/0003_DSC_0436/r1l11,696.0,80.0,556.8,70,52,4,56,14,False,ok,0,0.34615384615384615
Svea_Hovraett_etc_export_job_4502444_855910_Svea_Hovraett_OCo_Advokatfiskalen_Jaemtlands_laen__1713_-b58e9491/0003_DSC_0436/r1l13,698.0,69.0,647.42,81,48,1,49,32,False,ok,0,0.10416666666666667
Svea_Hovraett_etc_export_job_4502444_855910_Svea_Hovraett_OCo_Advokatfiskalen_Jaemtlands_laen__1713_-b58e9491/0003_DSC_0436/r1l15,728.0,73.0,638.25,80,50,0,50,30,False,ok,0,0.34
Svea_Hovraett_etc_export_job_4502444_855910_Svea_Hovraett_OCo_Advokatfiskalen_Jaemtlands_laen__1713_-b58e9491/0003_DSC_0436/r1l19,700.0,58.0,772.41,97,48,2,50,47,False,ok,0,0.20833333333333334
Svea_Hovraett_etc_export_job_4502444_855910_Svea_Hovraett_OCo_Advokatfiskalen_Jaemtlands_laen__1713_-b58e9491/0003_DSC_0436/r1l21,699.0,70.0,639.09,80,48,4,52,28,False,ok,0,0.14583333333333334
Svea_Hovraett_etc_export_job_4502444_855910_Svea_Hovraett_OCo_Advokatfiskalen_Jaemtlands_laen__1713_-b58e9491/0003_DSC_0436/r1l23,716.0,71.0,645.41,81,52,2,54,27,False,ok,0,0.3269230769230769
Svea_Hovraett_etc_export_job_4502444_855910_Svea_Hovraett_OCo_Advokatfiskalen_Jaemtlands_laen__1713_-b58e9491/0003_DSC_0436/r1l25,731.0,82.0,570.54,72,57,4,61,11,False,ok,0,0.21052631578947367
Svea_Hovraett_etc_export_job_4502444_855910_Svea_Hovraett_OCo_Advokatfiskalen_Jaemtlands_laen__1713_-b58e9491/0003_DSC_0436/r1l27,749.0,62.0,773.16,97,47,3,50,47,False,ok,0,0.19148936170212766
Svea_Hovraett_etc_export_job_4502444_855910_Svea_Hovraett_OCo_Advokatfiskalen_Jaemtlands_laen__1713_-b58e9491/0003_DSC_0436/r1l29,729.0,77.0,605.92,76,49,2,51,25,False,ok,0,0.061224489795918366
Svea_Hovraett_etc_export_job_4502444_855910_Svea_Hovraett_OCo_Advokatfiskalen_Jaemtlands_laen__1713_-b58e9491/0003_DSC_0436/r1l31,740.0,76.0,623.16,78,44,1,45,33,False,ok,0,0.22727272727272727
Svea_Hovraett_etc_export_job_4502444_855910_Svea_Hovraett_OCo_Advokatfiskalen_Jaemtlands_laen__1713_-b58e9491/0003_DSC_0436/line_1638883975765_1368,740.0,84.0,563.81,71,48,2,50,21,False,ok,0,0.25
Svea_Hovraett_etc_export_job_4502444_855910_Svea_Hovraett_OCo_Advokatfiskalen_Jaemtlands_laen__1713_-b58e9491/0003_DSC_0436/line_1638883975766_1370,729.0,56.0,833.14,105,45,2,47,58,False,ok,0,0.2222222222222222
Svea_Hovraett_etc_export_job_4502444_855910_Svea_Hovraett_OCo_Advokatfiskalen_Jaemtlands_laen__1713_-b58e9491/0003_DSC_0436/line_1638884125542_1430,773.0,58.0,852.97,107,52,3,55,52,False,ok,0,0.21153846153846154
Svea_Hovraett_etc_export_job_4502444_855910_Svea_Hovraett_OCo_Advokatfiskalen_Jaemtlands_laen__1713_-b58e9491/0003_DSC_0436/line_1638883975768_1374,733.0,73.0,642.63,81,53,0,53,28,False,ok,0,0.18867924528301888
Svea_Hovraett_etc_export_job_4502444_855910_Svea_Hovraett_OCo_Advokatfiskalen_Jaemtlands_laen__1713_-b58e9491/0003_DSC_0436/r1l41,743.0,70.0,679.31,85,46,1,47,38,False,ok,0,0.13043478260869565
Svea_Hovraett_etc_export_job_4502444_855910_Svea_Hovraett_OCo_Advokatfiskalen_Jaemtlands_laen__1713_-b58e9491/0003_DSC_0436/line_1638884168542_1445,762.0,63.0,774.1,97,46,4,50,47,False,ok,0,0.1956521739130435
Svea_Hovraett_etc_export_job_4502444_855910_Svea_Hovraett_OCo_Advokatfiskalen_Jaemtlands_laen__1713_-b58e9491/0003_DSC_0436/r1l45,748.0,60.0,797.87,100,48,2,50,50,False,ok,0,0.22916666666666666
Svea_Hovraett_etc_export_job_4502444_855910_Svea_Hovraett_OCo_Advokatfiskalen_Jaemtlands_laen__1713_-b58e9491/0003_DSC_0436/line_1638883975771_1376,727.0,73.0,637.37,80,44,1,45,35,False,ok,0,0.20454545454545456
Svea_Hovraett_etc_export_job_4502444_855910_Svea_Hovraett_OCo_Advokatfiskalen_Jaemtlands_laen__1713_-b58e9491/0003_DSC_0436/r1l49,750.0,59.0,813.56,102,43,1,44,58,False,ok,0,0.20930232558139536
Svea_Hovraett_etc_export_job_4502444_855910_Svea_Hovraett_OCo_Advokatfiskalen_Jaemtlands_laen__1713_-b58e9491/0003_DSC_0436/line_1638883975773_1378,743.0,74.0,642.59,81,47,3,50,31,False,ok,0,0.2765957446808511
Svea_Hovraett_etc_export_job_4502444_855910_Svea_Hovraett_OCo_Advokatfiskalen_Jaemtlands_laen__1713_-b58e9491/0003_DSC_0436/line_1638883975774_1380,757.0,87.0,556.87,70,51,2,53,17,False,ok,0,0.19607843137254902
Svea_Hovraett_etc_export_job_4502444_855910_Svea_Hovraett_OCo_Advokatfiskalen_Jaemtlands_laen__1713_-b58e9491/0003_DSC_0436/line_1638883975775_1382,757.0,91.0,532.4,67,48,1,49,18,False,ok,0,0.3333333333333333
Svea_Hovraett_etc_export_job_4502444_855910_Svea_Hovraett_OCo_Advokatfiskalen_Jaemtlands_laen__1713_-b58e9491/0003_DSC_0436/r1l55,156.0,61.0,163.67,21,9,1,10,11,False,ok,0,0.8888888888888888
Svea_Hovraett_etc_export_job_4502444_855910_Svea_Hovraett_OCo_Advokatfiskalen_Jaemtlands_laen__1713_-b58e9491/0003_DSC_0436/r1l2,640.0,97.0,422.27,53,56,3,59,-6,True,ok,0,0.5178571428571429
Svea_Hovraett_etc_export_job_4502444_855910_Svea_Hovraett_OCo_Advokatfiskalen_Jaemtlands_laen__1713_-b58e9491/0003_DSC_0436/r1l4,666.0,75.0,568.32,72,49,4,53,19,False,ok,0,0.5102040816326531
Svea_Hovraett_etc_export_job_4502444_855910_Svea_Hovraett_OCo_Advokatfiskalen_Jaemtlands_laen__1713_-b58e9491/0003_DSC_0436/r1l6,655.0,70.0,598.86,75,54,2,56,19,False,ok,0,0.3148148148148148
Svea_Hovraett_etc_export_job_4502444_855910_Svea_Hovraett_OCo_Advokatfiskalen_Jaemtlands_laen__1713_-b58e9491/0003_DSC_0436/line_1638883975760_1363,641.0,64.0,641.0,81,51,3,54,27,False,ok,0,0.23529411764705882
Svea_Hovraett_etc_export_job_4502444_855910_Svea_Hovraett_OCo_Advokatfiskalen_Jaemtlands_laen__1713_-b58e9491/0003_DSC_0436/r1l10,677.0,67.0,646.69,81,57,3,60,21,False,ok,0,0.3333333333333333
Svea_Hovraett_etc_export_job_4502444_855910_Svea_Hovraett_OCo_Advokatfiskalen_Jaemtlands_laen__1713_-b58e9491/0003_DSC_0436/r1l12,676.0,76.0,569.26,72,57,1,58,14,False,ok,0,0.3333333333333333
Svea_Hovraett_etc_export_job_4502444_855910_Svea_Hovraett_OCo_Advokatfiskalen_Jaemtlands_laen__1713_-b58e9491/0003_DSC_0436/r1l14,676.0,57.0,759.02,95,49,1,50,45,False,ok,0,0.3673469387755102
Svea_Hovraett_etc_export_job_4502444_855910_Svea_Hovraett_OCo_Advokatfiskalen_Jaemtlands_laen__1713_-b58e9491/0003_DSC_0436/line_1638883975762_1365,681.0,73.0,597.04,75,70,2,72,3,False,ok,0,0.35714285714285715
Svea_Hovraett_etc_export_job_4502444_855910_Svea_Hovraett_OCo_Advokatfiskalen_Jaemtlands_laen__1713_-b58e9491/0003_DSC_0436/r1l18,427.0,83.0,329.25,42,40,1,41,1,False,ok,0,0.475
Svea_Hovraett_etc_export_job_4502444_855910_Svea_Hovraett_OCo_Advokatfiskalen_Jaemtlands_laen__1713_-b58e9491/0003_DSC_0436/r1l20,40.0,49.0,52.24,7,2,0,2,5,False,ok,0,0.5
Svea_Hovraett_etc_export_job_4502444_855910_Svea_Hovraett_OCo_Advokatfiskalen_Jaemtlands_laen__1713_-b58e9491/0003_DSC_0436/r1l22,688.0,74.0,595.03,75,50,1,51,24,False,ok,0,0.2
Svea_Hovraett_etc_export_job_4502444_855910_Svea_Hovraett_OCo_Advokatfiskalen_Jaemtlands_laen__1713_-b58e9491/0003_DSC_0436/r1l24,696.0,81.0,549.93,69,54,2,56,13,False,ok,0,0.35185185185185186
Svea_Hovraett_etc_export_job_4502444_855910_Svea_Hovraett_OCo_Advokatfiskalen_Jaemtlands_laen__1713_-b58e9491/0003_DSC_0436/r1l26,690.0,84.0,525.71,66,60,4,64,2,False,ok,0,0.36666666666666664
Svea_Hovraett_etc_export_job_4502444_855910_Svea_Hovraett_OCo_Advokatfiskalen_Jaemtlands_laen__1713_-b58e9491/0003_DSC_0436/r1l28,696.0,91.0,489.49,62,51,0,51,11,False,ok,0,0.5098039215686274
Svea_Hovraett_etc_export_job_4502444_855910_Svea_Hovraett_OCo_Advokatfiskalen_Jaemtlands_laen__1713_-b58e9491/0003_DSC_0436/r1l30,709.0,73.0,621.59,78,62,4,66,12,False,ok,0,0.41935483870967744
Svea_Hovraett_etc_export_job_4502444_855910_Svea_Hovraett_OCo_Advokatfiskalen_Jaemtlands_laen__1713_-b58e9491/0003_DSC_0436/r1l32,719.0,84.0,547.81,69,58,5,63,6,False,ok,0,0.5
Svea_Hovraett_etc_export_job_4502444_855910_Svea_Hovraett_OCo_Advokatfiskalen_Jaemtlands_laen__1713_-b58e9491/0003_DSC_0436/r1l34,726.0,89.0,522.07,66,59,2,61,5,False,ok,0,0.559322033898305
Svea_Hovraett_etc_export_job_4502444_855910_Svea_Hovraett_OCo_Advokatfiskalen_Jaemtlands_laen__1713_-b58e9491/0003_DSC_0436/r1l36,718.0,94.0,488.85,62,62,4,66,-4,True,ok,0,0.7419354838709677
Svea_Hovraett_etc_export_job_4502444_855910_Svea_Hovraett_OCo_Advokatfiskalen_Jaemtlands_laen__1713_-b58e9491/0003_DSC_0436/r1l38,723.0,95.0,487.07,61,58,2,60,1,False,ok,0,0.6551724137931034
Svea_Hovraett_etc_export_job_4502444_855910_Svea_Hovraett_OCo_Advokatfiskalen_Jaemtlands_laen__1713_-b58e9491/0003_DSC_0436/r1l40,742.0,89.0,533.57,67,62,4,66,1,False,ok,0,0.6612903225806451
Svea_Hovraett_etc_export_job_4502444_855910_Svea_Hovraett_OCo_Advokatfiskalen_Jaemtlands_laen__1713_-b58e9491/0003_DSC_0436/r1l42,738.0,89.0,530.7,67,60,1,61,6,False,ok,0,0.5166666666666667
Svea_Hovraett_etc_export_job_4502444_855910_Svea_Hovraett_OCo_Advokatfiskalen_Jaemtlands_laen__1713_-b58e9491/0003_DSC_0436/r1l44,708.0,87.0,520.83,66,56,2,58,8,False,ok,0,0.5535714285714286
Svea_Hovraett_etc_export_job_4502444_855910_Svea_Hovraett_OCo_Advokatfiskalen_Jaemtlands_laen__1713_-b58e9491/0003_DSC_0436/r1l46,734.0,104.0,451.69,57,58,2,60,-3,True,ok,0,0.7241379310344828
Svea_Hovraett_etc_export_job_4502444_855910_Svea_Hovraett_OCo_Advokatfiskalen_Jaemtlands_laen__1713_-b58e9491/0003_DSC_0436/r1l48,729.0,94.0,496.34,63,59,4,63,0,False,ok,0,0.7796610169491526
Svea_Hovraett_etc_export_job_4502444_855910_Svea_Hovraett_OCo_Advokatfiskalen_Jaemtlands_laen__1713_-b58e9491/0003_DSC_0436/r1l50,730.0,88.0,530.91,67,64,2,66,1,False,ok,0,0.40625
Svea_Hovraett_etc_export_job_4502444_855910_Svea_Hovraett_OCo_Advokatfiskalen_Jaemtlands_laen__1713_-b58e9491/0003_DSC_0436/line_1638883975774_1379,780.0,97.0,514.64,65,58,2,60,5,False,ok,0,0.5517241379310345
Svea_Hovraett_etc_export_job_4502444_855910_Svea_Hovraett_OCo_Advokatfiskalen_Jaemtlands_laen__1713_-b58e9491/0003_DSC_0436/r1l53,134.0,72.0,119.11,15,8,1,9,6,False,ok,0,0.75
Svea_Hovraett_etc_export_job_4502444_855910_Svea_Hovraett_OCo_Advokatfiskalen_Jaemtlands_laen__1713_-b58e9491/0004_DSC_0437/r1l1,731.0,103.0,454.21,57,61,4,65,-8,True,ok,0,0.5245901639344263
Svea_Hovraett_etc_export_job_4502444_855910_Svea_Hovraett_OCo_Advokatfiskalen_Jaemtlands_laen__1713_-b58e9491/0004_DSC_0437/r1l2,721.0,81.0,569.68,72,56,2,58,14,False,ok,0,0.5714285714285714
Svea_Hovraett_etc_export_job_4502444_855910_Svea_Hovraett_OCo_Advokatfiskalen_Jaemtlands_laen__1713_-b58e9491/0004_DSC_0437/r1l3,725.0,67.0,692.54,87,61,3,64,23,False,ok,0,0.2786885245901639
Svea_Hovraett_etc_export_job_4502444_855910_Svea_Hovraett_OCo_Advokatfiskalen_Jaemtlands_laen__1713_-b58e9491/0004_DSC_0437/r1l4,730.0,75.0,622.93,78,52,1,53,25,False,ok,0,0.15384615384615385
Svea_Hovraett_etc_export_job_4502444_855910_Svea_Hovraett_OCo_Advokatfiskalen_Jaemtlands_laen__1713_-b58e9491/0004_DSC_0437/r1l5,733.0,66.0,710.79,89,62,2,64,25,False,ok,0,0.3064516129032258
Svea_Hovraett_etc_export_job_4502444_855910_Svea_Hovraett_OCo_Advokatfiskalen_Jaemtlands_laen__1713_-b58e9491/0004_DSC_0437/r1l6,730.0,63.0,741.59,93,58,4,62,31,False,ok,0,0.22413793103448276
Svea_Hovraett_etc_export_job_4502444_855910_Svea_Hovraett_OCo_Advokatfiskalen_Jaemtlands_laen__1713_-b58e9491/0004_DSC_0437/r1l7,733.0,71.0,660.73,83,61,1,62,21,False,ok,0,0.18032786885245902
Svea_Hovraett_etc_export_job_4502444_855910_Svea_Hovraett_OCo_Advokatfiskalen_Jaemtlands_laen__1713_-b58e9491/0004_DSC_0437/r1l8,749.0,79.0,606.78,76,62,1,63,13,False,ok,0,0.3870967741935484
Svea_Hovraett_etc_export_job_4502444_855910_Svea_Hovraett_OCo_Advokatfiskalen_Jaemtlands_laen__1713_-b58e9491/0004_DSC_0437/r1l9,740.0,75.0,631.47,79,57,1,58,21,False,ok,0,0.15789473684210525
Svea_Hovraett_etc_export_job_4502444_855910_Svea_Hovraett_OCo_Advokatfiskalen_Jaemtlands_laen__1713_-b58e9491/0004_DSC_0437/r1l10,745.0,72.0,662.22,83,56,3,59,24,False,ok,0,0.23214285714285715
Svea_Hovraett_etc_export_job_4502444_855910_Svea_Hovraett_OCo_Advokatfiskalen_Jaemtlands_laen__1713_-b58e9491/0004_DSC_0437/r1l11,761.0,78.0,624.41,79,53,1,54,25,False,ok,0,0.11320754716981132
Svea_Hovraett_etc_export_job_4502444_855910_Svea_Hovraett_OCo_Advokatfiskalen_Jaemtlands_laen__1713_-b58e9491/0004_DSC_0437/r1l12,745.0,73.0,653.15,82,53,2,55,27,False,ok,0,0.24528301886792453
Svea_Hovraett_etc_export_job_4502444_855910_Svea_Hovraett_OCo_Advokatfiskalen_Jaemtlands_laen__1713_-b58e9491/0004_DSC_0437/r1l13,733.0,75.0,625.49,79,58,3,61,18,False,ok,0,0.2413793103448276
Svea_Hovraett_etc_export_job_4502444_855910_Svea_Hovraett_OCo_Advokatfiskalen_Jaemtlands_laen__1713_-b58e9491/0004_DSC_0437/r1l14,745.0,74.0,644.32,81,52,4,56,25,False,ok,0,0.3076923076923077
Svea_Hovraett_etc_export_job_4502444_855910_Svea_Hovraett_OCo_Advokatfiskalen_Jaemtlands_laen__1713_-b58e9491/0004_DSC_0437/r1l15,769.0,72.0,683.56,86,54,2,56,30,False,ok,0,0.2962962962962963
Svea_Hovraett_etc_export_job_4502444_855910_Svea_Hovraett_OCo_Advokatfiskalen_Jaemtlands_laen__1713_-b58e9491/0004_DSC_0437/r1l16,761.0,85.0,572.99,72,61,3,64,8,False,ok,0,0.4098360655737705
Svea_Hovraett_etc_export_job_4502444_855910_Svea_Hovraett_OCo_Advokatfiskalen_Jaemtlands_laen__1713_-b58e9491/0004_DSC_0437/r1l17,772.0,71.0,695.89,87,64,1,65,22,False,ok,0,0.296875
Svea_Hovraett_etc_export_job_4502444_855910_Svea_Hovraett_OCo_Advokatfiskalen_Jaemtlands_laen__1713_-b58e9491/0004_DSC_0437/r1l18,769.0,77.0,639.17,80,52,2,54,26,False,ok,0,0.1346153846153846
Svea_Hovraett_etc_export_job_4502444_855910_Svea_Hovraett_OCo_Advokatfiskalen_Jaemtlands_laen__1713_-b58e9491/0004_DSC_0437/r1l19,787.0,77.0,654.13,82,58,4,62,20,False,ok,0,0.22413793103448276
Svea_Hovraett_etc_export_job_4502444_855910_Svea_Hovraett_OCo_Advokatfiskalen_Jaemtlands_laen__1713_-b58e9491/0004_DSC_0437/r1l20,787.0,75.0,671.57,84,60,3,63,21,False,ok,0,0.25
Svea_Hovraett_etc_export_job_4502444_855910_Svea_Hovraett_OCo_Advokatfiskalen_Jaemtlands_laen__1713_-b58e9491/0004_DSC_0437/r1l21,782.0,80.0,625.6,79,58,3,61,18,False,ok,0,0.39655172413793105
Svea_Hovraett_etc_export_job_4502444_855910_Svea_Hovraett_OCo_Advokatfiskalen_Jaemtlands_laen__1713_-b58e9491/0004_DSC_0437/r1l22,796.0,73.0,697.86,88,63,3,66,22,False,ok,0,0.30158730158730157
Svea_Hovraett_etc_export_job_4502444_855910_Svea_Hovraett_OCo_Advokatfiskalen_Jaemtlands_laen__1713_-b58e9491/0004_DSC_0437/r1l23,793.0,66.0,768.97,97,57,2,59,38,False,ok,0,0.3508771929824561
Svea_Hovraett_etc_export_job_4502444_855910_Svea_Hovraett_OCo_Advokatfiskalen_Jaemtlands_laen__1713_-b58e9491/0004_DSC_0437/r1l24,792.0,63.0,804.57,101,53,2,55,46,False,ok,0,0.16981132075471697
Svea_Hovraett_etc_export_job_4502444_855910_Svea_Hovraett_OCo_Advokatfiskalen_Jaemtlands_laen__1713_-b58e9491/0004_DSC_0437/r1l25,784.0,84.0,597.33,75,60,2,62,13,False,ok,0,0.25
Svea_Hovraett_etc_export_job_4502444_855910_Svea_Hovraett_OCo_Advokatfiskalen_Jaemtlands_laen__1713_-b58e9491/0004_DSC_0437/r1l26,790.0,73.0,692.6,87,55,5,60,27,False,ok,0,0.32727272727272727
Svea_Hovraett_etc_export_job_4502444_855910_Svea_Hovraett_OCo_Advokatfiskalen_Jaemtlands_laen__1713_-b58e9491/0004_DSC_0437/r1l27,801.0,79.0,648.91,82,57,1,58,24,False,ok,0,0.40350877192982454
Svea_Hovraett_etc_export_job_4502444_855910_Svea_Hovraett_OCo_Advokatfiskalen_Jaemtlands_laen__1713_-b58e9491/0004_DSC_0437/r1l28,790.0,92.0,549.57,69,57,3,60,9,False,ok,0,0.45614035087719296
Svea_Hovraett_etc_export_job_4502444_855910_Svea_Hovraett_OCo_Advokatfiskalen_Jaemtlands_laen__1713_-b58e9491/0004_DSC_0437/r1l29,131.0,71.0,118.08,15,11,0,11,4,False,ok,0,0.6363636363636364
Svea_Hovraett_etc_export_job_4502444_855910_Svea_Hovraett_OCo_Advokatfiskalen_Jaemtlands_laen__1713_-b58e9491/0004_DSC_0437/r2l2,718.0,91.0,504.97,64,65,2,67,-3,True,ok,0,0.5384615384615384
Svea_Hovraett_etc_export_job_4502444_855910_Svea_Hovraett_OCo_Advokatfiskalen_Jaemtlands_laen__1713_-b58e9491/0004_DSC_0437/r2l3,708.0,86.0,526.88,66,63,3,66,0,False,ok,0,0.6984126984126984
Svea_Hovraett_etc_export_job_4502444_855910_Svea_Hovraett_OCo_Advokatfiskalen_Jaemtlands_laen__1713_-b58e9491/0004_DSC_0437/r2l4,690.0,69.0,640.0,80,59,4,63,17,False,ok,0,0.3389830508474576
Svea_Hovraett_etc_export_job_4502444_855910_Svea_Hovraett_OCo_Advokatfiskalen_Jaemtlands_laen__1713_-b58e9491/0004_DSC_0437/r2l5,712.0,76.0,599.58,75,61,4,65,10,False,ok,0,0.3114754098360656
Svea_Hovraett_etc_export_job_4502444_855910_Svea_Hovraett_OCo_Advokatfiskalen_Jaemtlands_laen__1713_-b58e9491/0004_DSC_0437/r2l6,717.0,75.0,611.84,77,62,2,64,13,False,ok,0,0.3548387096774194
Svea_Hovraett_etc_export_job_4502444_855910_Svea_Hovraett_OCo_Advokatfiskalen_Jaemtlands_laen__1713_-b58e9491/0004_DSC_0437/r2l7,717.0,70.0,655.54,82,64,2,66,16,False,ok,0,0.21875
Svea_Hovraett_etc_export_job_4502444_855910_Svea_Hovraett_OCo_Advokatfiskalen_Jaemtlands_laen__1713_-b58e9491/0004_DSC_0437/r2l8,713.0,72.0,633.78,80,55,0,55,25,False,ok,0,0.2545454545454545
Svea_Hovraett_etc_export_job_4502444_855910_Svea_Hovraett_OCo_Advokatfiskalen_Jaemtlands_laen__1713_-b58e9491/0004_DSC_0437/r2l9,718.0,80.0,574.4,72,59,4,63,9,False,ok,0,0.5423728813559322
Svea_Hovraett_etc_export_job_4502444_855910_Svea_Hovraett_OCo_Advokatfiskalen_Jaemtlands_laen__1713_-b58e9491/0004_DSC_0437/r2l10,714.0,72.0,634.67,80,63,2,65,15,False,ok,0,0.2857142857142857
Svea_Hovraett_etc_export_job_4502444_855910_Svea_Hovraett_OCo_Advokatfiskalen_Jaemtlands_laen__1713_-b58e9491/0004_DSC_0437/r2l11,700.0,74.0,605.41,76,60,3,63,13,False,ok,0,0.3
Svea_Hovraett_etc_export_job_4502444_855910_Svea_Hovraett_OCo_Advokatfiskalen_Jaemtlands_laen__1713_-b58e9491/0004_DSC_0437/r2l12,723.0,71.0,651.72,82,50,2,52,30,False,ok,0,0.06
Svea_Hovraett_etc_export_job_4502444_855910_Svea_Hovraett_OCo_Advokatfiskalen_Jaemtlands_laen__1713_-b58e9491/0004_DSC_0437/r2l13,717.0,67.0,684.9,86,53,2,55,31,False,ok,0,0.18867924528301888
Svea_Hovraett_etc_export_job_4502444_855910_Svea_Hovraett_OCo_Advokatfiskalen_Jaemtlands_laen__1713_-b58e9491/0004_DSC_0437/r2l14,734.0,62.0,757.68,95,57,4,61,34,False,ok,0,0.10526315789473684
Svea_Hovraett_etc_export_job_4502444_855910_Svea_Hovraett_OCo_Advokatfiskalen_Jaemtlands_laen__1713_-b58e9491/0004_DSC_0437/r2l15,718.0,91.0,504.97,64,53,2,55,9,False,ok,0,0.4339622641509434
Svea_Hovraett_etc_export_job_4502444_855910_Svea_Hovraett_OCo_Advokatfiskalen_Jaemtlands_laen__1713_-b58e9491/0004_DSC_0437/r2l16,700.0,78.0,574.36,72,50,1,51,21,False,ok,0,0.16
Svea_Hovraett_etc_export_job_4502444_855910_Svea_Hovraett_OCo_Advokatfiskalen_Jaemtlands_laen__1713_-b58e9491/0004_DSC_0437/r2l17,705.0,75.0,601.6,76,52,2,54,22,False,ok,0,0.23076923076923078
Svea_Hovraett_etc_export_job_4502444_855910_Svea_Hovraett_OCo_Advokatfiskalen_Jaemtlands_laen__1713_-b58e9491/0004_DSC_0437/r2l18,719.0,75.0,613.55,77,52,3,55,22,False,ok,0,0.21153846153846154
Svea_Hovraett_etc_export_job_4502444_855910_Svea_Hovraett_OCo_Advokatfiskalen_Jaemtlands_laen__1713_-b58e9491/0004_DSC_0437/r2l19,733.0,81.0,579.16,73,53,4,57,16,False,ok,0,0.24528301886792453
Svea_Hovraett_etc_export_job_4502444_855910_Svea_Hovraett_OCo_Advokatfiskalen_Jaemtlands_laen__1713_-b58e9491/0004_DSC_0437/r2l20,720.0,80.0,576.0,72,56,1,57,15,False,ok,0,0.375
Svea_Hovraett_etc_export_job_4502444_855910_Svea_Hovraett_OCo_Advokatfiskalen_Jaemtlands_laen__1713_-b58e9491/0004_DSC_0437/r2l21,726.0,77.0,603.43,76,50,1,51,25,False,ok,0,0.18
Svea_Hovraett_etc_export_job_4502444_855910_Svea_Hovraett_OCo_Advokatfiskalen_Jaemtlands_laen__1713_-b58e9491/0004_DSC_0437/r2l22,738.0,86.0,549.21,69,55,3,58,11,False,ok,0,0.5272727272727272
Svea_Hovraett_etc_export_job_4502444_855910_Svea_Hovraett_OCo_Advokatfiskalen_Jaemtlands_laen__1713_-b58e9491/0004_DSC_0437/r2l23,760.0,82.0,593.17,75,56,5,61,14,False,ok,0,0.30357142857142855
Svea_Hovraett_etc_export_job_4502444_855910_Svea_Hovraett_OCo_Advokatfiskalen_Jaemtlands_laen__1713_-b58e9491/0004_DSC_0437/r2l24,757.0,72.0,672.89,85,55,5,60,25,False,ok,0,0.34545454545454546
Svea_Hovraett_etc_export_job_4502444_855910_Svea_Hovraett_OCo_Advokatfiskalen_Jaemtlands_laen__1713_-b58e9491/0004_DSC_0437/r2l25,734.0,91.0,516.22,65,56,2,58,7,False,ok,0,0.17857142857142858
Svea_Hovraett_etc_export_job_4502444_855910_Svea_Hovraett_OCo_Advokatfiskalen_Jaemtlands_laen__1713_-b58e9491/0004_DSC_0437/r2l26,747.0,76.0,629.05,79,55,1,56,23,False,ok,0,0.38181818181818183
Svea_Hovraett_etc_export_job_4502444_855910_Svea_Hovraett_OCo_Advokatfiskalen_Jaemtlands_laen__1713_-b58e9491/0004_DSC_0437/r2l27,742.0,79.0,601.11,76,48,4,52,24,False,ok,0,0.6041666666666666
Svea_Hovraett_etc_export_job_4502444_855910_Svea_Hovraett_OCo_Advokatfiskalen_Jaemtlands_laen__1713_-b58e9491/0004_DSC_0437/r2l28,751.0,77.0,624.21,79,53,2,55,24,False,ok,0,0.33962264150943394
Svea_Hovraett_etc_export_job_4502444_855910_Svea_Hovraett_OCo_Advokatfiskalen_Jaemtlands_laen__1713_-b58e9491/0004_DSC_0437/r2l29,746.0,76.0,628.21,79,57,3,60,19,False,ok,0,0.43859649122807015
Svea_Hovraett_etc_export_job_4502444_855910_Svea_Hovraett_OCo_Advokatfiskalen_Jaemtlands_laen__1713_-b58e9491/0004_DSC_0437/r2l30,735.0,98.0,480.0,60,54,3,57,3,False,ok,0,0.42592592592592593
Svea_Hovraett_etc_export_job_4502444_855910_Svea_Hovraett_OCo_Advokatfiskalen_Jaemtlands_laen__1713_-b58e9491/0004_DSC_0437/r2l31,105.0,68.0,98.82,13,4,1,5,8,False,ok,0,0.0
Svea_Hovraett_etc_export_job_4502444_855910_Svea_Hovraett_OCo_Advokatfiskalen_Jaemtlands_laen__1713_-b58e9491/0005_DSC_0438/r1l1,738.0,80.0,590.4,74,55,3,58,16,False,ok,0,0.2545454545454545
Svea_Hovraett_etc_export_job_4502444_855910_Svea_Hovraett_OCo_Advokatfiskalen_Jaemtlands_laen__1713_-b58e9491/0005_DSC_0438/r1l2,747.0,86.0,555.91,70,58,4,62,8,False,ok,0,0.46551724137931033
Svea_Hovraett_etc_export_job_4502444_855910_Svea_Hovraett_OCo_Advokatfiskalen_Jaemtlands_laen__1713_-b58e9491/0005_DSC_0438/r1l3,736.0,84.0,560.76,71,57,4,61,10,False,ok,0,0.10526315789473684
Svea_Hovraett_etc_export_job_4502444_855910_Svea_Hovraett_OCo_Advokatfiskalen_Jaemtlands_laen__1713_-b58e9491/0005_DSC_0438/r1l5,746.0,79.0,604.35,76,51,1,52,24,False,ok,0,0.13725490196078433
Svea_Hovraett_etc_export_job_4502444_855910_Svea_Hovraett_OCo_Advokatfiskalen_Jaemtlands_laen__1713_-b58e9491/0005_DSC_0438/r1l6,747.0,78.0,612.92,77,55,1,56,21,False,ok,0,0.10909090909090909
Svea_Hovraett_etc_export_job_4502444_855910_Svea_Hovraett_OCo_Advokatfiskalen_Jaemtlands_laen__1713_-b58e9491/0005_DSC_0438/r1l7,759.0,74.0,656.43,83,59,3,62,21,False,ok,0,0.1694915254237288
Svea_Hovraett_etc_export_job_4502444_855910_Svea_Hovraett_OCo_Advokatfiskalen_Jaemtlands_laen__1713_-b58e9491/0005_DSC_0438/r1l8,745.0,73.0,653.15,82,49,1,50,32,False,ok,0,0.14285714285714285
Svea_Hovraett_etc_export_job_4502444_855910_Svea_Hovraett_OCo_Advokatfiskalen_Jaemtlands_laen__1713_-b58e9491/0005_DSC_0438/r1l9,770.0,60.0,821.33,103,55,1,56,47,False,ok,0,0.18181818181818182
Svea_Hovraett_etc_export_job_4502444_855910_Svea_Hovraett_OCo_Advokatfiskalen_Jaemtlands_laen__1713_-b58e9491/0005_DSC_0438/r1l10,457.0,79.0,370.23,47,29,1,30,17,False,ok,0,0.06896551724137931
Svea_Hovraett_etc_export_job_4502444_855910_Svea_Hovraett_OCo_Advokatfiskalen_Jaemtlands_laen__1713_-b58e9491/0005_DSC_0438/r1l11,40.0,59.0,43.39,6,2,0,2,4,False,ok,0,1.0
Svea_Hovraett_etc_export_job_4502444_855910_Svea_Hovraett_OCo_Advokatfiskalen_Jaemtlands_laen__1713_-b58e9491/0005_DSC_0438/r1l12,786.0,84.0,598.86,75,50,2,52,23,False,ok,0,0.16
Svea_Hovraett_etc_export_job_4502444_855910_Svea_Hovraett_OCo_Advokatfiskalen_Jaemtlands_laen__1713_-b58e9491/0005_DSC_0438/r1l13,776.0,65.0,764.06,96,48,2,50,46,False,ok,0,0.4166666666666667
Svea_Hovraett_etc_export_job_4502444_855910_Svea_Hovraett_OCo_Advokatfiskalen_Jaemtlands_laen__1713_-b58e9491/0005_DSC_0438/r1l14,768.0,79.0,622.18,78,57,1,58,20,False,ok,0,0.22807017543859648
Svea_Hovraett_etc_export_job_4502444_855910_Svea_Hovraett_OCo_Advokatfiskalen_Jaemtlands_laen__1713_-b58e9491/0005_DSC_0438/r1l15,781.0,83.0,602.22,76,48,4,52,24,False,ok,0,0.14583333333333334
Svea_Hovraett_etc_export_job_4502444_855910_Svea_Hovraett_OCo_Advokatfiskalen_Jaemtlands_laen__1713_-b58e9491/0005_DSC_0438/r1l16,775.0,75.0,661.33,83,52,1,53,30,False,ok,0,0.1346153846153846
Svea_Hovraett_etc_export_job_4502444_855910_Svea_Hovraett_OCo_Advokatfiskalen_Jaemtlands_laen__1713_-b58e9491/0005_DSC_0438/r1l17,766.0,79.0,620.56,78,53,3,56,22,False,ok,0,0.1509433962264151
Svea_Hovraett_etc_export_job_4502444_855910_Svea_Hovraett_OCo_Advokatfiskalen_Jaemtlands_laen__1713_-b58e9491/0005_DSC_0438/r1l18,772.0,66.0,748.61,94,56,0,56,38,False,ok,0,0.17857142857142858
Svea_Hovraett_etc_export_job_4502444_855910_Svea_Hovraett_OCo_Advokatfiskalen_Jaemtlands_laen__1713_-b58e9491/0005_DSC_0438/r1l19,766.0,69.0,710.49,89,52,1,53,36,False,ok,0,0.07692307692307693
Svea_Hovraett_etc_export_job_4502444_855910_Svea_Hovraett_OCo_Advokatfiskalen_Jaemtlands_laen__1713_-b58e9491/0005_DSC_0438/r1l20,775.0,77.0,644.16,81,53,1,54,27,False,ok,0,0.11320754716981132
Svea_Hovraett_etc_export_job_4502444_855910_Svea_Hovraett_OCo_Advokatfiskalen_Jaemtlands_laen__1713_-b58e9491/0005_DSC_0438/r1l21,784.0,79.0,635.14,80,60,2,62,18,False,ok,0,0.16666666666666666
Svea_Hovraett_etc_export_job_4502444_855910_Svea_Hovraett_OCo_Advokatfiskalen_Jaemtlands_laen__1713_-b58e9491/0005_DSC_0438/r1l23,787.0,78.0,645.74,81,62,3,65,16,False,ok,0,0.3709677419354839
Svea_Hovraett_etc_export_job_4502444_855910_Svea_Hovraett_OCo_Advokatfiskalen_Jaemtlands_laen__1713_-b58e9491/0005_DSC_0438/r1l24,793.0,73.0,695.23,87,56,2,58,29,False,ok,0,0.08928571428571429
Svea_Hovraett_etc_export_job_4502444_855910_Svea_Hovraett_OCo_Advokatfiskalen_Jaemtlands_laen__1713_-b58e9491/0005_DSC_0438/r1l25,796.0,78.0,653.13,82,55,2,57,25,False,ok,0,0.21818181818181817
Svea_Hovraett_etc_export_job_4502444_855910_Svea_Hovraett_OCo_Advokatfiskalen_Jaemtlands_laen__1713_-b58e9491/0005_DSC_0438/r1l26,786.0,79.0,636.76,80,47,1,48,32,False,ok,0,0.0851063829787234
Svea_Hovraett_etc_export_job_4502444_855910_Svea_Hovraett_OCo_Advokatfiskalen_Jaemtlands_laen__1713_-b58e9491/0005_DSC_0438/r1l27,784.0,81.0,619.46,78,52,4,56,22,False,ok,0,0.057692307692307696
Svea_Hovraett_etc_export_job_4502444_855910_Svea_Hovraett_OCo_Advokatfiskalen_Jaemtlands_laen__1713_-b58e9491/0005_DSC_0438/r1l28,800.0,84.0,609.52,77,46,2,48,29,False,ok,0,0.1956521739130435
Svea_Hovraett_etc_export_job_4502444_855910_Svea_Hovraett_OCo_Advokatfiskalen_Jaemtlands_laen__1713_-b58e9491/0005_DSC_0438/r1l29,792.0,74.0,684.97,86,50,5,55,31,False,ok,0,0.16
Svea_Hovraett_etc_export_job_4502444_855910_Svea_Hovraett_OCo_Advokatfiskalen_Jaemtlands_laen__1713_-b58e9491/0005_DSC_0438/r1l30,123.0,59.0,133.42,17,5,0,5,12,False,ok,0,0.0
Svea_Hovraett_etc_export_job_4502444_855910_Svea_Hovraett_OCo_Advokatfiskalen_Jaemtlands_laen__1713_-b58e9491/0005_DSC_0438/r2l2,724.0,90.0,514.84,65,63,0,63,2,False,ok,0,0.4444444444444444
Svea_Hovraett_etc_export_job_4502444_855910_Svea_Hovraett_OCo_Advokatfiskalen_Jaemtlands_laen__1713_-b58e9491/0005_DSC_0438/r2l3,724.0,82.0,565.07,71,53,4,57,14,False,ok,0,0.5471698113207547
Svea_Hovraett_etc_export_job_4502444_855910_Svea_Hovraett_OCo_Advokatfiskalen_Jaemtlands_laen__1713_-b58e9491/0005_DSC_0438/r2l4,740.0,78.0,607.18,76,58,3,61,15,False,ok,0,0.3275862068965517
Svea_Hovraett_etc_export_job_4502444_855910_Svea_Hovraett_OCo_Advokatfiskalen_Jaemtlands_laen__1713_-b58e9491/0005_DSC_0438/r2l5,746.0,82.0,582.24,73,56,3,59,14,False,ok,0,0.14285714285714285
Svea_Hovraett_etc_export_job_4502444_855910_Svea_Hovraett_OCo_Advokatfiskalen_Jaemtlands_laen__1713_-b58e9491/0005_DSC_0438/r2l6,730.0,78.0,598.97,75,56,3,59,16,False,ok,0,0.25
Svea_Hovraett_etc_export_job_4502444_855910_Svea_Hovraett_OCo_Advokatfiskalen_Jaemtlands_laen__1713_-b58e9491/0005_DSC_0438/r2l7,736.0,86.0,547.72,69,53,3,56,13,False,ok,0,0.37735849056603776
Svea_Hovraett_etc_export_job_4502444_855910_Svea_Hovraett_OCo_Advokatfiskalen_Jaemtlands_laen__1713_-b58e9491/0005_DSC_0438/r2l8,730.0,86.0,543.26,68,55,4,59,9,False,ok,0,0.34545454545454546
Svea_Hovraett_etc_export_job_4502444_855910_Svea_Hovraett_OCo_Advokatfiskalen_Jaemtlands_laen__1713_-b58e9491/0005_DSC_0438/r2l9,732.0,81.0,578.37,73,52,0,52,21,False,ok,0,0.11538461538461539
Svea_Hovraett_etc_export_job_4502444_855910_Svea_Hovraett_OCo_Advokatfiskalen_Jaemtlands_laen__1713_-b58e9491/0005_DSC_0438/r2l10,741.0,65.0,729.6,92,53,4,57,35,False,ok,0,0.22641509433962265
Svea_Hovraett_etc_export_job_4502444_855910_Svea_Hovraett_OCo_Advokatfiskalen_Jaemtlands_laen__1713_-b58e9491/0005_DSC_0438/r2l11,760.0,81.0,600.49,76,55,2,57,19,False,ok,0,0.18181818181818182
Svea_Hovraett_etc_export_job_4502444_855910_Svea_Hovraett_OCo_Advokatfiskalen_Jaemtlands_laen__1713_-b58e9491/0005_DSC_0438/r2l12,749.0,87.0,550.99,69,50,1,51,18,False,ok,0,0.18
Svea_Hovraett_etc_export_job_4502444_855910_Svea_Hovraett_OCo_Advokatfiskalen_Jaemtlands_laen__1713_-b58e9491/0005_DSC_0438/r2l13,730.0,73.0,640.0,80,47,2,49,31,False,ok,0,0.14893617021276595
Svea_Hovraett_etc_export_job_4502444_855910_Svea_Hovraett_OCo_Advokatfiskalen_Jaemtlands_laen__1713_-b58e9491/0005_DSC_0438/r2l14,756.0,88.0,549.82,69,51,3,54,15,False,ok,0,0.2549019607843137
Svea_Hovraett_etc_export_job_4502444_855910_Svea_Hovraett_OCo_Advokatfiskalen_Jaemtlands_laen__1713_-b58e9491/0005_DSC_0438/r2l15,767.0,93.0,527.83,66,57,0,57,9,False,ok,0,0.6666666666666666
Svea_Hovraett_etc_export_job_4502444_855910_Svea_Hovraett_OCo_Advokatfiskalen_Jaemtlands_laen__1713_-b58e9491/0005_DSC_0438/r2l16,760.0,81.0,600.49,76,54,4,58,18,False,ok,0,0.2962962962962963
Svea_Hovraett_etc_export_job_4502444_855910_Svea_Hovraett_OCo_Advokatfiskalen_Jaemtlands_laen__1713_-b58e9491/0005_DSC_0438/r2l17,764.0,88.0,555.64,70,49,2,51,19,False,ok,0,0.2653061224489796
Svea_Hovraett_etc_export_job_4502444_855910_Svea_Hovraett_OCo_Advokatfiskalen_Jaemtlands_laen__1713_-b58e9491/0005_DSC_0438/r2l18,738.0,73.0,647.01,81,46,4,50,31,False,ok,0,0.08695652173913043
Svea_Hovraett_etc_export_job_4502444_855910_Svea_Hovraett_OCo_Advokatfiskalen_Jaemtlands_laen__1713_-b58e9491/0005_DSC_0438/r2l19,757.0,76.0,637.47,80,48,3,51,29,False,ok,0,0.25
Svea_Hovraett_etc_export_job_4502444_855910_Svea_Hovraett_OCo_Advokatfiskalen_Jaemtlands_laen__1713_-b58e9491/0005_DSC_0438/r2l20,722.0,90.0,513.42,65,50,2,52,13,False,ok,0,0.2
Svea_Hovraett_etc_export_job_4502444_855910_Svea_Hovraett_OCo_Advokatfiskalen_Jaemtlands_laen__1713_-b58e9491/0005_DSC_0438/r2l21,40.0,66.0,38.79,5,2,0,2,3,False,ok,0,1.0
Svea_Hovraett_etc_export_job_4502444_855910_Svea_Hovraett_OCo_Advokatfiskalen_Jaemtlands_laen__1713_-b58e9491/0005_DSC_0438/r2l23,777.0,89.0,558.74,70,55,4,59,11,False,ok,0,0.2727272727272727
Svea_Hovraett_etc_export_job_4502444_855910_Svea_Hovraett_OCo_Advokatfiskalen_Jaemtlands_laen__1713_-b58e9491/0005_DSC_0438/r2l24,785.0,69.0,728.12,92,54,3,57,35,False,ok,0,0.1111111111111111
Svea_Hovraett_etc_export_job_4502444_855910_Svea_Hovraett_OCo_Advokatfiskalen_Jaemtlands_laen__1713_-b58e9491/0005_DSC_0438/r2l25,772.0,82.0,602.54,76,56,2,58,18,False,ok,0,0.39285714285714285
Svea_Hovraett_etc_export_job_4502444_855910_Svea_Hovraett_OCo_Advokatfiskalen_Jaemtlands_laen__1713_-b58e9491/0005_DSC_0438/r2l26,790.0,84.0,601.9,76,55,2,57,19,False,ok,0,0.3090909090909091
Svea_Hovraett_etc_export_job_4502444_855910_Svea_Hovraett_OCo_Advokatfiskalen_Jaemtlands_laen__1713_-b58e9491/0005_DSC_0438/r2l27,313.0,71.0,282.14,36,17,0,17,19,False,ok,0,0.23529411764705882
Svea_Hovraett_etc_export_job_4502444_855910_Svea_Hovraett_OCo_Advokatfiskalen_Jaemtlands_laen__1713_-b58e9491/0005_DSC_0438/r2l28,804.0,92.0,559.3,70,47,4,51,19,False,ok,0,0.2553191489361702
Svea_Hovraett_etc_export_job_4502444_855910_Svea_Hovraett_OCo_Advokatfiskalen_Jaemtlands_laen__1713_-b58e9491/0005_DSC_0438/r2l29,442.0,84.0,336.76,43,28,3,31,12,False,ok,0,0.17857142857142858
Svea_Hovraett_etc_export_job_4502444_855910_Svea_Hovraett_OCo_Advokatfiskalen_Jaemtlands_laen__1713_-b58e9491/0005_DSC_0438/r2l30,190.0,83.0,146.51,19,9,0,9,10,False,ok,0,0.2222222222222222
Svea_Hovraett_etc_export_job_4502444_855910_Svea_Hovraett_OCo_Advokatfiskalen_Jaemtlands_laen__1713_-b58e9491/0006_DSC_0439/r1l1,25.0,79.0,20.25,3,2,0,2,1,False,empty,1,1.0
Svea_Hovraett_etc_export_job_4502444_855910_Svea_Hovraett_OCo_Advokatfiskalen_Jaemtlands_laen__1713_-b58e9491/0006_DSC_0439/r1l2,739.0,95.0,497.85,63,48,2,50,13,False,ok,0,0.5
Svea_Hovraett_etc_export_job_4502444_855910_Svea_Hovraett_OCo_Advokatfiskalen_Jaemtlands_laen__1713_-b58e9491/0006_DSC_0439/r1l3,711.0,72.0,632.0,79,58,2,60,19,False,ok,0,0.3448275862068966
Svea_Hovraett_etc_export_job_4502444_855910_Svea_Hovraett_OCo_Advokatfiskalen_Jaemtlands_laen__1713_-b58e9491/0006_DSC_0439/r1l4,726.0,73.0,636.49,80,54,2,56,24,False,ok,0,0.25925925925925924
Svea_Hovraett_etc_export_job_4502444_855910_Svea_Hovraett_OCo_Advokatfiskalen_Jaemtlands_laen__1713_-b58e9491/0006_DSC_0439/r1l5,739.0,70.0,675.66,85,55,2,57,28,False,ok,0,0.2545454545454545
Svea_Hovraett_etc_export_job_4502444_855910_Svea_Hovraett_OCo_Advokatfiskalen_Jaemtlands_laen__1713_-b58e9491/0006_DSC_0439/r1l6,740.0,68.0,696.47,88,59,2,61,27,False,ok,0,0.3559322033898305
Svea_Hovraett_etc_export_job_4502444_855910_Svea_Hovraett_OCo_Advokatfiskalen_Jaemtlands_laen__1713_-b58e9491/0006_DSC_0439/r1l7,736.0,73.0,645.26,81,60,5,65,16,False,ok,0,0.2
Svea_Hovraett_etc_export_job_4502444_855910_Svea_Hovraett_OCo_Advokatfiskalen_Jaemtlands_laen__1713_-b58e9491/0006_DSC_0439/r1l8,762.0,68.0,717.18,90,59,4,63,27,False,ok,0,0.1864406779661017
Svea_Hovraett_etc_export_job_4502444_855910_Svea_Hovraett_OCo_Advokatfiskalen_Jaemtlands_laen__1713_-b58e9491/0006_DSC_0439/r1l9,760.0,71.0,685.07,86,56,1,57,29,False,ok,0,0.26785714285714285
Svea_Hovraett_etc_export_job_4502444_855910_Svea_Hovraett_OCo_Advokatfiskalen_Jaemtlands_laen__1713_-b58e9491/0006_DSC_0439/r1l10,755.0,57.0,847.72,106,54,3,57,49,False,ok,0,0.12962962962962962
Svea_Hovraett_etc_export_job_4502444_855910_Svea_Hovraett_OCo_Advokatfiskalen_Jaemtlands_laen__1713_-b58e9491/0006_DSC_0439/r1l11,758.0,67.0,724.06,91,51,4,55,36,False,ok,0,0.13725490196078433
Svea_Hovraett_etc_export_job_4502444_855910_Svea_Hovraett_OCo_Advokatfiskalen_Jaemtlands_laen__1713_-b58e9491/0006_DSC_0439/r1l12,752.0,59.0,815.73,102,55,2,57,45,False,ok,0,0.07272727272727272
Svea_Hovraett_etc_export_job_4502444_855910_Svea_Hovraett_OCo_Advokatfiskalen_Jaemtlands_laen__1713_-b58e9491/0006_DSC_0439/r1l13,766.0,61.0,803.67,101,55,3,58,43,False,ok,0,0.16363636363636364
Svea_Hovraett_etc_export_job_4502444_855910_Svea_Hovraett_OCo_Advokatfiskalen_Jaemtlands_laen__1713_-b58e9491/0006_DSC_0439/r1l14,766.0,79.0,620.56,78,55,1,56,22,False,ok,0,0.21818181818181817
Svea_Hovraett_etc_export_job_4502444_855910_Svea_Hovraett_OCo_Advokatfiskalen_Jaemtlands_laen__1713_-b58e9491/0006_DSC_0439/r1l15,753.0,78.0,617.85,78,54,4,58,20,False,ok,0,0.12962962962962962
Svea_Hovraett_etc_export_job_4502444_855910_Svea_Hovraett_OCo_Advokatfiskalen_Jaemtlands_laen__1713_-b58e9491/0006_DSC_0439/r1l16,768.0,88.0,558.55,70,53,3,56,14,False,ok,0,0.11320754716981132
Svea_Hovraett_etc_export_job_4502444_855910_Svea_Hovraett_OCo_Advokatfiskalen_Jaemtlands_laen__1713_-b58e9491/0006_DSC_0439/r1l17,237.0,60.0,252.8,32,15,0,15,17,False,ok,0,0.06666666666666667
Svea_Hovraett_etc_export_job_4502444_855910_Svea_Hovraett_OCo_Advokatfiskalen_Jaemtlands_laen__1713_-b58e9491/0006_DSC_0439/r1l19,35.0,56.0,40.0,5,2,0,2,3,False,ok,0,1.0
Svea_Hovraett_etc_export_job_4502444_855910_Svea_Hovraett_OCo_Advokatfiskalen_Jaemtlands_laen__1713_-b58e9491/0006_DSC_0439/r1l20,767.0,98.0,500.9,63,49,2,51,12,False,ok,0,0.2653061224489796
Svea_Hovraett_etc_export_job_4502444_855910_Svea_Hovraett_OCo_Advokatfiskalen_Jaemtlands_laen__1713_-b58e9491/0006_DSC_0439/r1l21,782.0,75.0,667.31,84,52,0,52,32,False,ok,0,0.23076923076923078
Svea_Hovraett_etc_export_job_4502444_855910_Svea_Hovraett_OCo_Advokatfiskalen_Jaemtlands_laen__1713_-b58e9491/0006_DSC_0439/r1l22,773.0,77.0,642.49,81,51,2,53,28,False,ok,0,0.09803921568627451
Svea_Hovraett_etc_export_job_4502444_855910_Svea_Hovraett_OCo_Advokatfiskalen_Jaemtlands_laen__1713_-b58e9491/0006_DSC_0439/r1l23,760.0,74.0,657.3,83,44,0,44,39,False,ok,0,0.045454545454545456
Svea_Hovraett_etc_export_job_4502444_855910_Svea_Hovraett_OCo_Advokatfiskalen_Jaemtlands_laen__1713_-b58e9491/0006_DSC_0439/r1l24,777.0,86.0,578.23,73,53,5,58,15,False,ok,0,0.20754716981132076
Svea_Hovraett_etc_export_job_4502444_855910_Svea_Hovraett_OCo_Advokatfiskalen_Jaemtlands_laen__1713_-b58e9491/0006_DSC_0439/r1l25,797.0,81.0,629.73,79,48,1,49,30,False,ok,0,0.14583333333333334
Svea_Hovraett_etc_export_job_4502444_855910_Svea_Hovraett_OCo_Advokatfiskalen_Jaemtlands_laen__1713_-b58e9491/0006_DSC_0439/r1l26,787.0,72.0,699.56,88,52,2,54,34,False,ok,0,0.15384615384615385
Svea_Hovraett_etc_export_job_4502444_855910_Svea_Hovraett_OCo_Advokatfiskalen_Jaemtlands_laen__1713_-b58e9491/0006_DSC_0439/r1l28,775.0,75.0,661.33,83,49,1,50,33,False,ok,0,0.14285714285714285
Svea_Hovraett_etc_export_job_4502444_855910_Svea_Hovraett_OCo_Advokatfiskalen_Jaemtlands_laen__1713_-b58e9491/0006_DSC_0439/r1l29,790.0,72.0,702.22,88,49,1,50,38,False,ok,0,0.12244897959183673
Svea_Hovraett_etc_export_job_4502444_855910_Svea_Hovraett_OCo_Advokatfiskalen_Jaemtlands_laen__1713_-b58e9491/0006_DSC_0439/r1l30,108.0,58.0,119.17,15,3,0,3,12,False,ok,0,0.3333333333333333
Svea_Hovraett_etc_export_job_4502444_855910_Svea_Hovraett_OCo_Advokatfiskalen_Jaemtlands_laen__1713_-b58e9491/0006_DSC_0439/r2l2,727.0,95.0,489.77,62,57,4,61,1,False,ok,0,0.3684210526315789
Svea_Hovraett_etc_export_job_4502444_855910_Svea_Hovraett_OCo_Advokatfiskalen_Jaemtlands_laen__1713_-b58e9491/0006_DSC_0439/r2l3,713.0,78.0,585.03,74,58,3,61,13,False,ok,0,0.3620689655172414
Svea_Hovraett_etc_export_job_4502444_855910_Svea_Hovraett_OCo_Advokatfiskalen_Jaemtlands_laen__1713_-b58e9491/0006_DSC_0439/r2l4,718.0,72.0,638.22,80,69,2,71,9,False,ok,0,0.5217391304347826
Svea_Hovraett_etc_export_job_4502444_855910_Svea_Hovraett_OCo_Advokatfiskalen_Jaemtlands_laen__1713_-b58e9491/0006_DSC_0439/r2l5,225.0,70.0,205.71,26,18,1,19,7,False,ok,0,0.3333333333333333
Svea_Hovraett_etc_export_job_4502444_855910_Svea_Hovraett_OCo_Advokatfiskalen_Jaemtlands_laen__1713_-b58e9491/0006_DSC_0439/r2l6,40.0,37.0,69.19,9,2,0,2,7,False,ok,0,1.0
Svea_Hovraett_etc_export_job_4502444_855910_Svea_Hovraett_OCo_Advokatfiskalen_Jaemtlands_laen__1713_-b58e9491/0006_DSC_0439/r2l8,703.0,78.0,576.82,73,56,2,58,15,False,ok,0,0.23214285714285715
Svea_Hovraett_etc_export_job_4502444_855910_Svea_Hovraett_OCo_Advokatfiskalen_Jaemtlands_laen__1713_-b58e9491/0006_DSC_0439/r2l9,703.0,65.0,692.18,87,58,3,61,26,False,ok,0,0.10344827586206896
Svea_Hovraett_etc_export_job_4502444_855910_Svea_Hovraett_OCo_Advokatfiskalen_Jaemtlands_laen__1713_-b58e9491/0006_DSC_0439/r2l10,708.0,70.0,647.31,81,55,0,55,26,False,ok,0,0.2909090909090909
Svea_Hovraett_etc_export_job_4502444_855910_Svea_Hovraett_OCo_Advokatfiskalen_Jaemtlands_laen__1713_-b58e9491/0006_DSC_0439/r2l11,710.0,64.0,710.0,89,57,4,61,28,False,ok,0,0.12280701754385964
Svea_Hovraett_etc_export_job_4502444_855910_Svea_Hovraett_OCo_Advokatfiskalen_Jaemtlands_laen__1713_-b58e9491/0006_DSC_0439/r2l12,724.0,74.0,626.16,79,62,2,64,15,False,ok,0,0.3387096774193548
Svea_Hovraett_etc_export_job_4502444_855910_Svea_Hovraett_OCo_Advokatfiskalen_Jaemtlands_laen__1713_-b58e9491/0006_DSC_0439/r2l13,711.0,73.0,623.34,78,56,1,57,21,False,ok,0,0.30357142857142855
Svea_Hovraett_etc_export_job_4502444_855910_Svea_Hovraett_OCo_Advokatfiskalen_Jaemtlands_laen__1713_-b58e9491/0006_DSC_0439/r2l14,736.0,74.0,636.54,80,60,2,62,18,False,ok,0,0.23333333333333334
Svea_Hovraett_etc_export_job_4502444_855910_Svea_Hovraett_OCo_Advokatfiskalen_Jaemtlands_laen__1713_-b58e9491/0006_DSC_0439/r2l15,726.0,56.0,829.71,104,56,0,56,48,False,ok,0,0.03571428571428571
Svea_Hovraett_etc_export_job_4502444_855910_Svea_Hovraett_OCo_Advokatfiskalen_Jaemtlands_laen__1713_-b58e9491/0006_DSC_0439/r2l16,738.0,57.0,828.63,104,57,0,57,47,False,ok,0,0.24561403508771928
Svea_Hovraett_etc_export_job_4502444_855910_Svea_Hovraett_OCo_Advokatfiskalen_Jaemtlands_laen__1713_-b58e9491/0006_DSC_0439/r2l17,745.0,65.0,733.54,92,54,3,57,35,False,ok,0,0.12962962962962962
Svea_Hovraett_etc_export_job_4502444_855910_Svea_Hovraett_OCo_Advokatfiskalen_Jaemtlands_laen__1713_-b58e9491/0006_DSC_0439/r2l18,736.0,70.0,672.91,85,58,5,63,22,False,ok,0,0.06896551724137931
Svea_Hovraett_etc_export_job_4502444_855910_Svea_Hovraett_OCo_Advokatfiskalen_Jaemtlands_laen__1713_-b58e9491/0006_DSC_0439/r2l19,760.0,59.0,824.41,104,57,2,59,45,False,ok,0,0.2631578947368421
Svea_Hovraett_etc_export_job_4502444_855910_Svea_Hovraett_OCo_Advokatfiskalen_Jaemtlands_laen__1713_-b58e9491/0006_DSC_0439/r2l20,751.0,76.0,632.42,80,60,4,64,16,False,ok,0,0.21666666666666667
Svea_Hovraett_etc_export_job_4502444_855910_Svea_Hovraett_OCo_Advokatfiskalen_Jaemtlands_laen__1713_-b58e9491/0006_DSC_0439/r2l21,743.0,73.0,651.4,82,58,0,58,24,False,ok,0,0.05172413793103448
Svea_Hovraett_etc_export_job_4502444_855910_Svea_Hovraett_OCo_Advokatfiskalen_Jaemtlands_laen__1713_-b58e9491/0006_DSC_0439/r2l22,758.0,72.0,673.78,85,59,1,60,25,False,ok,0,0.06779661016949153
Svea_Hovraett_etc_export_job_4502444_855910_Svea_Hovraett_OCo_Advokatfiskalen_Jaemtlands_laen__1713_-b58e9491/0006_DSC_0439/r2l23,752.0,63.0,763.94,96,53,1,54,42,False,ok,0,0.18867924528301888
Svea_Hovraett_etc_export_job_4502444_855910_Svea_Hovraett_OCo_Advokatfiskalen_Jaemtlands_laen__1713_-b58e9491/0006_DSC_0439/r2l24,742.0,53.0,896.0,112,58,5,63,49,False,ok,0,0.22413793103448276
Svea_Hovraett_etc_export_job_4502444_855910_Svea_Hovraett_OCo_Advokatfiskalen_Jaemtlands_laen__1713_-b58e9491/0006_DSC_0439/r2l25,763.0,69.0,707.71,89,45,0,45,44,False,ok,0,0.17777777777777778
Svea_Hovraett_etc_export_job_4502444_855910_Svea_Hovraett_OCo_Advokatfiskalen_Jaemtlands_laen__1713_-b58e9491/0006_DSC_0439/r2l26,761.0,58.0,839.72,105,60,3,63,42,False,ok,0,0.18333333333333332
Svea_Hovraett_etc_export_job_4502444_855910_Svea_Hovraett_OCo_Advokatfiskalen_Jaemtlands_laen__1713_-b58e9491/0006_DSC_0439/r2l27,745.0,71.0,671.55,84,49,3,52,32,False,ok,0,0.061224489795918366
Svea_Hovraett_etc_export_job_4502444_855910_Svea_Hovraett_OCo_Advokatfiskalen_Jaemtlands_laen__1713_-b58e9491/0006_DSC_0439/r2l28,761.0,57.0,854.46,107,48,1,49,58,False,ok,0,0.0625
Svea_Hovraett_etc_export_job_4502444_855910_Svea_Hovraett_OCo_Advokatfiskalen_Jaemtlands_laen__1713_-b58e9491/0006_DSC_0439/r2l29,776.0,71.0,699.49,88,58,3,61,27,False,ok,0,0.22413793103448276
Svea_Hovraett_etc_export_job_4502444_855910_Svea_Hovraett_OCo_Advokatfiskalen_Jaemtlands_laen__1713_-b58e9491/0006_DSC_0439/r2l30,755.0,74.0,652.97,82,57,4,61,21,False,ok,0,0.22807017543859648
Svea_Hovraett_etc_export_job_4502444_855910_Svea_Hovraett_OCo_Advokatfiskalen_Jaemtlands_laen__1713_-b58e9491/0006_DSC_0439/r2l31,119.0,63.0,120.89,16,5,1,6,10,False,ok,0,0.4
Svea_Hovraett_etc_export_job_4502444_855910_Svea_Hovraett_OCo_Advokatfiskalen_Jaemtlands_laen__1713_-b58e9491/0007_DSC_0440/r1l1,735.0,86.0,546.98,69,54,4,58,11,False,ok,0,0.6111111111111112
Svea_Hovraett_etc_export_job_4502444_855910_Svea_Hovraett_OCo_Advokatfiskalen_Jaemtlands_laen__1713_-b58e9491/0007_DSC_0440/r1l3,737.0,78.0,604.72,76,66,2,68,8,False,ok,0,0.6060606060606061
Svea_Hovraett_etc_export_job_4502444_855910_Svea_Hovraett_OCo_Advokatfiskalen_Jaemtlands_laen__1713_-b58e9491/0007_DSC_0440/r1l5,744.0,71.0,670.65,84,54,2,56,28,False,ok,0,0.5740740740740741
Svea_Hovraett_etc_export_job_4502444_855910_Svea_Hovraett_OCo_Advokatfiskalen_Jaemtlands_laen__1713_-b58e9491/0007_DSC_0440/r1l7,737.0,66.0,714.67,90,54,2,56,34,False,ok,0,0.37037037037037035
Svea_Hovraett_etc_export_job_4502444_855910_Svea_Hovraett_OCo_Advokatfiskalen_Jaemtlands_laen__1713_-b58e9491/0007_DSC_0440/r1l9,755.0,68.0,710.59,89,58,2,60,29,False,ok,0,0.8275862068965517
Svea_Hovraett_etc_export_job_4502444_855910_Svea_Hovraett_OCo_Advokatfiskalen_Jaemtlands_laen__1713_-b58e9491/0007_DSC_0440/r1l11,752.0,63.0,763.94,96,55,3,58,38,False,ok,0,0.4727272727272727
Svea_Hovraett_etc_export_job_4502444_855910_Svea_Hovraett_OCo_Advokatfiskalen_Jaemtlands_laen__1713_-b58e9491/0007_DSC_0440/r1l13,736.0,63.0,747.68,94,52,3,55,39,False,ok,0,0.40384615384615385
Svea_Hovraett_etc_export_job_4502444_855910_Svea_Hovraett_OCo_Advokatfiskalen_Jaemtlands_laen__1713_-b58e9491/0007_DSC_0440/r1l15,741.0,52.0,912.0,114,58,2,60,54,False,ok,0,0.5689655172413793
Svea_Hovraett_etc_export_job_4502444_855910_Svea_Hovraett_OCo_Advokatfiskalen_Jaemtlands_laen__1713_-b58e9491/0007_DSC_0440/r1l17,768.0,69.0,712.35,90,49,3,52,38,False,ok,0,0.2653061224489796
Svea_Hovraett_etc_export_job_4502444_855910_Svea_Hovraett_OCo_Advokatfiskalen_Jaemtlands_laen__1713_-b58e9491/0007_DSC_0440/r1l19,749.0,69.0,694.72,87,54,4,58,29,False,ok,0,0.37037037037037035
Svea_Hovraett_etc_export_job_4502444_855910_Svea_Hovraett_OCo_Advokatfiskalen_Jaemtlands_laen__1713_-b58e9491/0007_DSC_0440/r1l21,750.0,77.0,623.38,78,52,1,53,25,False,ok,0,0.34615384615384615
Svea_Hovraett_etc_export_job_4502444_855910_Svea_Hovraett_OCo_Advokatfiskalen_Jaemtlands_laen__1713_-b58e9491/0007_DSC_0440/line_1638889589517_1993,765.0,80.0,612.0,77,52,3,55,22,False,ok,0,0.3076923076923077
Svea_Hovraett_etc_export_job_4502444_855910_Svea_Hovraett_OCo_Advokatfiskalen_Jaemtlands_laen__1713_-b58e9491/0007_DSC_0440/r1l25,766.0,70.0,700.34,88,49,1,50,38,False,ok,0,0.20408163265306123
Svea_Hovraett_etc_export_job_4502444_855910_Svea_Hovraett_OCo_Advokatfiskalen_Jaemtlands_laen__1713_-b58e9491/0007_DSC_0440/line_1638889589533_1997,771.0,79.0,624.61,79,52,3,55,24,False,ok,0,0.3269230769230769
Svea_Hovraett_etc_export_job_4502444_855910_Svea_Hovraett_OCo_Advokatfiskalen_Jaemtlands_laen__1713_-b58e9491/0007_DSC_0440/line_1638889668484_2063,789.0,50.0,1009.92,127,52,4,56,71,False,ok,0,0.5384615384615384
Svea_Hovraett_etc_export_job_4502444_855910_Svea_Hovraett_OCo_Advokatfiskalen_Jaemtlands_laen__1713_-b58e9491/0007_DSC_0440/line_1638889674721_2066,799.0,49.0,1043.59,131,52,3,55,76,False,ok,0,0.6153846153846154
Svea_Hovraett_etc_export_job_4502444_855910_Svea_Hovraett_OCo_Advokatfiskalen_Jaemtlands_laen__1713_-b58e9491/0007_DSC_0440/line_1638889589533_2003,789.0,55.0,918.11,115,43,1,44,71,False,ok,0,0.4418604651162791
Svea_Hovraett_etc_export_job_4502444_855910_Svea_Hovraett_OCo_Advokatfiskalen_Jaemtlands_laen__1713_-b58e9491/0007_DSC_0440/line_1638889589533_2005,781.0,58.0,861.79,108,53,3,56,52,False,ok,0,0.49056603773584906
Svea_Hovraett_etc_export_job_4502444_855910_Svea_Hovraett_OCo_Advokatfiskalen_Jaemtlands_laen__1713_-b58e9491/0007_DSC_0440/r1l34,793.0,51.0,995.14,125,54,4,58,67,False,ok,0,0.42592592592592593
Svea_Hovraett_etc_export_job_4502444_855910_Svea_Hovraett_OCo_Advokatfiskalen_Jaemtlands_laen__1713_-b58e9491/0007_DSC_0440/line_1638889700049_2072,804.0,46.0,1118.61,140,51,2,53,87,False,ok,0,0.7450980392156863
Svea_Hovraett_etc_export_job_4502444_855910_Svea_Hovraett_OCo_Advokatfiskalen_Jaemtlands_laen__1713_-b58e9491/0007_DSC_0440/line_1638889589533_2009,792.0,70.0,724.11,91,58,1,59,32,False,ok,0,0.3620689655172414
Svea_Hovraett_etc_export_job_4502444_855910_Svea_Hovraett_OCo_Advokatfiskalen_Jaemtlands_laen__1713_-b58e9491/0007_DSC_0440/line_1638889589533_2011,792.0,54.0,938.67,118,55,1,56,62,False,ok,0,0.6181818181818182
Svea_Hovraett_etc_export_job_4502444_855910_Svea_Hovraett_OCo_Advokatfiskalen_Jaemtlands_laen__1713_-b58e9491/0007_DSC_0440/line_1638889589533_2013,792.0,72.0,704.0,88,51,2,53,35,False,ok,0,0.35294117647058826
Svea_Hovraett_etc_export_job_4502444_855910_Svea_Hovraett_OCo_Advokatfiskalen_Jaemtlands_laen__1713_-b58e9491/0007_DSC_0440/line_1638889589533_2015,789.0,49.0,1030.53,129,51,4,55,74,False,ok,0,0.8823529411764706
Svea_Hovraett_etc_export_job_4502444_855910_Svea_Hovraett_OCo_Advokatfiskalen_Jaemtlands_laen__1713_-b58e9491/0007_DSC_0440/line_1638889589548_2017,794.0,52.0,977.23,123,54,2,56,67,False,ok,0,0.6851851851851852
Svea_Hovraett_etc_export_job_4502444_855910_Svea_Hovraett_OCo_Advokatfiskalen_Jaemtlands_laen__1713_-b58e9491/0007_DSC_0440/line_1638889589548_2019,787.0,60.0,839.47,105,60,4,64,41,False,ok,0,0.6333333333333333
Svea_Hovraett_etc_export_job_4502444_855910_Svea_Hovraett_OCo_Advokatfiskalen_Jaemtlands_laen__1713_-b58e9491/0007_DSC_0440/line_1638889589548_2021,798.0,65.0,785.72,99,58,3,61,38,False,ok,0,0.5862068965517241
Svea_Hovraett_etc_export_job_4502444_855910_Svea_Hovraett_OCo_Advokatfiskalen_Jaemtlands_laen__1713_-b58e9491/0007_DSC_0440/line_1638889589548_2023,812.0,63.0,824.89,104,56,3,59,45,False,ok,0,1.0
Svea_Hovraett_etc_export_job_4502444_855910_Svea_Hovraett_OCo_Advokatfiskalen_Jaemtlands_laen__1713_-b58e9491/0007_DSC_0440/line_1638889589517_1984,725.0,87.0,533.33,67,60,4,64,3,False,ok,0,0.4
Svea_Hovraett_etc_export_job_4502444_855910_Svea_Hovraett_OCo_Advokatfiskalen_Jaemtlands_laen__1713_-b58e9491/0007_DSC_0440/r1l4,720.0,93.0,495.48,62,52,2,54,8,False,ok,0,0.5384615384615384
Svea_Hovraett_etc_export_job_4502444_855910_Svea_Hovraett_OCo_Advokatfiskalen_Jaemtlands_laen__1713_-b58e9491/0007_DSC_0440/line_1638889589517_1986,734.0,78.0,602.26,76,54,3,57,19,False,ok,0,0.5185185185185185
Svea_Hovraett_etc_export_job_4502444_855910_Svea_Hovraett_OCo_Advokatfiskalen_Jaemtlands_laen__1713_-b58e9491/0007_DSC_0440/line_1638889589517_1988,741.0,77.0,615.9,77,58,4,62,15,False,ok,0,0.3620689655172414
Svea_Hovraett_etc_export_job_4502444_855910_Svea_Hovraett_OCo_Advokatfiskalen_Jaemtlands_laen__1713_-b58e9491/0007_DSC_0440/r1l10,747.0,79.0,605.16,76,64,1,65,11,False,ok,0,0.375
Svea_Hovraett_etc_export_job_4502444_855910_Svea_Hovraett_OCo_Advokatfiskalen_Jaemtlands_laen__1713_-b58e9491/0007_DSC_0440/line_1638889589517_1990,730.0,87.0,537.01,68,53,1,54,14,False,ok,0,0.49056603773584906
Svea_Hovraett_etc_export_job_4502444_855910_Svea_Hovraett_OCo_Advokatfiskalen_Jaemtlands_laen__1713_-b58e9491/0007_DSC_0440/r1l14,725.0,75.0,618.67,78,53,2,55,23,False,ok,0,0.1320754716981132
Svea_Hovraett_etc_export_job_4502444_855910_Svea_Hovraett_OCo_Advokatfiskalen_Jaemtlands_laen__1713_-b58e9491/0007_DSC_0440/r1l16,732.0,73.0,641.75,81,61,3,64,17,False,ok,0,0.32786885245901637
Svea_Hovraett_etc_export_job_4502444_855910_Svea_Hovraett_OCo_Advokatfiskalen_Jaemtlands_laen__1713_-b58e9491/0007_DSC_0440/r1l18,750.0,74.0,648.65,82,53,1,54,28,False,ok,0,0.2830188679245283
Svea_Hovraett_etc_export_job_4502444_855910_Svea_Hovraett_OCo_Advokatfiskalen_Jaemtlands_laen__1713_-b58e9491/0007_DSC_0440/r1l20,726.0,60.0,774.4,97,55,4,59,38,False,ok,0,0.34545454545454546
Svea_Hovraett_etc_export_job_4502444_855910_Svea_Hovraett_OCo_Advokatfiskalen_Jaemtlands_laen__1713_-b58e9491/0007_DSC_0440/r1l22,745.0,63.0,756.83,95,54,4,58,37,False,ok,0,0.2777777777777778
Svea_Hovraett_etc_export_job_4502444_855910_Svea_Hovraett_OCo_Advokatfiskalen_Jaemtlands_laen__1713_-b58e9491/0007_DSC_0440/line_1638889589533_1994,529.0,83.0,407.9,51,43,2,45,6,False,ok,0,0.2558139534883721
Svea_Hovraett_etc_export_job_4502444_855910_Svea_Hovraett_OCo_Advokatfiskalen_Jaemtlands_laen__1713_-b58e9491/0007_DSC_0440/r1l26,34.0,61.0,35.67,5,3,0,3,2,False,ok,0,0.6666666666666666
Svea_Hovraett_etc_export_job_4502444_855910_Svea_Hovraett_OCo_Advokatfiskalen_Jaemtlands_laen__1713_-b58e9491/0007_DSC_0440/line_1638889589533_1998,774.0,71.0,697.69,88,59,3,62,26,False,ok,0,0.3220338983050847
Svea_Hovraett_etc_export_job_4502444_855910_Svea_Hovraett_OCo_Advokatfiskalen_Jaemtlands_laen__1713_-b58e9491/0007_DSC_0440/line_1638889589533_2000,764.0,73.0,669.81,84,50,1,51,33,False,ok,0,0.16
Svea_Hovraett_etc_export_job_4502444_855910_Svea_Hovraett_OCo_Advokatfiskalen_Jaemtlands_laen__1713_-b58e9491/0007_DSC_0440/line_1638889589533_2002,780.0,60.0,832.0,104,52,4,56,48,False,ok,0,0.19230769230769232
Svea_Hovraett_etc_export_job_4502444_855910_Svea_Hovraett_OCo_Advokatfiskalen_Jaemtlands_laen__1713_-b58e9491/0007_DSC_0440/line_1638889589533_2004,440.0,61.0,461.64,58,27,1,28,30,False,ok,0,0.14814814814814814
Svea_Hovraett_etc_export_job_4502444_855910_Svea_Hovraett_OCo_Advokatfiskalen_Jaemtlands_laen__1713_-b58e9491/0007_DSC_0440/r1l32,56.0,48.0,74.67,10,3,1,4,6,False,empty,1,1.0
Svea_Hovraett_etc_export_job_4502444_855910_Svea_Hovraett_OCo_Advokatfiskalen_Jaemtlands_laen__1713_-b58e9491/0007_DSC_0440/line_1638889589533_2008,789.0,72.0,701.33,88,53,0,53,35,False,ok,0,0.1320754716981132
Svea_Hovraett_etc_export_job_4502444_855910_Svea_Hovraett_OCo_Advokatfiskalen_Jaemtlands_laen__1713_-b58e9491/0007_DSC_0440/line_1638889589533_2010,819.0,73.0,718.03,90,55,0,55,35,False,ok,0,0.2909090909090909
Svea_Hovraett_etc_export_job_4502444_855910_Svea_Hovraett_OCo_Advokatfiskalen_Jaemtlands_laen__1713_-b58e9491/0007_DSC_0440/line_1638889589533_2012,804.0,72.0,714.67,90,57,2,59,31,False,ok,0,0.17543859649122806
Svea_Hovraett_etc_export_job_4502444_855910_Svea_Hovraett_OCo_Advokatfiskalen_Jaemtlands_laen__1713_-b58e9491/0007_DSC_0440/line_1638889589533_2014,810.0,53.0,978.11,123,51,1,52,71,False,ok,0,0.35294117647058826
Svea_Hovraett_etc_export_job_4502444_855910_Svea_Hovraett_OCo_Advokatfiskalen_Jaemtlands_laen__1713_-b58e9491/0007_DSC_0440/line_1638889589548_2016,801.0,61.0,840.39,106,53,2,55,51,False,ok,0,0.2641509433962264
Svea_Hovraett_etc_export_job_4502444_855910_Svea_Hovraett_OCo_Advokatfiskalen_Jaemtlands_laen__1713_-b58e9491/0007_DSC_0440/line_1638889589548_2018,818.0,69.0,758.72,95,56,2,58,37,False,ok,0,0.26785714285714285
Svea_Hovraett_etc_export_job_4502444_855910_Svea_Hovraett_OCo_Advokatfiskalen_Jaemtlands_laen__1713_-b58e9491/0007_DSC_0440/line_1638889589548_2020,813.0,64.0,813.0,102,52,3,55,47,False,ok,0,0.23076923076923078
Svea_Hovraett_etc_export_job_4502444_855910_Svea_Hovraett_OCo_Advokatfiskalen_Jaemtlands_laen__1713_-b58e9491/0007_DSC_0440/line_1638889589548_2022,824.0,72.0,732.44,92,55,2,57,35,False,ok,0,0.43636363636363634
Svea_Hovraett_etc_export_job_4502444_855910_Svea_Hovraett_OCo_Advokatfiskalen_Jaemtlands_laen__1713_-b58e9491/0007_DSC_0440/r1l44,65.0,69.0,60.29,8,5,1,6,2,False,empty,1,1.0
Svea_Hovraett_etc_export_job_4502444_855910_Svea_Hovraett_OCo_Advokatfiskalen_Jaemtlands_laen__1713_-b58e9491/0008_DSC_0441/r1l2,722.0,113.0,408.92,52,59,2,61,-9,True,ok,0,0.5084745762711864
Svea_Hovraett_etc_export_job_4502444_855910_Svea_Hovraett_OCo_Advokatfiskalen_Jaemtlands_laen__1713_-b58e9491/0008_DSC_0441/line_1638889866127_2172,727.0,84.0,553.9,70,52,3,55,15,False,ok,0,0.40384615384615385
Svea_Hovraett_etc_export_job_4502444_855910_Svea_Hovraett_OCo_Advokatfiskalen_Jaemtlands_laen__1713_-b58e9491/0008_DSC_0441/r1l7,718.0,77.0,596.78,75,56,2,58,17,False,ok,0,0.3392857142857143
Svea_Hovraett_etc_export_job_4502444_855910_Svea_Hovraett_OCo_Advokatfiskalen_Jaemtlands_laen__1713_-b58e9491/0008_DSC_0441/r1l10,722.0,81.0,570.47,72,53,1,54,18,False,ok,0,0.37735849056603776
Svea_Hovraett_etc_export_job_4502444_855910_Svea_Hovraett_OCo_Advokatfiskalen_Jaemtlands_laen__1713_-b58e9491/0008_DSC_0441/r1l12,726.0,82.0,566.63,71,52,3,55,16,False,ok,0,0.3076923076923077
Svea_Hovraett_etc_export_job_4502444_855910_Svea_Hovraett_OCo_Advokatfiskalen_Jaemtlands_laen__1713_-b58e9491/0008_DSC_0441/r1l14,730.0,91.0,513.41,65,56,1,57,8,False,ok,0,0.30357142857142855
Svea_Hovraett_etc_export_job_4502444_855910_Svea_Hovraett_OCo_Advokatfiskalen_Jaemtlands_laen__1713_-b58e9491/0008_DSC_0441/r1l16,727.0,68.0,684.24,86,53,3,56,30,False,ok,0,0.11320754716981132
Svea_Hovraett_etc_export_job_4502444_855910_Svea_Hovraett_OCo_Advokatfiskalen_Jaemtlands_laen__1713_-b58e9491/0008_DSC_0441/r1l19,725.0,79.0,587.34,74,53,1,54,20,False,ok,0,0.22641509433962265
Svea_Hovraett_etc_export_job_4502444_855910_Svea_Hovraett_OCo_Advokatfiskalen_Jaemtlands_laen__1713_-b58e9491/0008_DSC_0441/r1l21,732.0,69.0,678.96,85,52,0,52,33,False,ok,0,0.23076923076923078
Svea_Hovraett_etc_export_job_4502444_855910_Svea_Hovraett_OCo_Advokatfiskalen_Jaemtlands_laen__1713_-b58e9491/0008_DSC_0441/r1l23,737.0,86.0,548.47,69,55,1,56,13,False,ok,0,0.32727272727272727
Svea_Hovraett_etc_export_job_4502444_855910_Svea_Hovraett_OCo_Advokatfiskalen_Jaemtlands_laen__1713_-b58e9491/0008_DSC_0441/r1l25,741.0,85.0,557.93,70,55,3,58,12,False,ok,0,0.2545454545454545
Svea_Hovraett_etc_export_job_4502444_855910_Svea_Hovraett_OCo_Advokatfiskalen_Jaemtlands_laen__1713_-b58e9491/0008_DSC_0441/r1l27,729.0,66.0,706.91,89,56,1,57,32,False,ok,0,0.10714285714285714
Svea_Hovraett_etc_export_job_4502444_855910_Svea_Hovraett_OCo_Advokatfiskalen_Jaemtlands_laen__1713_-b58e9491/0008_DSC_0441/r1l29,749.0,66.0,726.3,91,53,1,54,37,False,ok,0,0.07547169811320754
Svea_Hovraett_etc_export_job_4502444_855910_Svea_Hovraett_OCo_Advokatfiskalen_Jaemtlands_laen__1713_-b58e9491/0008_DSC_0441/r1l31,753.0,73.0,660.16,83,52,2,54,29,False,ok,0,0.1346153846153846
Svea_Hovraett_etc_export_job_4502444_855910_Svea_Hovraett_OCo_Advokatfiskalen_Jaemtlands_laen__1713_-b58e9491/0008_DSC_0441/r1l33,748.0,62.0,772.13,97,54,2,56,41,False,ok,0,0.07407407407407407
Svea_Hovraett_etc_export_job_4502444_855910_Svea_Hovraett_OCo_Advokatfiskalen_Jaemtlands_laen__1713_-b58e9491/0008_DSC_0441/r1l35,750.0,78.0,615.38,77,51,2,53,24,False,ok,0,0.0392156862745098
Svea_Hovraett_etc_export_job_4502444_855910_Svea_Hovraett_OCo_Advokatfiskalen_Jaemtlands_laen__1713_-b58e9491/0008_DSC_0441/r1l37,741.0,81.0,585.48,74,54,5,59,15,False,ok,0,0.14814814814814814
Svea_Hovraett_etc_export_job_4502444_855910_Svea_Hovraett_OCo_Advokatfiskalen_Jaemtlands_laen__1713_-b58e9491/0008_DSC_0441/r1l39,744.0,73.0,652.27,82,54,4,58,24,False,ok,0,0.16666666666666666
Svea_Hovraett_etc_export_job_4502444_855910_Svea_Hovraett_OCo_Advokatfiskalen_Jaemtlands_laen__1713_-b58e9491/0008_DSC_0441/r1l43,754.0,79.0,610.84,77,52,0,52,25,False,ok,0,0.17307692307692307
Svea_Hovraett_etc_export_job_4502444_855910_Svea_Hovraett_OCo_Advokatfiskalen_Jaemtlands_laen__1713_-b58e9491/0008_DSC_0441/r1l46,753.0,81.0,594.96,75,53,1,54,21,False,ok,0,0.18867924528301888
Svea_Hovraett_etc_export_job_4502444_855910_Svea_Hovraett_OCo_Advokatfiskalen_Jaemtlands_laen__1713_-b58e9491/0008_DSC_0441/line_1638889845873_2157,754.0,63.0,765.97,96,49,3,52,44,False,ok,0,0.3877551020408163
Svea_Hovraett_etc_export_job_4502444_855910_Svea_Hovraett_OCo_Advokatfiskalen_Jaemtlands_laen__1713_-b58e9491/0008_DSC_0441/r1l49,760.0,83.0,586.02,74,52,1,53,21,False,ok,0,0.3269230769230769
Svea_Hovraett_etc_export_job_4502444_855910_Svea_Hovraett_OCo_Advokatfiskalen_Jaemtlands_laen__1713_-b58e9491/0008_DSC_0441/r1l51,748.0,77.0,621.71,78,45,1,46,32,False,ok,0,0.3111111111111111
Svea_Hovraett_etc_export_job_4502444_855910_Svea_Hovraett_OCo_Advokatfiskalen_Jaemtlands_laen__1713_-b58e9491/0008_DSC_0441/r1l53,758.0,67.0,724.06,91,46,1,47,44,False,ok,0,0.17391304347826086
Svea_Hovraett_etc_export_job_4502444_855910_Svea_Hovraett_OCo_Advokatfiskalen_Jaemtlands_laen__1713_-b58e9491/0008_DSC_0441/r1l56,754.0,83.0,581.4,73,52,2,54,19,False,ok,0,0.38461538461538464
Svea_Hovraett_etc_export_job_4502444_855910_Svea_Hovraett_OCo_Advokatfiskalen_Jaemtlands_laen__1713_-b58e9491/0008_DSC_0441/r1l58,748.0,82.0,583.8,73,52,2,54,19,False,ok,0,0.19230769230769232
Svea_Hovraett_etc_export_job_4502444_855910_Svea_Hovraett_OCo_Advokatfiskalen_Jaemtlands_laen__1713_-b58e9491/0008_DSC_0441/r1l60,96.0,68.0,90.35,12,3,0,3,9,False,empty,1,1.0
Svea_Hovraett_etc_export_job_4502444_855910_Svea_Hovraett_OCo_Advokatfiskalen_Jaemtlands_laen__1713_-b58e9491/0008_DSC_0441/r1l3,689.0,100.0,440.96,56,59,3,62,-6,True,ok,0,0.5254237288135594
Svea_Hovraett_etc_export_job_4502444_855910_Svea_Hovraett_OCo_Advokatfiskalen_Jaemtlands_laen__1713_-b58e9491/0008_DSC_0441/line_1638889845857_2134,706.0,76.0,594.53,75,58,1,59,16,False,ok,0,0.41379310344827586
Svea_Hovraett_etc_export_job_4502444_855910_Svea_Hovraett_OCo_Advokatfiskalen_Jaemtlands_laen__1713_-b58e9491/0008_DSC_0441/r1l8,702.0,82.0,547.9,69,57,0,57,12,False,ok,0,0.47368421052631576
Svea_Hovraett_etc_export_job_4502444_855910_Svea_Hovraett_OCo_Advokatfiskalen_Jaemtlands_laen__1713_-b58e9491/0008_DSC_0441/r1l9,715.0,76.0,602.11,76,61,1,62,14,False,ok,0,0.45901639344262296
Svea_Hovraett_etc_export_job_4502444_855910_Svea_Hovraett_OCo_Advokatfiskalen_Jaemtlands_laen__1713_-b58e9491/0008_DSC_0441/r1l11,711.0,63.0,722.29,91,59,4,63,28,False,ok,0,0.3220338983050847
Svea_Hovraett_etc_export_job_4502444_855910_Svea_Hovraett_OCo_Advokatfiskalen_Jaemtlands_laen__1713_-b58e9491/0008_DSC_0441/r1l13,703.0,76.0,592.0,74,54,2,56,18,False,ok,0,0.18518518518518517
Svea_Hovraett_etc_export_job_4502444_855910_Svea_Hovraett_OCo_Advokatfiskalen_Jaemtlands_laen__1713_-b58e9491/0008_DSC_0441/line_1638889845857_2136,715.0,72.0,635.56,80,61,3,64,16,False,ok,0,0.14754098360655737
Svea_Hovraett_etc_export_job_4502444_855910_Svea_Hovraett_OCo_Advokatfiskalen_Jaemtlands_laen__1713_-b58e9491/0008_DSC_0441/r1l17,710.0,71.0,640.0,80,59,4,63,17,False,ok,0,0.2711864406779661
Svea_Hovraett_etc_export_job_4502444_855910_Svea_Hovraett_OCo_Advokatfiskalen_Jaemtlands_laen__1713_-b58e9491/0008_DSC_0441/line_1638889845857_2138,715.0,69.0,663.19,83,57,1,58,25,False,ok,0,0.24561403508771928
Svea_Hovraett_etc_export_job_4502444_855910_Svea_Hovraett_OCo_Advokatfiskalen_Jaemtlands_laen__1713_-b58e9491/0008_DSC_0441/r1l20,723.0,68.0,680.47,86,61,2,63,23,False,ok,0,0.21311475409836064
Svea_Hovraett_etc_export_job_4502444_855910_Svea_Hovraett_OCo_Advokatfiskalen_Jaemtlands_laen__1713_-b58e9491/0008_DSC_0441/line_1638889845857_2140,712.0,68.0,670.12,84,52,0,52,32,False,ok,0,0.1346153846153846
Svea_Hovraett_etc_export_job_4502444_855910_Svea_Hovraett_OCo_Advokatfiskalen_Jaemtlands_laen__1713_-b58e9491/0008_DSC_0441/line_1638889845857_2142,732.0,73.0,641.75,81,52,3,55,26,False,ok,0,0.09615384615384616
Svea_Hovraett_etc_export_job_4502444_855910_Svea_Hovraett_OCo_Advokatfiskalen_Jaemtlands_laen__1713_-b58e9491/0008_DSC_0441/line_1638889845857_2144,727.0,75.0,620.37,78,58,3,61,17,False,ok,0,0.15517241379310345
Svea_Hovraett_etc_export_job_4502444_855910_Svea_Hovraett_OCo_Advokatfiskalen_Jaemtlands_laen__1713_-b58e9491/0008_DSC_0441/r1l28,724.0,72.0,643.56,81,47,0,47,34,False,ok,0,0.2127659574468085
Svea_Hovraett_etc_export_job_4502444_855910_Svea_Hovraett_OCo_Advokatfiskalen_Jaemtlands_laen__1713_-b58e9491/0008_DSC_0441/line_1638889845857_2146,732.0,64.0,732.0,92,52,1,53,39,False,ok,0,0.057692307692307696
Svea_Hovraett_etc_export_job_4502444_855910_Svea_Hovraett_OCo_Advokatfiskalen_Jaemtlands_laen__1713_-b58e9491/0008_DSC_0441/line_1638889845857_2148,727.0,67.0,694.45,87,57,2,59,28,False,ok,0,0.10526315789473684
Svea_Hovraett_etc_export_job_4502444_855910_Svea_Hovraett_OCo_Advokatfiskalen_Jaemtlands_laen__1713_-b58e9491/0008_DSC_0441/line_1638889845857_2150,567.0,72.0,504.0,63,41,1,42,21,False,ok,0,0.21951219512195122
Svea_Hovraett_etc_export_job_4502444_855910_Svea_Hovraett_OCo_Advokatfiskalen_Jaemtlands_laen__1713_-b58e9491/0008_DSC_0441/r1l36,49.0,58.0,54.07,7,3,0,3,4,False,ok,0,0.6666666666666666
Svea_Hovraett_etc_export_job_4502444_855910_Svea_Hovraett_OCo_Advokatfiskalen_Jaemtlands_laen__1713_-b58e9491/0008_DSC_0441/line_1638889845873_2152,747.0,86.0,555.91,70,52,1,53,17,False,ok,0,0.17307692307692307
Svea_Hovraett_etc_export_job_4502444_855910_Svea_Hovraett_OCo_Advokatfiskalen_Jaemtlands_laen__1713_-b58e9491/0008_DSC_0441/r1l40,739.0,72.0,656.89,83,60,1,61,22,False,ok,0,0.36666666666666664
Svea_Hovraett_etc_export_job_4502444_855910_Svea_Hovraett_OCo_Advokatfiskalen_Jaemtlands_laen__1713_-b58e9491/0008_DSC_0441/r1l42,739.0,71.0,666.14,84,53,2,55,29,False,ok,0,0.16981132075471697
Svea_Hovraett_etc_export_job_4502444_855910_Svea_Hovraett_OCo_Advokatfiskalen_Jaemtlands_laen__1713_-b58e9491/0008_DSC_0441/line_1638889845873_2154,742.0,73.0,650.52,82,49,1,50,32,False,ok,0,0.10204081632653061
Svea_Hovraett_etc_export_job_4502444_855910_Svea_Hovraett_OCo_Advokatfiskalen_Jaemtlands_laen__1713_-b58e9491/0008_DSC_0441/line_1638889845873_2156,768.0,61.0,805.77,101,51,2,53,48,False,ok,0,0.1568627450980392
Svea_Hovraett_etc_export_job_4502444_855910_Svea_Hovraett_OCo_Advokatfiskalen_Jaemtlands_laen__1713_-b58e9491/0008_DSC_0441/line_1638889845873_2158,756.0,73.0,662.79,83,52,3,55,28,False,ok,0,0.19230769230769232
Svea_Hovraett_etc_export_job_4502444_855910_Svea_Hovraett_OCo_Advokatfiskalen_Jaemtlands_laen__1713_-b58e9491/0008_DSC_0441/line_1638889845873_2160,754.0,63.0,765.97,96,52,2,54,42,False,ok,0,0.38461538461538464
Svea_Hovraett_etc_export_job_4502444_855910_Svea_Hovraett_OCo_Advokatfiskalen_Jaemtlands_laen__1713_-b58e9491/0008_DSC_0441/r1l52,769.0,78.0,630.97,79,49,6,55,24,False,ok,0,0.24489795918367346
Svea_Hovraett_etc_export_job_4502444_855910_Svea_Hovraett_OCo_Advokatfiskalen_Jaemtlands_laen__1713_-b58e9491/0008_DSC_0441/r1l54,777.0,82.0,606.44,76,53,3,56,20,False,ok,0,0.41509433962264153
Svea_Hovraett_etc_export_job_4502444_855910_Svea_Hovraett_OCo_Advokatfiskalen_Jaemtlands_laen__1713_-b58e9491/0008_DSC_0441/line_1638889845873_2162,777.0,84.0,592.0,74,59,0,59,15,False,ok,0,0.3389830508474576
Svea_Hovraett_etc_export_job_4502444_855910_Svea_Hovraett_OCo_Advokatfiskalen_Jaemtlands_laen__1713_-b58e9491/0008_DSC_0441/r1l59,166.0,68.0,156.24,20,9,0,9,11,False,ok,0,0.3333333333333333
Svea_Hovraett_etc_export_job_4502444_855910_Svea_Hovraett_OCo_Advokatfiskalen_Jaemtlands_laen__1713_-b58e9491/0009_DSC_0442/r1l2,667.0,89.0,479.64,60,59,1,60,0,False,ok,0,0.3050847457627119
Svea_Hovraett_etc_export_job_4502444_855910_Svea_Hovraett_OCo_Advokatfiskalen_Jaemtlands_laen__1713_-b58e9491/0009_DSC_0442/r1l4,672.0,75.0,573.44,72,62,2,64,8,False,ok,0,0.532258064516129
Svea_Hovraett_etc_export_job_4502444_855910_Svea_Hovraett_OCo_Advokatfiskalen_Jaemtlands_laen__1713_-b58e9491/0009_DSC_0442/r1l6,676.0,79.0,547.65,69,55,1,56,13,False,ok,0,0.5454545454545454
Svea_Hovraett_etc_export_job_4502444_855910_Svea_Hovraett_OCo_Advokatfiskalen_Jaemtlands_laen__1713_-b58e9491/0009_DSC_0442/r1l8,689.0,70.0,629.94,79,59,3,62,17,False,ok,0,0.423728813559322
Svea_Hovraett_etc_export_job_4502444_855910_Svea_Hovraett_OCo_Advokatfiskalen_Jaemtlands_laen__1713_-b58e9491/0009_DSC_0442/r1l11,670.0,86.0,498.6,63,57,1,58,5,False,ok,0,0.6491228070175439
Svea_Hovraett_etc_export_job_4502444_855910_Svea_Hovraett_OCo_Advokatfiskalen_Jaemtlands_laen__1713_-b58e9491/0009_DSC_0442/r1l12,677.0,76.0,570.11,72,54,2,56,16,False,ok,0,0.2222222222222222
Svea_Hovraett_etc_export_job_4502444_855910_Svea_Hovraett_OCo_Advokatfiskalen_Jaemtlands_laen__1713_-b58e9491/0009_DSC_0442/r1l14,672.0,68.0,632.47,80,57,2,59,21,False,ok,0,0.24561403508771928
Svea_Hovraett_etc_export_job_4502444_855910_Svea_Hovraett_OCo_Advokatfiskalen_Jaemtlands_laen__1713_-b58e9491/0009_DSC_0442/r1l16,681.0,76.0,573.47,72,54,3,57,15,False,ok,0,0.3148148148148148
Svea_Hovraett_etc_export_job_4502444_855910_Svea_Hovraett_OCo_Advokatfiskalen_Jaemtlands_laen__1713_-b58e9491/0009_DSC_0442/r1l18,687.0,75.0,586.24,74,61,3,64,10,False,ok,0,0.36065573770491804
Svea_Hovraett_etc_export_job_4502444_855910_Svea_Hovraett_OCo_Advokatfiskalen_Jaemtlands_laen__1713_-b58e9491/0009_DSC_0442/r1l20,694.0,79.0,562.23,71,58,3,61,10,False,ok,0,0.43103448275862066
Svea_Hovraett_etc_export_job_4502444_855910_Svea_Hovraett_OCo_Advokatfiskalen_Jaemtlands_laen__1713_-b58e9491/0009_DSC_0442/r1l22,694.0,74.0,600.22,76,53,4,57,19,False,ok,0,0.32075471698113206
Svea_Hovraett_etc_export_job_4502444_855910_Svea_Hovraett_OCo_Advokatfiskalen_Jaemtlands_laen__1713_-b58e9491/0009_DSC_0442/r1l24,691.0,78.0,566.97,71,52,3,55,16,False,ok,0,0.19230769230769232
Svea_Hovraett_etc_export_job_4502444_855910_Svea_Hovraett_OCo_Advokatfiskalen_Jaemtlands_laen__1713_-b58e9491/0009_DSC_0442/r1l27,690.0,82.0,538.54,68,59,1,60,8,False,ok,0,0.559322033898305
Svea_Hovraett_etc_export_job_4502444_855910_Svea_Hovraett_OCo_Advokatfiskalen_Jaemtlands_laen__1713_-b58e9491/0009_DSC_0442/r1l29,696.0,73.0,610.19,77,59,3,62,15,False,ok,0,0.2711864406779661
Svea_Hovraett_etc_export_job_4502444_855910_Svea_Hovraett_OCo_Advokatfiskalen_Jaemtlands_laen__1713_-b58e9491/0009_DSC_0442/r1l33,691.0,60.0,737.07,93,48,2,50,43,False,ok,0,0.1875
Svea_Hovraett_etc_export_job_4502444_855910_Svea_Hovraett_OCo_Advokatfiskalen_Jaemtlands_laen__1713_-b58e9491/0009_DSC_0442/r1l35,689.0,73.0,604.05,76,50,1,51,25,False,ok,0,0.2
Svea_Hovraett_etc_export_job_4502444_855910_Svea_Hovraett_OCo_Advokatfiskalen_Jaemtlands_laen__1713_-b58e9491/0009_DSC_0442/line_1638890141692_2368,697.0,85.0,524.8,66,54,2,56,10,False,ok,0,0.3148148148148148
Svea_Hovraett_etc_export_job_4502444_855910_Svea_Hovraett_OCo_Advokatfiskalen_Jaemtlands_laen__1713_-b58e9491/0009_DSC_0442/line_1638890141692_2370,709.0,78.0,581.74,73,49,0,49,24,False,ok,0,0.1836734693877551
Svea_Hovraett_etc_export_job_4502444_855910_Svea_Hovraett_OCo_Advokatfiskalen_Jaemtlands_laen__1713_-b58e9491/0009_DSC_0442/r1l40,696.0,60.0,742.4,93,53,1,54,39,False,ok,0,0.07547169811320754
Svea_Hovraett_etc_export_job_4502444_855910_Svea_Hovraett_OCo_Advokatfiskalen_Jaemtlands_laen__1713_-b58e9491/0009_DSC_0442/r1l42,712.0,75.0,607.57,76,51,1,52,24,False,ok,0,0.19607843137254902
Svea_Hovraett_etc_export_job_4502444_855910_Svea_Hovraett_OCo_Advokatfiskalen_Jaemtlands_laen__1713_-b58e9491/0009_DSC_0442/r1l44,714.0,75.0,609.28,77,53,1,54,23,False,ok,0,0.3584905660377358
Svea_Hovraett_etc_export_job_4502444_855910_Svea_Hovraett_OCo_Advokatfiskalen_Jaemtlands_laen__1713_-b58e9491/0009_DSC_0442/r1l47,692.0,79.0,560.61,71,52,1,53,18,False,ok,0,0.19230769230769232
Svea_Hovraett_etc_export_job_4502444_855910_Svea_Hovraett_OCo_Advokatfiskalen_Jaemtlands_laen__1713_-b58e9491/0009_DSC_0442/r1l49,711.0,82.0,554.93,70,51,2,53,17,False,ok,0,0.45098039215686275
Svea_Hovraett_etc_export_job_4502444_855910_Svea_Hovraett_OCo_Advokatfiskalen_Jaemtlands_laen__1713_-b58e9491/0009_DSC_0442/r1l51,715.0,88.0,520.0,65,49,2,51,14,False,ok,0,0.3877551020408163
Svea_Hovraett_etc_export_job_4502444_855910_Svea_Hovraett_OCo_Advokatfiskalen_Jaemtlands_laen__1713_-b58e9491/0009_DSC_0442/r1l52,703.0,78.0,576.82,73,54,5,59,14,False,ok,0,0.48148148148148145
Svea_Hovraett_etc_export_job_4502444_855910_Svea_Hovraett_OCo_Advokatfiskalen_Jaemtlands_laen__1713_-b58e9491/0009_DSC_0442/r1l56,132.0,58.0,145.66,19,10,0,10,9,False,ok,0,0.2
Svea_Hovraett_etc_export_job_4502444_855910_Svea_Hovraett_OCo_Advokatfiskalen_Jaemtlands_laen__1713_-b58e9491/0009_DSC_0442/line_1638890141661_2337,647.0,81.0,511.21,64,60,1,61,3,False,ok,0,0.38333333333333336
Svea_Hovraett_etc_export_job_4502444_855910_Svea_Hovraett_OCo_Advokatfiskalen_Jaemtlands_laen__1713_-b58e9491/0009_DSC_0442/line_1638890141661_2339,649.0,63.0,659.3,83,56,2,58,25,False,ok,0,0.35714285714285715
Svea_Hovraett_etc_export_job_4502444_855910_Svea_Hovraett_OCo_Advokatfiskalen_Jaemtlands_laen__1713_-b58e9491/0009_DSC_0442/line_1638890141661_2341,671.0,70.0,613.49,77,63,3,66,11,False,ok,0,0.5079365079365079
Svea_Hovraett_etc_export_job_4502444_855910_Svea_Hovraett_OCo_Advokatfiskalen_Jaemtlands_laen__1713_-b58e9491/0009_DSC_0442/line_1638890141661_2343,672.0,67.0,641.91,81,60,3,63,18,False,ok,0,0.3333333333333333
Svea_Hovraett_etc_export_job_4502444_855910_Svea_Hovraett_OCo_Advokatfiskalen_Jaemtlands_laen__1713_-b58e9491/0009_DSC_0442/line_1638890141661_2345,517.0,65.0,509.05,64,48,2,50,14,False,ok,0,0.4166666666666667
Svea_Hovraett_etc_export_job_4502444_855910_Svea_Hovraett_OCo_Advokatfiskalen_Jaemtlands_laen__1713_-b58e9491/0009_DSC_0442/line_1638890141661_2347,655.0,79.0,530.63,67,3,0,3,64,False,ok,0,14.666666666666666
Svea_Hovraett_etc_export_job_4502444_855910_Svea_Hovraett_OCo_Advokatfiskalen_Jaemtlands_laen__1713_-b58e9491/0009_DSC_0442/line_1638890141676_2349,640.0,64.0,640.0,80,57,3,60,20,False,ok,0,0.8421052631578947
Svea_Hovraett_etc_export_job_4502444_855910_Svea_Hovraett_OCo_Advokatfiskalen_Jaemtlands_laen__1713_-b58e9491/0009_DSC_0442/line_1638890141676_2351,648.0,67.0,618.99,78,53,4,57,21,False,ok,0,0.7169811320754716
Svea_Hovraett_etc_export_job_4502444_855910_Svea_Hovraett_OCo_Advokatfiskalen_Jaemtlands_laen__1713_-b58e9491/0009_DSC_0442/line_1638890141676_2353,659.0,70.0,602.51,76,55,3,58,18,False,ok,0,0.8363636363636363
Svea_Hovraett_etc_export_job_4502444_855910_Svea_Hovraett_OCo_Advokatfiskalen_Jaemtlands_laen__1713_-b58e9491/0009_DSC_0442/r1l21,666.0,73.0,583.89,73,62,4,66,7,False,ok,0,0.5483870967741935
Svea_Hovraett_etc_export_job_4502444_855910_Svea_Hovraett_OCo_Advokatfiskalen_Jaemtlands_laen__1713_-b58e9491/0009_DSC_0442/line_1638890141676_2355,666.0,76.0,560.84,71,51,0,51,20,False,ok,0,0.37254901960784315
Svea_Hovraett_etc_export_job_4502444_855910_Svea_Hovraett_OCo_Advokatfiskalen_Jaemtlands_laen__1713_-b58e9491/0009_DSC_0442/line_1638890141676_2357,652.0,66.0,632.24,80,52,1,53,27,False,ok,0,0.1346153846153846
Svea_Hovraett_etc_export_job_4502444_855910_Svea_Hovraett_OCo_Advokatfiskalen_Jaemtlands_laen__1713_-b58e9491/0009_DSC_0442/line_1638890141676_2359,660.0,77.0,548.57,69,50,2,52,17,False,ok,0,0.36
Svea_Hovraett_etc_export_job_4502444_855910_Svea_Hovraett_OCo_Advokatfiskalen_Jaemtlands_laen__1713_-b58e9491/0009_DSC_0442/r1l28,668.0,70.0,610.74,77,50,0,50,27,False,ok,0,0.18
Svea_Hovraett_etc_export_job_4502444_855910_Svea_Hovraett_OCo_Advokatfiskalen_Jaemtlands_laen__1713_-b58e9491/0009_DSC_0442/line_1638890141676_2363,682.0,85.0,513.51,65,58,1,59,6,False,ok,0,0.5
Svea_Hovraett_etc_export_job_4502444_855910_Svea_Hovraett_OCo_Advokatfiskalen_Jaemtlands_laen__1713_-b58e9491/0009_DSC_0442/line_1638890141676_2365,682.0,63.0,692.83,87,51,0,51,36,False,ok,0,0.19607843137254902
Svea_Hovraett_etc_export_job_4502444_855910_Svea_Hovraett_OCo_Advokatfiskalen_Jaemtlands_laen__1713_-b58e9491/0009_DSC_0442/r1l36,676.0,65.0,665.6,84,52,3,55,29,False,ok,0,0.2692307692307692
Svea_Hovraett_etc_export_job_4502444_855910_Svea_Hovraett_OCo_Advokatfiskalen_Jaemtlands_laen__1713_-b58e9491/0009_DSC_0442/line_1638890141692_2369,700.0,92.0,486.96,61,51,2,53,8,False,ok,0,0.6078431372549019
Svea_Hovraett_etc_export_job_4502444_855910_Svea_Hovraett_OCo_Advokatfiskalen_Jaemtlands_laen__1713_-b58e9491/0009_DSC_0442/r1l39,684.0,85.0,515.01,65,47,2,49,16,False,ok,0,0.3404255319148936
Svea_Hovraett_etc_export_job_4502444_855910_Svea_Hovraett_OCo_Advokatfiskalen_Jaemtlands_laen__1713_-b58e9491/0009_DSC_0442/line_1638890141692_2371,695.0,81.0,549.14,69,56,5,61,8,False,ok,0,0.375
Svea_Hovraett_etc_export_job_4502444_855910_Svea_Hovraett_OCo_Advokatfiskalen_Jaemtlands_laen__1713_-b58e9491/0009_DSC_0442/line_1638890141692_2373,709.0,86.0,527.63,66,59,3,62,4,False,ok,0,0.4067796610169492
Svea_Hovraett_etc_export_job_4502444_855910_Svea_Hovraett_OCo_Advokatfiskalen_Jaemtlands_laen__1713_-b58e9491/0009_DSC_0442/r1l45,705.0,78.0,578.46,73,55,3,58,15,False,ok,0,0.34545454545454546
Svea_Hovraett_etc_export_job_4502444_855910_Svea_Hovraett_OCo_Advokatfiskalen_Jaemtlands_laen__1713_-b58e9491/0009_DSC_0442/line_1638890141692_2375,712.0,80.0,569.6,72,56,3,59,13,False,ok,0,0.2857142857142857
Svea_Hovraett_etc_export_job_4502444_855910_Svea_Hovraett_OCo_Advokatfiskalen_Jaemtlands_laen__1713_-b58e9491/0009_DSC_0442/line_1638890141692_2377,702.0,74.0,607.14,76,50,2,52,24,False,ok,0,0.4
Svea_Hovraett_etc_export_job_4502444_855910_Svea_Hovraett_OCo_Advokatfiskalen_Jaemtlands_laen__1713_-b58e9491/0009_DSC_0442/r1l50,706.0,83.0,544.39,69,54,1,55,14,False,ok,0,0.3333333333333333
Svea_Hovraett_etc_export_job_4502444_855910_Svea_Hovraett_OCo_Advokatfiskalen_Jaemtlands_laen__1713_-b58e9491/0009_DSC_0442/line_1638890141692_2379,715.0,86.0,532.09,67,55,1,56,11,False,ok,0,0.5636363636363636
Svea_Hovraett_etc_export_job_4502444_855910_Svea_Hovraett_OCo_Advokatfiskalen_Jaemtlands_laen__1713_-b58e9491/0009_DSC_0442/r1l54,128.0,59.0,138.85,18,4,0,4,14,False,empty,1,1.0
Svea_Hovraett_etc_export_job_4502444_855910_Svea_Hovraett_OCo_Advokatfiskalen_Jaemtlands_laen__1713_-b58e9491/0010_DSC_0443/r1l1,703.0,92.0,489.04,62,53,0,53,9,False,ok,0,0.5471698113207547
Svea_Hovraett_etc_export_job_4502444_855910_Svea_Hovraett_OCo_Advokatfiskalen_Jaemtlands_laen__1713_-b58e9491/0010_DSC_0443/r1l3,699.0,81.0,552.3,70,57,1,58,12,False,ok,0,0.43859649122807015
Svea_Hovraett_etc_export_job_4502444_855910_Svea_Hovraett_OCo_Advokatfiskalen_Jaemtlands_laen__1713_-b58e9491/0010_DSC_0443/r1l6,694.0,77.0,576.83,73,58,1,59,14,False,ok,0,0.46551724137931033
Svea_Hovraett_etc_export_job_4502444_855910_Svea_Hovraett_OCo_Advokatfiskalen_Jaemtlands_laen__1713_-b58e9491/0010_DSC_0443/r1l8,710.0,77.0,590.13,74,60,2,62,12,False,ok,0,0.36666666666666664
Svea_Hovraett_etc_export_job_4502444_855910_Svea_Hovraett_OCo_Advokatfiskalen_Jaemtlands_laen__1713_-b58e9491/0010_DSC_0443/r1l10,701.0,81.0,553.88,70,53,1,54,16,False,ok,0,0.5283018867924528
Svea_Hovraett_etc_export_job_4502444_855910_Svea_Hovraett_OCo_Advokatfiskalen_Jaemtlands_laen__1713_-b58e9491/0010_DSC_0443/r1l12,720.0,77.0,598.44,75,57,1,58,17,False,ok,0,0.42105263157894735
Svea_Hovraett_etc_export_job_4502444_855910_Svea_Hovraett_OCo_Advokatfiskalen_Jaemtlands_laen__1713_-b58e9491/0010_DSC_0443/r1l14,719.0,81.0,568.1,72,56,3,59,13,False,ok,0,0.4107142857142857
Svea_Hovraett_etc_export_job_4502444_855910_Svea_Hovraett_OCo_Advokatfiskalen_Jaemtlands_laen__1713_-b58e9491/0010_DSC_0443/r1l16,724.0,78.0,594.05,75,50,2,52,23,False,ok,0,0.12
Svea_Hovraett_etc_export_job_4502444_855910_Svea_Hovraett_OCo_Advokatfiskalen_Jaemtlands_laen__1713_-b58e9491/0010_DSC_0443/r1l18,730.0,77.0,606.75,76,50,2,52,24,False,ok,0,0.42
Svea_Hovraett_etc_export_job_4502444_855910_Svea_Hovraett_OCo_Advokatfiskalen_Jaemtlands_laen__1713_-b58e9491/0010_DSC_0443/r1l20,731.0,92.0,508.52,64,57,1,58,6,False,ok,0,0.6491228070175439
Svea_Hovraett_etc_export_job_4502444_855910_Svea_Hovraett_OCo_Advokatfiskalen_Jaemtlands_laen__1713_-b58e9491/0010_DSC_0443/r1l22,732.0,79.0,593.01,75,58,1,59,16,False,ok,0,0.3103448275862069
Svea_Hovraett_etc_export_job_4502444_855910_Svea_Hovraett_OCo_Advokatfiskalen_Jaemtlands_laen__1713_-b58e9491/0010_DSC_0443/r1l28,765.0,80.0,612.0,77,51,2,53,24,False,ok,0,0.21568627450980393
Svea_Hovraett_etc_export_job_4502444_855910_Svea_Hovraett_OCo_Advokatfiskalen_Jaemtlands_laen__1713_-b58e9491/0010_DSC_0443/r1l30,737.0,86.0,548.47,69,56,1,57,12,False,ok,0,0.42857142857142855
Svea_Hovraett_etc_export_job_4502444_855910_Svea_Hovraett_OCo_Advokatfiskalen_Jaemtlands_laen__1713_-b58e9491/0010_DSC_0443/r1l32,754.0,84.0,574.48,72,53,2,55,17,False,ok,0,0.16981132075471697
Svea_Hovraett_etc_export_job_4502444_855910_Svea_Hovraett_OCo_Advokatfiskalen_Jaemtlands_laen__1713_-b58e9491/0010_DSC_0443/r1l34,746.0,85.0,561.69,71,52,1,53,18,False,ok,0,0.4423076923076923
Svea_Hovraett_etc_export_job_4502444_855910_Svea_Hovraett_OCo_Advokatfiskalen_Jaemtlands_laen__1713_-b58e9491/0010_DSC_0443/r1l36,744.0,73.0,652.27,82,54,4,58,24,False,ok,0,0.3148148148148148
Svea_Hovraett_etc_export_job_4502444_855910_Svea_Hovraett_OCo_Advokatfiskalen_Jaemtlands_laen__1713_-b58e9491/0010_DSC_0443/r1l38,750.0,94.0,510.64,64,62,4,66,-2,True,ok,0,0.5645161290322581
Svea_Hovraett_etc_export_job_4502444_855910_Svea_Hovraett_OCo_Advokatfiskalen_Jaemtlands_laen__1713_-b58e9491/0010_DSC_0443/r1l42,744.0,87.0,547.31,69,54,2,56,13,False,ok,0,0.35185185185185186
Svea_Hovraett_etc_export_job_4502444_855910_Svea_Hovraett_OCo_Advokatfiskalen_Jaemtlands_laen__1713_-b58e9491/0010_DSC_0443/r1l44,740.0,68.0,696.47,88,55,2,57,31,False,ok,0,0.3090909090909091
Svea_Hovraett_etc_export_job_4502444_855910_Svea_Hovraett_OCo_Advokatfiskalen_Jaemtlands_laen__1713_-b58e9491/0010_DSC_0443/r1l49,738.0,77.0,613.4,77,56,1,57,20,False,ok,0,0.4642857142857143
Svea_Hovraett_etc_export_job_4502444_855910_Svea_Hovraett_OCo_Advokatfiskalen_Jaemtlands_laen__1713_-b58e9491/0010_DSC_0443/r1l51,745.0,84.0,567.62,71,47,2,49,22,False,ok,0,0.3404255319148936
Svea_Hovraett_etc_export_job_4502444_855910_Svea_Hovraett_OCo_Advokatfiskalen_Jaemtlands_laen__1713_-b58e9491/0010_DSC_0443/line_1638890420322_2589,757.0,89.0,544.36,69,55,0,55,14,False,ok,0,0.32727272727272727
Svea_Hovraett_etc_export_job_4502444_855910_Svea_Hovraett_OCo_Advokatfiskalen_Jaemtlands_laen__1713_-b58e9491/0010_DSC_0443/r1l54,110.0,67.0,105.07,14,5,0,5,9,False,ok,0,0.8
Svea_Hovraett_etc_export_job_4502444_855910_Svea_Hovraett_OCo_Advokatfiskalen_Jaemtlands_laen__1713_-b58e9491/0010_DSC_0443/line_1638890420306_2562,676.0,82.0,527.61,66,60,1,61,5,False,ok,0,0.35
Svea_Hovraett_etc_export_job_4502444_855910_Svea_Hovraett_OCo_Advokatfiskalen_Jaemtlands_laen__1713_-b58e9491/0010_DSC_0443/line_1638890420306_2564,669.0,77.0,556.05,70,53,2,55,15,False,ok,0,0.3584905660377358
Svea_Hovraett_etc_export_job_4502444_855910_Svea_Hovraett_OCo_Advokatfiskalen_Jaemtlands_laen__1713_-b58e9491/0010_DSC_0443/line_1638890420306_2566,664.0,67.0,634.27,80,56,2,58,22,False,ok,0,0.21428571428571427
Svea_Hovraett_etc_export_job_4502444_855910_Svea_Hovraett_OCo_Advokatfiskalen_Jaemtlands_laen__1713_-b58e9491/0010_DSC_0443/line_1638890420306_2568,665.0,80.0,532.0,67,56,1,57,10,False,ok,0,0.32142857142857145
Svea_Hovraett_etc_export_job_4502444_855910_Svea_Hovraett_OCo_Advokatfiskalen_Jaemtlands_laen__1713_-b58e9491/0010_DSC_0443/line_1638890420306_2570,668.0,67.0,638.09,80,57,3,60,20,False,ok,0,0.3508771929824561
Svea_Hovraett_etc_export_job_4502444_855910_Svea_Hovraett_OCo_Advokatfiskalen_Jaemtlands_laen__1713_-b58e9491/0010_DSC_0443/line_1638890420306_2572,671.0,71.0,604.85,76,54,3,57,19,False,ok,0,0.2962962962962963
Svea_Hovraett_etc_export_job_4502444_855910_Svea_Hovraett_OCo_Advokatfiskalen_Jaemtlands_laen__1713_-b58e9491/0010_DSC_0443/line_1638890420306_2574,679.0,72.0,603.56,76,50,3,53,23,False,ok,0,0.22
Svea_Hovraett_etc_export_job_4502444_855910_Svea_Hovraett_OCo_Advokatfiskalen_Jaemtlands_laen__1713_-b58e9491/0010_DSC_0443/r1l15,682.0,68.0,641.88,81,55,1,56,25,False,ok,0,0.2
Svea_Hovraett_etc_export_job_4502444_855910_Svea_Hovraett_OCo_Advokatfiskalen_Jaemtlands_laen__1713_-b58e9491/0010_DSC_0443/line_1638890420306_2576,693.0,70.0,633.6,80,52,1,53,27,False,ok,0,0.25
Svea_Hovraett_etc_export_job_4502444_855910_Svea_Hovraett_OCo_Advokatfiskalen_Jaemtlands_laen__1713_-b58e9491/0010_DSC_0443/r1l19,703.0,77.0,584.31,74,49,0,49,25,False,ok,0,0.3673469387755102
Svea_Hovraett_etc_export_job_4502444_855910_Svea_Hovraett_OCo_Advokatfiskalen_Jaemtlands_laen__1713_-b58e9491/0010_DSC_0443/line_1638890420306_2578,694.0,81.0,548.35,69,46,3,49,20,False,ok,0,0.21739130434782608
Svea_Hovraett_etc_export_job_4502444_855910_Svea_Hovraett_OCo_Advokatfiskalen_Jaemtlands_laen__1713_-b58e9491/0010_DSC_0443/r1l23,686.0,73.0,601.42,76,49,1,50,26,False,ok,0,0.2653061224489796
Svea_Hovraett_etc_export_job_4502444_855910_Svea_Hovraett_OCo_Advokatfiskalen_Jaemtlands_laen__1713_-b58e9491/0010_DSC_0443/line_1638890420306_2580,706.0,72.0,627.56,79,52,2,54,25,False,ok,0,0.28846153846153844
Svea_Hovraett_etc_export_job_4502444_855910_Svea_Hovraett_OCo_Advokatfiskalen_Jaemtlands_laen__1713_-b58e9491/0010_DSC_0443/line_1638890420306_2582,713.0,73.0,625.1,79,48,3,51,28,False,ok,0,0.125
Svea_Hovraett_etc_export_job_4502444_855910_Svea_Hovraett_OCo_Advokatfiskalen_Jaemtlands_laen__1713_-b58e9491/0010_DSC_0443/r1l29,331.0,78.0,271.59,34,23,0,23,11,False,ok,0,0.2608695652173913
Svea_Hovraett_etc_export_job_4502444_855910_Svea_Hovraett_OCo_Advokatfiskalen_Jaemtlands_laen__1713_-b58e9491/0010_DSC_0443/r1l31,68.0,67.0,64.96,9,3,0,3,6,False,ok,0,0.3333333333333333
Svea_Hovraett_etc_export_job_4502444_855910_Svea_Hovraett_OCo_Advokatfiskalen_Jaemtlands_laen__1713_-b58e9491/0010_DSC_0443/r1l33,721.0,75.0,615.25,77,49,1,50,27,False,ok,0,0.20408163265306123
Svea_Hovraett_etc_export_job_4502444_855910_Svea_Hovraett_OCo_Advokatfiskalen_Jaemtlands_laen__1713_-b58e9491/0010_DSC_0443/r1l35,712.0,76.0,599.58,75,49,2,51,24,False,ok,0,0.20408163265306123
Svea_Hovraett_etc_export_job_4502444_855910_Svea_Hovraett_OCo_Advokatfiskalen_Jaemtlands_laen__1713_-b58e9491/0010_DSC_0443/r1l39,726.0,94.0,494.3,62,47,3,50,12,False,ok,0,0.425531914893617
Svea_Hovraett_etc_export_job_4502444_855910_Svea_Hovraett_OCo_Advokatfiskalen_Jaemtlands_laen__1713_-b58e9491/0010_DSC_0443/r1l41,749.0,87.0,550.99,69,49,3,52,17,False,ok,0,0.4489795918367347
Svea_Hovraett_etc_export_job_4502444_855910_Svea_Hovraett_OCo_Advokatfiskalen_Jaemtlands_laen__1713_-b58e9491/0010_DSC_0443/r1l43,728.0,85.0,548.14,69,45,1,46,23,False,ok,0,0.28888888888888886
Svea_Hovraett_etc_export_job_4502444_855910_Svea_Hovraett_OCo_Advokatfiskalen_Jaemtlands_laen__1713_-b58e9491/0010_DSC_0443/r1l45,741.0,84.0,564.57,71,44,0,44,27,False,ok,0,0.38636363636363635
Svea_Hovraett_etc_export_job_4502444_855910_Svea_Hovraett_OCo_Advokatfiskalen_Jaemtlands_laen__1713_-b58e9491/0010_DSC_0443/line_1638890420322_2586,752.0,83.0,579.86,73,49,3,52,21,False,ok,0,0.40816326530612246
Svea_Hovraett_etc_export_job_4502444_855910_Svea_Hovraett_OCo_Advokatfiskalen_Jaemtlands_laen__1713_-b58e9491/0010_DSC_0443/r1l48,728.0,86.0,541.77,68,47,5,52,16,False,ok,0,0.3617021276595745
Svea_Hovraett_etc_export_job_4502444_855910_Svea_Hovraett_OCo_Advokatfiskalen_Jaemtlands_laen__1713_-b58e9491/0010_DSC_0443/r1l50,771.0,100.0,493.44,62,47,3,50,12,False,ok,0,0.6170212765957447
Svea_Hovraett_etc_export_job_4502444_855910_Svea_Hovraett_OCo_Advokatfiskalen_Jaemtlands_laen__1713_-b58e9491/0010_DSC_0443/line_1638890420322_2588,758.0,97.0,500.12,63,52,3,55,8,False,ok,0,0.5961538461538461
Svea_Hovraett_etc_export_job_4502444_855910_Svea_Hovraett_OCo_Advokatfiskalen_Jaemtlands_laen__1713_-b58e9491/0010_DSC_0443/r1l53,96.0,61.0,100.72,13,4,0,4,9,False,ok,0,0.5
Svea_Hovraett_etc_export_job_4502444_855910_Svea_Hovraett_OCo_Advokatfiskalen_Jaemtlands_laen__1713_-b58e9491/0011_DSC_0444/r1l1,726.0,90.0,516.27,65,50,2,52,13,False,ok,0,0.14
Svea_Hovraett_etc_export_job_4502444_855910_Svea_Hovraett_OCo_Advokatfiskalen_Jaemtlands_laen__1713_-b58e9491/0011_DSC_0444/r1l3,737.0,84.0,561.52,71,53,2,55,16,False,ok,0,0.18867924528301888
Svea_Hovraett_etc_export_job_4502444_855910_Svea_Hovraett_OCo_Advokatfiskalen_Jaemtlands_laen__1713_-b58e9491/0011_DSC_0444/r1l6,741.0,90.0,526.93,66,50,5,55,11,False,ok,0,0.36
Svea_Hovraett_etc_export_job_4502444_855910_Svea_Hovraett_OCo_Advokatfiskalen_Jaemtlands_laen__1713_-b58e9491/0011_DSC_0444/r1l8,737.0,86.0,548.47,69,48,3,51,18,False,ok,0,0.1875
Svea_Hovraett_etc_export_job_4502444_855910_Svea_Hovraett_OCo_Advokatfiskalen_Jaemtlands_laen__1713_-b58e9491/0011_DSC_0444/r1l10,753.0,88.0,547.64,69,50,2,52,17,False,ok,0,0.16
Svea_Hovraett_etc_export_job_4502444_855910_Svea_Hovraett_OCo_Advokatfiskalen_Jaemtlands_laen__1713_-b58e9491/0011_DSC_0444/r1l14,765.0,97.0,504.74,64,51,2,53,11,False,ok,0,0.37254901960784315
Svea_Hovraett_etc_export_job_4502444_855910_Svea_Hovraett_OCo_Advokatfiskalen_Jaemtlands_laen__1713_-b58e9491/0011_DSC_0444/r1l16,755.0,99.0,488.08,62,51,2,53,9,False,ok,0,0.6666666666666666
Svea_Hovraett_etc_export_job_4502444_855910_Svea_Hovraett_OCo_Advokatfiskalen_Jaemtlands_laen__1713_-b58e9491/0011_DSC_0444/r1l18,773.0,102.0,485.02,61,55,1,56,5,False,ok,0,0.4727272727272727
Svea_Hovraett_etc_export_job_4502444_855910_Svea_Hovraett_OCo_Advokatfiskalen_Jaemtlands_laen__1713_-b58e9491/0011_DSC_0444/r1l21,772.0,107.0,461.76,58,43,3,46,12,False,ok,0,0.32558139534883723
Svea_Hovraett_etc_export_job_4502444_855910_Svea_Hovraett_OCo_Advokatfiskalen_Jaemtlands_laen__1713_-b58e9491/0011_DSC_0444/r1l23,777.0,98.0,507.43,64,50,4,54,10,False,ok,0,0.38
Svea_Hovraett_etc_export_job_4502444_855910_Svea_Hovraett_OCo_Advokatfiskalen_Jaemtlands_laen__1713_-b58e9491/0011_DSC_0444/r1l25,770.0,127.0,388.03,49,50,2,52,-3,True,ok,0,0.72
Svea_Hovraett_etc_export_job_4502444_855910_Svea_Hovraett_OCo_Advokatfiskalen_Jaemtlands_laen__1713_-b58e9491/0011_DSC_0444/r1l27,786.0,108.0,465.78,59,47,1,48,11,False,ok,0,0.2765957446808511
Svea_Hovraett_etc_export_job_4502444_855910_Svea_Hovraett_OCo_Advokatfiskalen_Jaemtlands_laen__1713_-b58e9491/0011_DSC_0444/r1l30,264.0,85.0,198.78,25,14,1,15,10,False,ok,0,0.0
Svea_Hovraett_etc_export_job_4502444_855910_Svea_Hovraett_OCo_Advokatfiskalen_Jaemtlands_laen__1713_-b58e9491/0011_DSC_0444/r1l33,58.0,61.0,60.85,8,3,0,3,5,False,ok,0,1.0
Svea_Hovraett_etc_export_job_4502444_855910_Svea_Hovraett_OCo_Advokatfiskalen_Jaemtlands_laen__1713_-b58e9491/0011_DSC_0444/line_1638890683809_2709,783.0,109.0,459.74,58,62,0,62,-4,True,ok,0,0.3870967741935484
Svea_Hovraett_etc_export_job_4502444_855910_Svea_Hovraett_OCo_Advokatfiskalen_Jaemtlands_laen__1713_-b58e9491/0011_DSC_0444/line_1638890683809_2711,781.0,91.0,549.27,69,60,1,61,8,False,ok,0,0.4
Svea_Hovraett_etc_export_job_4502444_855910_Svea_Hovraett_OCo_Advokatfiskalen_Jaemtlands_laen__1713_-b58e9491/0011_DSC_0444/line_1638890683809_2713,800.0,88.0,581.82,73,54,4,58,15,False,ok,0,0.5925925925925926
Svea_Hovraett_etc_export_job_4502444_855910_Svea_Hovraett_OCo_Advokatfiskalen_Jaemtlands_laen__1713_-b58e9491/0011_DSC_0444/line_1638890683809_2715,785.0,83.0,605.3,76,53,1,54,22,False,ok,0,0.16981132075471697
Svea_Hovraett_etc_export_job_4502444_855910_Svea_Hovraett_OCo_Advokatfiskalen_Jaemtlands_laen__1713_-b58e9491/0011_DSC_0444/r1l44,785.0,90.0,558.22,70,47,1,48,22,False,ok,0,0.2127659574468085
Svea_Hovraett_etc_export_job_4502444_855910_Svea_Hovraett_OCo_Advokatfiskalen_Jaemtlands_laen__1713_-b58e9491/0011_DSC_0444/line_1638890683809_2719,802.0,102.0,503.22,63,52,3,55,8,False,ok,0,0.5
Svea_Hovraett_etc_export_job_4502444_855910_Svea_Hovraett_OCo_Advokatfiskalen_Jaemtlands_laen__1713_-b58e9491/0011_DSC_0444/line_1638890683825_2721,798.0,108.0,472.89,60,50,3,53,7,False,ok,0,0.48
Svea_Hovraett_etc_export_job_4502444_855910_Svea_Hovraett_OCo_Advokatfiskalen_Jaemtlands_laen__1713_-b58e9491/0011_DSC_0444/line_1638890683825_2723,786.0,92.0,546.78,69,43,2,45,24,False,ok,0,0.27906976744186046
Svea_Hovraett_etc_export_job_4502444_855910_Svea_Hovraett_OCo_Advokatfiskalen_Jaemtlands_laen__1713_-b58e9491/0011_DSC_0444/r1l52,806.0,110.0,468.95,59,46,3,49,10,False,ok,0,0.3695652173913043
Svea_Hovraett_etc_export_job_4502444_855910_Svea_Hovraett_OCo_Advokatfiskalen_Jaemtlands_laen__1713_-b58e9491/0011_DSC_0444/line_1638890683825_2725,815.0,114.0,457.54,58,51,7,58,0,False,ok,0,0.5098039215686274
Svea_Hovraett_etc_export_job_4502444_855910_Svea_Hovraett_OCo_Advokatfiskalen_Jaemtlands_laen__1713_-b58e9491/0011_DSC_0444/line_1638890683825_2727,110.0,78.0,90.26,12,4,0,4,8,False,ok,0,0.75
Svea_Hovraett_etc_export_job_4502444_855910_Svea_Hovraett_OCo_Advokatfiskalen_Jaemtlands_laen__1713_-b58e9491/0011_DSC_0444/line_1638890683809_2700,700.0,100.0,448.0,56,52,3,55,1,False,ok,0,0.38461538461538464
Svea_Hovraett_etc_export_job_4502444_855910_Svea_Hovraett_OCo_Advokatfiskalen_Jaemtlands_laen__1713_-b58e9491/0011_DSC_0444/line_1638890683809_2702,731.0,80.0,584.8,74,54,4,58,16,False,ok,0,0.5740740740740741
Svea_Hovraett_etc_export_job_4502444_855910_Svea_Hovraett_OCo_Advokatfiskalen_Jaemtlands_laen__1713_-b58e9491/0011_DSC_0444/line_1638890683809_2704,721.0,85.0,542.87,68,56,1,57,11,False,ok,0,0.5357142857142857
Svea_Hovraett_etc_export_job_4502444_855910_Svea_Hovraett_OCo_Advokatfiskalen_Jaemtlands_laen__1713_-b58e9491/0011_DSC_0444/r1l9,723.0,65.0,711.88,89,53,5,58,31,False,ok,0,0.1509433962264151
Svea_Hovraett_etc_export_job_4502444_855910_Svea_Hovraett_OCo_Advokatfiskalen_Jaemtlands_laen__1713_-b58e9491/0011_DSC_0444/r1l11,480.0,67.0,458.51,58,35,1,36,22,False,ok,0,0.42857142857142855
Svea_Hovraett_etc_export_job_4502444_855910_Svea_Hovraett_OCo_Advokatfiskalen_Jaemtlands_laen__1713_-b58e9491/0011_DSC_0444/r1l13,714.0,81.0,564.15,71,50,0,50,21,False,ok,0,0.26
Svea_Hovraett_etc_export_job_4502444_855910_Svea_Hovraett_OCo_Advokatfiskalen_Jaemtlands_laen__1713_-b58e9491/0011_DSC_0444/r1l15,719.0,68.0,676.71,85,50,2,52,33,False,ok,0,0.16
Svea_Hovraett_etc_export_job_4502444_855910_Svea_Hovraett_OCo_Advokatfiskalen_Jaemtlands_laen__1713_-b58e9491/0011_DSC_0444/r1l17,737.0,75.0,628.91,79,60,1,61,18,False,ok,0,0.23333333333333334
Svea_Hovraett_etc_export_job_4502444_855910_Svea_Hovraett_OCo_Advokatfiskalen_Jaemtlands_laen__1713_-b58e9491/0011_DSC_0444/r1l19,733.0,68.0,689.88,87,50,2,52,35,False,ok,0,0.12
Svea_Hovraett_etc_export_job_4502444_855910_Svea_Hovraett_OCo_Advokatfiskalen_Jaemtlands_laen__1713_-b58e9491/0011_DSC_0444/r1l20,731.0,74.0,632.22,80,55,4,59,21,False,ok,0,0.41818181818181815
Svea_Hovraett_etc_export_job_4502444_855910_Svea_Hovraett_OCo_Advokatfiskalen_Jaemtlands_laen__1713_-b58e9491/0011_DSC_0444/r1l22,763.0,77.0,634.18,80,55,2,57,23,False,ok,0,0.14545454545454545
Svea_Hovraett_etc_export_job_4502444_855910_Svea_Hovraett_OCo_Advokatfiskalen_Jaemtlands_laen__1713_-b58e9491/0011_DSC_0444/r1l24,738.0,71.0,665.24,84,50,2,52,32,False,ok,0,0.14
Svea_Hovraett_etc_export_job_4502444_855910_Svea_Hovraett_OCo_Advokatfiskalen_Jaemtlands_laen__1713_-b58e9491/0011_DSC_0444/r1l26,753.0,78.0,617.85,78,53,4,57,21,False,ok,0,0.22641509433962265
Svea_Hovraett_etc_export_job_4502444_855910_Svea_Hovraett_OCo_Advokatfiskalen_Jaemtlands_laen__1713_-b58e9491/0011_DSC_0444/r1l28,761.0,85.0,572.99,72,54,1,55,17,False,ok,0,0.5
Svea_Hovraett_etc_export_job_4502444_855910_Svea_Hovraett_OCo_Advokatfiskalen_Jaemtlands_laen__1713_-b58e9491/0011_DSC_0444/r1l31,759.0,85.0,571.48,72,51,3,54,18,False,ok,0,0.3137254901960784
Svea_Hovraett_etc_export_job_4502444_855910_Svea_Hovraett_OCo_Advokatfiskalen_Jaemtlands_laen__1713_-b58e9491/0011_DSC_0444/r1l32,773.0,85.0,582.02,73,53,1,54,19,False,ok,0,0.24528301886792453
Svea_Hovraett_etc_export_job_4502444_855910_Svea_Hovraett_OCo_Advokatfiskalen_Jaemtlands_laen__1713_-b58e9491/0011_DSC_0444/r1l35,763.0,93.0,525.08,66,53,1,54,12,False,ok,0,0.37735849056603776
Svea_Hovraett_etc_export_job_4502444_855910_Svea_Hovraett_OCo_Advokatfiskalen_Jaemtlands_laen__1713_-b58e9491/0011_DSC_0444/r1l37,754.0,88.0,548.36,69,49,2,51,18,False,ok,0,0.40816326530612246
Svea_Hovraett_etc_export_job_4502444_855910_Svea_Hovraett_OCo_Advokatfiskalen_Jaemtlands_laen__1713_-b58e9491/0011_DSC_0444/r1l41,792.0,88.0,576.0,72,58,2,60,12,False,ok,0,0.39655172413793105
Svea_Hovraett_etc_export_job_4502444_855910_Svea_Hovraett_OCo_Advokatfiskalen_Jaemtlands_laen__1713_-b58e9491/0011_DSC_0444/r1l43,791.0,69.0,733.68,92,57,6,63,29,False,ok,0,0.21052631578947367
Svea_Hovraett_etc_export_job_4502444_855910_Svea_Hovraett_OCo_Advokatfiskalen_Jaemtlands_laen__1713_-b58e9491/0011_DSC_0444/r1l45,795.0,81.0,628.15,79,54,3,57,22,False,ok,0,0.18518518518518517
Svea_Hovraett_etc_export_job_4502444_855910_Svea_Hovraett_OCo_Advokatfiskalen_Jaemtlands_laen__1713_-b58e9491/0011_DSC_0444/r1l47,771.0,88.0,560.73,71,45,1,46,25,False,ok,0,0.15555555555555556
Svea_Hovraett_etc_export_job_4502444_855910_Svea_Hovraett_OCo_Advokatfiskalen_Jaemtlands_laen__1713_-b58e9491/0011_DSC_0444/line_1638890683825_2722,828.0,101.0,524.67,66,52,1,53,13,False,ok,0,0.2692307692307692
Svea_Hovraett_etc_export_job_4502444_855910_Svea_Hovraett_OCo_Advokatfiskalen_Jaemtlands_laen__1713_-b58e9491/0011_DSC_0444/r1l50,665.0,80.0,532.0,67,45,2,47,20,False,ok,0,0.4
Svea_Hovraett_etc_export_job_4502444_855910_Svea_Hovraett_OCo_Advokatfiskalen_Jaemtlands_laen__1713_-b58e9491/0011_DSC_0444/r1l51,53.0,82.0,41.37,6,3,0,3,3,False,ok,0,0.3333333333333333
Svea_Hovraett_etc_export_job_4502444_855910_Svea_Hovraett_OCo_Advokatfiskalen_Jaemtlands_laen__1713_-b58e9491/0011_DSC_0444/line_1638890627104_2678,783.0,97.0,516.62,65,46,1,47,18,False,ok,0,0.2826086956521739
Svea_Hovraett_etc_export_job_4502444_855910_Svea_Hovraett_OCo_Advokatfiskalen_Jaemtlands_laen__1713_-b58e9491/0011_DSC_0444/r1l56,99.0,61.0,103.87,13,6,0,6,7,False,ok,0,1.0
Svea_Hovraett_etc_export_job_4502444_855910_Svea_Hovraett_OCo_Advokatfiskalen_Jaemtlands_laen__1713_-b58e9491/0012_DSC_0445/r1l3,768.0,86.0,571.53,72,59,2,61,11,False,ok,0,0.22033898305084745
Svea_Hovraett_etc_export_job_4502444_855910_Svea_Hovraett_OCo_Advokatfiskalen_Jaemtlands_laen__1713_-b58e9491/0012_DSC_0445/r1l5,751.0,78.0,616.21,78,54,3,57,21,False,ok,0,0.3333333333333333
Svea_Hovraett_etc_export_job_4502444_855910_Svea_Hovraett_OCo_Advokatfiskalen_Jaemtlands_laen__1713_-b58e9491/0012_DSC_0445/line_1638890986608_2923,783.0,85.0,589.55,74,49,3,52,22,False,ok,0,0.4897959183673469
Svea_Hovraett_etc_export_job_4502444_855910_Svea_Hovraett_OCo_Advokatfiskalen_Jaemtlands_laen__1713_-b58e9491/0012_DSC_0445/r1l10,753.0,80.0,602.4,76,49,3,52,24,False,ok,0,0.16326530612244897
Svea_Hovraett_etc_export_job_4502444_855910_Svea_Hovraett_OCo_Advokatfiskalen_Jaemtlands_laen__1713_-b58e9491/0012_DSC_0445/r1l12,786.0,69.0,729.04,92,47,2,49,43,False,ok,0,0.19148936170212766
Svea_Hovraett_etc_export_job_4502444_855910_Svea_Hovraett_OCo_Advokatfiskalen_Jaemtlands_laen__1713_-b58e9491/0012_DSC_0445/r1l14,772.0,69.0,716.06,90,47,1,48,42,False,ok,0,0.19148936170212766
Svea_Hovraett_etc_export_job_4502444_855910_Svea_Hovraett_OCo_Advokatfiskalen_Jaemtlands_laen__1713_-b58e9491/0012_DSC_0445/r1l16,783.0,79.0,634.33,80,45,3,48,32,False,ok,0,0.1111111111111111
Svea_Hovraett_etc_export_job_4502444_855910_Svea_Hovraett_OCo_Advokatfiskalen_Jaemtlands_laen__1713_-b58e9491/0012_DSC_0445/r1l17,415.0,73.0,363.84,46,24,0,24,22,False,ok,0,0.16666666666666666
Svea_Hovraett_etc_export_job_4502444_855910_Svea_Hovraett_OCo_Advokatfiskalen_Jaemtlands_laen__1713_-b58e9491/0012_DSC_0445/r1l20,770.0,65.0,758.15,95,52,3,55,40,False,ok,0,0.1346153846153846
Svea_Hovraett_etc_export_job_4502444_855910_Svea_Hovraett_OCo_Advokatfiskalen_Jaemtlands_laen__1713_-b58e9491/0012_DSC_0445/r1l22,787.0,78.0,645.74,81,49,1,50,31,False,ok,0,0.08163265306122448
Svea_Hovraett_etc_export_job_4502444_855910_Svea_Hovraett_OCo_Advokatfiskalen_Jaemtlands_laen__1713_-b58e9491/0012_DSC_0445/line_1638890934396_2885,797.0,78.0,653.95,82,50,1,51,31,False,ok,0,0.16
Svea_Hovraett_etc_export_job_4502444_855910_Svea_Hovraett_OCo_Advokatfiskalen_Jaemtlands_laen__1713_-b58e9491/0012_DSC_0445/r1l26,661.0,75.0,564.05,71,40,0,40,31,False,ok,0,0.275
Svea_Hovraett_etc_export_job_4502444_855910_Svea_Hovraett_OCo_Advokatfiskalen_Jaemtlands_laen__1713_-b58e9491/0012_DSC_0445/r1l28,787.0,80.0,629.6,79,46,2,48,31,False,ok,0,0.3695652173913043
Svea_Hovraett_etc_export_job_4502444_855910_Svea_Hovraett_OCo_Advokatfiskalen_Jaemtlands_laen__1713_-b58e9491/0012_DSC_0445/r1l30,364.0,77.0,302.55,38,18,0,18,20,False,ok,0,0.2777777777777778
Svea_Hovraett_etc_export_job_4502444_855910_Svea_Hovraett_OCo_Advokatfiskalen_Jaemtlands_laen__1713_-b58e9491/0012_DSC_0445/r1l33,63.0,79.0,51.04,7,3,0,3,4,False,ok,0,0.3333333333333333
Svea_Hovraett_etc_export_job_4502444_855910_Svea_Hovraett_OCo_Advokatfiskalen_Jaemtlands_laen__1713_-b58e9491/0012_DSC_0445/line_1638890934396_2887,810.0,85.0,609.88,77,45,1,46,31,False,ok,0,0.26666666666666666
Svea_Hovraett_etc_export_job_4502444_855910_Svea_Hovraett_OCo_Advokatfiskalen_Jaemtlands_laen__1713_-b58e9491/0012_DSC_0445/r1l39,801.0,69.0,742.96,93,48,1,49,44,False,ok,0,0.08333333333333333
Svea_Hovraett_etc_export_job_4502444_855910_Svea_Hovraett_OCo_Advokatfiskalen_Jaemtlands_laen__1713_-b58e9491/0012_DSC_0445/r1l41,814.0,82.0,635.32,80,46,2,48,32,False,ok,0,0.32608695652173914
Svea_Hovraett_etc_export_job_4502444_855910_Svea_Hovraett_OCo_Advokatfiskalen_Jaemtlands_laen__1713_-b58e9491/0012_DSC_0445/r1l45,784.0,79.0,635.14,80,51,0,51,29,False,ok,0,0.11764705882352941
Svea_Hovraett_etc_export_job_4502444_855910_Svea_Hovraett_OCo_Advokatfiskalen_Jaemtlands_laen__1713_-b58e9491/0012_DSC_0445/r1l47,808.0,76.0,680.42,86,60,0,60,26,False,ok,0,0.38333333333333336
Svea_Hovraett_etc_export_job_4502444_855910_Svea_Hovraett_OCo_Advokatfiskalen_Jaemtlands_laen__1713_-b58e9491/0012_DSC_0445/line_1638890934412_2891,806.0,75.0,687.79,86,46,2,48,38,False,ok,0,0.21739130434782608
Svea_Hovraett_etc_export_job_4502444_855910_Svea_Hovraett_OCo_Advokatfiskalen_Jaemtlands_laen__1713_-b58e9491/0012_DSC_0445/r1l51,524.0,86.0,389.95,49,29,0,29,20,False,ok,0,0.20689655172413793
Svea_Hovraett_etc_export_job_4502444_855910_Svea_Hovraett_OCo_Advokatfiskalen_Jaemtlands_laen__1713_-b58e9491/0012_DSC_0445/line_1638890934412_2895,936.0,78.0,768.0,96,62,3,65,31,False,ok,0,0.2903225806451613
Svea_Hovraett_etc_export_job_4502444_855910_Svea_Hovraett_OCo_Advokatfiskalen_Jaemtlands_laen__1713_-b58e9491/0012_DSC_0445/line_1638890934412_2897,808.0,56.0,923.43,116,50,1,51,65,False,ok,0,0.42
Svea_Hovraett_etc_export_job_4502444_855910_Svea_Hovraett_OCo_Advokatfiskalen_Jaemtlands_laen__1713_-b58e9491/0012_DSC_0445/r1l57,814.0,92.0,566.26,71,49,2,51,20,False,ok,0,0.3673469387755102
Svea_Hovraett_etc_export_job_4502444_855910_Svea_Hovraett_OCo_Advokatfiskalen_Jaemtlands_laen__1713_-b58e9491/0012_DSC_0445/r1l58,126.0,70.0,115.2,15,5,0,5,10,False,ok,0,0.2
Svea_Hovraett_etc_export_job_4502444_855910_Svea_Hovraett_OCo_Advokatfiskalen_Jaemtlands_laen__1713_-b58e9491/0012_DSC_0445/r1l2,737.0,82.0,575.22,72,55,3,58,14,False,ok,0,0.3090909090909091
Svea_Hovraett_etc_export_job_4502444_855910_Svea_Hovraett_OCo_Advokatfiskalen_Jaemtlands_laen__1713_-b58e9491/0012_DSC_0445/r1l4,747.0,77.0,620.88,78,61,4,65,13,False,ok,0,0.19672131147540983
Svea_Hovraett_etc_export_job_4502444_855910_Svea_Hovraett_OCo_Advokatfiskalen_Jaemtlands_laen__1713_-b58e9491/0012_DSC_0445/line_1638890934396_2882,746.0,63.0,757.84,95,50,0,50,45,False,ok,0,0.16
Svea_Hovraett_etc_export_job_4502444_855910_Svea_Hovraett_OCo_Advokatfiskalen_Jaemtlands_laen__1713_-b58e9491/0012_DSC_0445/r1l9,745.0,56.0,851.43,107,54,3,57,50,False,ok,0,0.12962962962962962
Svea_Hovraett_etc_export_job_4502444_855910_Svea_Hovraett_OCo_Advokatfiskalen_Jaemtlands_laen__1713_-b58e9491/0012_DSC_0445/r1l11,755.0,67.0,721.19,91,53,2,55,36,False,ok,0,0.16981132075471697
Svea_Hovraett_etc_export_job_4502444_855910_Svea_Hovraett_OCo_Advokatfiskalen_Jaemtlands_laen__1713_-b58e9491/0012_DSC_0445/r1l13,738.0,74.0,638.27,80,53,3,56,24,False,ok,0,0.1320754716981132
Svea_Hovraett_etc_export_job_4502444_855910_Svea_Hovraett_OCo_Advokatfiskalen_Jaemtlands_laen__1713_-b58e9491/0012_DSC_0445/r1l15,579.0,82.0,451.9,57,43,2,45,12,False,ok,0,0.18604651162790697
Svea_Hovraett_etc_export_job_4502444_855910_Svea_Hovraett_OCo_Advokatfiskalen_Jaemtlands_laen__1713_-b58e9491/0012_DSC_0445/r1l18,759.0,81.0,599.7,75,50,1,51,24,False,ok,0,0.2
Svea_Hovraett_etc_export_job_4502444_855910_Svea_Hovraett_OCo_Advokatfiskalen_Jaemtlands_laen__1713_-b58e9491/0012_DSC_0445/r1l19,755.0,46.0,1050.43,132,50,2,52,80,False,ok,0,0.2
Svea_Hovraett_etc_export_job_4502444_855910_Svea_Hovraett_OCo_Advokatfiskalen_Jaemtlands_laen__1713_-b58e9491/0012_DSC_0445/r1l21,764.0,65.0,752.25,95,54,1,55,40,False,ok,0,0.1111111111111111
Svea_Hovraett_etc_export_job_4502444_855910_Svea_Hovraett_OCo_Advokatfiskalen_Jaemtlands_laen__1713_-b58e9491/0012_DSC_0445/r1l23,751.0,81.0,593.38,75,49,0,49,26,False,ok,0,0.1836734693877551
Svea_Hovraett_etc_export_job_4502444_855910_Svea_Hovraett_OCo_Advokatfiskalen_Jaemtlands_laen__1713_-b58e9491/0012_DSC_0445/r1l25,770.0,75.0,657.07,83,47,1,48,35,False,ok,0,0.1276595744680851
Svea_Hovraett_etc_export_job_4502444_855910_Svea_Hovraett_OCo_Advokatfiskalen_Jaemtlands_laen__1713_-b58e9491/0012_DSC_0445/r1l27,758.0,77.0,630.03,79,53,3,56,23,False,ok,0,0.03773584905660377
Svea_Hovraett_etc_export_job_4502444_855910_Svea_Hovraett_OCo_Advokatfiskalen_Jaemtlands_laen__1713_-b58e9491/0012_DSC_0445/r1l29,773.0,83.0,596.05,75,57,1,58,17,False,ok,0,0.3684210526315789
Svea_Hovraett_etc_export_job_4502444_855910_Svea_Hovraett_OCo_Advokatfiskalen_Jaemtlands_laen__1713_-b58e9491/0012_DSC_0445/r1l32,779.0,77.0,647.48,81,54,4,58,23,False,ok,0,0.14814814814814814
Svea_Hovraett_etc_export_job_4502444_855910_Svea_Hovraett_OCo_Advokatfiskalen_Jaemtlands_laen__1713_-b58e9491/0012_DSC_0445/r1l35,770.0,71.0,694.08,87,45,3,48,39,False,ok,0,0.06666666666666667
Svea_Hovraett_etc_export_job_4502444_855910_Svea_Hovraett_OCo_Advokatfiskalen_Jaemtlands_laen__1713_-b58e9491/0012_DSC_0445/r1l38,781.0,59.0,847.19,106,52,3,55,51,False,ok,0,0.09615384615384616
Svea_Hovraett_etc_export_job_4502444_855910_Svea_Hovraett_OCo_Advokatfiskalen_Jaemtlands_laen__1713_-b58e9491/0012_DSC_0445/line_1638890934396_2888,785.0,66.0,761.21,96,55,1,56,40,False,ok,0,0.05454545454545454
Svea_Hovraett_etc_export_job_4502444_855910_Svea_Hovraett_OCo_Advokatfiskalen_Jaemtlands_laen__1713_-b58e9491/0012_DSC_0445/r1l42,794.0,74.0,686.7,86,50,1,51,35,False,ok,0,0.16
Svea_Hovraett_etc_export_job_4502444_855910_Svea_Hovraett_OCo_Advokatfiskalen_Jaemtlands_laen__1713_-b58e9491/0012_DSC_0445/r1l44,790.0,76.0,665.26,84,49,2,51,33,False,ok,0,0.04081632653061224
Svea_Hovraett_etc_export_job_4502444_855910_Svea_Hovraett_OCo_Advokatfiskalen_Jaemtlands_laen__1713_-b58e9491/0012_DSC_0445/r1l46,797.0,83.0,614.55,77,48,3,51,26,False,ok,0,0.3541666666666667
Svea_Hovraett_etc_export_job_4502444_855910_Svea_Hovraett_OCo_Advokatfiskalen_Jaemtlands_laen__1713_-b58e9491/0012_DSC_0445/r1l48,798.0,69.0,740.17,93,50,2,52,41,False,ok,0,0.18
Svea_Hovraett_etc_export_job_4502444_855910_Svea_Hovraett_OCo_Advokatfiskalen_Jaemtlands_laen__1713_-b58e9491/0012_DSC_0445/line_1638890934412_2892,799.0,61.0,838.3,105,52,2,54,51,False,ok,0,0.11538461538461539
Svea_Hovraett_etc_export_job_4502444_855910_Svea_Hovraett_OCo_Advokatfiskalen_Jaemtlands_laen__1713_-b58e9491/0012_DSC_0445/r1l52,808.0,77.0,671.58,84,44,4,48,36,False,ok,0,0.022727272727272728
Svea_Hovraett_etc_export_job_4502444_855910_Svea_Hovraett_OCo_Advokatfiskalen_Jaemtlands_laen__1713_-b58e9491/0012_DSC_0445/line_1638890934412_2894,807.0,72.0,717.33,90,54,1,55,35,False,ok,0,0.18518518518518517
Svea_Hovraett_etc_export_job_4502444_855910_Svea_Hovraett_OCo_Advokatfiskalen_Jaemtlands_laen__1713_-b58e9491/0012_DSC_0445/line_1638890934412_2896,799.0,71.0,720.23,91,53,3,56,35,False,ok,0,0.18867924528301888
Svea_Hovraett_etc_export_job_4502444_855910_Svea_Hovraett_OCo_Advokatfiskalen_Jaemtlands_laen__1713_-b58e9491/0012_DSC_0445/line_1638969387420_390,800.0,89.0,575.28,72,38,2,40,32,False,ok,0,0.39473684210526316
Svea_Hovraett_etc_export_job_4502444_855910_Svea_Hovraett_OCo_Advokatfiskalen_Jaemtlands_laen__1713_-b58e9491/0013_DSC_0446/line_1638967913623_32,726.0,79.0,588.15,74,47,3,50,24,False,ok,0,0.2765957446808511
Svea_Hovraett_etc_export_job_4502444_855910_Svea_Hovraett_OCo_Advokatfiskalen_Jaemtlands_laen__1713_-b58e9491/0013_DSC_0446/r1l4,745.0,89.0,535.73,67,50,5,55,12,False,ok,0,0.42
Svea_Hovraett_etc_export_job_4502444_855910_Svea_Hovraett_OCo_Advokatfiskalen_Jaemtlands_laen__1713_-b58e9491/0013_DSC_0446/r1l5,748.0,84.0,569.9,72,55,2,57,15,False,ok,0,0.32727272727272727
Svea_Hovraett_etc_export_job_4502444_855910_Svea_Hovraett_OCo_Advokatfiskalen_Jaemtlands_laen__1713_-b58e9491/0013_DSC_0446/r1l6,752.0,73.0,659.29,83,51,1,52,31,False,ok,0,0.29411764705882354
Svea_Hovraett_etc_export_job_4502444_855910_Svea_Hovraett_OCo_Advokatfiskalen_Jaemtlands_laen__1713_-b58e9491/0013_DSC_0446/r1l7,750.0,71.0,676.06,85,54,3,57,28,False,ok,0,0.2037037037037037
Svea_Hovraett_etc_export_job_4502444_855910_Svea_Hovraett_OCo_Advokatfiskalen_Jaemtlands_laen__1713_-b58e9491/0013_DSC_0446/r1l8,747.0,91.0,525.36,66,57,2,59,7,False,ok,0,0.2807017543859649
Svea_Hovraett_etc_export_job_4502444_855910_Svea_Hovraett_OCo_Advokatfiskalen_Jaemtlands_laen__1713_-b58e9491/0013_DSC_0446/r1l9,732.0,77.0,608.42,77,59,3,62,15,False,ok,0,0.3389830508474576
Svea_Hovraett_etc_export_job_4502444_855910_Svea_Hovraett_OCo_Advokatfiskalen_Jaemtlands_laen__1713_-b58e9491/0013_DSC_0446/r1l10,734.0,83.0,565.98,71,52,5,57,14,False,ok,0,0.34615384615384615
Svea_Hovraett_etc_export_job_4502444_855910_Svea_Hovraett_OCo_Advokatfiskalen_Jaemtlands_laen__1713_-b58e9491/0013_DSC_0446/r1l11,765.0,79.0,619.75,78,54,1,55,23,False,ok,0,0.14814814814814814
Svea_Hovraett_etc_export_job_4502444_855910_Svea_Hovraett_OCo_Advokatfiskalen_Jaemtlands_laen__1713_-b58e9491/0013_DSC_0446/r1l12,753.0,88.0,547.64,69,53,1,54,15,False,ok,0,0.39622641509433965
Svea_Hovraett_etc_export_job_4502444_855910_Svea_Hovraett_OCo_Advokatfiskalen_Jaemtlands_laen__1713_-b58e9491/0013_DSC_0446/r1l13,749.0,92.0,521.04,66,56,2,58,8,False,ok,0,0.4107142857142857
Svea_Hovraett_etc_export_job_4502444_855910_Svea_Hovraett_OCo_Advokatfiskalen_Jaemtlands_laen__1713_-b58e9491/0013_DSC_0446/r1l14,762.0,83.0,587.57,74,48,1,49,25,False,ok,0,0.10416666666666667
Svea_Hovraett_etc_export_job_4502444_855910_Svea_Hovraett_OCo_Advokatfiskalen_Jaemtlands_laen__1713_-b58e9491/0013_DSC_0446/r1l15,761.0,82.0,593.95,75,46,0,46,29,False,ok,0,0.1956521739130435
Svea_Hovraett_etc_export_job_4502444_855910_Svea_Hovraett_OCo_Advokatfiskalen_Jaemtlands_laen__1713_-b58e9491/0013_DSC_0446/r1l16,775.0,84.0,590.48,74,57,5,62,12,False,ok,0,0.19298245614035087
Svea_Hovraett_etc_export_job_4502444_855910_Svea_Hovraett_OCo_Advokatfiskalen_Jaemtlands_laen__1713_-b58e9491/0013_DSC_0446/r1l17,789.0,99.0,510.06,64,50,2,52,12,False,ok,0,0.34
Svea_Hovraett_etc_export_job_4502444_855910_Svea_Hovraett_OCo_Advokatfiskalen_Jaemtlands_laen__1713_-b58e9491/0013_DSC_0446/r1l18,779.0,82.0,608.0,76,52,2,54,22,False,ok,0,0.09615384615384616
Svea_Hovraett_etc_export_job_4502444_855910_Svea_Hovraett_OCo_Advokatfiskalen_Jaemtlands_laen__1713_-b58e9491/0013_DSC_0446/r1l19,782.0,100.0,500.48,63,50,2,52,11,False,ok,0,0.32
Svea_Hovraett_etc_export_job_4502444_855910_Svea_Hovraett_OCo_Advokatfiskalen_Jaemtlands_laen__1713_-b58e9491/0013_DSC_0446/r1l20,771.0,93.0,530.58,67,47,1,48,19,False,ok,0,0.1702127659574468
Svea_Hovraett_etc_export_job_4502444_855910_Svea_Hovraett_OCo_Advokatfiskalen_Jaemtlands_laen__1713_-b58e9491/0013_DSC_0446/r1l21,772.0,78.0,633.44,80,44,2,46,34,False,ok,0,0.20454545454545456
Svea_Hovraett_etc_export_job_4502444_855910_Svea_Hovraett_OCo_Advokatfiskalen_Jaemtlands_laen__1713_-b58e9491/0013_DSC_0446/r1l22,785.0,93.0,540.22,68,45,4,49,19,False,ok,0,0.06666666666666667
Svea_Hovraett_etc_export_job_4502444_855910_Svea_Hovraett_OCo_Advokatfiskalen_Jaemtlands_laen__1713_-b58e9491/0013_DSC_0446/r1l23,163.0,51.0,204.55,26,9,0,9,17,False,ok,0,0.0
Svea_Hovraett_etc_export_job_4502444_855910_Svea_Hovraett_OCo_Advokatfiskalen_Jaemtlands_laen__1713_-b58e9491/0013_DSC_0446/r1l24,58.0,82.0,45.27,6,3,0,3,3,False,ok,0,0.6666666666666666
Svea_Hovraett_etc_export_job_4502444_855910_Svea_Hovraett_OCo_Advokatfiskalen_Jaemtlands_laen__1713_-b58e9491/0013_DSC_0446/r1l25,783.0,83.0,603.76,76,46,2,48,28,False,ok,0,0.2826086956521739
Svea_Hovraett_etc_export_job_4502444_855910_Svea_Hovraett_OCo_Advokatfiskalen_Jaemtlands_laen__1713_-b58e9491/0013_DSC_0446/r1l26,777.0,73.0,681.21,86,45,2,47,39,False,ok,0,0.26666666666666666
Svea_Hovraett_etc_export_job_4502444_855910_Svea_Hovraett_OCo_Advokatfiskalen_Jaemtlands_laen__1713_-b58e9491/0013_DSC_0446/r1l27,781.0,95.0,526.15,66,53,1,54,12,False,ok,0,0.16981132075471697
Svea_Hovraett_etc_export_job_4502444_855910_Svea_Hovraett_OCo_Advokatfiskalen_Jaemtlands_laen__1713_-b58e9491/0013_DSC_0446/r1l28,770.0,92.0,535.65,67,51,2,53,14,False,ok,0,0.35294117647058826
Svea_Hovraett_etc_export_job_4502444_855910_Svea_Hovraett_OCo_Advokatfiskalen_Jaemtlands_laen__1713_-b58e9491/0013_DSC_0446/r1l29,787.0,101.0,498.69,63,55,0,55,8,False,ok,0,0.4
Svea_Hovraett_etc_export_job_4502444_855910_Svea_Hovraett_OCo_Advokatfiskalen_Jaemtlands_laen__1713_-b58e9491/0013_DSC_0446/r1l30,786.0,105.0,479.09,60,50,5,55,5,False,ok,0,0.5
Svea_Hovraett_etc_export_job_4502444_855910_Svea_Hovraett_OCo_Advokatfiskalen_Jaemtlands_laen__1713_-b58e9491/0013_DSC_0446/r1l31,145.0,83.0,111.81,14,8,0,8,6,False,ok,0,0.25
Svea_Hovraett_etc_export_job_4502444_855910_Svea_Hovraett_OCo_Advokatfiskalen_Jaemtlands_laen__1713_-b58e9491/0013_DSC_0446/r2l1,716.0,90.0,509.16,64,53,1,54,10,False,ok,0,0.37735849056603776
Svea_Hovraett_etc_export_job_4502444_855910_Svea_Hovraett_OCo_Advokatfiskalen_Jaemtlands_laen__1713_-b58e9491/0013_DSC_0446/r2l2,721.0,88.0,524.36,66,51,1,52,14,False,ok,0,0.3137254901960784
Svea_Hovraett_etc_export_job_4502444_855910_Svea_Hovraett_OCo_Advokatfiskalen_Jaemtlands_laen__1713_-b58e9491/0013_DSC_0446/r2l3,717.0,83.0,552.87,70,57,1,58,12,False,ok,0,0.42105263157894735
Svea_Hovraett_etc_export_job_4502444_855910_Svea_Hovraett_OCo_Advokatfiskalen_Jaemtlands_laen__1713_-b58e9491/0013_DSC_0446/r2l4,735.0,89.0,528.54,67,53,1,54,13,False,ok,0,0.22641509433962265
Svea_Hovraett_etc_export_job_4502444_855910_Svea_Hovraett_OCo_Advokatfiskalen_Jaemtlands_laen__1713_-b58e9491/0013_DSC_0446/r2l5,744.0,78.0,610.46,77,54,3,57,20,False,ok,0,0.2222222222222222
Svea_Hovraett_etc_export_job_4502444_855910_Svea_Hovraett_OCo_Advokatfiskalen_Jaemtlands_laen__1713_-b58e9491/0013_DSC_0446/r2l6,712.0,73.0,624.22,79,45,2,47,32,False,ok,0,0.17777777777777778
Svea_Hovraett_etc_export_job_4502444_855910_Svea_Hovraett_OCo_Advokatfiskalen_Jaemtlands_laen__1713_-b58e9491/0013_DSC_0446/r2l7,743.0,90.0,528.36,67,55,2,57,10,False,ok,0,0.21818181818181817
Svea_Hovraett_etc_export_job_4502444_855910_Svea_Hovraett_OCo_Advokatfiskalen_Jaemtlands_laen__1713_-b58e9491/0013_DSC_0446/r2l8,761.0,70.0,695.77,87,57,4,61,26,False,ok,0,0.2982456140350877
Svea_Hovraett_etc_export_job_4502444_855910_Svea_Hovraett_OCo_Advokatfiskalen_Jaemtlands_laen__1713_-b58e9491/0013_DSC_0446/r2l9,746.0,78.0,612.1,77,50,2,52,25,False,ok,0,0.28
Svea_Hovraett_etc_export_job_4502444_855910_Svea_Hovraett_OCo_Advokatfiskalen_Jaemtlands_laen__1713_-b58e9491/0013_DSC_0446/r2l11,315.0,75.0,268.8,34,23,2,25,9,False,ok,0,0.21739130434782608
Svea_Hovraett_etc_export_job_4502444_855910_Svea_Hovraett_OCo_Advokatfiskalen_Jaemtlands_laen__1713_-b58e9491/0013_DSC_0446/r2l13,40.0,46.0,55.65,7,3,1,4,3,False,ok,0,1.0
Svea_Hovraett_etc_export_job_4502444_855910_Svea_Hovraett_OCo_Advokatfiskalen_Jaemtlands_laen__1713_-b58e9491/0013_DSC_0446/r2l14,757.0,106.0,457.06,58,48,3,51,7,False,ok,0,0.4375
Svea_Hovraett_etc_export_job_4502444_855910_Svea_Hovraett_OCo_Advokatfiskalen_Jaemtlands_laen__1713_-b58e9491/0013_DSC_0446/r2l15,725.0,98.0,473.47,60,45,2,47,13,False,ok,0,0.4444444444444444
Svea_Hovraett_etc_export_job_4502444_855910_Svea_Hovraett_OCo_Advokatfiskalen_Jaemtlands_laen__1713_-b58e9491/0013_DSC_0446/r2l16,754.0,95.0,507.96,64,52,1,53,11,False,ok,0,0.2692307692307692
Svea_Hovraett_etc_export_job_4502444_855910_Svea_Hovraett_OCo_Advokatfiskalen_Jaemtlands_laen__1713_-b58e9491/0013_DSC_0446/r2l17,762.0,79.0,617.32,78,50,3,53,25,False,ok,0,0.14
Svea_Hovraett_etc_export_job_4502444_855910_Svea_Hovraett_OCo_Advokatfiskalen_Jaemtlands_laen__1713_-b58e9491/0013_DSC_0446/r2l18,761.0,83.0,586.8,74,57,2,59,15,False,ok,0,0.2631578947368421
Svea_Hovraett_etc_export_job_4502444_855910_Svea_Hovraett_OCo_Advokatfiskalen_Jaemtlands_laen__1713_-b58e9491/0013_DSC_0446/r2l20,769.0,74.0,665.08,84,69,2,71,13,False,ok,0,0.5507246376811594
Svea_Hovraett_etc_export_job_4502444_855910_Svea_Hovraett_OCo_Advokatfiskalen_Jaemtlands_laen__1713_-b58e9491/0013_DSC_0446/r2l21,755.0,65.0,743.38,93,56,1,57,36,False,ok,0,0.10714285714285714
Svea_Hovraett_etc_export_job_4502444_855910_Svea_Hovraett_OCo_Advokatfiskalen_Jaemtlands_laen__1713_-b58e9491/0013_DSC_0446/r2l22,761.0,88.0,553.45,70,55,6,61,9,False,ok,0,0.4727272727272727
Svea_Hovraett_etc_export_job_4502444_855910_Svea_Hovraett_OCo_Advokatfiskalen_Jaemtlands_laen__1713_-b58e9491/0013_DSC_0446/r2l23,774.0,71.0,697.69,88,52,2,54,34,False,ok,0,0.25
Svea_Hovraett_etc_export_job_4502444_855910_Svea_Hovraett_OCo_Advokatfiskalen_Jaemtlands_laen__1713_-b58e9491/0013_DSC_0446/r2l24,767.0,85.0,577.51,73,53,3,56,17,False,ok,0,0.1509433962264151
Svea_Hovraett_etc_export_job_4502444_855910_Svea_Hovraett_OCo_Advokatfiskalen_Jaemtlands_laen__1713_-b58e9491/0013_DSC_0446/r2l25,773.0,74.0,668.54,84,49,4,53,31,False,ok,0,0.20408163265306123
Svea_Hovraett_etc_export_job_4502444_855910_Svea_Hovraett_OCo_Advokatfiskalen_Jaemtlands_laen__1713_-b58e9491/0013_DSC_0446/r2l26,768.0,83.0,592.19,75,48,1,49,26,False,ok,0,0.1875
Svea_Hovraett_etc_export_job_4502444_855910_Svea_Hovraett_OCo_Advokatfiskalen_Jaemtlands_laen__1713_-b58e9491/0013_DSC_0446/r2l27,771.0,82.0,601.76,76,50,2,52,24,False,ok,0,0.24
Svea_Hovraett_etc_export_job_4502444_855910_Svea_Hovraett_OCo_Advokatfiskalen_Jaemtlands_laen__1713_-b58e9491/0013_DSC_0446/r2l28,791.0,83.0,609.93,77,59,2,61,16,False,ok,0,0.3050847457627119
Svea_Hovraett_etc_export_job_4502444_855910_Svea_Hovraett_OCo_Advokatfiskalen_Jaemtlands_laen__1713_-b58e9491/0013_DSC_0446/r2l29,800.0,75.0,682.67,86,57,3,60,26,False,ok,0,0.2807017543859649
Svea_Hovraett_etc_export_job_4502444_855910_Svea_Hovraett_OCo_Advokatfiskalen_Jaemtlands_laen__1713_-b58e9491/0013_DSC_0446/r2l30,779.0,89.0,560.18,71,77,5,82,-11,True,ok,0,0.6233766233766234
Svea_Hovraett_etc_export_job_4502444_855910_Svea_Hovraett_OCo_Advokatfiskalen_Jaemtlands_laen__1713_-b58e9491/0013_DSC_0446/r2l31,117.0,59.0,126.92,16,7,0,7,9,False,empty,1,1.0
Svea_Hovraett_etc_export_job_4502444_855910_Svea_Hovraett_OCo_Advokatfiskalen_Jaemtlands_laen__1713_-b58e9491/0014_DSC_0447/r1l1,58.0,55.0,67.49,9,3,0,3,6,False,empty,1,1.0
Svea_Hovraett_etc_export_job_4502444_855910_Svea_Hovraett_OCo_Advokatfiskalen_Jaemtlands_laen__1713_-b58e9491/0014_DSC_0447/r1l2,744.0,104.0,457.85,58,50,3,53,5,False,ok,0,0.66
Svea_Hovraett_etc_export_job_4502444_855910_Svea_Hovraett_OCo_Advokatfiskalen_Jaemtlands_laen__1713_-b58e9491/0014_DSC_0447/r1l3,740.0,92.0,514.78,65,53,3,56,9,False,ok,0,0.7169811320754716
Svea_Hovraett_etc_export_job_4502444_855910_Svea_Hovraett_OCo_Advokatfiskalen_Jaemtlands_laen__1713_-b58e9491/0014_DSC_0447/r1l4,755.0,84.0,575.24,72,54,0,54,18,False,ok,0,0.4444444444444444
Svea_Hovraett_etc_export_job_4502444_855910_Svea_Hovraett_OCo_Advokatfiskalen_Jaemtlands_laen__1713_-b58e9491/0014_DSC_0447/r1l5,745.0,68.0,701.18,88,57,2,59,29,False,ok,0,0.3508771929824561
Svea_Hovraett_etc_export_job_4502444_855910_Svea_Hovraett_OCo_Advokatfiskalen_Jaemtlands_laen__1713_-b58e9491/0014_DSC_0447/r1l6,736.0,78.0,603.9,76,57,3,60,16,False,ok,0,0.38596491228070173
Svea_Hovraett_etc_export_job_4502444_855910_Svea_Hovraett_OCo_Advokatfiskalen_Jaemtlands_laen__1713_-b58e9491/0014_DSC_0447/r1l7,761.0,88.0,553.45,70,53,2,55,15,False,ok,0,0.39622641509433965
Svea_Hovraett_etc_export_job_4502444_855910_Svea_Hovraett_OCo_Advokatfiskalen_Jaemtlands_laen__1713_-b58e9491/0014_DSC_0447/r1l8,753.0,83.0,580.63,73,50,0,50,23,False,ok,0,0.36
Svea_Hovraett_etc_export_job_4502444_855910_Svea_Hovraett_OCo_Advokatfiskalen_Jaemtlands_laen__1713_-b58e9491/0014_DSC_0447/r1l9,717.0,84.0,546.29,69,53,1,54,15,False,ok,0,0.5471698113207547
Svea_Hovraett_etc_export_job_4502444_855910_Svea_Hovraett_OCo_Advokatfiskalen_Jaemtlands_laen__1713_-b58e9491/0014_DSC_0447/r1l10,763.0,82.0,595.51,75,50,3,53,22,False,ok,0,0.32
Svea_Hovraett_etc_export_job_4502444_855910_Svea_Hovraett_OCo_Advokatfiskalen_Jaemtlands_laen__1713_-b58e9491/0014_DSC_0447/r1l12,743.0,102.0,466.2,59,61,4,65,-6,True,ok,0,0.5901639344262295
Svea_Hovraett_etc_export_job_4502444_855910_Svea_Hovraett_OCo_Advokatfiskalen_Jaemtlands_laen__1713_-b58e9491/0014_DSC_0447/r1l13,776.0,81.0,613.14,77,56,2,58,19,False,ok,0,0.39285714285714285
Svea_Hovraett_etc_export_job_4502444_855910_Svea_Hovraett_OCo_Advokatfiskalen_Jaemtlands_laen__1713_-b58e9491/0014_DSC_0447/r1l14,765.0,72.0,680.0,85,56,3,59,26,False,ok,0,0.2857142857142857
Svea_Hovraett_etc_export_job_4502444_855910_Svea_Hovraett_OCo_Advokatfiskalen_Jaemtlands_laen__1713_-b58e9491/0014_DSC_0447/r1l15,199.0,78.0,163.28,21,14,1,15,6,False,ok,0,0.14285714285714285
Svea_Hovraett_etc_export_job_4502444_855910_Svea_Hovraett_OCo_Advokatfiskalen_Jaemtlands_laen__1713_-b58e9491/0014_DSC_0447/r1l16,55.0,50.0,70.4,9,3,0,3,6,False,ok,0,1.0
Svea_Hovraett_etc_export_job_4502444_855910_Svea_Hovraett_OCo_Advokatfiskalen_Jaemtlands_laen__1713_-b58e9491/0014_DSC_0447/r1l17,754.0,92.0,524.52,66,51,2,53,13,False,ok,0,0.29411764705882354
Svea_Hovraett_etc_export_job_4502444_855910_Svea_Hovraett_OCo_Advokatfiskalen_Jaemtlands_laen__1713_-b58e9491/0014_DSC_0447/r1l18,760.0,93.0,523.01,66,52,4,56,10,False,ok,0,0.38461538461538464
Svea_Hovraett_etc_export_job_4502444_855910_Svea_Hovraett_OCo_Advokatfiskalen_Jaemtlands_laen__1713_-b58e9491/0014_DSC_0447/r1l19,780.0,85.0,587.29,74,51,3,54,20,False,ok,0,0.29411764705882354
Svea_Hovraett_etc_export_job_4502444_855910_Svea_Hovraett_OCo_Advokatfiskalen_Jaemtlands_laen__1713_-b58e9491/0014_DSC_0447/r1l20,780.0,87.0,573.79,72,44,1,45,27,False,ok,0,0.22727272727272727
Svea_Hovraett_etc_export_job_4502444_855910_Svea_Hovraett_OCo_Advokatfiskalen_Jaemtlands_laen__1713_-b58e9491/0014_DSC_0447/r1l21,777.0,83.0,599.13,75,54,7,61,14,False,ok,0,0.25925925925925924
Svea_Hovraett_etc_export_job_4502444_855910_Svea_Hovraett_OCo_Advokatfiskalen_Jaemtlands_laen__1713_-b58e9491/0014_DSC_0447/r1l22,764.0,83.0,589.11,74,47,3,50,24,False,ok,0,0.3191489361702128
Svea_Hovraett_etc_export_job_4502444_855910_Svea_Hovraett_OCo_Advokatfiskalen_Jaemtlands_laen__1713_-b58e9491/0014_DSC_0447/r1l23,770.0,97.0,508.04,64,52,3,55,9,False,ok,0,0.3269230769230769
Svea_Hovraett_etc_export_job_4502444_855910_Svea_Hovraett_OCo_Advokatfiskalen_Jaemtlands_laen__1713_-b58e9491/0014_DSC_0447/r1l24,779.0,87.0,573.06,72,55,4,59,13,False,ok,0,0.41818181818181815
Svea_Hovraett_etc_export_job_4502444_855910_Svea_Hovraett_OCo_Advokatfiskalen_Jaemtlands_laen__1713_-b58e9491/0014_DSC_0447/r1l25,776.0,76.0,653.47,82,50,2,52,30,False,ok,0,0.24
Svea_Hovraett_etc_export_job_4502444_855910_Svea_Hovraett_OCo_Advokatfiskalen_Jaemtlands_laen__1713_-b58e9491/0014_DSC_0447/r1l26,777.0,94.0,529.02,67,57,4,61,6,False,ok,0,0.3508771929824561
Svea_Hovraett_etc_export_job_4502444_855910_Svea_Hovraett_OCo_Advokatfiskalen_Jaemtlands_laen__1713_-b58e9491/0014_DSC_0447/r1l27,783.0,78.0,642.46,81,47,1,48,33,False,ok,0,0.19148936170212766
Svea_Hovraett_etc_export_job_4502444_855910_Svea_Hovraett_OCo_Advokatfiskalen_Jaemtlands_laen__1713_-b58e9491/0014_DSC_0447/r1l28,756.0,87.0,556.14,70,49,2,51,19,False,ok,0,0.16326530612244897
Svea_Hovraett_etc_export_job_4502444_855910_Svea_Hovraett_OCo_Advokatfiskalen_Jaemtlands_laen__1713_-b58e9491/0014_DSC_0447/r1l29,755.0,97.0,498.14,63,38,5,43,20,False,ok,0,0.5
Svea_Hovraett_etc_export_job_4502444_855910_Svea_Hovraett_OCo_Advokatfiskalen_Jaemtlands_laen__1713_-b58e9491/0014_DSC_0447/r2l1,44.0,59.0,47.73,6,3,0,3,3,False,ok,0,1.0
Svea_Hovraett_etc_export_job_4502444_855910_Svea_Hovraett_OCo_Advokatfiskalen_Jaemtlands_laen__1713_-b58e9491/0014_DSC_0447/r2l2,708.0,105.0,431.54,54,48,2,50,4,False,ok,0,0.6041666666666666
Svea_Hovraett_etc_export_job_4502444_855910_Svea_Hovraett_OCo_Advokatfiskalen_Jaemtlands_laen__1713_-b58e9491/0014_DSC_0447/r2l3,729.0,69.0,676.17,85,52,4,56,29,False,ok,0,0.28846153846153844
Svea_Hovraett_etc_export_job_4502444_855910_Svea_Hovraett_OCo_Advokatfiskalen_Jaemtlands_laen__1713_-b58e9491/0014_DSC_0447/r2l4,738.0,74.0,638.27,80,62,2,64,16,False,ok,0,0.2903225806451613
Svea_Hovraett_etc_export_job_4502444_855910_Svea_Hovraett_OCo_Advokatfiskalen_Jaemtlands_laen__1713_-b58e9491/0014_DSC_0447/r2l5,748.0,82.0,583.8,73,59,4,63,10,False,ok,0,0.3389830508474576
Svea_Hovraett_etc_export_job_4502444_855910_Svea_Hovraett_OCo_Advokatfiskalen_Jaemtlands_laen__1713_-b58e9491/0014_DSC_0447/r2l6,732.0,66.0,709.82,89,53,1,54,35,False,ok,0,0.20754716981132076
Svea_Hovraett_etc_export_job_4502444_855910_Svea_Hovraett_OCo_Advokatfiskalen_Jaemtlands_laen__1713_-b58e9491/0014_DSC_0447/r2l7,736.0,75.0,628.05,79,55,2,57,22,False,ok,0,0.2909090909090909
Svea_Hovraett_etc_export_job_4502444_855910_Svea_Hovraett_OCo_Advokatfiskalen_Jaemtlands_laen__1713_-b58e9491/0014_DSC_0447/r2l8,723.0,62.0,746.32,94,59,2,61,33,False,ok,0,0.2711864406779661
Svea_Hovraett_etc_export_job_4502444_855910_Svea_Hovraett_OCo_Advokatfiskalen_Jaemtlands_laen__1713_-b58e9491/0014_DSC_0447/r2l9,739.0,81.0,583.9,73,51,1,52,21,False,ok,0,0.49019607843137253
Svea_Hovraett_etc_export_job_4502444_855910_Svea_Hovraett_OCo_Advokatfiskalen_Jaemtlands_laen__1713_-b58e9491/0014_DSC_0447/r2l10,751.0,75.0,640.85,81,56,4,60,21,False,ok,0,0.21428571428571427
Svea_Hovraett_etc_export_job_4502444_855910_Svea_Hovraett_OCo_Advokatfiskalen_Jaemtlands_laen__1713_-b58e9491/0014_DSC_0447/r2l11,754.0,84.0,574.48,72,60,4,64,8,False,ok,0,0.4166666666666667
Svea_Hovraett_etc_export_job_4502444_855910_Svea_Hovraett_OCo_Advokatfiskalen_Jaemtlands_laen__1713_-b58e9491/0014_DSC_0447/r2l12,747.0,75.0,637.44,80,52,2,54,26,False,ok,0,0.23076923076923078
Svea_Hovraett_etc_export_job_4502444_855910_Svea_Hovraett_OCo_Advokatfiskalen_Jaemtlands_laen__1713_-b58e9491/0014_DSC_0447/r2l13,750.0,68.0,705.88,89,49,1,50,39,False,ok,0,0.16326530612244897
Svea_Hovraett_etc_export_job_4502444_855910_Svea_Hovraett_OCo_Advokatfiskalen_Jaemtlands_laen__1713_-b58e9491/0014_DSC_0447/r2l14,757.0,76.0,637.47,80,51,3,54,26,False,ok,0,0.11764705882352941
Svea_Hovraett_etc_export_job_4502444_855910_Svea_Hovraett_OCo_Advokatfiskalen_Jaemtlands_laen__1713_-b58e9491/0014_DSC_0447/r2l15,760.0,80.0,608.0,76,55,4,59,17,False,ok,0,0.2
Svea_Hovraett_etc_export_job_4502444_855910_Svea_Hovraett_OCo_Advokatfiskalen_Jaemtlands_laen__1713_-b58e9491/0014_DSC_0447/r2l16,767.0,83.0,591.42,74,52,3,55,19,False,ok,0,0.34615384615384615
Svea_Hovraett_etc_export_job_4502444_855910_Svea_Hovraett_OCo_Advokatfiskalen_Jaemtlands_laen__1713_-b58e9491/0014_DSC_0447/r2l17,769.0,87.0,565.7,71,47,2,49,22,False,ok,0,0.3829787234042553
Svea_Hovraett_etc_export_job_4502444_855910_Svea_Hovraett_OCo_Advokatfiskalen_Jaemtlands_laen__1713_-b58e9491/0014_DSC_0447/r2l18,758.0,68.0,713.41,90,48,4,52,38,False,ok,0,0.10416666666666667
Svea_Hovraett_etc_export_job_4502444_855910_Svea_Hovraett_OCo_Advokatfiskalen_Jaemtlands_laen__1713_-b58e9491/0014_DSC_0447/r2l19,754.0,79.0,610.84,77,52,2,54,23,False,ok,0,0.1346153846153846
Svea_Hovraett_etc_export_job_4502444_855910_Svea_Hovraett_OCo_Advokatfiskalen_Jaemtlands_laen__1713_-b58e9491/0014_DSC_0447/r2l20,766.0,86.0,570.05,72,52,1,53,19,False,ok,0,0.15384615384615385
Svea_Hovraett_etc_export_job_4502444_855910_Svea_Hovraett_OCo_Advokatfiskalen_Jaemtlands_laen__1713_-b58e9491/0014_DSC_0447/r2l21,777.0,80.0,621.6,78,50,3,53,25,False,ok,0,0.22
Svea_Hovraett_etc_export_job_4502444_855910_Svea_Hovraett_OCo_Advokatfiskalen_Jaemtlands_laen__1713_-b58e9491/0014_DSC_0447/r2l22,791.0,78.0,649.03,82,50,3,53,29,False,ok,0,0.14
Svea_Hovraett_etc_export_job_4502444_855910_Svea_Hovraett_OCo_Advokatfiskalen_Jaemtlands_laen__1713_-b58e9491/0014_DSC_0447/r2l23,776.0,84.0,591.24,74,50,3,53,21,False,ok,0,0.3
Svea_Hovraett_etc_export_job_4502444_855910_Svea_Hovraett_OCo_Advokatfiskalen_Jaemtlands_laen__1713_-b58e9491/0014_DSC_0447/r2l24,773.0,88.0,562.18,71,47,0,47,24,False,ok,0,0.19148936170212766
Svea_Hovraett_etc_export_job_4502444_855910_Svea_Hovraett_OCo_Advokatfiskalen_Jaemtlands_laen__1713_-b58e9491/0014_DSC_0447/r2l25,757.0,83.0,583.71,73,52,4,56,17,False,ok,0,0.40384615384615385
Svea_Hovraett_etc_export_job_4502444_855910_Svea_Hovraett_OCo_Advokatfiskalen_Jaemtlands_laen__1713_-b58e9491/0014_DSC_0447/r2l26,772.0,77.0,641.66,81,64,3,67,14,False,ok,0,0.421875
Svea_Hovraett_etc_export_job_4502444_855910_Svea_Hovraett_OCo_Advokatfiskalen_Jaemtlands_laen__1713_-b58e9491/0014_DSC_0447/r2l27,768.0,75.0,655.36,82,50,1,51,31,False,ok,0,0.2
Svea_Hovraett_etc_export_job_4502444_855910_Svea_Hovraett_OCo_Advokatfiskalen_Jaemtlands_laen__1713_-b58e9491/0014_DSC_0447/line_1638969464173_423,718.0,78.0,589.13,74,37,1,38,36,False,ok,0,0.40540540540540543
Svea_Hovraett_etc_export_job_4502444_855910_Svea_Hovraett_OCo_Advokatfiskalen_Jaemtlands_laen__1713_-b58e9491/0015_DSC_0448/r1l1,90.0,61.0,94.43,12,3,0,3,9,False,ok,0,1.0
Svea_Hovraett_etc_export_job_4502444_855910_Svea_Hovraett_OCo_Advokatfiskalen_Jaemtlands_laen__1713_-b58e9491/0015_DSC_0448/line_1638968198688_145,692.0,80.0,553.6,70,67,3,70,0,False,ok,0,0.417910447761194
Svea_Hovraett_etc_export_job_4502444_855910_Svea_Hovraett_OCo_Advokatfiskalen_Jaemtlands_laen__1713_-b58e9491/0015_DSC_0448/r1l6,691.0,81.0,545.98,69,50,2,52,17,False,ok,0,0.34
Svea_Hovraett_etc_export_job_4502444_855910_Svea_Hovraett_OCo_Advokatfiskalen_Jaemtlands_laen__1713_-b58e9491/0015_DSC_0448/r1l7,711.0,82.0,554.93,70,56,0,56,14,False,ok,0,0.3392857142857143
Svea_Hovraett_etc_export_job_4502444_855910_Svea_Hovraett_OCo_Advokatfiskalen_Jaemtlands_laen__1713_-b58e9491/0015_DSC_0448/r1l8,703.0,75.0,599.89,75,64,3,67,8,False,ok,0,0.390625
Svea_Hovraett_etc_export_job_4502444_855910_Svea_Hovraett_OCo_Advokatfiskalen_Jaemtlands_laen__1713_-b58e9491/0015_DSC_0448/r1l11,493.0,91.0,346.73,44,36,1,37,7,False,ok,0,0.4166666666666667
Svea_Hovraett_etc_export_job_4502444_855910_Svea_Hovraett_OCo_Advokatfiskalen_Jaemtlands_laen__1713_-b58e9491/0015_DSC_0448/r1l12,43.0,64.0,43.0,6,3,0,3,3,False,ok,0,0.6666666666666666
Svea_Hovraett_etc_export_job_4502444_855910_Svea_Hovraett_OCo_Advokatfiskalen_Jaemtlands_laen__1713_-b58e9491/0015_DSC_0448/r1l13,707.0,98.0,461.71,58,48,3,51,7,False,ok,0,0.4791666666666667
Svea_Hovraett_etc_export_job_4502444_855910_Svea_Hovraett_OCo_Advokatfiskalen_Jaemtlands_laen__1713_-b58e9491/0015_DSC_0448/r1l14,728.0,70.0,665.6,84,49,0,49,35,False,ok,0,0.24489795918367346
Svea_Hovraett_etc_export_job_4502444_855910_Svea_Hovraett_OCo_Advokatfiskalen_Jaemtlands_laen__1713_-b58e9491/0015_DSC_0448/r1l15,717.0,70.0,655.54,82,47,2,49,33,False,ok,0,0.10638297872340426
Svea_Hovraett_etc_export_job_4502444_855910_Svea_Hovraett_OCo_Advokatfiskalen_Jaemtlands_laen__1713_-b58e9491/0015_DSC_0448/r1l16,718.0,93.0,494.11,62,49,1,50,12,False,ok,0,0.3469387755102041
Svea_Hovraett_etc_export_job_4502444_855910_Svea_Hovraett_OCo_Advokatfiskalen_Jaemtlands_laen__1713_-b58e9491/0015_DSC_0448/r1l17,726.0,82.0,566.63,71,49,1,50,21,False,ok,0,0.5714285714285714
Svea_Hovraett_etc_export_job_4502444_855910_Svea_Hovraett_OCo_Advokatfiskalen_Jaemtlands_laen__1713_-b58e9491/0015_DSC_0448/r1l18,717.0,75.0,611.84,77,49,1,50,27,False,ok,0,0.3469387755102041
Svea_Hovraett_etc_export_job_4502444_855910_Svea_Hovraett_OCo_Advokatfiskalen_Jaemtlands_laen__1713_-b58e9491/0015_DSC_0448/r1l19,737.0,87.0,542.16,68,50,3,53,15,False,ok,0,0.26
Svea_Hovraett_etc_export_job_4502444_855910_Svea_Hovraett_OCo_Advokatfiskalen_Jaemtlands_laen__1713_-b58e9491/0015_DSC_0448/r1l20,728.0,95.0,490.44,62,51,1,52,10,False,ok,0,0.39215686274509803
Svea_Hovraett_etc_export_job_4502444_855910_Svea_Hovraett_OCo_Advokatfiskalen_Jaemtlands_laen__1713_-b58e9491/0015_DSC_0448/r1l21,744.0,73.0,652.27,82,43,1,44,38,False,ok,0,0.23255813953488372
Svea_Hovraett_etc_export_job_4502444_855910_Svea_Hovraett_OCo_Advokatfiskalen_Jaemtlands_laen__1713_-b58e9491/0015_DSC_0448/r1l22,355.0,79.0,287.59,36,21,0,21,15,False,ok,0,0.09523809523809523
Svea_Hovraett_etc_export_job_4502444_855910_Svea_Hovraett_OCo_Advokatfiskalen_Jaemtlands_laen__1713_-b58e9491/0015_DSC_0448/r1l23,55.0,43.0,81.86,11,3,0,3,8,False,ok,0,1.0
Svea_Hovraett_etc_export_job_4502444_855910_Svea_Hovraett_OCo_Advokatfiskalen_Jaemtlands_laen__1713_-b58e9491/0015_DSC_0448/r1l24,735.0,98.0,480.0,60,51,3,54,6,False,ok,0,0.39215686274509803
Svea_Hovraett_etc_export_job_4502444_855910_Svea_Hovraett_OCo_Advokatfiskalen_Jaemtlands_laen__1713_-b58e9491/0015_DSC_0448/r1l25,720.0,86.0,535.81,67,48,0,48,19,False,ok,0,0.4791666666666667
Svea_Hovraett_etc_export_job_4502444_855910_Svea_Hovraett_OCo_Advokatfiskalen_Jaemtlands_laen__1713_-b58e9491/0015_DSC_0448/r1l26,719.0,73.0,630.36,79,46,2,48,31,False,ok,0,0.391304347826087
Svea_Hovraett_etc_export_job_4502444_855910_Svea_Hovraett_OCo_Advokatfiskalen_Jaemtlands_laen__1713_-b58e9491/0015_DSC_0448/r1l27,725.0,84.0,552.38,70,52,1,53,17,False,ok,0,0.4807692307692308
Svea_Hovraett_etc_export_job_4502444_855910_Svea_Hovraett_OCo_Advokatfiskalen_Jaemtlands_laen__1713_-b58e9491/0015_DSC_0448/r1l28,469.0,81.0,370.57,47,30,0,30,17,False,ok,0,0.16666666666666666
Svea_Hovraett_etc_export_job_4502444_855910_Svea_Hovraett_OCo_Advokatfiskalen_Jaemtlands_laen__1713_-b58e9491/0015_DSC_0448/r1l29,172.0,65.0,169.35,22,12,1,13,9,False,ok,0,0.6666666666666666
Svea_Hovraett_etc_export_job_4502444_855910_Svea_Hovraett_OCo_Advokatfiskalen_Jaemtlands_laen__1713_-b58e9491/0015_DSC_0448/r2l1,40.0,67.0,38.21,5,3,0,3,2,False,ok,0,1.0
Svea_Hovraett_etc_export_job_4502444_855910_Svea_Hovraett_OCo_Advokatfiskalen_Jaemtlands_laen__1713_-b58e9491/0015_DSC_0448/r2l2,352.0,61.0,369.31,47,22,1,23,24,False,ok,0,0.5
Svea_Hovraett_etc_export_job_4502444_855910_Svea_Hovraett_OCo_Advokatfiskalen_Jaemtlands_laen__1713_-b58e9491/0015_DSC_0448/r2l3,571.0,83.0,440.29,56,48,1,49,7,False,ok,0,0.3333333333333333
Svea_Hovraett_etc_export_job_4502444_855910_Svea_Hovraett_OCo_Advokatfiskalen_Jaemtlands_laen__1713_-b58e9491/0015_DSC_0448/r2l4,580.0,73.0,508.49,64,47,2,49,15,False,ok,0,0.1702127659574468
Svea_Hovraett_etc_export_job_4502444_855910_Svea_Hovraett_OCo_Advokatfiskalen_Jaemtlands_laen__1713_-b58e9491/0015_DSC_0448/r2l5,580.0,74.0,501.62,63,57,2,59,4,False,ok,0,0.49122807017543857
Svea_Hovraett_etc_export_job_4502444_855910_Svea_Hovraett_OCo_Advokatfiskalen_Jaemtlands_laen__1713_-b58e9491/0015_DSC_0448/r2l6,559.0,78.0,458.67,58,47,2,49,9,False,ok,0,0.46808510638297873
Svea_Hovraett_etc_export_job_4502444_855910_Svea_Hovraett_OCo_Advokatfiskalen_Jaemtlands_laen__1713_-b58e9491/0015_DSC_0448/line_1638968180290_130,676.0,91.0,475.43,60,46,0,46,14,False,ok,0,0.6956521739130435
Svea_Hovraett_etc_export_job_4502444_855910_Svea_Hovraett_OCo_Advokatfiskalen_Jaemtlands_laen__1713_-b58e9491/0015_DSC_0448/r2l9,542.0,106.0,327.25,41,43,1,44,-3,True,ok,0,0.7906976744186046
Svea_Hovraett_etc_export_job_4502444_855910_Svea_Hovraett_OCo_Advokatfiskalen_Jaemtlands_laen__1713_-b58e9491/0015_DSC_0448/r2l10,548.0,87.0,403.13,51,49,1,50,1,False,ok,0,0.6326530612244898
Svea_Hovraett_etc_export_job_4502444_855910_Svea_Hovraett_OCo_Advokatfiskalen_Jaemtlands_laen__1713_-b58e9491/0015_DSC_0448/line_1638968187870_136,697.0,100.0,446.08,56,53,1,54,2,False,ok,0,0.4339622641509434
Svea_Hovraett_etc_export_job_4502444_855910_Svea_Hovraett_OCo_Advokatfiskalen_Jaemtlands_laen__1713_-b58e9491/0015_DSC_0448/r2l13,685.0,88.0,498.18,63,32,1,33,30,False,ok,0,0.3125
Svea_Hovraett_etc_export_job_4502444_855910_Svea_Hovraett_OCo_Advokatfiskalen_Jaemtlands_laen__1713_-b58e9491/0015_DSC_0448/r2l14,684.0,62.0,706.06,89,35,1,36,53,False,ok,0,0.2857142857142857
Svea_Hovraett_etc_export_job_4502444_855910_Svea_Hovraett_OCo_Advokatfiskalen_Jaemtlands_laen__1713_-b58e9491/0015_DSC_0448/r2l19,92.0,49.0,120.16,16,6,1,7,9,False,ok,0,0.16666666666666666
Svea_Hovraett_etc_export_job_4502444_855910_Svea_Hovraett_OCo_Advokatfiskalen_Jaemtlands_laen__1713_-b58e9491/0015_DSC_0448/r2l21,223.0,81.0,176.2,23,17,0,17,6,False,ok,0,0.7647058823529411
Svea_Hovraett_etc_export_job_4502445_845640_Svea_Hovraett_-_Advokatfiskalen_Jaemtlands_laen__1702__3-6edbb12a/0001_DSC_0370/r1l1,185.0,123.0,96.26,13,4,1,5,8,False,ok,0,0.75
Svea_Hovraett_etc_export_job_4502445_845640_Svea_Hovraett_-_Advokatfiskalen_Jaemtlands_laen__1702__3-6edbb12a/0001_DSC_0370/r2l1,79.0,41.0,123.32,16,3,1,4,12,False,ok,0,0.6666666666666666
Svea_Hovraett_etc_export_job_4502445_845640_Svea_Hovraett_-_Advokatfiskalen_Jaemtlands_laen__1702__3-6edbb12a/0001_DSC_0370/r2l2,632.0,116.0,348.69,44,41,1,42,2,False,ok,0,0.5121951219512195
Svea_Hovraett_etc_export_job_4502445_845640_Svea_Hovraett_-_Advokatfiskalen_Jaemtlands_laen__1702__3-6edbb12a/0001_DSC_0370/r2l3,615.0,132.0,298.18,38,32,1,33,5,False,ok,0,0.78125
Svea_Hovraett_etc_export_job_4502445_845640_Svea_Hovraett_-_Advokatfiskalen_Jaemtlands_laen__1702__3-6edbb12a/0001_DSC_0370/r2l4,645.0,101.0,408.71,52,30,0,30,22,False,ok,0,0.5
Svea_Hovraett_etc_export_job_4502445_845640_Svea_Hovraett_-_Advokatfiskalen_Jaemtlands_laen__1702__3-6edbb12a/0001_DSC_0370/r2l5,629.0,103.0,390.83,49,31,0,31,18,False,ok,0,0.25806451612903225
Svea_Hovraett_etc_export_job_4502445_845640_Svea_Hovraett_-_Advokatfiskalen_Jaemtlands_laen__1702__3-6edbb12a/0001_DSC_0370/r2l6,626.0,108.0,370.96,47,26,0,26,21,False,ok,0,0.15384615384615385
Svea_Hovraett_etc_export_job_4502445_845640_Svea_Hovraett_-_Advokatfiskalen_Jaemtlands_laen__1702__3-6edbb12a/0001_DSC_0370/r2l7,639.0,99.0,413.09,52,31,0,31,21,False,ok,0,0.2903225806451613
Svea_Hovraett_etc_export_job_4502445_845640_Svea_Hovraett_-_Advokatfiskalen_Jaemtlands_laen__1702__3-6edbb12a/0001_DSC_0370/r2l9,805.0,116.0,444.14,56,46,1,47,9,False,ok,0,0.8478260869565217
Svea_Hovraett_etc_export_job_4502445_845640_Svea_Hovraett_-_Advokatfiskalen_Jaemtlands_laen__1702__3-6edbb12a/0001_DSC_0370/r2l10,793.0,126.0,402.79,51,41,0,41,10,False,ok,0,0.5853658536585366
Svea_Hovraett_etc_export_job_4502445_845640_Svea_Hovraett_-_Advokatfiskalen_Jaemtlands_laen__1702__3-6edbb12a/0001_DSC_0370/r2l11,709.0,107.0,424.07,54,40,2,42,12,False,ok,0,0.5
Svea_Hovraett_etc_export_job_4502445_845640_Svea_Hovraett_-_Advokatfiskalen_Jaemtlands_laen__1702__3-6edbb12a/0001_DSC_0370/r2l12,721.0,118.0,391.05,49,37,2,39,10,False,ok,0,0.3783783783783784
Svea_Hovraett_etc_export_job_4502445_845640_Svea_Hovraett_-_Advokatfiskalen_Jaemtlands_laen__1702__3-6edbb12a/0001_DSC_0370/r2l13,718.0,140.0,328.23,42,44,3,47,-5,True,ok,0,0.8409090909090909
Svea_Hovraett_etc_export_job_4502445_845640_Svea_Hovraett_-_Advokatfiskalen_Jaemtlands_laen__1702__3-6edbb12a/0001_DSC_0370/r2l14,749.0,127.0,377.45,48,35,0,35,13,False,ok,0,0.42857142857142855
Svea_Hovraett_etc_export_job_4502445_845640_Svea_Hovraett_-_Advokatfiskalen_Jaemtlands_laen__1702__3-6edbb12a/0001_DSC_0370/r2l15,747.0,96.0,498.0,63,37,1,38,25,False,ok,0,0.40540540540540543
Svea_Hovraett_etc_export_job_4502445_845640_Svea_Hovraett_-_Advokatfiskalen_Jaemtlands_laen__1702__3-6edbb12a/0001_DSC_0370/r2l16,770.0,119.0,414.12,52,33,1,34,18,False,ok,0,0.2727272727272727
Svea_Hovraett_etc_export_job_4502445_845640_Svea_Hovraett_-_Advokatfiskalen_Jaemtlands_laen__1702__3-6edbb12a/0001_DSC_0370/r2l17,756.0,114.0,424.42,54,30,1,31,23,False,ok,0,0.3
Svea_Hovraett_etc_export_job_4502445_845640_Svea_Hovraett_-_Advokatfiskalen_Jaemtlands_laen__1702__3-6edbb12a/0001_DSC_0370/r2l18,765.0,102.0,480.0,60,39,1,40,20,False,ok,0,0.28205128205128205
Svea_Hovraett_etc_export_job_4502445_845640_Svea_Hovraett_-_Advokatfiskalen_Jaemtlands_laen__1702__3-6edbb12a/0001_DSC_0370/r2l19,773.0,106.0,466.72,59,37,2,39,20,False,ok,0,0.13513513513513514
Svea_Hovraett_etc_export_job_4502445_845640_Svea_Hovraett_-_Advokatfiskalen_Jaemtlands_laen__1702__3-6edbb12a/0001_DSC_0370/r2l20,769.0,107.0,459.96,58,37,2,39,19,False,ok,0,0.2702702702702703
Svea_Hovraett_etc_export_job_4502445_845640_Svea_Hovraett_-_Advokatfiskalen_Jaemtlands_laen__1702__3-6edbb12a/0001_DSC_0370/r2l21,762.0,106.0,460.08,58,39,2,41,17,False,ok,0,0.46153846153846156
Svea_Hovraett_etc_export_job_4502445_845640_Svea_Hovraett_-_Advokatfiskalen_Jaemtlands_laen__1702__3-6edbb12a/0001_DSC_0370/r2l22,782.0,100.0,500.48,63,37,1,38,25,False,ok,0,0.21621621621621623
Svea_Hovraett_etc_export_job_4502445_845640_Svea_Hovraett_-_Advokatfiskalen_Jaemtlands_laen__1702__3-6edbb12a/0001_DSC_0370/r2l23,772.0,136.0,363.29,46,43,2,45,1,False,ok,0,0.5116279069767442
Svea_Hovraett_etc_export_job_4502445_845640_Svea_Hovraett_-_Advokatfiskalen_Jaemtlands_laen__1702__3-6edbb12a/0001_DSC_0370/r2l24,144.0,54.0,170.67,22,3,0,3,19,False,ok,0,1.0
Svea_Hovraett_etc_export_job_4502445_845640_Svea_Hovraett_-_Advokatfiskalen_Jaemtlands_laen__1702__3-6edbb12a/0002_DSC_0371/r1l1,643.0,142.0,289.8,37,34,1,35,2,False,ok,0,0.6176470588235294
Svea_Hovraett_etc_export_job_4502445_845640_Svea_Hovraett_-_Advokatfiskalen_Jaemtlands_laen__1702__3-6edbb12a/0002_DSC_0371/r1l2,675.0,130.0,332.31,42,35,2,37,5,False,ok,0,0.8285714285714286
Svea_Hovraett_etc_export_job_4502445_845640_Svea_Hovraett_-_Advokatfiskalen_Jaemtlands_laen__1702__3-6edbb12a/0002_DSC_0371/r1l3,673.0,109.0,395.16,50,25,0,25,25,False,ok,0,0.68
Svea_Hovraett_etc_export_job_4502445_845640_Svea_Hovraett_-_Advokatfiskalen_Jaemtlands_laen__1702__3-6edbb12a/0002_DSC_0371/r1l4,679.0,112.0,388.0,49,29,1,30,19,False,ok,0,0.3103448275862069
Svea_Hovraett_etc_export_job_4502445_845640_Svea_Hovraett_-_Advokatfiskalen_Jaemtlands_laen__1702__3-6edbb12a/0002_DSC_0371/r1l5,686.0,116.0,378.48,48,31,1,32,16,False,ok,0,0.4838709677419355
Svea_Hovraett_etc_export_job_4502445_845640_Svea_Hovraett_-_Advokatfiskalen_Jaemtlands_laen__1702__3-6edbb12a/0002_DSC_0371/r1l6,680.0,98.0,444.08,56,31,2,33,23,False,ok,0,0.45161290322580644
Svea_Hovraett_etc_export_job_4502445_845640_Svea_Hovraett_-_Advokatfiskalen_Jaemtlands_laen__1702__3-6edbb12a/0002_DSC_0371/r1l7,824.0,154.0,342.44,43,40,3,43,0,False,ok,0,0.7
Svea_Hovraett_etc_export_job_4502445_845640_Svea_Hovraett_-_Advokatfiskalen_Jaemtlands_laen__1702__3-6edbb12a/0002_DSC_0371/r1l8,335.0,68.0,315.29,40,11,1,12,28,False,ok,0,0.18181818181818182
Svea_Hovraett_etc_export_job_4502445_845640_Svea_Hovraett_-_Advokatfiskalen_Jaemtlands_laen__1702__3-6edbb12a/0002_DSC_0371/r1l9,861.0,160.0,344.4,44,34,0,34,10,False,ok,0,0.6176470588235294
Svea_Hovraett_etc_export_job_4502445_845640_Svea_Hovraett_-_Advokatfiskalen_Jaemtlands_laen__1702__3-6edbb12a/0002_DSC_0371/r1l10,743.0,109.0,436.26,55,39,2,41,14,False,ok,0,0.5641025641025641
Svea_Hovraett_etc_export_job_4502445_845640_Svea_Hovraett_-_Advokatfiskalen_Jaemtlands_laen__1702__3-6edbb12a/0002_DSC_0371/r1l11,746.0,85.0,561.69,71,34,2,36,35,False,ok,0,0.29411764705882354
Svea_Hovraett_etc_export_job_4502445_845640_Svea_Hovraett_-_Advokatfiskalen_Jaemtlands_laen__1702__3-6edbb12a/0002_DSC_0371/r1l12,765.0,88.0,556.36,70,35,2,37,33,False,ok,0,0.2
Svea_Hovraett_etc_export_job_4502445_845640_Svea_Hovraett_-_Advokatfiskalen_Jaemtlands_laen__1702__3-6edbb12a/0002_DSC_0371/r1l13,761.0,89.0,547.24,69,35,3,38,31,False,ok,0,0.2571428571428571
Svea_Hovraett_etc_export_job_4502445_845640_Svea_Hovraett_-_Advokatfiskalen_Jaemtlands_laen__1702__3-6edbb12a/0002_DSC_0371/r1l14,626.0,103.0,388.97,49,22,0,22,27,False,ok,0,0.0
Svea_Hovraett_etc_export_job_4502445_845640_Svea_Hovraett_-_Advokatfiskalen_Jaemtlands_laen__1702__3-6edbb12a/0002_DSC_0371/r1l15,768.0,107.0,459.36,58,32,1,33,25,False,ok,0,0.21875
Svea_Hovraett_etc_export_job_4502445_845640_Svea_Hovraett_-_Advokatfiskalen_Jaemtlands_laen__1702__3-6edbb12a/0002_DSC_0371/r1l16,767.0,113.0,434.41,55,42,1,43,12,False,ok,0,0.19047619047619047
Svea_Hovraett_etc_export_job_4502445_845640_Svea_Hovraett_-_Advokatfiskalen_Jaemtlands_laen__1702__3-6edbb12a/0002_DSC_0371/r1l17,791.0,85.0,595.58,75,30,2,32,43,False,ok,0,0.03333333333333333
Svea_Hovraett_etc_export_job_4502445_845640_Svea_Hovraett_-_Advokatfiskalen_Jaemtlands_laen__1702__3-6edbb12a/0002_DSC_0371/r1l18,790.0,119.0,424.87,54,33,2,35,19,False,ok,0,0.2727272727272727
Svea_Hovraett_etc_export_job_4502445_845640_Svea_Hovraett_-_Advokatfiskalen_Jaemtlands_laen__1702__3-6edbb12a/0002_DSC_0371/r1l19,106.0,70.0,96.91,13,3,0,3,10,False,empty,1,1.0
Svea_Hovraett_etc_export_job_4502445_845640_Svea_Hovraett_-_Advokatfiskalen_Jaemtlands_laen__1702__3-6edbb12a/0002_DSC_0371/r2l1,81.0,59.0,87.86,11,3,0,3,8,False,ok,0,1.0
Svea_Hovraett_etc_export_job_4502445_845640_Svea_Hovraett_-_Advokatfiskalen_Jaemtlands_laen__1702__3-6edbb12a/0002_DSC_0371/r2l2,599.0,128.0,299.5,38,36,0,36,2,False,ok,0,0.5833333333333334
Svea_Hovraett_etc_export_job_4502445_845640_Svea_Hovraett_-_Advokatfiskalen_Jaemtlands_laen__1702__3-6edbb12a/0002_DSC_0371/r2l3,663.0,100.0,424.32,54,37,1,38,16,False,ok,0,0.4594594594594595
Svea_Hovraett_etc_export_job_4502445_845640_Svea_Hovraett_-_Advokatfiskalen_Jaemtlands_laen__1702__3-6edbb12a/0002_DSC_0371/r2l4,688.0,101.0,435.96,55,34,1,35,20,False,ok,0,0.6470588235294118
Svea_Hovraett_etc_export_job_4502445_845640_Svea_Hovraett_-_Advokatfiskalen_Jaemtlands_laen__1702__3-6edbb12a/0002_DSC_0371/r2l5,686.0,113.0,388.53,49,36,1,37,12,False,ok,0,0.5
Svea_Hovraett_etc_export_job_4502445_845640_Svea_Hovraett_-_Advokatfiskalen_Jaemtlands_laen__1702__3-6edbb12a/0002_DSC_0371/r2l6,684.0,106.0,412.98,52,39,1,40,12,False,ok,0,0.46153846153846156
Svea_Hovraett_etc_export_job_4502445_845640_Svea_Hovraett_-_Advokatfiskalen_Jaemtlands_laen__1702__3-6edbb12a/0002_DSC_0371/r2l7,684.0,109.0,401.61,51,37,1,38,13,False,ok,0,0.40540540540540543
Svea_Hovraett_etc_export_job_4502445_845640_Svea_Hovraett_-_Advokatfiskalen_Jaemtlands_laen__1702__3-6edbb12a/0002_DSC_0371/r2l8,692.0,111.0,398.99,50,35,2,37,13,False,ok,0,0.3142857142857143
Svea_Hovraett_etc_export_job_4502445_845640_Svea_Hovraett_-_Advokatfiskalen_Jaemtlands_laen__1702__3-6edbb12a/0002_DSC_0371/r2l9,673.0,95.0,453.39,57,31,3,34,23,False,ok,0,0.25806451612903225
Svea_Hovraett_etc_export_job_4502445_845640_Svea_Hovraett_-_Advokatfiskalen_Jaemtlands_laen__1702__3-6edbb12a/0002_DSC_0371/r2l10,700.0,99.0,452.53,57,37,0,37,20,False,ok,0,0.32432432432432434
Svea_Hovraett_etc_export_job_4502445_845640_Svea_Hovraett_-_Advokatfiskalen_Jaemtlands_laen__1702__3-6edbb12a/0002_DSC_0371/r2l11,726.0,95.0,489.09,62,31,1,32,30,False,ok,0,0.3548387096774194
Svea_Hovraett_etc_export_job_4502445_845640_Svea_Hovraett_-_Advokatfiskalen_Jaemtlands_laen__1702__3-6edbb12a/0002_DSC_0371/r2l12,723.0,100.0,462.72,58,28,0,28,30,False,ok,0,0.5
Svea_Hovraett_etc_export_job_4502445_845640_Svea_Hovraett_-_Advokatfiskalen_Jaemtlands_laen__1702__3-6edbb12a/0002_DSC_0371/r2l13,718.0,104.0,441.85,56,36,0,36,20,False,ok,0,0.3055555555555556
Svea_Hovraett_etc_export_job_4502445_845640_Svea_Hovraett_-_Advokatfiskalen_Jaemtlands_laen__1702__3-6edbb12a/0002_DSC_0371/r2l14,694.0,102.0,435.45,55,36,2,38,17,False,ok,0,0.19444444444444445
Svea_Hovraett_etc_export_job_4502445_845640_Svea_Hovraett_-_Advokatfiskalen_Jaemtlands_laen__1702__3-6edbb12a/0002_DSC_0371/r2l15,685.0,87.0,503.91,63,31,0,31,32,False,ok,0,0.16129032258064516
Svea_Hovraett_etc_export_job_4502445_845640_Svea_Hovraett_-_Advokatfiskalen_Jaemtlands_laen__1702__3-6edbb12a/0002_DSC_0371/r2l16,741.0,110.0,431.13,54,36,1,37,17,False,ok,0,0.1388888888888889
Svea_Hovraett_etc_export_job_4502445_845640_Svea_Hovraett_-_Advokatfiskalen_Jaemtlands_laen__1702__3-6edbb12a/0002_DSC_0371/r2l17,749.0,91.0,526.77,66,35,2,37,29,False,ok,0,0.02857142857142857
Svea_Hovraett_etc_export_job_4502445_845640_Svea_Hovraett_-_Advokatfiskalen_Jaemtlands_laen__1702__3-6edbb12a/0002_DSC_0371/r2l18,755.0,97.0,498.14,63,38,0,38,25,False,ok,0,0.10526315789473684
Svea_Hovraett_etc_export_job_4502445_845640_Svea_Hovraett_-_Advokatfiskalen_Jaemtlands_laen__1702__3-6edbb12a/0002_DSC_0371/r2l19,751.0,103.0,466.64,59,33,0,33,26,False,ok,0,0.15151515151515152
Svea_Hovraett_etc_export_job_4502445_845640_Svea_Hovraett_-_Advokatfiskalen_Jaemtlands_laen__1702__3-6edbb12a/0002_DSC_0371/r2l20,735.0,103.0,456.7,58,36,0,36,22,False,ok,0,0.2222222222222222
Svea_Hovraett_etc_export_job_4502445_845640_Svea_Hovraett_-_Advokatfiskalen_Jaemtlands_laen__1702__3-6edbb12a/0002_DSC_0371/r2l21,774.0,95.0,521.43,66,32,3,35,31,False,ok,0,0.21875
Svea_Hovraett_etc_export_job_4502445_845640_Svea_Hovraett_-_Advokatfiskalen_Jaemtlands_laen__1702__3-6edbb12a/0002_DSC_0371/r2l22,755.0,116.0,416.55,53,30,0,30,23,False,ok,0,0.16666666666666666
Svea_Hovraett_etc_export_job_4502445_845640_Svea_Hovraett_-_Advokatfiskalen_Jaemtlands_laen__1702__3-6edbb12a/0002_DSC_0371/r2l23,138.0,82.0,107.71,14,5,1,6,8,False,ok,0,0.6
Svea_Hovraett_etc_export_job_4502445_845640_Svea_Hovraett_-_Advokatfiskalen_Jaemtlands_laen__1702__3-6edbb12a/0003_DSC_0372/r1l1,717.0,117.0,392.21,50,34,1,35,15,False,ok,0,0.38235294117647056
Svea_Hovraett_etc_export_job_4502445_845640_Svea_Hovraett_-_Advokatfiskalen_Jaemtlands_laen__1702__3-6edbb12a/0003_DSC_0372/r1l2,705.0,97.0,465.15,59,33,0,33,26,False,ok,0,0.45454545454545453
Svea_Hovraett_etc_export_job_4502445_845640_Svea_Hovraett_-_Advokatfiskalen_Jaemtlands_laen__1702__3-6edbb12a/0003_DSC_0372/r1l3,703.0,96.0,468.67,59,35,1,36,23,False,ok,0,0.34285714285714286
Svea_Hovraett_etc_export_job_4502445_845640_Svea_Hovraett_-_Advokatfiskalen_Jaemtlands_laen__1702__3-6edbb12a/0003_DSC_0372/r1l4,720.0,97.0,475.05,60,29,0,29,31,False,ok,0,0.13793103448275862
Svea_Hovraett_etc_export_job_4502445_845640_Svea_Hovraett_-_Advokatfiskalen_Jaemtlands_laen__1702__3-6edbb12a/0003_DSC_0372/r1l5,768.0,93.0,528.52,67,39,2,41,26,False,ok,0,0.15384615384615385
Svea_Hovraett_etc_export_job_4502445_845640_Svea_Hovraett_-_Advokatfiskalen_Jaemtlands_laen__1702__3-6edbb12a/0003_DSC_0372/r1l6,695.0,98.0,453.88,57,35,3,38,19,False,ok,0,0.08571428571428572
Svea_Hovraett_etc_export_job_4502445_845640_Svea_Hovraett_-_Advokatfiskalen_Jaemtlands_laen__1702__3-6edbb12a/0003_DSC_0372/r1l7,759.0,101.0,480.95,61,34,1,35,26,False,ok,0,0.058823529411764705
Svea_Hovraett_etc_export_job_4502445_845640_Svea_Hovraett_-_Advokatfiskalen_Jaemtlands_laen__1702__3-6edbb12a/0003_DSC_0372/r1l8,759.0,99.0,490.67,62,30,1,31,31,False,ok,0,0.06666666666666667
Svea_Hovraett_etc_export_job_4502445_845640_Svea_Hovraett_-_Advokatfiskalen_Jaemtlands_laen__1702__3-6edbb12a/0003_DSC_0372/r1l9,782.0,105.0,476.65,60,37,2,39,21,False,ok,0,0.13513513513513514
Svea_Hovraett_etc_export_job_4502445_845640_Svea_Hovraett_-_Advokatfiskalen_Jaemtlands_laen__1702__3-6edbb12a/0003_DSC_0372/r1l11,750.0,93.0,516.13,65,34,3,37,28,False,ok,0,0.14705882352941177
Svea_Hovraett_etc_export_job_4502445_845640_Svea_Hovraett_-_Advokatfiskalen_Jaemtlands_laen__1702__3-6edbb12a/0003_DSC_0372/r1l12,770.0,102.0,483.14,61,37,1,38,23,False,ok,0,0.10810810810810811
Svea_Hovraett_etc_export_job_4502445_845640_Svea_Hovraett_-_Advokatfiskalen_Jaemtlands_laen__1702__3-6edbb12a/0003_DSC_0372/r1l13,764.0,81.0,603.65,76,37,3,40,36,False,ok,0,0.02702702702702703
Svea_Hovraett_etc_export_job_4502445_845640_Svea_Hovraett_-_Advokatfiskalen_Jaemtlands_laen__1702__3-6edbb12a/0003_DSC_0372/r1l14,782.0,98.0,510.69,64,33,2,35,29,False,ok,0,0.12121212121212122
Svea_Hovraett_etc_export_job_4502445_845640_Svea_Hovraett_-_Advokatfiskalen_Jaemtlands_laen__1702__3-6edbb12a/0003_DSC_0372/r1l15,764.0,95.0,514.69,65,36,2,38,27,False,ok,0,0.1111111111111111
Svea_Hovraett_etc_export_job_4502445_845640_Svea_Hovraett_-_Advokatfiskalen_Jaemtlands_laen__1702__3-6edbb12a/0003_DSC_0372/r1l16,757.0,91.0,532.4,67,36,0,36,31,False,ok,0,0.1388888888888889
Svea_Hovraett_etc_export_job_4502445_845640_Svea_Hovraett_-_Advokatfiskalen_Jaemtlands_laen__1702__3-6edbb12a/0003_DSC_0372/r1l17,774.0,95.0,521.43,66,30,0,30,36,False,ok,0,0.06666666666666667
Svea_Hovraett_etc_export_job_4502445_845640_Svea_Hovraett_-_Advokatfiskalen_Jaemtlands_laen__1702__3-6edbb12a/0003_DSC_0372/r1l18,782.0,112.0,446.86,56,30,0,30,26,False,ok,0,0.13333333333333333
Svea_Hovraett_etc_export_job_4502445_845640_Svea_Hovraett_-_Advokatfiskalen_Jaemtlands_laen__1702__3-6edbb12a/0003_DSC_0372/r1l19,784.0,114.0,440.14,56,31,1,32,24,False,ok,0,0.0967741935483871
Svea_Hovraett_etc_export_job_4502445_845640_Svea_Hovraett_-_Advokatfiskalen_Jaemtlands_laen__1702__3-6edbb12a/0003_DSC_0372/r1l20,800.0,112.0,457.14,58,31,2,33,25,False,ok,0,0.0967741935483871
Svea_Hovraett_etc_export_job_4502445_845640_Svea_Hovraett_-_Advokatfiskalen_Jaemtlands_laen__1702__3-6edbb12a/0003_DSC_0372/r1l22,860.0,111.0,495.86,62,32,2,34,28,False,ok,0,0.0625
Svea_Hovraett_etc_export_job_4502445_845640_Svea_Hovraett_-_Advokatfiskalen_Jaemtlands_laen__1702__3-6edbb12a/0003_DSC_0372/r1l23,125.0,113.0,70.8,9,4,0,4,5,False,ok,0,1.0
Svea_Hovraett_etc_export_job_4502445_845640_Svea_Hovraett_-_Advokatfiskalen_Jaemtlands_laen__1702__3-6edbb12a/0003_DSC_0372/r2l1,99.0,80.0,79.2,10,3,0,3,7,False,ok,0,1.0
Svea_Hovraett_etc_export_job_4502445_845640_Svea_Hovraett_-_Advokatfiskalen_Jaemtlands_laen__1702__3-6edbb12a/0003_DSC_0372/r2l2,693.0,160.0,277.2,35,39,1,40,-5,True,ok,0,0.8461538461538461
Svea_Hovraett_etc_export_job_4502445_845640_Svea_Hovraett_-_Advokatfiskalen_Jaemtlands_laen__1702__3-6edbb12a/0003_DSC_0372/r2l3,679.0,146.0,297.64,38,40,3,43,-5,True,ok,0,0.875
Svea_Hovraett_etc_export_job_4502445_845640_Svea_Hovraett_-_Advokatfiskalen_Jaemtlands_laen__1702__3-6edbb12a/0003_DSC_0372/r2l4,686.0,129.0,340.34,43,42,0,42,1,False,ok,0,0.8333333333333334
Svea_Hovraett_etc_export_job_4502445_845640_Svea_Hovraett_-_Advokatfiskalen_Jaemtlands_laen__1702__3-6edbb12a/0003_DSC_0372/r2l5,627.0,124.0,323.61,41,32,1,33,8,False,ok,0,0.75
Svea_Hovraett_etc_export_job_4502445_845640_Svea_Hovraett_-_Advokatfiskalen_Jaemtlands_laen__1702__3-6edbb12a/0003_DSC_0372/r2l6,697.0,134.0,332.9,42,34,1,35,7,False,ok,0,0.8235294117647058
Svea_Hovraett_etc_export_job_4502445_845640_Svea_Hovraett_-_Advokatfiskalen_Jaemtlands_laen__1702__3-6edbb12a/0003_DSC_0372/r2l7,709.0,138.0,328.81,42,35,2,37,5,False,ok,0,0.8285714285714286
Svea_Hovraett_etc_export_job_4502445_845640_Svea_Hovraett_-_Advokatfiskalen_Jaemtlands_laen__1702__3-6edbb12a/0003_DSC_0372/r2l8,707.0,133.0,340.21,43,39,1,40,3,False,ok,0,0.4358974358974359
Svea_Hovraett_etc_export_job_4502445_845640_Svea_Hovraett_-_Advokatfiskalen_Jaemtlands_laen__1702__3-6edbb12a/0003_DSC_0372/r2l9,729.0,134.0,348.18,44,37,2,39,5,False,ok,0,0.5135135135135135
Svea_Hovraett_etc_export_job_4502445_845640_Svea_Hovraett_-_Advokatfiskalen_Jaemtlands_laen__1702__3-6edbb12a/0003_DSC_0372/r2l10,744.0,128.0,372.0,47,36,1,37,10,False,ok,0,0.75
Svea_Hovraett_etc_export_job_4502445_845640_Svea_Hovraett_-_Advokatfiskalen_Jaemtlands_laen__1702__3-6edbb12a/0003_DSC_0372/r2l12,728.0,116.0,401.66,51,33,2,35,16,False,ok,0,0.42424242424242425
Svea_Hovraett_etc_export_job_4502445_845640_Svea_Hovraett_-_Advokatfiskalen_Jaemtlands_laen__1702__3-6edbb12a/0003_DSC_0372/r2l13,767.0,118.0,416.0,52,37,2,39,13,False,ok,0,0.21621621621621623
Svea_Hovraett_etc_export_job_4502445_845640_Svea_Hovraett_-_Advokatfiskalen_Jaemtlands_laen__1702__3-6edbb12a/0003_DSC_0372/r2l14,764.0,106.0,461.28,58,31,2,33,25,False,ok,0,0.22580645161290322
Svea_Hovraett_etc_export_job_4502445_845640_Svea_Hovraett_-_Advokatfiskalen_Jaemtlands_laen__1702__3-6edbb12a/0003_DSC_0372/r2l15,773.0,115.0,430.19,54,38,4,42,12,False,ok,0,0.2631578947368421
Svea_Hovraett_etc_export_job_4502445_845640_Svea_Hovraett_-_Advokatfiskalen_Jaemtlands_laen__1702__3-6edbb12a/0003_DSC_0372/r2l16,761.0,111.0,438.77,55,37,2,39,16,False,ok,0,0.24324324324324326
Svea_Hovraett_etc_export_job_4502445_845640_Svea_Hovraett_-_Advokatfiskalen_Jaemtlands_laen__1702__3-6edbb12a/0003_DSC_0372/r2l17,759.0,120.0,404.8,51,40,2,42,9,False,ok,0,0.325
Svea_Hovraett_etc_export_job_4502445_845640_Svea_Hovraett_-_Advokatfiskalen_Jaemtlands_laen__1702__3-6edbb12a/0003_DSC_0372/r2l18,771.0,103.0,479.07,60,33,2,35,25,False,ok,0,0.09090909090909091
Svea_Hovraett_etc_export_job_4502445_845640_Svea_Hovraett_-_Advokatfiskalen_Jaemtlands_laen__1702__3-6edbb12a/0003_DSC_0372/r2l19,763.0,101.0,483.49,61,39,0,39,22,False,ok,0,0.1794871794871795
Svea_Hovraett_etc_export_job_4502445_845640_Svea_Hovraett_-_Advokatfiskalen_Jaemtlands_laen__1702__3-6edbb12a/0003_DSC_0372/r2l20,749.0,78.0,614.56,77,32,2,34,43,False,ok,0,0.25
Svea_Hovraett_etc_export_job_4502445_845640_Svea_Hovraett_-_Advokatfiskalen_Jaemtlands_laen__1702__3-6edbb12a/0003_DSC_0372/r2l21,792.0,103.0,492.12,62,32,1,33,29,False,ok,0,0.125
Svea_Hovraett_etc_export_job_4502445_845640_Svea_Hovraett_-_Advokatfiskalen_Jaemtlands_laen__1702__3-6edbb12a/0003_DSC_0372/r2l22,824.0,113.0,466.69,59,39,1,40,19,False,ok,0,0.28205128205128205
Svea_Hovraett_etc_export_job_4502445_845640_Svea_Hovraett_-_Advokatfiskalen_Jaemtlands_laen__1702__3-6edbb12a/0003_DSC_0372/r2l23,814.0,104.0,500.92,63,34,0,34,29,False,ok,0,0.23529411764705882
Svea_Hovraett_etc_export_job_4502445_845640_Svea_Hovraett_-_Advokatfiskalen_Jaemtlands_laen__1702__3-6edbb12a/0003_DSC_0372/r2l24,78.0,86.0,58.05,8,2,0,2,6,False,empty,1,1.0
Svea_Hovraett_etc_export_job_4502445_845640_Svea_Hovraett_-_Advokatfiskalen_Jaemtlands_laen__1702__3-6edbb12a/0004_DSC_0374/r1l1,713.0,143.0,319.1,40,36,2,38,2,False,ok,0,0.6388888888888888
Svea_Hovraett_etc_export_job_4502445_845640_Svea_Hovraett_-_Advokatfiskalen_Jaemtlands_laen__1702__3-6edbb12a/0004_DSC_0374/r1l2,703.0,132.0,340.85,43,31,0,31,12,False,ok,0,0.7096774193548387
Svea_Hovraett_etc_export_job_4502445_845640_Svea_Hovraett_-_Advokatfiskalen_Jaemtlands_laen__1702__3-6edbb12a/0004_DSC_0374/r1l3,717.0,134.0,342.45,43,34,2,36,7,False,ok,0,0.8823529411764706
Svea_Hovraett_etc_export_job_4502445_845640_Svea_Hovraett_-_Advokatfiskalen_Jaemtlands_laen__1702__3-6edbb12a/0004_DSC_0374/r1l4,705.0,119.0,379.16,48,35,1,36,12,False,ok,0,0.6571428571428571
Svea_Hovraett_etc_export_job_4502445_845640_Svea_Hovraett_-_Advokatfiskalen_Jaemtlands_laen__1702__3-6edbb12a/0004_DSC_0374/r1l5,587.0,121.0,310.48,39,24,0,24,15,False,ok,0,0.6666666666666666
Svea_Hovraett_etc_export_job_4502445_845640_Svea_Hovraett_-_Advokatfiskalen_Jaemtlands_laen__1702__3-6edbb12a/0004_DSC_0374/r1l6,750.0,144.0,333.33,42,33,1,34,8,False,ok,0,0.7878787878787878
Svea_Hovraett_etc_export_job_4502445_845640_Svea_Hovraett_-_Advokatfiskalen_Jaemtlands_laen__1702__3-6edbb12a/0004_DSC_0374/r1l7,726.0,128.0,363.0,46,30,2,32,14,False,ok,0,0.6333333333333333
Svea_Hovraett_etc_export_job_4502445_845640_Svea_Hovraett_-_Advokatfiskalen_Jaemtlands_laen__1702__3-6edbb12a/0004_DSC_0374/r1l8,767.0,110.0,446.25,56,34,1,35,21,False,ok,0,0.35294117647058826
Svea_Hovraett_etc_export_job_4502445_845640_Svea_Hovraett_-_Advokatfiskalen_Jaemtlands_laen__1702__3-6edbb12a/0004_DSC_0374/r1l9,725.0,99.0,468.69,59,30,1,31,28,False,ok,0,0.16666666666666666
Svea_Hovraett_etc_export_job_4502445_845640_Svea_Hovraett_-_Advokatfiskalen_Jaemtlands_laen__1702__3-6edbb12a/0004_DSC_0374/r1l10,736.0,113.0,416.85,53,31,3,34,19,False,ok,0,0.4838709677419355
Svea_Hovraett_etc_export_job_4502445_845640_Svea_Hovraett_-_Advokatfiskalen_Jaemtlands_laen__1702__3-6edbb12a/0004_DSC_0374/r1l11,710.0,122.0,372.46,47,32,2,34,13,False,ok,0,0.5
Svea_Hovraett_etc_export_job_4502445_845640_Svea_Hovraett_-_Advokatfiskalen_Jaemtlands_laen__1702__3-6edbb12a/0004_DSC_0374/r1l12,710.0,105.0,432.76,55,30,1,31,24,False,ok,0,0.4666666666666667
Svea_Hovraett_etc_export_job_4502445_845640_Svea_Hovraett_-_Advokatfiskalen_Jaemtlands_laen__1702__3-6edbb12a/0004_DSC_0374/r1l13,765.0,136.0,360.0,45,36,1,37,8,False,ok,0,0.5833333333333334
Svea_Hovraett_etc_export_job_4502445_845640_Svea_Hovraett_-_Advokatfiskalen_Jaemtlands_laen__1702__3-6edbb12a/0004_DSC_0374/r1l14,769.0,103.0,477.83,60,35,2,37,23,False,ok,0,0.2857142857142857
Svea_Hovraett_etc_export_job_4502445_845640_Svea_Hovraett_-_Advokatfiskalen_Jaemtlands_laen__1702__3-6edbb12a/0004_DSC_0374/r1l15,775.0,112.0,442.86,56,32,2,34,22,False,ok,0,0.28125
Svea_Hovraett_etc_export_job_4502445_845640_Svea_Hovraett_-_Advokatfiskalen_Jaemtlands_laen__1702__3-6edbb12a/0004_DSC_0374/r1l16,774.0,95.0,521.43,66,30,1,31,35,False,ok,0,0.2
Svea_Hovraett_etc_export_job_4502445_845640_Svea_Hovraett_-_Advokatfiskalen_Jaemtlands_laen__1702__3-6edbb12a/0004_DSC_0374/r1l17,785.0,111.0,452.61,57,37,1,38,19,False,ok,0,0.13513513513513514
Svea_Hovraett_etc_export_job_4502445_845640_Svea_Hovraett_-_Advokatfiskalen_Jaemtlands_laen__1702__3-6edbb12a/0004_DSC_0374/r1l19,809.0,105.0,493.1,62,34,2,36,26,False,ok,0,0.0
Svea_Hovraett_etc_export_job_4502445_845640_Svea_Hovraett_-_Advokatfiskalen_Jaemtlands_laen__1702__3-6edbb12a/0004_DSC_0374/r1l20,811.0,102.0,508.86,64,35,2,37,27,False,ok,0,0.17142857142857143
Svea_Hovraett_etc_export_job_4502445_845640_Svea_Hovraett_-_Advokatfiskalen_Jaemtlands_laen__1702__3-6edbb12a/0004_DSC_0374/r1l23,790.0,97.0,521.24,66,33,3,36,30,False,ok,0,0.18181818181818182
Svea_Hovraett_etc_export_job_4502445_845640_Svea_Hovraett_-_Advokatfiskalen_Jaemtlands_laen__1702__3-6edbb12a/0004_DSC_0374/r1l24,826.0,103.0,513.24,65,33,3,36,29,False,ok,0,0.30303030303030304
Svea_Hovraett_etc_export_job_4502445_845640_Svea_Hovraett_-_Advokatfiskalen_Jaemtlands_laen__1702__3-6edbb12a/0004_DSC_0374/r1l25,128.0,63.0,130.03,17,7,1,8,9,False,ok,0,0.8571428571428571
Svea_Hovraett_etc_export_job_4502445_845640_Svea_Hovraett_-_Advokatfiskalen_Jaemtlands_laen__1702__3-6edbb12a/0004_DSC_0374/r2l1,59.0,71.0,53.18,7,3,0,3,4,False,ok,0,0.3333333333333333
Svea_Hovraett_etc_export_job_4502445_845640_Svea_Hovraett_-_Advokatfiskalen_Jaemtlands_laen__1702__3-6edbb12a/0004_DSC_0374/r2l2,654.0,132.0,317.09,40,32,2,34,6,False,ok,0,0.59375
Svea_Hovraett_etc_export_job_4502445_845640_Svea_Hovraett_-_Advokatfiskalen_Jaemtlands_laen__1702__3-6edbb12a/0004_DSC_0374/r2l3,671.0,124.0,346.32,44,32,1,33,11,False,ok,0,0.84375
Svea_Hovraett_etc_export_job_4502445_845640_Svea_Hovraett_-_Advokatfiskalen_Jaemtlands_laen__1702__3-6edbb12a/0004_DSC_0374/r2l4,666.0,118.0,361.22,46,36,1,37,9,False,ok,0,0.5833333333333334
Svea_Hovraett_etc_export_job_4502445_845640_Svea_Hovraett_-_Advokatfiskalen_Jaemtlands_laen__1702__3-6edbb12a/0004_DSC_0374/r2l5,689.0,123.0,358.5,45,37,2,39,6,False,ok,0,0.6216216216216216
Svea_Hovraett_etc_export_job_4502445_845640_Svea_Hovraett_-_Advokatfiskalen_Jaemtlands_laen__1702__3-6edbb12a/0004_DSC_0374/r2l6,687.0,122.0,360.39,46,35,0,35,11,False,ok,0,0.6
Svea_Hovraett_etc_export_job_4502445_845640_Svea_Hovraett_-_Advokatfiskalen_Jaemtlands_laen__1702__3-6edbb12a/0004_DSC_0374/r2l7,688.0,112.0,393.14,50,42,0,42,8,False,ok,0,0.42857142857142855
Svea_Hovraett_etc_export_job_4502445_845640_Svea_Hovraett_-_Advokatfiskalen_Jaemtlands_laen__1702__3-6edbb12a/0004_DSC_0374/r2l8,673.0,115.0,374.54,47,27,0,27,20,False,ok,0,0.4444444444444444
Svea_Hovraett_etc_export_job_4502445_845640_Svea_Hovraett_-_Advokatfiskalen_Jaemtlands_laen__1702__3-6edbb12a/0004_DSC_0374/r2l9,679.0,104.0,417.85,53,35,0,35,18,False,ok,0,0.2571428571428571
Svea_Hovraett_etc_export_job_4502445_845640_Svea_Hovraett_-_Advokatfiskalen_Jaemtlands_laen__1702__3-6edbb12a/0004_DSC_0374/r2l10,682.0,100.0,436.48,55,32,1,33,22,False,ok,0,0.1875
Svea_Hovraett_etc_export_job_4502445_845640_Svea_Hovraett_-_Advokatfiskalen_Jaemtlands_laen__1702__3-6edbb12a/0004_DSC_0374/r2l11,673.0,111.0,388.04,49,30,1,31,18,False,ok,0,0.23333333333333334
Svea_Hovraett_etc_export_job_4502445_845640_Svea_Hovraett_-_Advokatfiskalen_Jaemtlands_laen__1702__3-6edbb12a/0004_DSC_0374/r2l12,688.0,87.0,506.11,64,32,2,34,30,False,ok,0,0.15625
Svea_Hovraett_etc_export_job_4502445_845640_Svea_Hovraett_-_Advokatfiskalen_Jaemtlands_laen__1702__3-6edbb12a/0004_DSC_0374/r2l13,693.0,98.0,452.57,57,31,1,32,25,False,ok,0,0.0967741935483871
Svea_Hovraett_etc_export_job_4502445_845640_Svea_Hovraett_-_Advokatfiskalen_Jaemtlands_laen__1702__3-6edbb12a/0004_DSC_0374/r2l14,693.0,108.0,410.67,52,32,2,34,18,False,ok,0,0.28125
Svea_Hovraett_etc_export_job_4502445_845640_Svea_Hovraett_-_Advokatfiskalen_Jaemtlands_laen__1702__3-6edbb12a/0004_DSC_0374/r2l15,721.0,103.0,448.0,56,37,2,39,17,False,ok,0,0.1891891891891892
Svea_Hovraett_etc_export_job_4502445_845640_Svea_Hovraett_-_Advokatfiskalen_Jaemtlands_laen__1702__3-6edbb12a/0004_DSC_0374/r2l16,716.0,87.0,526.71,66,30,3,33,33,False,ok,0,0.16666666666666666
Svea_Hovraett_etc_export_job_4502445_845640_Svea_Hovraett_-_Advokatfiskalen_Jaemtlands_laen__1702__3-6edbb12a/0004_DSC_0374/r2l17,709.0,95.0,477.64,60,33,1,34,26,False,ok,0,0.15151515151515152
Svea_Hovraett_etc_export_job_4502445_845640_Svea_Hovraett_-_Advokatfiskalen_Jaemtlands_laen__1702__3-6edbb12a/0004_DSC_0374/r2l18,743.0,95.0,500.55,63,37,2,39,24,False,ok,0,0.21621621621621623
Svea_Hovraett_etc_export_job_4502445_845640_Svea_Hovraett_-_Advokatfiskalen_Jaemtlands_laen__1702__3-6edbb12a/0004_DSC_0374/r2l19,714.0,95.0,481.01,61,29,1,30,31,False,ok,0,0.27586206896551724
Svea_Hovraett_etc_export_job_4502445_845640_Svea_Hovraett_-_Advokatfiskalen_Jaemtlands_laen__1702__3-6edbb12a/0004_DSC_0374/r2l20,744.0,105.0,453.49,57,29,1,30,27,False,ok,0,0.3103448275862069
Svea_Hovraett_etc_export_job_4502445_845640_Svea_Hovraett_-_Advokatfiskalen_Jaemtlands_laen__1702__3-6edbb12a/0004_DSC_0374/r2l21,772.0,102.0,484.39,61,32,1,33,28,False,ok,0,0.15625
Svea_Hovraett_etc_export_job_4502445_845640_Svea_Hovraett_-_Advokatfiskalen_Jaemtlands_laen__1702__3-6edbb12a/0004_DSC_0374/r2l22,774.0,112.0,442.29,56,32,1,33,23,False,ok,0,0.125
Svea_Hovraett_etc_export_job_4502445_845640_Svea_Hovraett_-_Advokatfiskalen_Jaemtlands_laen__1702__3-6edbb12a/0004_DSC_0374/r2l23,153.0,65.0,150.65,19,4,0,4,15,False,ok,0,1.0
Svea_Hovraett_etc_export_job_4502445_845640_Svea_Hovraett_-_Advokatfiskalen_Jaemtlands_laen__1702__3-6edbb12a/0005_DSC_0375/r1l1,685.0,85.0,515.76,65,33,0,33,32,False,ok,0,0.15151515151515152
Svea_Hovraett_etc_export_job_4502445_845640_Svea_Hovraett_-_Advokatfiskalen_Jaemtlands_laen__1702__3-6edbb12a/0005_DSC_0375/r1l2,707.0,86.0,526.14,66,38,0,38,28,False,ok,0,0.15789473684210525
Svea_Hovraett_etc_export_job_4502445_845640_Svea_Hovraett_-_Advokatfiskalen_Jaemtlands_laen__1702__3-6edbb12a/0005_DSC_0375/r1l3,551.0,88.0,400.73,51,27,2,29,22,False,ok,0,0.07407407407407407
Svea_Hovraett_etc_export_job_4502445_845640_Svea_Hovraett_-_Advokatfiskalen_Jaemtlands_laen__1702__3-6edbb12a/0005_DSC_0375/r1l4,739.0,91.0,519.74,65,39,1,40,25,False,ok,0,0.23076923076923078
Svea_Hovraett_etc_export_job_4502445_845640_Svea_Hovraett_-_Advokatfiskalen_Jaemtlands_laen__1702__3-6edbb12a/0005_DSC_0375/r1l5,715.0,92.0,497.39,63,40,0,40,23,False,ok,0,0.225
Svea_Hovraett_etc_export_job_4502445_845640_Svea_Hovraett_-_Advokatfiskalen_Jaemtlands_laen__1702__3-6edbb12a/0005_DSC_0375/r1l6,738.0,80.0,590.4,74,33,1,34,40,False,ok,0,0.2727272727272727
Svea_Hovraett_etc_export_job_4502445_845640_Svea_Hovraett_-_Advokatfiskalen_Jaemtlands_laen__1702__3-6edbb12a/0005_DSC_0375/r1l8,709.0,87.0,521.56,66,38,4,42,24,False,ok,0,0.10526315789473684
Svea_Hovraett_etc_export_job_4502445_845640_Svea_Hovraett_-_Advokatfiskalen_Jaemtlands_laen__1702__3-6edbb12a/0005_DSC_0375/r1l9,738.0,93.0,507.87,64,34,2,36,28,False,ok,0,0.08823529411764706
Svea_Hovraett_etc_export_job_4502445_845640_Svea_Hovraett_-_Advokatfiskalen_Jaemtlands_laen__1702__3-6edbb12a/0005_DSC_0375/r1l10,752.0,104.0,462.77,58,36,2,38,20,False,ok,0,0.3333333333333333
Svea_Hovraett_etc_export_job_4502445_845640_Svea_Hovraett_-_Advokatfiskalen_Jaemtlands_laen__1702__3-6edbb12a/0005_DSC_0375/r1l11,747.0,84.0,569.14,72,36,3,39,33,False,ok,0,0.05555555555555555
Svea_Hovraett_etc_export_job_4502445_845640_Svea_Hovraett_-_Advokatfiskalen_Jaemtlands_laen__1702__3-6edbb12a/0005_DSC_0375/r1l12,753.0,106.0,454.64,57,37,2,39,18,False,ok,0,0.2702702702702703
Svea_Hovraett_etc_export_job_4502445_845640_Svea_Hovraett_-_Advokatfiskalen_Jaemtlands_laen__1702__3-6edbb12a/0005_DSC_0375/r1l13,761.0,113.0,431.01,54,31,0,31,23,False,ok,0,0.0967741935483871
Svea_Hovraett_etc_export_job_4502445_845640_Svea_Hovraett_-_Advokatfiskalen_Jaemtlands_laen__1702__3-6edbb12a/0005_DSC_0375/r1l14,768.0,113.0,434.97,55,37,0,37,18,False,ok,0,0.24324324324324326
Svea_Hovraett_etc_export_job_4502445_845640_Svea_Hovraett_-_Advokatfiskalen_Jaemtlands_laen__1702__3-6edbb12a/0005_DSC_0375/r1l15,780.0,111.0,449.73,57,36,1,37,20,False,ok,0,0.2222222222222222
Svea_Hovraett_etc_export_job_4502445_845640_Svea_Hovraett_-_Advokatfiskalen_Jaemtlands_laen__1702__3-6edbb12a/0005_DSC_0375/r1l16,765.0,102.0,480.0,60,33,0,33,27,False,ok,0,0.030303030303030304
Svea_Hovraett_etc_export_job_4502445_845640_Svea_Hovraett_-_Advokatfiskalen_Jaemtlands_laen__1702__3-6edbb12a/0005_DSC_0375/r1l17,775.0,88.0,563.64,71,32,0,32,39,False,ok,0,0.09375
Svea_Hovraett_etc_export_job_4502445_845640_Svea_Hovraett_-_Advokatfiskalen_Jaemtlands_laen__1702__3-6edbb12a/0005_DSC_0375/r1l18,760.0,103.0,472.23,60,34,2,36,24,False,ok,0,0.14705882352941177
Svea_Hovraett_etc_export_job_4502445_845640_Svea_Hovraett_-_Advokatfiskalen_Jaemtlands_laen__1702__3-6edbb12a/0005_DSC_0375/r1l19,784.0,99.0,506.83,64,37,2,39,25,False,ok,0,0.08108108108108109
Svea_Hovraett_etc_export_job_4502445_845640_Svea_Hovraett_-_Advokatfiskalen_Jaemtlands_laen__1702__3-6edbb12a/0005_DSC_0375/r1l20,784.0,97.0,517.28,65,32,1,33,32,False,ok,0,0.09375
Svea_Hovraett_etc_export_job_4502445_845640_Svea_Hovraett_-_Advokatfiskalen_Jaemtlands_laen__1702__3-6edbb12a/0005_DSC_0375/r1l21,778.0,86.0,578.98,73,33,0,33,40,False,ok,0,0.18181818181818182
Svea_Hovraett_etc_export_job_4502445_845640_Svea_Hovraett_-_Advokatfiskalen_Jaemtlands_laen__1702__3-6edbb12a/0005_DSC_0375/r1l22,790.0,104.0,486.15,61,29,3,32,29,False,ok,0,0.034482758620689655
Svea_Hovraett_etc_export_job_4502445_845640_Svea_Hovraett_-_Advokatfiskalen_Jaemtlands_laen__1702__3-6edbb12a/0005_DSC_0375/r1l23,86.0,93.0,59.18,8,3,0,3,5,False,empty,1,1.0
Svea_Hovraett_etc_export_job_4502445_845640_Svea_Hovraett_-_Advokatfiskalen_Jaemtlands_laen__1702__3-6edbb12a/0005_DSC_0375/r2l1,87.0,63.0,88.38,12,3,0,3,9,False,ok,0,0.3333333333333333
Svea_Hovraett_etc_export_job_4502445_845640_Svea_Hovraett_-_Advokatfiskalen_Jaemtlands_laen__1702__3-6edbb12a/0005_DSC_0375/r2l2,646.0,167.0,247.57,31,35,0,35,-4,True,ok,0,0.8
Svea_Hovraett_etc_export_job_4502445_845640_Svea_Hovraett_-_Advokatfiskalen_Jaemtlands_laen__1702__3-6edbb12a/0005_DSC_0375/r2l3,689.0,156.0,282.67,36,37,0,37,-1,True,ok,0,0.8918918918918919
Svea_Hovraett_etc_export_job_4502445_845640_Svea_Hovraett_-_Advokatfiskalen_Jaemtlands_laen__1702__3-6edbb12a/0005_DSC_0375/line_1638196940561_385,657.0,142.0,296.11,38,31,0,31,7,False,ok,0,0.7096774193548387
Svea_Hovraett_etc_export_job_4502445_845640_Svea_Hovraett_-_Advokatfiskalen_Jaemtlands_laen__1702__3-6edbb12a/0005_DSC_0375/r2l6,668.0,137.0,312.06,40,30,2,32,8,False,ok,0,0.8
Svea_Hovraett_etc_export_job_4502445_845640_Svea_Hovraett_-_Advokatfiskalen_Jaemtlands_laen__1702__3-6edbb12a/0005_DSC_0375/r2l7,553.0,151.0,234.38,30,29,0,29,1,False,ok,0,0.8620689655172413
Svea_Hovraett_etc_export_job_4502445_845640_Svea_Hovraett_-_Advokatfiskalen_Jaemtlands_laen__1702__3-6edbb12a/0005_DSC_0375/r2l8,671.0,144.0,298.22,38,38,1,39,-1,True,ok,0,0.8421052631578947
Svea_Hovraett_etc_export_job_4502445_845640_Svea_Hovraett_-_Advokatfiskalen_Jaemtlands_laen__1702__3-6edbb12a/0005_DSC_0375/r2l9,676.0,130.0,332.8,42,34,2,36,6,False,ok,0,0.5
Svea_Hovraett_etc_export_job_4502445_845640_Svea_Hovraett_-_Advokatfiskalen_Jaemtlands_laen__1702__3-6edbb12a/0005_DSC_0375/r2l10,679.0,144.0,301.78,38,33,1,34,4,False,ok,0,0.7878787878787878
Svea_Hovraett_etc_export_job_4502445_845640_Svea_Hovraett_-_Advokatfiskalen_Jaemtlands_laen__1702__3-6edbb12a/0005_DSC_0375/r2l11,679.0,113.0,384.57,49,34,1,35,14,False,ok,0,0.29411764705882354
Svea_Hovraett_etc_export_job_4502445_845640_Svea_Hovraett_-_Advokatfiskalen_Jaemtlands_laen__1702__3-6edbb12a/0005_DSC_0375/r2l12,680.0,113.0,385.13,49,36,2,38,11,False,ok,0,0.3055555555555556
Svea_Hovraett_etc_export_job_4502445_845640_Svea_Hovraett_-_Advokatfiskalen_Jaemtlands_laen__1702__3-6edbb12a/0005_DSC_0375/r2l13,686.0,121.0,362.84,46,35,0,35,11,False,ok,0,0.22857142857142856
Svea_Hovraett_etc_export_job_4502445_845640_Svea_Hovraett_-_Advokatfiskalen_Jaemtlands_laen__1702__3-6edbb12a/0005_DSC_0375/r2l14,713.0,116.0,393.38,50,32,1,33,17,False,ok,0,0.34375
Svea_Hovraett_etc_export_job_4502445_845640_Svea_Hovraett_-_Advokatfiskalen_Jaemtlands_laen__1702__3-6edbb12a/0005_DSC_0375/r2l15,706.0,99.0,456.4,58,34,1,35,23,False,ok,0,0.2647058823529412
Svea_Hovraett_etc_export_job_4502445_845640_Svea_Hovraett_-_Advokatfiskalen_Jaemtlands_laen__1702__3-6edbb12a/0005_DSC_0375/r2l16,703.0,95.0,473.6,60,32,2,34,26,False,ok,0,0.21875
Svea_Hovraett_etc_export_job_4502445_845640_Svea_Hovraett_-_Advokatfiskalen_Jaemtlands_laen__1702__3-6edbb12a/0005_DSC_0375/r2l17,725.0,86.0,539.53,68,35,4,39,29,False,ok,0,0.2571428571428571
Svea_Hovraett_etc_export_job_4502445_845640_Svea_Hovraett_-_Advokatfiskalen_Jaemtlands_laen__1702__3-6edbb12a/0005_DSC_0375/r2l18,727.0,105.0,443.12,56,37,0,37,19,False,ok,0,0.3783783783783784
Svea_Hovraett_etc_export_job_4502445_845640_Svea_Hovraett_-_Advokatfiskalen_Jaemtlands_laen__1702__3-6edbb12a/0005_DSC_0375/r2l19,724.0,103.0,449.86,57,36,2,38,19,False,ok,0,0.16666666666666666
Svea_Hovraett_etc_export_job_4502445_845640_Svea_Hovraett_-_Advokatfiskalen_Jaemtlands_laen__1702__3-6edbb12a/0005_DSC_0375/r2l20,710.0,103.0,441.17,56,36,3,39,17,False,ok,0,0.25
Svea_Hovraett_etc_export_job_4502445_845640_Svea_Hovraett_-_Advokatfiskalen_Jaemtlands_laen__1702__3-6edbb12a/0005_DSC_0375/r2l22,99.0,69.0,91.83,12,9,1,10,2,False,empty,1,1.0
Svea_Hovraett_etc_export_job_4502445_845640_Svea_Hovraett_-_Advokatfiskalen_Jaemtlands_laen__1702__3-6edbb12a/0005_DSC_0375/r2l23,727.0,130.0,357.91,45,37,1,38,7,False,ok,0,0.4864864864864865
Svea_Hovraett_etc_export_job_4502445_845640_Svea_Hovraett_-_Advokatfiskalen_Jaemtlands_laen__1702__3-6edbb12a/0005_DSC_0375/r2l24,721.0,113.0,408.35,52,36,0,36,16,False,ok,0,0.6388888888888888
Svea_Hovraett_etc_export_job_4502445_845640_Svea_Hovraett_-_Advokatfiskalen_Jaemtlands_laen__1702__3-6edbb12a/0005_DSC_0375/r2l25,159.0,78.0,130.46,17,6,0,6,11,False,empty,1,1.0
Svea_Hovraett_etc_export_job_4502445_845640_Svea_Hovraett_-_Advokatfiskalen_Jaemtlands_laen__1702__3-6edbb12a/0006_DSC_0377/r1l1,614.0,102.0,385.25,49,39,2,41,8,False,ok,0,0.2564102564102564
Svea_Hovraett_etc_export_job_4502445_845640_Svea_Hovraett_-_Advokatfiskalen_Jaemtlands_laen__1702__3-6edbb12a/0006_DSC_0377/r1l2,636.0,100.0,407.04,51,32,0,32,19,False,ok,0,0.4375
Svea_Hovraett_etc_export_job_4502445_845640_Svea_Hovraett_-_Advokatfiskalen_Jaemtlands_laen__1702__3-6edbb12a/0006_DSC_0377/r1l3,654.0,105.0,398.63,50,38,3,41,9,False,ok,0,0.3157894736842105
Svea_Hovraett_etc_export_job_4502445_845640_Svea_Hovraett_-_Advokatfiskalen_Jaemtlands_laen__1702__3-6edbb12a/0006_DSC_0377/r1l4,650.0,100.0,416.0,52,33,1,34,18,False,ok,0,0.2727272727272727
Svea_Hovraett_etc_export_job_4502445_845640_Svea_Hovraett_-_Advokatfiskalen_Jaemtlands_laen__1702__3-6edbb12a/0006_DSC_0377/r1l5,650.0,97.0,428.87,54,31,1,32,22,False,ok,0,0.3870967741935484
Svea_Hovraett_etc_export_job_4502445_845640_Svea_Hovraett_-_Advokatfiskalen_Jaemtlands_laen__1702__3-6edbb12a/0006_DSC_0377/r1l6,647.0,95.0,435.87,55,30,2,32,23,False,ok,0,0.16666666666666666
Svea_Hovraett_etc_export_job_4502445_845640_Svea_Hovraett_-_Advokatfiskalen_Jaemtlands_laen__1702__3-6edbb12a/0006_DSC_0377/r1l7,680.0,92.0,473.04,60,37,1,38,22,False,ok,0,0.2972972972972973
Svea_Hovraett_etc_export_job_4502445_845640_Svea_Hovraett_-_Advokatfiskalen_Jaemtlands_laen__1702__3-6edbb12a/0006_DSC_0377/r1l8,688.0,87.0,506.11,64,36,1,37,27,False,ok,0,0.2777777777777778
Svea_Hovraett_etc_export_job_4502445_845640_Svea_Hovraett_-_Advokatfiskalen_Jaemtlands_laen__1702__3-6edbb12a/0006_DSC_0377/r1l9,681.0,88.0,495.27,62,32,0,32,30,False,ok,0,0.125
Svea_Hovraett_etc_export_job_4502445_845640_Svea_Hovraett_-_Advokatfiskalen_Jaemtlands_laen__1702__3-6edbb12a/0006_DSC_0377/r1l10,179.0,75.0,152.75,20,9,1,10,10,False,ok,0,0.1111111111111111
Svea_Hovraett_etc_export_job_4502445_845640_Svea_Hovraett_-_Advokatfiskalen_Jaemtlands_laen__1702__3-6edbb12a/0006_DSC_0377/r1l11,701.0,139.0,322.76,41,37,2,39,2,False,ok,0,0.3783783783783784
Svea_Hovraett_etc_export_job_4502445_845640_Svea_Hovraett_-_Advokatfiskalen_Jaemtlands_laen__1702__3-6edbb12a/0006_DSC_0377/r1l12,716.0,112.0,409.14,52,34,0,34,18,False,ok,0,0.23529411764705882
Svea_Hovraett_etc_export_job_4502445_845640_Svea_Hovraett_-_Advokatfiskalen_Jaemtlands_laen__1702__3-6edbb12a/0006_DSC_0377/r1l13,724.0,92.0,503.65,63,35,2,37,26,False,ok,0,0.0
Svea_Hovraett_etc_export_job_4502445_845640_Svea_Hovraett_-_Advokatfiskalen_Jaemtlands_laen__1702__3-6edbb12a/0006_DSC_0377/r1l14,713.0,91.0,501.45,63,30,0,30,33,False,ok,0,0.06666666666666667
Svea_Hovraett_etc_export_job_4502445_845640_Svea_Hovraett_-_Advokatfiskalen_Jaemtlands_laen__1702__3-6edbb12a/0006_DSC_0377/r1l16,609.0,78.0,499.69,63,25,1,26,37,False,ok,0,0.12
Svea_Hovraett_etc_export_job_4502445_845640_Svea_Hovraett_-_Advokatfiskalen_Jaemtlands_laen__1702__3-6edbb12a/0006_DSC_0377/r1l17,729.0,103.0,452.97,57,33,1,34,23,False,ok,0,0.09090909090909091
Svea_Hovraett_etc_export_job_4502445_845640_Svea_Hovraett_-_Advokatfiskalen_Jaemtlands_laen__1702__3-6edbb12a/0006_DSC_0377/r1l18,742.0,95.0,499.87,63,32,2,34,29,False,ok,0,0.0625
Svea_Hovraett_etc_export_job_4502445_845640_Svea_Hovraett_-_Advokatfiskalen_Jaemtlands_laen__1702__3-6edbb12a/0006_DSC_0377/r1l19,736.0,98.0,480.65,61,31,2,33,28,False,ok,0,0.0967741935483871
Svea_Hovraett_etc_export_job_4502445_845640_Svea_Hovraett_-_Advokatfiskalen_Jaemtlands_laen__1702__3-6edbb12a/0006_DSC_0377/r1l20,736.0,100.0,471.04,59,35,2,37,22,False,ok,0,0.08571428571428572
Svea_Hovraett_etc_export_job_4502445_845640_Svea_Hovraett_-_Advokatfiskalen_Jaemtlands_laen__1702__3-6edbb12a/0006_DSC_0377/r1l21,733.0,91.0,515.52,65,33,1,34,31,False,ok,0,0.06060606060606061
Svea_Hovraett_etc_export_job_4502445_845640_Svea_Hovraett_-_Advokatfiskalen_Jaemtlands_laen__1702__3-6edbb12a/0006_DSC_0377/r1l22,779.0,121.0,412.03,52,33,0,33,19,False,ok,0,0.21212121212121213
Svea_Hovraett_etc_export_job_4502445_845640_Svea_Hovraett_-_Advokatfiskalen_Jaemtlands_laen__1702__3-6edbb12a/0006_DSC_0377/r1l23,93.0,86.0,69.21,9,2,0,2,7,False,ok,0,1.0
Svea_Hovraett_etc_export_job_4502445_845640_Svea_Hovraett_-_Advokatfiskalen_Jaemtlands_laen__1702__3-6edbb12a/0006_DSC_0377/r2l1,656.0,120.0,349.87,44,39,0,39,5,False,ok,0,0.8205128205128205
Svea_Hovraett_etc_export_job_4502445_845640_Svea_Hovraett_-_Advokatfiskalen_Jaemtlands_laen__1702__3-6edbb12a/0006_DSC_0377/r2l2,637.0,112.0,364.0,46,38,1,39,7,False,ok,0,0.5
Svea_Hovraett_etc_export_job_4502445_845640_Svea_Hovraett_-_Advokatfiskalen_Jaemtlands_laen__1702__3-6edbb12a/0006_DSC_0377/r2l3,599.0,104.0,368.62,47,35,1,36,11,False,ok,0,0.5428571428571428
Svea_Hovraett_etc_export_job_4502445_845640_Svea_Hovraett_-_Advokatfiskalen_Jaemtlands_laen__1702__3-6edbb12a/0006_DSC_0377/r2l5,642.0,127.0,323.53,41,34,0,34,7,False,ok,0,0.7058823529411765
Svea_Hovraett_etc_export_job_4502445_845640_Svea_Hovraett_-_Advokatfiskalen_Jaemtlands_laen__1702__3-6edbb12a/0006_DSC_0377/r2l6,655.0,124.0,338.06,43,37,1,38,5,False,ok,0,0.7567567567567568
Svea_Hovraett_etc_export_job_4502445_845640_Svea_Hovraett_-_Advokatfiskalen_Jaemtlands_laen__1702__3-6edbb12a/0006_DSC_0377/r2l7,649.0,95.0,437.22,55,34,2,36,19,False,ok,0,0.3235294117647059
Svea_Hovraett_etc_export_job_4502445_845640_Svea_Hovraett_-_Advokatfiskalen_Jaemtlands_laen__1702__3-6edbb12a/0006_DSC_0377/r2l8,695.0,122.0,364.59,46,39,1,40,6,False,ok,0,0.48717948717948717
Svea_Hovraett_etc_export_job_4502445_845640_Svea_Hovraett_-_Advokatfiskalen_Jaemtlands_laen__1702__3-6edbb12a/0006_DSC_0377/r2l9,660.0,104.0,406.15,51,32,1,33,18,False,ok,0,0.5
Svea_Hovraett_etc_export_job_4502445_845640_Svea_Hovraett_-_Advokatfiskalen_Jaemtlands_laen__1702__3-6edbb12a/0006_DSC_0377/r2l10,688.0,114.0,386.25,49,32,1,33,16,False,ok,0,0.5
Svea_Hovraett_etc_export_job_4502445_845640_Svea_Hovraett_-_Advokatfiskalen_Jaemtlands_laen__1702__3-6edbb12a/0006_DSC_0377/r2l11,664.0,101.0,420.75,53,33,0,33,20,False,ok,0,0.15151515151515152
Svea_Hovraett_etc_export_job_4502445_845640_Svea_Hovraett_-_Advokatfiskalen_Jaemtlands_laen__1702__3-6edbb12a/0006_DSC_0377/r2l12,563.0,104.0,346.46,44,27,1,28,16,False,ok,0,0.2222222222222222
Svea_Hovraett_etc_export_job_4502445_845640_Svea_Hovraett_-_Advokatfiskalen_Jaemtlands_laen__1702__3-6edbb12a/0006_DSC_0377/r2l13,693.0,101.0,439.13,55,32,1,33,22,False,ok,0,0.3125
Svea_Hovraett_etc_export_job_4502445_845640_Svea_Hovraett_-_Advokatfiskalen_Jaemtlands_laen__1702__3-6edbb12a/0006_DSC_0377/r2l15,323.0,96.0,215.33,27,17,1,18,9,False,ok,0,0.4117647058823529
Svea_Hovraett_etc_export_job_4502445_845640_Svea_Hovraett_-_Advokatfiskalen_Jaemtlands_laen__1702__3-6edbb12a/0006_DSC_0377/r2l16,689.0,102.0,432.31,55,35,2,37,18,False,ok,0,0.2857142857142857
Svea_Hovraett_etc_export_job_4502445_845640_Svea_Hovraett_-_Advokatfiskalen_Jaemtlands_laen__1702__3-6edbb12a/0006_DSC_0377/r2l17,708.0,102.0,444.24,56,35,3,38,18,False,ok,0,0.2571428571428571
Svea_Hovraett_etc_export_job_4502445_845640_Svea_Hovraett_-_Advokatfiskalen_Jaemtlands_laen__1702__3-6edbb12a/0006_DSC_0377/r2l18,671.0,99.0,433.78,55,34,2,36,19,False,ok,0,0.3235294117647059
Svea_Hovraett_etc_export_job_4502445_845640_Svea_Hovraett_-_Advokatfiskalen_Jaemtlands_laen__1702__3-6edbb12a/0006_DSC_0377/r2l19,701.0,99.0,453.17,57,34,1,35,22,False,ok,0,0.20588235294117646
Svea_Hovraett_etc_export_job_4502445_845640_Svea_Hovraett_-_Advokatfiskalen_Jaemtlands_laen__1702__3-6edbb12a/0006_DSC_0377/r2l20,696.0,70.0,636.34,80,35,1,36,44,False,ok,0,0.34285714285714286
Svea_Hovraett_etc_export_job_4502445_845640_Svea_Hovraett_-_Advokatfiskalen_Jaemtlands_laen__1702__3-6edbb12a/0006_DSC_0377/r2l21,719.0,92.0,500.17,63,33,2,35,28,False,ok,0,0.3333333333333333
Svea_Hovraett_etc_export_job_4502445_845640_Svea_Hovraett_-_Advokatfiskalen_Jaemtlands_laen__1702__3-6edbb12a/0006_DSC_0377/r2l22,695.0,87.0,511.26,64,30,1,31,33,False,ok,0,0.3333333333333333
Svea_Hovraett_etc_export_job_4502445_845640_Svea_Hovraett_-_Advokatfiskalen_Jaemtlands_laen__1702__3-6edbb12a/0006_DSC_0377/r2l23,735.0,102.0,461.18,58,39,2,41,17,False,ok,0,0.20512820512820512
Svea_Hovraett_etc_export_job_4502445_845640_Svea_Hovraett_-_Advokatfiskalen_Jaemtlands_laen__1702__3-6edbb12a/0006_DSC_0377/r2l24,104.0,116.0,57.38,8,5,1,6,2,False,ok,0,0.8
Svea_Hovraett_etc_export_job_4502445_845640_Svea_Hovraett_-_Advokatfiskalen_Jaemtlands_laen__1702__3-6edbb12a/0007_DSC_0378/r1l1,646.0,148.0,279.35,35,37,3,40,-5,True,ok,0,0.8108108108108109
Svea_Hovraett_etc_export_job_4502445_845640_Svea_Hovraett_-_Advokatfiskalen_Jaemtlands_laen__1702__3-6edbb12a/0007_DSC_0378/r1l2,654.0,129.0,324.47,41,35,1,36,5,False,ok,0,0.8285714285714286
Svea_Hovraett_etc_export_job_4502445_845640_Svea_Hovraett_-_Advokatfiskalen_Jaemtlands_laen__1702__3-6edbb12a/0007_DSC_0378/r1l3,654.0,143.0,292.7,37,34,2,36,1,False,ok,0,0.9117647058823529
Svea_Hovraett_etc_export_job_4502445_845640_Svea_Hovraett_-_Advokatfiskalen_Jaemtlands_laen__1702__3-6edbb12a/0007_DSC_0378/r1l4,627.0,97.0,413.69,52,29,2,31,21,False,ok,0,0.3793103448275862
Svea_Hovraett_etc_export_job_4502445_845640_Svea_Hovraett_-_Advokatfiskalen_Jaemtlands_laen__1702__3-6edbb12a/0007_DSC_0378/r1l5,659.0,119.0,354.42,45,32,2,34,11,False,ok,0,0.25
Svea_Hovraett_etc_export_job_4502445_845640_Svea_Hovraett_-_Advokatfiskalen_Jaemtlands_laen__1702__3-6edbb12a/0007_DSC_0378/r1l6,672.0,126.0,341.33,43,28,1,29,14,False,ok,0,0.75
Svea_Hovraett_etc_export_job_4502445_845640_Svea_Hovraett_-_Advokatfiskalen_Jaemtlands_laen__1702__3-6edbb12a/0007_DSC_0378/r1l7,706.0,117.0,386.19,49,30,3,33,16,False,ok,0,0.4666666666666667
Svea_Hovraett_etc_export_job_4502445_845640_Svea_Hovraett_-_Advokatfiskalen_Jaemtlands_laen__1702__3-6edbb12a/0007_DSC_0378/r1l8,667.0,112.0,381.14,48,28,1,29,19,False,ok,0,0.35714285714285715
Svea_Hovraett_etc_export_job_4502445_845640_Svea_Hovraett_-_Advokatfiskalen_Jaemtlands_laen__1702__3-6edbb12a/0007_DSC_0378/r1l9,651.0,105.0,396.8,50,27,0,27,23,False,ok,0,0.2962962962962963
Svea_Hovraett_etc_export_job_4502445_845640_Svea_Hovraett_-_Advokatfiskalen_Jaemtlands_laen__1702__3-6edbb12a/0007_DSC_0378/r1l10,656.0,101.0,415.68,52,32,2,34,18,False,ok,0,0.25
Svea_Hovraett_etc_export_job_4502445_845640_Svea_Hovraett_-_Advokatfiskalen_Jaemtlands_laen__1702__3-6edbb12a/0007_DSC_0378/r1l11,668.0,127.0,336.63,43,31,0,31,12,False,ok,0,0.45161290322580644
Svea_Hovraett_etc_export_job_4502445_845640_Svea_Hovraett_-_Advokatfiskalen_Jaemtlands_laen__1702__3-6edbb12a/0007_DSC_0378/r1l12,679.0,123.0,353.3,45,31,0,31,14,False,ok,0,0.3870967741935484
Svea_Hovraett_etc_export_job_4502445_845640_Svea_Hovraett_-_Advokatfiskalen_Jaemtlands_laen__1702__3-6edbb12a/0007_DSC_0378/r1l13,701.0,97.0,462.52,58,31,1,32,26,False,ok,0,0.22580645161290322
Svea_Hovraett_etc_export_job_4502445_845640_Svea_Hovraett_-_Advokatfiskalen_Jaemtlands_laen__1702__3-6edbb12a/0007_DSC_0378/r1l14,709.0,119.0,381.31,48,33,2,35,13,False,ok,0,0.36363636363636365
Svea_Hovraett_etc_export_job_4502445_845640_Svea_Hovraett_-_Advokatfiskalen_Jaemtlands_laen__1702__3-6edbb12a/0007_DSC_0378/r1l15,706.0,99.0,456.4,58,33,1,34,24,False,ok,0,0.2727272727272727
Svea_Hovraett_etc_export_job_4502445_845640_Svea_Hovraett_-_Advokatfiskalen_Jaemtlands_laen__1702__3-6edbb12a/0007_DSC_0378/r1l16,698.0,88.0,507.64,64,32,0,32,32,False,ok,0,0.28125
Svea_Hovraett_etc_export_job_4502445_845640_Svea_Hovraett_-_Advokatfiskalen_Jaemtlands_laen__1702__3-6edbb12a/0007_DSC_0378/r1l18,93.0,52.0,114.46,15,3,0,3,12,False,ok,0,1.0
Svea_Hovraett_etc_export_job_4502445_845640_Svea_Hovraett_-_Advokatfiskalen_Jaemtlands_laen__1702__3-6edbb12a/0007_DSC_0378/r1l19,700.0,137.0,327.01,41,30,1,31,10,False,ok,0,0.2
Svea_Hovraett_etc_export_job_4502445_845640_Svea_Hovraett_-_Advokatfiskalen_Jaemtlands_laen__1702__3-6edbb12a/0007_DSC_0378/r1l20,739.0,102.0,463.69,58,24,0,24,34,False,ok,0,0.16666666666666666
Svea_Hovraett_etc_export_job_4502445_845640_Svea_Hovraett_-_Advokatfiskalen_Jaemtlands_laen__1702__3-6edbb12a/0007_DSC_0378/r1l21,741.0,112.0,423.43,53,34,2,36,17,False,ok,0,0.20588235294117646
Svea_Hovraett_etc_export_job_4502445_845640_Svea_Hovraett_-_Advokatfiskalen_Jaemtlands_laen__1702__3-6edbb12a/0007_DSC_0378/r1l22,727.0,100.0,465.28,59,34,1,35,24,False,ok,0,0.3235294117647059
Svea_Hovraett_etc_export_job_4502445_845640_Svea_Hovraett_-_Advokatfiskalen_Jaemtlands_laen__1702__3-6edbb12a/0007_DSC_0378/r1l23,106.0,108.0,62.81,8,5,1,6,2,False,ok,0,1.0
Svea_Hovraett_etc_export_job_4502445_845640_Svea_Hovraett_-_Advokatfiskalen_Jaemtlands_laen__1702__3-6edbb12a/0007_DSC_0378/r2l1,654.0,112.0,373.71,47,38,3,41,6,False,ok,0,0.5526315789473685
Svea_Hovraett_etc_export_job_4502445_845640_Svea_Hovraett_-_Advokatfiskalen_Jaemtlands_laen__1702__3-6edbb12a/0007_DSC_0378/r2l2,641.0,126.0,325.59,41,37,2,39,2,False,ok,0,0.7837837837837838
Svea_Hovraett_etc_export_job_4502445_845640_Svea_Hovraett_-_Advokatfiskalen_Jaemtlands_laen__1702__3-6edbb12a/0007_DSC_0378/r2l3,653.0,110.0,379.93,48,33,1,34,14,False,ok,0,0.7272727272727273
Svea_Hovraett_etc_export_job_4502445_845640_Svea_Hovraett_-_Advokatfiskalen_Jaemtlands_laen__1702__3-6edbb12a/0007_DSC_0378/r2l4,655.0,106.0,395.47,50,34,0,34,16,False,ok,0,0.5882352941176471
Svea_Hovraett_etc_export_job_4502445_845640_Svea_Hovraett_-_Advokatfiskalen_Jaemtlands_laen__1702__3-6edbb12a/0007_DSC_0378/r2l5,658.0,83.0,507.37,64,40,2,42,22,False,ok,0,0.35
Svea_Hovraett_etc_export_job_4502445_845640_Svea_Hovraett_-_Advokatfiskalen_Jaemtlands_laen__1702__3-6edbb12a/0007_DSC_0378/r2l6,647.0,99.0,418.26,53,34,1,35,18,False,ok,0,0.4411764705882353
Svea_Hovraett_etc_export_job_4502445_845640_Svea_Hovraett_-_Advokatfiskalen_Jaemtlands_laen__1702__3-6edbb12a/0007_DSC_0378/r2l7,648.0,99.0,418.91,53,34,0,34,19,False,ok,0,0.2647058823529412
Svea_Hovraett_etc_export_job_4502445_845640_Svea_Hovraett_-_Advokatfiskalen_Jaemtlands_laen__1702__3-6edbb12a/0007_DSC_0378/r2l8,674.0,96.0,449.33,57,36,2,38,19,False,ok,0,0.3333333333333333
Svea_Hovraett_etc_export_job_4502445_845640_Svea_Hovraett_-_Advokatfiskalen_Jaemtlands_laen__1702__3-6edbb12a/0007_DSC_0378/r2l9,639.0,90.0,454.4,57,38,1,39,18,False,ok,0,0.42105263157894735
Svea_Hovraett_etc_export_job_4502445_845640_Svea_Hovraett_-_Advokatfiskalen_Jaemtlands_laen__1702__3-6edbb12a/0007_DSC_0378/r2l10,659.0,108.0,390.52,49,33,0,33,16,False,ok,0,0.3939393939393939
Svea_Hovraett_etc_export_job_4502445_845640_Svea_Hovraett_-_Advokatfiskalen_Jaemtlands_laen__1702__3-6edbb12a/0007_DSC_0378/r2l11,650.0,116.0,358.62,45,31,3,34,11,False,ok,0,0.25806451612903225
Svea_Hovraett_etc_export_job_4502445_845640_Svea_Hovraett_-_Advokatfiskalen_Jaemtlands_laen__1702__3-6edbb12a/0007_DSC_0378/r2l12,678.0,96.0,452.0,57,31,0,31,26,False,ok,0,0.12903225806451613
Svea_Hovraett_etc_export_job_4502445_845640_Svea_Hovraett_-_Advokatfiskalen_Jaemtlands_laen__1702__3-6edbb12a/0007_DSC_0378/r2l13,690.0,99.0,446.06,56,34,2,36,20,False,ok,0,0.17647058823529413
Svea_Hovraett_etc_export_job_4502445_845640_Svea_Hovraett_-_Advokatfiskalen_Jaemtlands_laen__1702__3-6edbb12a/0007_DSC_0378/r2l14,666.0,95.0,448.67,57,33,0,33,24,False,ok,0,0.21212121212121213
Svea_Hovraett_etc_export_job_4502445_845640_Svea_Hovraett_-_Advokatfiskalen_Jaemtlands_laen__1702__3-6edbb12a/0007_DSC_0378/r2l15,657.0,95.0,442.61,56,31,2,33,23,False,ok,0,0.25806451612903225
Svea_Hovraett_etc_export_job_4502445_845640_Svea_Hovraett_-_Advokatfiskalen_Jaemtlands_laen__1702__3-6edbb12a/0007_DSC_0378/r2l16,650.0,85.0,489.41,62,30,1,31,31,False,ok,0,0.13333333333333333
Svea_Hovraett_etc_export_job_4502445_845640_Svea_Hovraett_-_Advokatfiskalen_Jaemtlands_laen__1702__3-6edbb12a/0007_DSC_0378/r2l17,155.0,69.0,143.77,18,12,2,14,4,False,ok,0,0.4166666666666667
Svea_Hovraett_etc_export_job_4502445_845640_Svea_Hovraett_-_Advokatfiskalen_Jaemtlands_laen__1702__3-6edbb12a/0007_DSC_0378/r2l18,694.0,97.0,457.9,58,29,2,31,27,False,ok,0,0.13793103448275862
Svea_Hovraett_etc_export_job_4502445_845640_Svea_Hovraett_-_Advokatfiskalen_Jaemtlands_laen__1702__3-6edbb12a/0007_DSC_0378/r2l19,685.0,97.0,451.96,57,29,0,29,28,False,ok,0,0.27586206896551724
Svea_Hovraett_etc_export_job_4502445_845640_Svea_Hovraett_-_Advokatfiskalen_Jaemtlands_laen__1702__3-6edbb12a/0007_DSC_0378/r2l20,707.0,114.0,396.91,50,35,0,35,15,False,ok,0,0.22857142857142856
Svea_Hovraett_etc_export_job_4502445_845640_Svea_Hovraett_-_Advokatfiskalen_Jaemtlands_laen__1702__3-6edbb12a/0007_DSC_0378/r2l21,738.0,103.0,458.56,58,38,1,39,19,False,ok,0,0.10526315789473684
Svea_Hovraett_etc_export_job_4502445_845640_Svea_Hovraett_-_Advokatfiskalen_Jaemtlands_laen__1702__3-6edbb12a/0007_DSC_0378/r2l22,146.0,61.0,153.18,20,5,1,6,14,False,ok,0,0.8
Svea_Hovraett_etc_export_job_4502445_845640_Svea_Hovraett_-_Advokatfiskalen_Jaemtlands_laen__1702__3-6edbb12a/0008_DSC_0379/r1l1,695.0,153.0,290.72,37,37,2,39,-2,True,ok,0,0.8108108108108109
Svea_Hovraett_etc_export_job_4502445_845640_Svea_Hovraett_-_Advokatfiskalen_Jaemtlands_laen__1702__3-6edbb12a/0008_DSC_0379/r1l2,708.0,115.0,394.02,50,27,2,29,21,False,ok,0,0.8518518518518519
Svea_Hovraett_etc_export_job_4502445_845640_Svea_Hovraett_-_Advokatfiskalen_Jaemtlands_laen__1702__3-6edbb12a/0008_DSC_0379/r1l3,709.0,123.0,368.91,47,31,4,35,12,False,ok,0,0.7096774193548387
Svea_Hovraett_etc_export_job_4502445_845640_Svea_Hovraett_-_Advokatfiskalen_Jaemtlands_laen__1702__3-6edbb12a/0008_DSC_0379/r1l4,697.0,119.0,374.86,47,26,2,28,19,False,ok,0,0.5384615384615384
Svea_Hovraett_etc_export_job_4502445_845640_Svea_Hovraett_-_Advokatfiskalen_Jaemtlands_laen__1702__3-6edbb12a/0008_DSC_0379/r1l5,726.0,113.0,411.19,52,32,2,34,18,False,ok,0,0.78125
Svea_Hovraett_etc_export_job_4502445_845640_Svea_Hovraett_-_Advokatfiskalen_Jaemtlands_laen__1702__3-6edbb12a/0008_DSC_0379/r1l8,644.0,109.0,378.13,48,26,0,26,22,False,ok,0,0.6153846153846154
Svea_Hovraett_etc_export_job_4502445_845640_Svea_Hovraett_-_Advokatfiskalen_Jaemtlands_laen__1702__3-6edbb12a/0008_DSC_0379/r1l9,744.0,126.0,377.9,48,30,0,30,18,False,ok,0,0.43333333333333335
Svea_Hovraett_etc_export_job_4502445_845640_Svea_Hovraett_-_Advokatfiskalen_Jaemtlands_laen__1702__3-6edbb12a/0008_DSC_0379/r1l10,724.0,119.0,389.38,49,33,0,33,16,False,ok,0,0.2727272727272727
Svea_Hovraett_etc_export_job_4502445_845640_Svea_Hovraett_-_Advokatfiskalen_Jaemtlands_laen__1702__3-6edbb12a/0008_DSC_0379/r1l11,748.0,107.0,447.4,56,35,0,35,21,False,ok,0,0.4
Svea_Hovraett_etc_export_job_4502445_845640_Svea_Hovraett_-_Advokatfiskalen_Jaemtlands_laen__1702__3-6edbb12a/0008_DSC_0379/r1l12,769.0,114.0,431.72,54,34,1,35,19,False,ok,0,0.17647058823529413
Svea_Hovraett_etc_export_job_4502445_845640_Svea_Hovraett_-_Advokatfiskalen_Jaemtlands_laen__1702__3-6edbb12a/0008_DSC_0379/r1l13,748.0,109.0,439.19,55,30,1,31,24,False,ok,0,0.26666666666666666
Svea_Hovraett_etc_export_job_4502445_845640_Svea_Hovraett_-_Advokatfiskalen_Jaemtlands_laen__1702__3-6edbb12a/0008_DSC_0379/r1l14,764.0,111.0,440.5,56,30,2,32,24,False,ok,0,0.16666666666666666
Svea_Hovraett_etc_export_job_4502445_845640_Svea_Hovraett_-_Advokatfiskalen_Jaemtlands_laen__1702__3-6edbb12a/0008_DSC_0379/r1l15,823.0,128.0,411.5,52,27,1,28,24,False,ok,0,0.1111111111111111
Svea_Hovraett_etc_export_job_4502445_845640_Svea_Hovraett_-_Advokatfiskalen_Jaemtlands_laen__1702__3-6edbb12a/0008_DSC_0379/r1l16,756.0,98.0,493.71,62,25,0,25,37,False,ok,0,0.12
Svea_Hovraett_etc_export_job_4502445_845640_Svea_Hovraett_-_Advokatfiskalen_Jaemtlands_laen__1702__3-6edbb12a/0008_DSC_0379/r1l17,467.0,76.0,393.26,50,17,0,17,33,False,ok,0,0.11764705882352941
Svea_Hovraett_etc_export_job_4502445_845640_Svea_Hovraett_-_Advokatfiskalen_Jaemtlands_laen__1702__3-6edbb12a/0008_DSC_0379/r1l18,784.0,90.0,557.51,70,30,0,30,40,False,ok,0,0.23333333333333334
Svea_Hovraett_etc_export_job_4502445_845640_Svea_Hovraett_-_Advokatfiskalen_Jaemtlands_laen__1702__3-6edbb12a/0008_DSC_0379/r1l19,796.0,93.0,547.78,69,32,1,33,36,False,ok,0,0.0625
Svea_Hovraett_etc_export_job_4502445_845640_Svea_Hovraett_-_Advokatfiskalen_Jaemtlands_laen__1702__3-6edbb12a/0008_DSC_0379/r1l20,791.0,97.0,521.9,66,34,0,34,32,False,ok,0,0.11764705882352941
Svea_Hovraett_etc_export_job_4502445_845640_Svea_Hovraett_-_Advokatfiskalen_Jaemtlands_laen__1702__3-6edbb12a/0008_DSC_0379/r1l21,804.0,109.0,472.07,60,32,0,32,28,False,ok,0,0.15625
Svea_Hovraett_etc_export_job_4502445_845640_Svea_Hovraett_-_Advokatfiskalen_Jaemtlands_laen__1702__3-6edbb12a/0008_DSC_0379/r1l22,806.0,91.0,566.86,71,29,0,29,42,False,ok,0,0.20689655172413793
Svea_Hovraett_etc_export_job_4502445_845640_Svea_Hovraett_-_Advokatfiskalen_Jaemtlands_laen__1702__3-6edbb12a/0008_DSC_0379/r1l23,799.0,99.0,516.53,65,30,1,31,34,False,ok,0,0.23333333333333334
Svea_Hovraett_etc_export_job_4502445_845640_Svea_Hovraett_-_Advokatfiskalen_Jaemtlands_laen__1702__3-6edbb12a/0008_DSC_0379/r1l24,111.0,52.0,136.62,18,3,0,3,15,False,ok,0,1.0
Svea_Hovraett_etc_export_job_4502445_845640_Svea_Hovraett_-_Advokatfiskalen_Jaemtlands_laen__1702__3-6edbb12a/0008_DSC_0379/r2l2,642.0,143.0,287.33,36,33,1,34,2,False,ok,0,0.8484848484848485
Svea_Hovraett_etc_export_job_4502445_845640_Svea_Hovraett_-_Advokatfiskalen_Jaemtlands_laen__1702__3-6edbb12a/0008_DSC_0379/r2l3,89.0,69.0,82.55,11,3,0,3,8,False,ok,0,0.3333333333333333
Svea_Hovraett_etc_export_job_4502445_845640_Svea_Hovraett_-_Advokatfiskalen_Jaemtlands_laen__1702__3-6edbb12a/0008_DSC_0379/r2l4,657.0,139.0,302.5,38,31,0,31,7,False,ok,0,0.7741935483870968
Svea_Hovraett_etc_export_job_4502445_845640_Svea_Hovraett_-_Advokatfiskalen_Jaemtlands_laen__1702__3-6edbb12a/0008_DSC_0379/r2l5,662.0,130.0,325.91,41,38,2,40,1,False,ok,0,0.8157894736842105
Svea_Hovraett_etc_export_job_4502445_845640_Svea_Hovraett_-_Advokatfiskalen_Jaemtlands_laen__1702__3-6edbb12a/0008_DSC_0379/r2l6,647.0,136.0,304.47,39,37,0,37,2,False,ok,0,0.8378378378378378
Svea_Hovraett_etc_export_job_4502445_845640_Svea_Hovraett_-_Advokatfiskalen_Jaemtlands_laen__1702__3-6edbb12a/0008_DSC_0379/r2l7,690.0,109.0,405.14,51,36,2,38,13,False,ok,0,0.4722222222222222
Svea_Hovraett_etc_export_job_4502445_845640_Svea_Hovraett_-_Advokatfiskalen_Jaemtlands_laen__1702__3-6edbb12a/0008_DSC_0379/r2l8,664.0,119.0,357.11,45,32,1,33,12,False,ok,0,0.5
Svea_Hovraett_etc_export_job_4502445_845640_Svea_Hovraett_-_Advokatfiskalen_Jaemtlands_laen__1702__3-6edbb12a/0008_DSC_0379/r2l9,676.0,106.0,408.15,52,35,1,36,16,False,ok,0,0.3142857142857143
Svea_Hovraett_etc_export_job_4502445_845640_Svea_Hovraett_-_Advokatfiskalen_Jaemtlands_laen__1702__3-6edbb12a/0008_DSC_0379/r2l10,668.0,109.0,392.22,50,38,2,40,10,False,ok,0,0.3684210526315789
Svea_Hovraett_etc_export_job_4502445_845640_Svea_Hovraett_-_Advokatfiskalen_Jaemtlands_laen__1702__3-6edbb12a/0008_DSC_0379/r2l11,666.0,118.0,361.22,46,40,1,41,5,False,ok,0,0.55
Svea_Hovraett_etc_export_job_4502445_845640_Svea_Hovraett_-_Advokatfiskalen_Jaemtlands_laen__1702__3-6edbb12a/0008_DSC_0379/r2l12,656.0,93.0,451.44,57,30,2,32,25,False,ok,0,0.23333333333333334
Svea_Hovraett_etc_export_job_4502445_845640_Svea_Hovraett_-_Advokatfiskalen_Jaemtlands_laen__1702__3-6edbb12a/0008_DSC_0379/r2l13,652.0,88.0,474.18,60,37,2,39,21,False,ok,0,0.40540540540540543
Svea_Hovraett_etc_export_job_4502445_845640_Svea_Hovraett_-_Advokatfiskalen_Jaemtlands_laen__1702__3-6edbb12a/0008_DSC_0379/r2l14,663.0,80.0,530.4,67,35,1,36,31,False,ok,0,0.3142857142857143
Svea_Hovraett_etc_export_job_4502445_845640_Svea_Hovraett_-_Advokatfiskalen_Jaemtlands_laen__1702__3-6edbb12a/0008_DSC_0379/r2l15,670.0,101.0,424.55,54,36,2,38,16,False,ok,0,0.2777777777777778
Svea_Hovraett_etc_export_job_4502445_845640_Svea_Hovraett_-_Advokatfiskalen_Jaemtlands_laen__1702__3-6edbb12a/0008_DSC_0379/r2l16,685.0,99.0,442.83,56,38,2,40,16,False,ok,0,0.2631578947368421
Svea_Hovraett_etc_export_job_4502445_845640_Svea_Hovraett_-_Advokatfiskalen_Jaemtlands_laen__1702__3-6edbb12a/0008_DSC_0379/r2l17,691.0,99.0,446.71,56,31,0,31,25,False,ok,0,0.16129032258064516
Svea_Hovraett_etc_export_job_4502445_845640_Svea_Hovraett_-_Advokatfiskalen_Jaemtlands_laen__1702__3-6edbb12a/0008_DSC_0379/r2l18,280.0,71.0,252.39,32,12,1,13,19,False,ok,0,0.25
Svea_Hovraett_etc_export_job_4502445_845640_Svea_Hovraett_-_Advokatfiskalen_Jaemtlands_laen__1702__3-6edbb12a/0008_DSC_0379/r2l19,706.0,106.0,426.26,54,31,1,32,22,False,ok,0,0.16129032258064516
Svea_Hovraett_etc_export_job_4502445_845640_Svea_Hovraett_-_Advokatfiskalen_Jaemtlands_laen__1702__3-6edbb12a/0008_DSC_0379/r2l20,721.0,101.0,456.87,58,35,0,35,23,False,ok,0,0.17142857142857143
Svea_Hovraett_etc_export_job_4502445_845640_Svea_Hovraett_-_Advokatfiskalen_Jaemtlands_laen__1702__3-6edbb12a/0008_DSC_0379/r2l21,703.0,85.0,529.32,67,33,1,34,33,False,ok,0,0.12121212121212122
Svea_Hovraett_etc_export_job_4502445_845640_Svea_Hovraett_-_Advokatfiskalen_Jaemtlands_laen__1702__3-6edbb12a/0008_DSC_0379/r2l22,719.0,122.0,377.18,48,35,3,38,10,False,ok,0,0.17142857142857143
Svea_Hovraett_etc_export_job_4502445_845640_Svea_Hovraett_-_Advokatfiskalen_Jaemtlands_laen__1702__3-6edbb12a/0008_DSC_0379/r2l23,724.0,114.0,406.46,51,36,2,38,13,False,ok,0,0.4444444444444444
Svea_Hovraett_etc_export_job_4502445_845640_Svea_Hovraett_-_Advokatfiskalen_Jaemtlands_laen__1702__3-6edbb12a/0008_DSC_0379/r2l24,213.0,116.0,117.52,15,5,1,6,9,False,ok,0,0.0
Svea_Hovraett_etc_export_job_4502445_845640_Svea_Hovraett_-_Advokatfiskalen_Jaemtlands_laen__1702__3-6edbb12a/0009_DSC_0380/r2l1,670.0,96.0,446.67,56,29,3,32,24,False,ok,0,0.20689655172413793
Svea_Hovraett_etc_export_job_4502445_845640_Svea_Hovraett_-_Advokatfiskalen_Jaemtlands_laen__1702__3-6edbb12a/0009_DSC_0380/r2l2,668.0,83.0,515.08,65,32,2,34,31,False,ok,0,0.125
Svea_Hovraett_etc_export_job_4502445_845640_Svea_Hovraett_-_Advokatfiskalen_Jaemtlands_laen__1702__3-6edbb12a/0009_DSC_0380/r2l3,669.0,85.0,503.72,63,38,5,43,20,False,ok,0,0.2894736842105263
Svea_Hovraett_etc_export_job_4502445_845640_Svea_Hovraett_-_Advokatfiskalen_Jaemtlands_laen__1702__3-6edbb12a/0009_DSC_0380/r2l4,664.0,93.0,456.95,58,29,2,31,27,False,ok,0,0.13793103448275862
Svea_Hovraett_etc_export_job_4502445_845640_Svea_Hovraett_-_Advokatfiskalen_Jaemtlands_laen__1702__3-6edbb12a/0009_DSC_0380/r2l5,679.0,81.0,536.49,68,29,2,31,37,False,ok,0,0.13793103448275862
Svea_Hovraett_etc_export_job_4502445_845640_Svea_Hovraett_-_Advokatfiskalen_Jaemtlands_laen__1702__3-6edbb12a/0009_DSC_0380/r2l6,680.0,95.0,458.11,58,25,1,26,32,False,ok,0,0.08
Svea_Hovraett_etc_export_job_4502445_845640_Svea_Hovraett_-_Advokatfiskalen_Jaemtlands_laen__1702__3-6edbb12a/0009_DSC_0380/r2l7,668.0,93.0,459.7,58,32,2,34,24,False,ok,0,0.125
Svea_Hovraett_etc_export_job_4502445_845640_Svea_Hovraett_-_Advokatfiskalen_Jaemtlands_laen__1702__3-6edbb12a/0009_DSC_0380/r2l8,676.0,97.0,446.02,56,30,0,30,26,False,ok,0,0.26666666666666666
Svea_Hovraett_etc_export_job_4502445_845640_Svea_Hovraett_-_Advokatfiskalen_Jaemtlands_laen__1702__3-6edbb12a/0009_DSC_0380/r2l9,683.0,77.0,567.69,71,29,0,29,42,False,ok,0,0.2413793103448276
Svea_Hovraett_etc_export_job_4502445_845640_Svea_Hovraett_-_Advokatfiskalen_Jaemtlands_laen__1702__3-6edbb12a/0009_DSC_0380/r2l10,682.0,99.0,440.89,56,33,1,34,22,False,ok,0,0.09090909090909091
Svea_Hovraett_etc_export_job_4502445_845640_Svea_Hovraett_-_Advokatfiskalen_Jaemtlands_laen__1702__3-6edbb12a/0009_DSC_0380/r2l11,319.0,96.0,212.67,27,13,1,14,13,False,ok,0,0.0
Svea_Hovraett_etc_export_job_4502445_845640_Svea_Hovraett_-_Advokatfiskalen_Jaemtlands_laen__1702__3-6edbb12a/0009_DSC_0380/r2l12,703.0,114.0,394.67,50,37,1,38,12,False,ok,0,0.2972972972972973
Svea_Hovraett_etc_export_job_4502445_845640_Svea_Hovraett_-_Advokatfiskalen_Jaemtlands_laen__1702__3-6edbb12a/0009_DSC_0380/r2l13,690.0,85.0,519.53,65,34,0,34,31,False,ok,0,0.11764705882352941
Svea_Hovraett_etc_export_job_4502445_845640_Svea_Hovraett_-_Advokatfiskalen_Jaemtlands_laen__1702__3-6edbb12a/0009_DSC_0380/r2l14,712.0,88.0,517.82,65,35,0,35,30,False,ok,0,0.14285714285714285
Svea_Hovraett_etc_export_job_4502445_845640_Svea_Hovraett_-_Advokatfiskalen_Jaemtlands_laen__1702__3-6edbb12a/0009_DSC_0380/r2l15,709.0,89.0,509.84,64,36,2,38,26,False,ok,0,0.2222222222222222
Svea_Hovraett_etc_export_job_4502445_845640_Svea_Hovraett_-_Advokatfiskalen_Jaemtlands_laen__1702__3-6edbb12a/0009_DSC_0380/r2l17,706.0,95.0,475.62,60,30,1,31,29,False,ok,0,0.2
Svea_Hovraett_etc_export_job_4502445_845640_Svea_Hovraett_-_Advokatfiskalen_Jaemtlands_laen__1702__3-6edbb12a/0009_DSC_0380/r2l18,710.0,97.0,468.45,59,34,5,39,20,False,ok,0,0.23529411764705882
Svea_Hovraett_etc_export_job_4502445_845640_Svea_Hovraett_-_Advokatfiskalen_Jaemtlands_laen__1702__3-6edbb12a/0009_DSC_0380/r2l20,741.0,88.0,538.91,68,34,1,35,33,False,ok,0,0.17647058823529413
Svea_Hovraett_etc_export_job_4502445_845640_Svea_Hovraett_-_Advokatfiskalen_Jaemtlands_laen__1702__3-6edbb12a/0009_DSC_0380/r2l21,725.0,91.0,509.89,64,34,2,36,28,False,ok,0,0.14705882352941177
Svea_Hovraett_etc_export_job_4502445_845640_Svea_Hovraett_-_Advokatfiskalen_Jaemtlands_laen__1702__3-6edbb12a/0009_DSC_0380/r2l22,731.0,105.0,445.56,56,33,2,35,21,False,ok,0,0.12121212121212122
Svea_Hovraett_etc_export_job_4502445_845640_Svea_Hovraett_-_Advokatfiskalen_Jaemtlands_laen__1702__3-6edbb12a/0009_DSC_0380/r2l23,132.0,91.0,92.84,12,4,1,5,7,False,ok,0,1.0
Svea_Hovraett_etc_export_job_4502445_845640_Svea_Hovraett_-_Advokatfiskalen_Jaemtlands_laen__1702__3-6edbb12a/0009_DSC_0380/r3l2,644.0,139.0,296.52,38,36,2,38,0,False,ok,0,0.7777777777777778
Svea_Hovraett_etc_export_job_4502445_845640_Svea_Hovraett_-_Advokatfiskalen_Jaemtlands_laen__1702__3-6edbb12a/0009_DSC_0380/r3l3,667.0,150.0,284.59,36,39,2,41,-5,True,ok,0,0.9487179487179487
Svea_Hovraett_etc_export_job_4502445_845640_Svea_Hovraett_-_Advokatfiskalen_Jaemtlands_laen__1702__3-6edbb12a/0009_DSC_0380/r3l4,678.0,141.0,307.74,39,35,1,36,3,False,ok,0,0.7142857142857143
Svea_Hovraett_etc_export_job_4502445_845640_Svea_Hovraett_-_Advokatfiskalen_Jaemtlands_laen__1702__3-6edbb12a/0009_DSC_0380/r3l5,659.0,143.0,294.94,37,36,4,40,-3,True,ok,0,0.8611111111111112
Svea_Hovraett_etc_export_job_4502445_845640_Svea_Hovraett_-_Advokatfiskalen_Jaemtlands_laen__1702__3-6edbb12a/0009_DSC_0380/r3l6,659.0,132.0,319.52,40,36,1,37,3,False,ok,0,0.5833333333333334
Svea_Hovraett_etc_export_job_4502445_845640_Svea_Hovraett_-_Advokatfiskalen_Jaemtlands_laen__1702__3-6edbb12a/0009_DSC_0380/r3l7,670.0,128.0,335.0,42,42,1,43,-1,True,ok,0,0.47619047619047616
Svea_Hovraett_etc_export_job_4502445_845640_Svea_Hovraett_-_Advokatfiskalen_Jaemtlands_laen__1702__3-6edbb12a/0009_DSC_0380/r3l8,657.0,130.0,323.45,41,34,2,36,5,False,ok,0,0.5
Svea_Hovraett_etc_export_job_4502445_845640_Svea_Hovraett_-_Advokatfiskalen_Jaemtlands_laen__1702__3-6edbb12a/0009_DSC_0380/r3l9,702.0,128.0,351.0,44,40,1,41,3,False,ok,0,0.475
Svea_Hovraett_etc_export_job_4502445_845640_Svea_Hovraett_-_Advokatfiskalen_Jaemtlands_laen__1702__3-6edbb12a/0009_DSC_0380/r3l10,682.0,122.0,357.77,45,36,2,38,7,False,ok,0,0.3611111111111111
Svea_Hovraett_etc_export_job_4502445_845640_Svea_Hovraett_-_Advokatfiskalen_Jaemtlands_laen__1702__3-6edbb12a/0009_DSC_0380/r3l11,687.0,117.0,375.79,47,35,1,36,11,False,ok,0,0.2857142857142857
Svea_Hovraett_etc_export_job_4502445_845640_Svea_Hovraett_-_Advokatfiskalen_Jaemtlands_laen__1702__3-6edbb12a/0009_DSC_0380/r3l12,699.0,97.0,461.2,58,37,2,39,19,False,ok,0,0.24324324324324326
Svea_Hovraett_etc_export_job_4502445_845640_Svea_Hovraett_-_Advokatfiskalen_Jaemtlands_laen__1702__3-6edbb12a/0009_DSC_0380/r3l13,702.0,104.0,432.0,54,38,3,41,13,False,ok,0,0.21052631578947367
Svea_Hovraett_etc_export_job_4502445_845640_Svea_Hovraett_-_Advokatfiskalen_Jaemtlands_laen__1702__3-6edbb12a/0009_DSC_0380/r3l14,703.0,104.0,432.62,55,37,1,38,17,False,ok,0,0.2972972972972973
Svea_Hovraett_etc_export_job_4502445_845640_Svea_Hovraett_-_Advokatfiskalen_Jaemtlands_laen__1702__3-6edbb12a/0009_DSC_0380/r3l15,686.0,103.0,426.25,54,34,2,36,18,False,ok,0,0.3235294117647059
Svea_Hovraett_etc_export_job_4502445_845640_Svea_Hovraett_-_Advokatfiskalen_Jaemtlands_laen__1702__3-6edbb12a/0009_DSC_0380/r3l16,688.0,120.0,366.93,46,34,3,37,9,False,ok,0,0.38235294117647056
Svea_Hovraett_etc_export_job_4502445_845640_Svea_Hovraett_-_Advokatfiskalen_Jaemtlands_laen__1702__3-6edbb12a/0009_DSC_0380/r3l17,697.0,117.0,381.26,48,36,1,37,11,False,ok,0,0.4166666666666667
Svea_Hovraett_etc_export_job_4502445_845640_Svea_Hovraett_-_Advokatfiskalen_Jaemtlands_laen__1702__3-6edbb12a/0009_DSC_0380/r3l18,706.0,102.0,442.98,56,31,0,31,25,False,ok,0,0.12903225806451613
Svea_Hovraett_etc_export_job_4502445_845640_Svea_Hovraett_-_Advokatfiskalen_Jaemtlands_laen__1702__3-6edbb12a/0009_DSC_0380/r3l19,725.0,106.0,437.74,55,35,2,37,18,False,ok,0,0.2571428571428571
Svea_Hovraett_etc_export_job_4502445_845640_Svea_Hovraett_-_Advokatfiskalen_Jaemtlands_laen__1702__3-6edbb12a/0009_DSC_0380/r3l20,731.0,118.0,396.47,50,37,3,40,10,False,ok,0,0.4864864864864865
Svea_Hovraett_etc_export_job_4502445_845640_Svea_Hovraett_-_Advokatfiskalen_Jaemtlands_laen__1702__3-6edbb12a/0009_DSC_0380/r3l21,151.0,117.0,82.6,11,4,1,5,6,False,ok,0,0.5
Svea_Hovraett_etc_export_job_4502445_845640_Svea_Hovraett_-_Advokatfiskalen_Jaemtlands_laen__1702__3-6edbb12a/0010_DSC_0381/r1l1,720.0,112.0,411.43,52,37,2,39,13,False,ok,0,0.24324324324324326
Svea_Hovraett_etc_export_job_4502445_845640_Svea_Hovraett_-_Advokatfiskalen_Jaemtlands_laen__1702__3-6edbb12a/0010_DSC_0381/r1l2,704.0,104.0,433.23,55,34,3,37,18,False,ok,0,0.38235294117647056
Svea_Hovraett_etc_export_job_4502445_845640_Svea_Hovraett_-_Advokatfiskalen_Jaemtlands_laen__1702__3-6edbb12a/0010_DSC_0381/r1l3,725.0,104.0,446.15,56,26,0,26,30,False,ok,0,0.15384615384615385
Svea_Hovraett_etc_export_job_4502445_845640_Svea_Hovraett_-_Advokatfiskalen_Jaemtlands_laen__1702__3-6edbb12a/0010_DSC_0381/r1l4,297.0,79.0,240.61,31,13,0,13,18,False,ok,0,0.07692307692307693
Svea_Hovraett_etc_export_job_4502445_845640_Svea_Hovraett_-_Advokatfiskalen_Jaemtlands_laen__1702__3-6edbb12a/0010_DSC_0381/r1l5,704.0,103.0,437.44,55,33,2,35,20,False,ok,0,0.30303030303030304
Svea_Hovraett_etc_export_job_4502445_845640_Svea_Hovraett_-_Advokatfiskalen_Jaemtlands_laen__1702__3-6edbb12a/0010_DSC_0381/line_1638198807192_937,717.0,96.0,478.0,60,29,2,31,29,False,ok,0,0.1724137931034483
Svea_Hovraett_etc_export_job_4502445_845640_Svea_Hovraett_-_Advokatfiskalen_Jaemtlands_laen__1702__3-6edbb12a/0010_DSC_0381/r1l8,731.0,94.0,497.7,63,36,2,38,25,False,ok,0,0.3055555555555556
Svea_Hovraett_etc_export_job_4502445_845640_Svea_Hovraett_-_Advokatfiskalen_Jaemtlands_laen__1702__3-6edbb12a/0010_DSC_0381/r1l9,702.0,100.0,449.28,57,33,1,34,23,False,ok,0,0.15151515151515152
Svea_Hovraett_etc_export_job_4502445_845640_Svea_Hovraett_-_Advokatfiskalen_Jaemtlands_laen__1702__3-6edbb12a/0010_DSC_0381/r1l10,732.0,97.0,482.97,61,27,1,28,33,False,ok,0,0.18518518518518517
Svea_Hovraett_etc_export_job_4502445_845640_Svea_Hovraett_-_Advokatfiskalen_Jaemtlands_laen__1702__3-6edbb12a/0010_DSC_0381/r1l11,744.0,100.0,476.16,60,32,1,33,27,False,ok,0,0.21875
Svea_Hovraett_etc_export_job_4502445_845640_Svea_Hovraett_-_Advokatfiskalen_Jaemtlands_laen__1702__3-6edbb12a/0010_DSC_0381/r1l12,747.0,107.0,446.8,56,34,3,37,19,False,ok,0,0.2647058823529412
Svea_Hovraett_etc_export_job_4502445_845640_Svea_Hovraett_-_Advokatfiskalen_Jaemtlands_laen__1702__3-6edbb12a/0010_DSC_0381/r1l13,729.0,98.0,476.08,60,34,2,36,24,False,ok,0,0.3235294117647059
Svea_Hovraett_etc_export_job_4502445_845640_Svea_Hovraett_-_Advokatfiskalen_Jaemtlands_laen__1702__3-6edbb12a/0010_DSC_0381/r1l14,778.0,75.0,663.89,83,29,1,30,53,False,ok,0,0.06896551724137931
Svea_Hovraett_etc_export_job_4502445_845640_Svea_Hovraett_-_Advokatfiskalen_Jaemtlands_laen__1702__3-6edbb12a/0010_DSC_0381/r1l15,720.0,100.0,460.8,58,26,0,26,32,False,ok,0,0.2692307692307692
Svea_Hovraett_etc_export_job_4502445_845640_Svea_Hovraett_-_Advokatfiskalen_Jaemtlands_laen__1702__3-6edbb12a/0010_DSC_0381/r1l16,764.0,74.0,660.76,83,30,2,32,51,False,ok,0,0.23333333333333334
Svea_Hovraett_etc_export_job_4502445_845640_Svea_Hovraett_-_Advokatfiskalen_Jaemtlands_laen__1702__3-6edbb12a/0010_DSC_0381/r1l17,759.0,96.0,506.0,64,30,1,31,33,False,ok,0,0.06666666666666667
Svea_Hovraett_etc_export_job_4502445_845640_Svea_Hovraett_-_Advokatfiskalen_Jaemtlands_laen__1702__3-6edbb12a/0010_DSC_0381/r1l18,252.0,79.0,204.15,26,9,0,9,17,False,ok,0,0.1111111111111111
Svea_Hovraett_etc_export_job_4502445_845640_Svea_Hovraett_-_Advokatfiskalen_Jaemtlands_laen__1702__3-6edbb12a/0010_DSC_0381/r1l19,872.0,133.0,419.61,53,37,0,37,16,False,ok,0,0.2702702702702703
Svea_Hovraett_etc_export_job_4502445_845640_Svea_Hovraett_-_Advokatfiskalen_Jaemtlands_laen__1702__3-6edbb12a/0010_DSC_0381/r1l20,805.0,108.0,477.04,60,28,0,28,32,False,ok,0,0.17857142857142858
Svea_Hovraett_etc_export_job_4502445_845640_Svea_Hovraett_-_Advokatfiskalen_Jaemtlands_laen__1702__3-6edbb12a/0010_DSC_0381/r1l21,783.0,120.0,417.6,53,33,1,34,19,False,ok,0,0.18181818181818182
Svea_Hovraett_etc_export_job_4502445_845640_Svea_Hovraett_-_Advokatfiskalen_Jaemtlands_laen__1702__3-6edbb12a/0010_DSC_0381/r1l22,139.0,78.0,114.05,15,3,0,3,12,False,ok,0,1.0
Svea_Hovraett_etc_export_job_4502445_845640_Svea_Hovraett_-_Advokatfiskalen_Jaemtlands_laen__1702__3-6edbb12a/0010_DSC_0381/r2l1,637.0,141.0,289.13,37,39,0,39,-2,True,ok,0,0.8717948717948718
Svea_Hovraett_etc_export_job_4502445_845640_Svea_Hovraett_-_Advokatfiskalen_Jaemtlands_laen__1702__3-6edbb12a/0010_DSC_0381/r2l2,649.0,125.0,332.29,42,36,3,39,3,False,ok,0,0.75
Svea_Hovraett_etc_export_job_4502445_845640_Svea_Hovraett_-_Advokatfiskalen_Jaemtlands_laen__1702__3-6edbb12a/0010_DSC_0381/r2l3,630.0,144.0,280.0,35,35,0,35,0,False,ok,0,0.8285714285714286
Svea_Hovraett_etc_export_job_4502445_845640_Svea_Hovraett_-_Advokatfiskalen_Jaemtlands_laen__1702__3-6edbb12a/0010_DSC_0381/r2l4,649.0,125.0,332.29,42,35,1,36,6,False,ok,0,0.8571428571428571
Svea_Hovraett_etc_export_job_4502445_845640_Svea_Hovraett_-_Advokatfiskalen_Jaemtlands_laen__1702__3-6edbb12a/0010_DSC_0381/r2l5,649.0,131.0,317.07,40,30,1,31,9,False,ok,0,0.6666666666666666
Svea_Hovraett_etc_export_job_4502445_845640_Svea_Hovraett_-_Advokatfiskalen_Jaemtlands_laen__1702__3-6edbb12a/0010_DSC_0381/r2l6,670.0,126.0,340.32,43,36,1,37,6,False,ok,0,0.5
Svea_Hovraett_etc_export_job_4502445_845640_Svea_Hovraett_-_Advokatfiskalen_Jaemtlands_laen__1702__3-6edbb12a/0010_DSC_0381/r2l7,655.0,102.0,410.98,52,38,2,40,12,False,ok,0,0.39473684210526316
Svea_Hovraett_etc_export_job_4502445_845640_Svea_Hovraett_-_Advokatfiskalen_Jaemtlands_laen__1702__3-6edbb12a/0010_DSC_0381/r2l8,670.0,107.0,400.75,51,34,0,34,17,False,ok,0,0.29411764705882354
Svea_Hovraett_etc_export_job_4502445_845640_Svea_Hovraett_-_Advokatfiskalen_Jaemtlands_laen__1702__3-6edbb12a/0010_DSC_0381/r2l9,680.0,107.0,406.73,51,31,1,32,19,False,ok,0,0.22580645161290322
Svea_Hovraett_etc_export_job_4502445_845640_Svea_Hovraett_-_Advokatfiskalen_Jaemtlands_laen__1702__3-6edbb12a/0010_DSC_0381/r2l10,684.0,104.0,420.92,53,37,1,38,15,False,ok,0,0.43243243243243246
Svea_Hovraett_etc_export_job_4502445_845640_Svea_Hovraett_-_Advokatfiskalen_Jaemtlands_laen__1702__3-6edbb12a/0010_DSC_0381/r2l11,676.0,126.0,343.37,43,32,0,32,11,False,ok,0,0.375
Svea_Hovraett_etc_export_job_4502445_845640_Svea_Hovraett_-_Advokatfiskalen_Jaemtlands_laen__1702__3-6edbb12a/0010_DSC_0381/r2l12,683.0,124.0,352.52,45,32,1,33,12,False,ok,0,0.3125
Svea_Hovraett_etc_export_job_4502445_845640_Svea_Hovraett_-_Advokatfiskalen_Jaemtlands_laen__1702__3-6edbb12a/0010_DSC_0381/r2l13,701.0,113.0,397.03,50,37,2,39,11,False,ok,0,0.24324324324324326
Svea_Hovraett_etc_export_job_4502445_845640_Svea_Hovraett_-_Advokatfiskalen_Jaemtlands_laen__1702__3-6edbb12a/0010_DSC_0381/r2l14,676.0,99.0,437.01,55,31,0,31,24,False,ok,0,0.22580645161290322
Svea_Hovraett_etc_export_job_4502445_845640_Svea_Hovraett_-_Advokatfiskalen_Jaemtlands_laen__1702__3-6edbb12a/0010_DSC_0381/r2l15,700.0,102.0,439.22,55,31,1,32,23,False,ok,0,0.2903225806451613
Svea_Hovraett_etc_export_job_4502445_845640_Svea_Hovraett_-_Advokatfiskalen_Jaemtlands_laen__1702__3-6edbb12a/0010_DSC_0381/r2l16,691.0,85.0,520.28,66,30,2,32,34,False,ok,0,0.23333333333333334
Svea_Hovraett_etc_export_job_4502445_845640_Svea_Hovraett_-_Advokatfiskalen_Jaemtlands_laen__1702__3-6edbb12a/0010_DSC_0381/r2l17,716.0,104.0,440.62,56,30,0,30,26,False,ok,0,0.2
Svea_Hovraett_etc_export_job_4502445_845640_Svea_Hovraett_-_Advokatfiskalen_Jaemtlands_laen__1702__3-6edbb12a/0010_DSC_0381/r2l18,741.0,99.0,479.03,60,33,0,33,27,False,ok,0,0.21212121212121213
Svea_Hovraett_etc_export_job_4502445_845640_Svea_Hovraett_-_Advokatfiskalen_Jaemtlands_laen__1702__3-6edbb12a/0010_DSC_0381/r2l19,732.0,105.0,446.17,56,31,2,33,23,False,ok,0,0.12903225806451613
Svea_Hovraett_etc_export_job_4502445_845640_Svea_Hovraett_-_Advokatfiskalen_Jaemtlands_laen__1702__3-6edbb12a/0010_DSC_0381/r2l20,774.0,104.0,476.31,60,34,2,36,24,False,ok,0,0.2647058823529412
Svea_Hovraett_etc_export_job_4502445_845640_Svea_Hovraett_-_Advokatfiskalen_Jaemtlands_laen__1702__3-6edbb12a/0010_DSC_0381/r2l21,751.0,111.0,433.01,55,31,2,33,22,False,ok,0,0.25806451612903225
Svea_Hovraett_etc_export_job_4502445_845640_Svea_Hovraett_-_Advokatfiskalen_Jaemtlands_laen__1702__3-6edbb12a/0010_DSC_0381/r2l22,128.0,60.0,136.53,18,4,0,4,14,False,ok,0,1.0
Svea_Hovraett_etc_export_job_4502445_845640_Svea_Hovraett_-_Advokatfiskalen_Jaemtlands_laen__1702__3-6edbb12a/0010_DSC_0381/r3l1,74.0,58.0,81.66,11,3,0,3,8,False,ok,0,0.3333333333333333
Svea_Hovraett_etc_export_job_4502445_845640_Svea_Hovraett_-_Advokatfiskalen_Jaemtlands_laen__1702__3-6edbb12a/0011_DSC_0383/line_1638269756795_84,831.0,95.0,559.83,70,44,3,47,23,False,ok,0,0.4318181818181818
Svea_Hovraett_etc_export_job_4502445_845640_Svea_Hovraett_-_Advokatfiskalen_Jaemtlands_laen__1702__3-6edbb12a/0011_DSC_0383/r2l1,646.0,98.0,421.88,53,33,1,34,19,False,ok,0,0.12121212121212122
Svea_Hovraett_etc_export_job_4502445_845640_Svea_Hovraett_-_Advokatfiskalen_Jaemtlands_laen__1702__3-6edbb12a/0011_DSC_0383/r2l2,660.0,85.0,496.94,63,32,1,33,30,False,ok,0,0.375
Svea_Hovraett_etc_export_job_4502445_845640_Svea_Hovraett_-_Advokatfiskalen_Jaemtlands_laen__1702__3-6edbb12a/0011_DSC_0383/r2l3,648.0,82.0,505.76,64,28,0,28,36,False,ok,0,0.21428571428571427
Svea_Hovraett_etc_export_job_4502445_845640_Svea_Hovraett_-_Advokatfiskalen_Jaemtlands_laen__1702__3-6edbb12a/0011_DSC_0383/r2l4,659.0,88.0,479.27,60,32,1,33,27,False,ok,0,0.15625
Svea_Hovraett_etc_export_job_4502445_845640_Svea_Hovraett_-_Advokatfiskalen_Jaemtlands_laen__1702__3-6edbb12a/0011_DSC_0383/r2l5,367.0,80.0,293.6,37,22,1,23,14,False,ok,0,0.3181818181818182
Svea_Hovraett_etc_export_job_4502445_845640_Svea_Hovraett_-_Advokatfiskalen_Jaemtlands_laen__1702__3-6edbb12a/0011_DSC_0383/r2l6,284.0,85.0,213.84,27,10,0,10,17,False,ok,0,0.4
Svea_Hovraett_etc_export_job_4502445_845640_Svea_Hovraett_-_Advokatfiskalen_Jaemtlands_laen__1702__3-6edbb12a/0011_DSC_0383/r2l7,698.0,120.0,372.27,47,33,1,34,13,False,ok,0,0.5151515151515151
Svea_Hovraett_etc_export_job_4502445_845640_Svea_Hovraett_-_Advokatfiskalen_Jaemtlands_laen__1702__3-6edbb12a/0011_DSC_0383/r2l8,701.0,96.0,467.33,59,30,0,30,29,False,ok,0,0.3333333333333333
Svea_Hovraett_etc_export_job_4502445_845640_Svea_Hovraett_-_Advokatfiskalen_Jaemtlands_laen__1702__3-6edbb12a/0011_DSC_0383/r2l9,659.0,97.0,434.8,55,31,2,33,22,False,ok,0,0.3225806451612903
Svea_Hovraett_etc_export_job_4502445_845640_Svea_Hovraett_-_Advokatfiskalen_Jaemtlands_laen__1702__3-6edbb12a/0011_DSC_0383/r2l10,710.0,78.0,582.56,73,31,0,31,42,False,ok,0,0.25806451612903225
Svea_Hovraett_etc_export_job_4502445_845640_Svea_Hovraett_-_Advokatfiskalen_Jaemtlands_laen__1702__3-6edbb12a/0011_DSC_0383/r2l11,714.0,97.0,471.09,59,33,1,34,25,False,ok,0,0.09090909090909091
Svea_Hovraett_etc_export_job_4502445_845640_Svea_Hovraett_-_Advokatfiskalen_Jaemtlands_laen__1702__3-6edbb12a/0011_DSC_0383/r2l12,731.0,92.0,508.52,64,25,1,26,38,False,ok,0,0.08
Svea_Hovraett_etc_export_job_4502445_845640_Svea_Hovraett_-_Advokatfiskalen_Jaemtlands_laen__1702__3-6edbb12a/0011_DSC_0383/r2l13,741.0,89.0,532.85,67,32,0,32,35,False,ok,0,0.1875
Svea_Hovraett_etc_export_job_4502445_845640_Svea_Hovraett_-_Advokatfiskalen_Jaemtlands_laen__1702__3-6edbb12a/0011_DSC_0383/r2l14,741.0,102.0,464.94,59,37,2,39,20,False,ok,0,0.16216216216216217
Svea_Hovraett_etc_export_job_4502445_845640_Svea_Hovraett_-_Advokatfiskalen_Jaemtlands_laen__1702__3-6edbb12a/0011_DSC_0383/r2l15,717.0,101.0,454.34,57,36,1,37,20,False,ok,0,0.3333333333333333
Svea_Hovraett_etc_export_job_4502445_845640_Svea_Hovraett_-_Advokatfiskalen_Jaemtlands_laen__1702__3-6edbb12a/0011_DSC_0383/r2l17,735.0,98.0,480.0,60,34,1,35,25,False,ok,0,0.14705882352941177
Svea_Hovraett_etc_export_job_4502445_845640_Svea_Hovraett_-_Advokatfiskalen_Jaemtlands_laen__1702__3-6edbb12a/0011_DSC_0383/r2l18,349.0,89.0,250.97,32,19,1,20,12,False,ok,0,0.47368421052631576
Svea_Hovraett_etc_export_job_4502445_845640_Svea_Hovraett_-_Advokatfiskalen_Jaemtlands_laen__1702__3-6edbb12a/0011_DSC_0383/r2l21,768.0,94.0,522.89,66,36,1,37,29,False,ok,0,0.3333333333333333
Svea_Hovraett_etc_export_job_4502445_845640_Svea_Hovraett_-_Advokatfiskalen_Jaemtlands_laen__1702__3-6edbb12a/0011_DSC_0383/r2l22,95.0,83.0,73.25,10,4,1,5,5,False,ok,0,0.75
Svea_Hovraett_etc_export_job_4502445_845640_Svea_Hovraett_-_Advokatfiskalen_Jaemtlands_laen__1702__3-6edbb12a/0011_DSC_0383/r3l1,710.0,146.0,311.23,39,38,1,39,0,False,ok,0,0.7631578947368421
Svea_Hovraett_etc_export_job_4502445_845640_Svea_Hovraett_-_Advokatfiskalen_Jaemtlands_laen__1702__3-6edbb12a/0011_DSC_0383/line_1638269480874_27,668.0,131.0,326.35,41,39,4,43,-2,True,ok,0,0.8205128205128205
Svea_Hovraett_etc_export_job_4502445_845640_Svea_Hovraett_-_Advokatfiskalen_Jaemtlands_laen__1702__3-6edbb12a/0011_DSC_0383/r3l4,631.0,129.0,313.05,40,33,1,34,6,False,ok,0,0.6060606060606061
Svea_Hovraett_etc_export_job_4502445_845640_Svea_Hovraett_-_Advokatfiskalen_Jaemtlands_laen__1702__3-6edbb12a/0011_DSC_0383/r3l5,651.0,121.0,344.33,44,37,2,39,5,False,ok,0,0.7027027027027027
Svea_Hovraett_etc_export_job_4502445_845640_Svea_Hovraett_-_Advokatfiskalen_Jaemtlands_laen__1702__3-6edbb12a/0011_DSC_0383/r3l6,650.0,140.0,297.14,38,36,0,36,2,False,ok,0,0.8055555555555556
Svea_Hovraett_etc_export_job_4502445_845640_Svea_Hovraett_-_Advokatfiskalen_Jaemtlands_laen__1702__3-6edbb12a/0011_DSC_0383/r3l7,668.0,133.0,321.44,41,38,0,38,3,False,ok,0,0.8157894736842105
Svea_Hovraett_etc_export_job_4502445_845640_Svea_Hovraett_-_Advokatfiskalen_Jaemtlands_laen__1702__3-6edbb12a/0011_DSC_0383/line_1638269466359_17,658.0,121.0,348.03,44,35,1,36,8,False,ok,0,0.37142857142857144
Svea_Hovraett_etc_export_job_4502445_845640_Svea_Hovraett_-_Advokatfiskalen_Jaemtlands_laen__1702__3-6edbb12a/0011_DSC_0383/r3l10,666.0,106.0,402.11,51,34,1,35,16,False,ok,0,0.3235294117647059
Svea_Hovraett_etc_export_job_4502445_845640_Svea_Hovraett_-_Advokatfiskalen_Jaemtlands_laen__1702__3-6edbb12a/0011_DSC_0383/r3l11,650.0,107.0,388.79,49,33,2,35,14,False,ok,0,0.3939393939393939
Svea_Hovraett_etc_export_job_4502445_845640_Svea_Hovraett_-_Advokatfiskalen_Jaemtlands_laen__1702__3-6edbb12a/0011_DSC_0383/line_1638269661117_58,692.0,96.0,461.33,58,38,2,40,18,False,ok,0,0.34210526315789475
Svea_Hovraett_etc_export_job_4502445_845640_Svea_Hovraett_-_Advokatfiskalen_Jaemtlands_laen__1702__3-6edbb12a/0011_DSC_0383/r3l14,671.0,110.0,390.4,49,40,2,42,7,False,ok,0,0.5
Svea_Hovraett_etc_export_job_4502445_845640_Svea_Hovraett_-_Advokatfiskalen_Jaemtlands_laen__1702__3-6edbb12a/0011_DSC_0383/r3l15,686.0,98.0,448.0,56,33,1,34,22,False,ok,0,0.21212121212121213
Svea_Hovraett_etc_export_job_4502445_845640_Svea_Hovraett_-_Advokatfiskalen_Jaemtlands_laen__1702__3-6edbb12a/0011_DSC_0383/r3l16,690.0,114.0,387.37,49,35,1,36,13,False,ok,0,0.2571428571428571
Svea_Hovraett_etc_export_job_4502445_845640_Svea_Hovraett_-_Advokatfiskalen_Jaemtlands_laen__1702__3-6edbb12a/0011_DSC_0383/r3l17,690.0,109.0,405.14,51,33,1,34,17,False,ok,0,0.45454545454545453
Svea_Hovraett_etc_export_job_4502445_845640_Svea_Hovraett_-_Advokatfiskalen_Jaemtlands_laen__1702__3-6edbb12a/0011_DSC_0383/r3l18,695.0,108.0,411.85,52,39,3,42,10,False,ok,0,0.3333333333333333
Svea_Hovraett_etc_export_job_4502445_845640_Svea_Hovraett_-_Advokatfiskalen_Jaemtlands_laen__1702__3-6edbb12a/0011_DSC_0383/r3l19,696.0,103.0,432.47,55,33,1,34,21,False,ok,0,0.3333333333333333
Svea_Hovraett_etc_export_job_4502445_845640_Svea_Hovraett_-_Advokatfiskalen_Jaemtlands_laen__1702__3-6edbb12a/0011_DSC_0383/r3l20,682.0,115.0,379.55,48,31,0,31,17,False,ok,0,0.16129032258064516
Svea_Hovraett_etc_export_job_4502445_845640_Svea_Hovraett_-_Advokatfiskalen_Jaemtlands_laen__1702__3-6edbb12a/0011_DSC_0383/r3l21,684.0,105.0,416.91,53,31,2,33,20,False,ok,0,0.3548387096774194
Svea_Hovraett_etc_export_job_4502445_845640_Svea_Hovraett_-_Advokatfiskalen_Jaemtlands_laen__1702__3-6edbb12a/0011_DSC_0383/r3l22,688.0,95.0,463.49,58,31,1,32,26,False,ok,0,0.2903225806451613
Svea_Hovraett_etc_export_job_4502445_845640_Svea_Hovraett_-_Advokatfiskalen_Jaemtlands_laen__1702__3-6edbb12a/0011_DSC_0383/r3l23,710.0,94.0,483.4,61,28,1,29,32,False,ok,0,0.2857142857142857
Svea_Hovraett_etc_export_job_4502445_845640_Svea_Hovraett_-_Advokatfiskalen_Jaemtlands_laen__1702__3-6edbb12a/0011_DSC_0383/line_1638269725099_70,702.0,120.0,374.4,47,32,0,32,15,False,ok,0,0.21875
Svea_Hovraett_etc_export_job_4502445_845640_Svea_Hovraett_-_Advokatfiskalen_Jaemtlands_laen__1702__3-6edbb12a/0011_DSC_0383/r3l26,95.0,77.0,78.96,10,3,0,3,7,False,empty,1,1.0
Svea_Hovraett_etc_export_job_4502445_845640_Svea_Hovraett_-_Advokatfiskalen_Jaemtlands_laen__1702__3-6edbb12a/0012_DSC_0384/line_1638270105215_247,681.0,108.0,403.56,51,38,2,40,11,False,ok,0,0.42105263157894735
Svea_Hovraett_etc_export_job_4502445_845640_Svea_Hovraett_-_Advokatfiskalen_Jaemtlands_laen__1702__3-6edbb12a/0012_DSC_0384/line_1638270108962_251,692.0,107.0,413.91,52,35,3,38,14,False,ok,0,0.4857142857142857
Svea_Hovraett_etc_export_job_4502445_845640_Svea_Hovraett_-_Advokatfiskalen_Jaemtlands_laen__1702__3-6edbb12a/0012_DSC_0384/line_1638270126993_259,690.0,104.0,424.62,54,30,1,31,23,False,ok,0,0.5
Svea_Hovraett_etc_export_job_4502445_845640_Svea_Hovraett_-_Advokatfiskalen_Jaemtlands_laen__1702__3-6edbb12a/0012_DSC_0384/r1l7,667.0,105.0,406.55,51,30,0,30,21,False,ok,0,0.4
Svea_Hovraett_etc_export_job_4502445_845640_Svea_Hovraett_-_Advokatfiskalen_Jaemtlands_laen__1702__3-6edbb12a/0012_DSC_0384/line_1638270033556_222,677.0,99.0,437.66,55,27,2,29,26,False,ok,0,0.4444444444444444
Svea_Hovraett_etc_export_job_4502445_845640_Svea_Hovraett_-_Advokatfiskalen_Jaemtlands_laen__1702__3-6edbb12a/0012_DSC_0384/r1l11,692.0,108.0,410.07,52,31,1,32,20,False,ok,0,0.5161290322580645
Svea_Hovraett_etc_export_job_4502445_845640_Svea_Hovraett_-_Advokatfiskalen_Jaemtlands_laen__1702__3-6edbb12a/0012_DSC_0384/r1l12,697.0,112.0,398.29,50,36,1,37,13,False,ok,0,0.5277777777777778
Svea_Hovraett_etc_export_job_4502445_845640_Svea_Hovraett_-_Advokatfiskalen_Jaemtlands_laen__1702__3-6edbb12a/0012_DSC_0384/line_1638270046509_227,721.0,91.0,507.08,64,32,3,35,29,False,ok,0,0.28125
Svea_Hovraett_etc_export_job_4502445_845640_Svea_Hovraett_-_Advokatfiskalen_Jaemtlands_laen__1702__3-6edbb12a/0012_DSC_0384/r1l15,707.0,102.0,443.61,56,28,3,31,25,False,ok,0,0.42857142857142855
Svea_Hovraett_etc_export_job_4502445_845640_Svea_Hovraett_-_Advokatfiskalen_Jaemtlands_laen__1702__3-6edbb12a/0012_DSC_0384/r1l16,715.0,116.0,394.48,50,33,2,35,15,False,ok,0,0.15151515151515152
Svea_Hovraett_etc_export_job_4502445_845640_Svea_Hovraett_-_Advokatfiskalen_Jaemtlands_laen__1702__3-6edbb12a/0012_DSC_0384/r1l17,708.0,102.0,444.24,56,30,1,31,25,False,ok,0,0.2
Svea_Hovraett_etc_export_job_4502445_845640_Svea_Hovraett_-_Advokatfiskalen_Jaemtlands_laen__1702__3-6edbb12a/0012_DSC_0384/r1l18,714.0,90.0,507.73,64,31,1,32,32,False,ok,0,0.25806451612903225
Svea_Hovraett_etc_export_job_4502445_845640_Svea_Hovraett_-_Advokatfiskalen_Jaemtlands_laen__1702__3-6edbb12a/0012_DSC_0384/r1l19,721.0,100.0,461.44,58,33,0,33,25,False,ok,0,0.09090909090909091
Svea_Hovraett_etc_export_job_4502445_845640_Svea_Hovraett_-_Advokatfiskalen_Jaemtlands_laen__1702__3-6edbb12a/0012_DSC_0384/r1l20,734.0,92.0,510.61,64,34,2,36,28,False,ok,0,0.23529411764705882
Svea_Hovraett_etc_export_job_4502445_845640_Svea_Hovraett_-_Advokatfiskalen_Jaemtlands_laen__1702__3-6edbb12a/0012_DSC_0384/r1l21,742.0,103.0,461.05,58,34,2,36,22,False,ok,0,0.2647058823529412
Svea_Hovraett_etc_export_job_4502445_845640_Svea_Hovraett_-_Advokatfiskalen_Jaemtlands_laen__1702__3-6edbb12a/0012_DSC_0384/r1l22,745.0,83.0,574.46,72,30,0,30,42,False,ok,0,0.1
Svea_Hovraett_etc_export_job_4502445_845640_Svea_Hovraett_-_Advokatfiskalen_Jaemtlands_laen__1702__3-6edbb12a/0012_DSC_0384/r1l23,744.0,92.0,517.57,65,30,1,31,34,False,ok,0,0.0
Svea_Hovraett_etc_export_job_4502445_845640_Svea_Hovraett_-_Advokatfiskalen_Jaemtlands_laen__1702__3-6edbb12a/0012_DSC_0384/r1l24,739.0,87.0,543.63,68,31,1,32,36,False,ok,0,0.06451612903225806
Svea_Hovraett_etc_export_job_4502445_845640_Svea_Hovraett_-_Advokatfiskalen_Jaemtlands_laen__1702__3-6edbb12a/0012_DSC_0384/r1l25,753.0,111.0,434.16,55,34,0,34,21,False,ok,0,0.23529411764705882
Svea_Hovraett_etc_export_job_4502445_845640_Svea_Hovraett_-_Advokatfiskalen_Jaemtlands_laen__1702__3-6edbb12a/0012_DSC_0384/r1l26,497.0,94.0,338.38,43,21,0,21,22,False,ok,0,0.047619047619047616
Svea_Hovraett_etc_export_job_4502445_845640_Svea_Hovraett_-_Advokatfiskalen_Jaemtlands_laen__1702__3-6edbb12a/0012_DSC_0384/line_1638270242101_292,755.0,120.0,402.67,51,35,2,37,14,False,ok,0,0.3142857142857143
Svea_Hovraett_etc_export_job_4502445_845640_Svea_Hovraett_-_Advokatfiskalen_Jaemtlands_laen__1702__3-6edbb12a/0012_DSC_0384/r1l29,94.0,71.0,84.73,11,2,0,2,9,False,ok,0,1.0
Svea_Hovraett_etc_export_job_4502445_845640_Svea_Hovraett_-_Advokatfiskalen_Jaemtlands_laen__1702__3-6edbb12a/0012_DSC_0384/r2l1,666.0,136.0,313.41,40,37,1,38,2,False,ok,0,0.8108108108108109
Svea_Hovraett_etc_export_job_4502445_845640_Svea_Hovraett_-_Advokatfiskalen_Jaemtlands_laen__1702__3-6edbb12a/0012_DSC_0384/r2l2,667.0,115.0,371.2,47,35,1,36,11,False,ok,0,0.6571428571428571
Svea_Hovraett_etc_export_job_4502445_845640_Svea_Hovraett_-_Advokatfiskalen_Jaemtlands_laen__1702__3-6edbb12a/0012_DSC_0384/r2l3,670.0,102.0,420.39,53,34,3,37,16,False,ok,0,0.7352941176470589
Svea_Hovraett_etc_export_job_4502445_845640_Svea_Hovraett_-_Advokatfiskalen_Jaemtlands_laen__1702__3-6edbb12a/0012_DSC_0384/r2l4,395.0,113.0,223.72,28,21,0,21,7,False,ok,0,0.8571428571428571
Svea_Hovraett_etc_export_job_4502445_845640_Svea_Hovraett_-_Advokatfiskalen_Jaemtlands_laen__1702__3-6edbb12a/0012_DSC_0384/r2l5,683.0,112.0,390.29,49,32,2,34,15,False,ok,0,0.4375
Svea_Hovraett_etc_export_job_4502445_845640_Svea_Hovraett_-_Advokatfiskalen_Jaemtlands_laen__1702__3-6edbb12a/0012_DSC_0384/r2l6,711.0,105.0,433.37,55,32,0,32,23,False,ok,0,0.4375
Svea_Hovraett_etc_export_job_4502445_845640_Svea_Hovraett_-_Advokatfiskalen_Jaemtlands_laen__1702__3-6edbb12a/0012_DSC_0384/r2l7,696.0,108.0,412.44,52,38,4,42,10,False,ok,0,0.47368421052631576
Svea_Hovraett_etc_export_job_4502445_845640_Svea_Hovraett_-_Advokatfiskalen_Jaemtlands_laen__1702__3-6edbb12a/0012_DSC_0384/r2l8,685.0,105.0,417.52,53,37,0,37,16,False,ok,0,0.21621621621621623
Svea_Hovraett_etc_export_job_4502445_845640_Svea_Hovraett_-_Advokatfiskalen_Jaemtlands_laen__1702__3-6edbb12a/0012_DSC_0384/r2l9,664.0,90.0,472.18,60,38,2,40,20,False,ok,0,0.2894736842105263
Svea_Hovraett_etc_export_job_4502445_845640_Svea_Hovraett_-_Advokatfiskalen_Jaemtlands_laen__1702__3-6edbb12a/0012_DSC_0384/r2l10,700.0,93.0,481.72,61,42,2,44,17,False,ok,0,0.40476190476190477
Svea_Hovraett_etc_export_job_4502445_845640_Svea_Hovraett_-_Advokatfiskalen_Jaemtlands_laen__1702__3-6edbb12a/0012_DSC_0384/r2l11,681.0,83.0,525.11,66,35,1,36,30,False,ok,0,0.22857142857142856
Svea_Hovraett_etc_export_job_4502445_845640_Svea_Hovraett_-_Advokatfiskalen_Jaemtlands_laen__1702__3-6edbb12a/0012_DSC_0384/r2l12,710.0,119.0,381.85,48,37,4,41,7,False,ok,0,0.35135135135135137
Svea_Hovraett_etc_export_job_4502445_845640_Svea_Hovraett_-_Advokatfiskalen_Jaemtlands_laen__1702__3-6edbb12a/0012_DSC_0384/r2l13,698.0,92.0,485.57,61,35,1,36,25,False,ok,0,0.3142857142857143
Svea_Hovraett_etc_export_job_4502445_845640_Svea_Hovraett_-_Advokatfiskalen_Jaemtlands_laen__1702__3-6edbb12a/0012_DSC_0384/r2l14,687.0,92.0,477.91,60,39,0,39,21,False,ok,0,0.3076923076923077
Svea_Hovraett_etc_export_job_4502445_845640_Svea_Hovraett_-_Advokatfiskalen_Jaemtlands_laen__1702__3-6edbb12a/0012_DSC_0384/r2l15,728.0,102.0,456.78,58,37,1,38,20,False,ok,0,0.35135135135135137
Svea_Hovraett_etc_export_job_4502445_845640_Svea_Hovraett_-_Advokatfiskalen_Jaemtlands_laen__1702__3-6edbb12a/0012_DSC_0384/r2l16,707.0,90.0,502.76,63,37,0,37,26,False,ok,0,0.1891891891891892
Svea_Hovraett_etc_export_job_4502445_845640_Svea_Hovraett_-_Advokatfiskalen_Jaemtlands_laen__1702__3-6edbb12a/0012_DSC_0384/r2l17,730.0,93.0,502.37,63,39,1,40,23,False,ok,0,0.28205128205128205
Svea_Hovraett_etc_export_job_4502445_845640_Svea_Hovraett_-_Advokatfiskalen_Jaemtlands_laen__1702__3-6edbb12a/0012_DSC_0384/line_1638269966723_201,713.0,88.0,518.55,65,35,4,39,26,False,ok,0,0.2571428571428571
Svea_Hovraett_etc_export_job_4502445_845640_Svea_Hovraett_-_Advokatfiskalen_Jaemtlands_laen__1702__3-6edbb12a/0012_DSC_0384/r2l20,718.0,89.0,516.31,65,38,4,42,23,False,ok,0,0.21052631578947367
Svea_Hovraett_etc_export_job_4502445_845640_Svea_Hovraett_-_Advokatfiskalen_Jaemtlands_laen__1702__3-6edbb12a/0012_DSC_0384/r2l21,722.0,95.0,486.4,61,37,2,39,22,False,ok,0,0.2972972972972973
Svea_Hovraett_etc_export_job_4502445_845640_Svea_Hovraett_-_Advokatfiskalen_Jaemtlands_laen__1702__3-6edbb12a/0012_DSC_0384/r2l22,722.0,112.0,412.57,52,39,3,42,10,False,ok,0,0.2564102564102564
Svea_Hovraett_etc_export_job_4502445_845640_Svea_Hovraett_-_Advokatfiskalen_Jaemtlands_laen__1702__3-6edbb12a/0012_DSC_0384/line_1638270202493_276,200.0,112.0,114.29,15,5,0,5,10,False,ok,0,0.6
Svea_Hovraett_etc_export_job_4502445_845640_Svea_Hovraett_-_Advokatfiskalen_Jaemtlands_laen__1702__3-6edbb12a/0012_DSC_0384/r3l1,81.0,57.0,90.95,12,3,1,4,8,False,ok,0,1.0
Svea_Hovraett_etc_export_job_4502445_845640_Svea_Hovraett_-_Advokatfiskalen_Jaemtlands_laen__1702__3-6edbb12a/0013_DSC_0385/r1l1,682.0,119.0,366.79,46,35,0,35,11,False,ok,0,0.6285714285714286
Svea_Hovraett_etc_export_job_4502445_845640_Svea_Hovraett_-_Advokatfiskalen_Jaemtlands_laen__1702__3-6edbb12a/0013_DSC_0385/r1l2,675.0,95.0,454.74,57,29,0,29,28,False,ok,0,0.5172413793103449
Svea_Hovraett_etc_export_job_4502445_845640_Svea_Hovraett_-_Advokatfiskalen_Jaemtlands_laen__1702__3-6edbb12a/0013_DSC_0385/r1l3,698.0,102.0,437.96,55,36,1,37,18,False,ok,0,0.5277777777777778
Svea_Hovraett_etc_export_job_4502445_845640_Svea_Hovraett_-_Advokatfiskalen_Jaemtlands_laen__1702__3-6edbb12a/0013_DSC_0385/r1l4,684.0,86.0,509.02,64,33,0,33,31,False,ok,0,0.3939393939393939
Svea_Hovraett_etc_export_job_4502445_845640_Svea_Hovraett_-_Advokatfiskalen_Jaemtlands_laen__1702__3-6edbb12a/0013_DSC_0385/r1l5,689.0,99.0,445.41,56,34,1,35,21,False,ok,0,0.3235294117647059
Svea_Hovraett_etc_export_job_4502445_845640_Svea_Hovraett_-_Advokatfiskalen_Jaemtlands_laen__1702__3-6edbb12a/0013_DSC_0385/r1l6,706.0,93.0,485.85,61,31,1,32,29,False,ok,0,0.3225806451612903
Svea_Hovraett_etc_export_job_4502445_845640_Svea_Hovraett_-_Advokatfiskalen_Jaemtlands_laen__1702__3-6edbb12a/0013_DSC_0385/r1l7,711.0,101.0,450.53,57,42,2,44,13,False,ok,0,0.5476190476190477
Svea_Hovraett_etc_export_job_4502445_845640_Svea_Hovraett_-_Advokatfiskalen_Jaemtlands_laen__1702__3-6edbb12a/0013_DSC_0385/r1l8,733.0,84.0,558.48,70,41,0,41,29,False,ok,0,0.24390243902439024
Svea_Hovraett_etc_export_job_4502445_845640_Svea_Hovraett_-_Advokatfiskalen_Jaemtlands_laen__1702__3-6edbb12a/0013_DSC_0385/r1l9,724.0,100.0,463.36,58,32,2,34,24,False,ok,0,0.25
Svea_Hovraett_etc_export_job_4502445_845640_Svea_Hovraett_-_Advokatfiskalen_Jaemtlands_laen__1702__3-6edbb12a/0013_DSC_0385/r1l10,717.0,90.0,509.87,64,33,0,33,31,False,ok,0,0.24242424242424243
Svea_Hovraett_etc_export_job_4502445_845640_Svea_Hovraett_-_Advokatfiskalen_Jaemtlands_laen__1702__3-6edbb12a/0013_DSC_0385/r1l11,728.0,87.0,535.54,67,29,0,29,38,False,ok,0,0.06896551724137931
Svea_Hovraett_etc_export_job_4502445_845640_Svea_Hovraett_-_Advokatfiskalen_Jaemtlands_laen__1702__3-6edbb12a/0013_DSC_0385/r1l12,746.0,99.0,482.26,61,39,1,40,21,False,ok,0,0.4358974358974359
Svea_Hovraett_etc_export_job_4502445_845640_Svea_Hovraett_-_Advokatfiskalen_Jaemtlands_laen__1702__3-6edbb12a/0013_DSC_0385/line_1638274825362_385,646.0,84.0,492.19,62,22,1,23,39,False,ok,0,0.13636363636363635
Svea_Hovraett_etc_export_job_4502445_845640_Svea_Hovraett_-_Advokatfiskalen_Jaemtlands_laen__1702__3-6edbb12a/0013_DSC_0385/r1l15,844.0,141.0,383.09,48,45,3,48,0,False,ok,0,0.4666666666666667
Svea_Hovraett_etc_export_job_4502445_845640_Svea_Hovraett_-_Advokatfiskalen_Jaemtlands_laen__1702__3-6edbb12a/0013_DSC_0385/r1l16,760.0,105.0,463.24,58,37,3,40,18,False,ok,0,0.21621621621621623
Svea_Hovraett_etc_export_job_4502445_845640_Svea_Hovraett_-_Advokatfiskalen_Jaemtlands_laen__1702__3-6edbb12a/0013_DSC_0385/r1l17,632.0,87.0,464.92,59,27,0,27,32,False,ok,0,0.25925925925925924
Svea_Hovraett_etc_export_job_4502445_845640_Svea_Hovraett_-_Advokatfiskalen_Jaemtlands_laen__1702__3-6edbb12a/0013_DSC_0385/r1l18,865.0,128.0,432.5,55,39,1,40,15,False,ok,0,0.28205128205128205
Svea_Hovraett_etc_export_job_4502445_845640_Svea_Hovraett_-_Advokatfiskalen_Jaemtlands_laen__1702__3-6edbb12a/0013_DSC_0385/r1l19,775.0,104.0,476.92,60,33,0,33,27,False,ok,0,0.30303030303030304
Svea_Hovraett_etc_export_job_4502445_845640_Svea_Hovraett_-_Advokatfiskalen_Jaemtlands_laen__1702__3-6edbb12a/0013_DSC_0385/r1l20,796.0,118.0,431.73,54,32,0,32,22,False,ok,0,0.21875
Svea_Hovraett_etc_export_job_4502445_845640_Svea_Hovraett_-_Advokatfiskalen_Jaemtlands_laen__1702__3-6edbb12a/0013_DSC_0385/r1l21,93.0,74.0,80.43,11,3,0,3,8,False,ok,0,1.0
Svea_Hovraett_etc_export_job_4502445_845640_Svea_Hovraett_-_Advokatfiskalen_Jaemtlands_laen__1702__3-6edbb12a/0013_DSC_0385/r2l2,95.0,59.0,103.05,13,3,0,3,10,False,ok,0,1.0
Svea_Hovraett_etc_export_job_4502445_845640_Svea_Hovraett_-_Advokatfiskalen_Jaemtlands_laen__1702__3-6edbb12a/0013_DSC_0385/r2l3,654.0,134.0,312.36,40,37,0,37,3,False,ok,0,0.7837837837837838
Svea_Hovraett_etc_export_job_4502445_845640_Svea_Hovraett_-_Advokatfiskalen_Jaemtlands_laen__1702__3-6edbb12a/0013_DSC_0385/r2l4,666.0,111.0,384.0,48,42,1,43,5,False,ok,0,0.8333333333333334
Svea_Hovraett_etc_export_job_4502445_845640_Svea_Hovraett_-_Advokatfiskalen_Jaemtlands_laen__1702__3-6edbb12a/0013_DSC_0385/r2l5,651.0,107.0,389.38,49,37,2,39,10,False,ok,0,0.6756756756756757
Svea_Hovraett_etc_export_job_4502445_845640_Svea_Hovraett_-_Advokatfiskalen_Jaemtlands_laen__1702__3-6edbb12a/0013_DSC_0385/r2l6,671.0,109.0,393.98,50,32,1,33,17,False,ok,0,0.59375
Svea_Hovraett_etc_export_job_4502445_845640_Svea_Hovraett_-_Advokatfiskalen_Jaemtlands_laen__1702__3-6edbb12a/0013_DSC_0385/r2l7,353.0,120.0,188.27,24,20,1,21,3,False,ok,0,0.65
Svea_Hovraett_etc_export_job_4502445_845640_Svea_Hovraett_-_Advokatfiskalen_Jaemtlands_laen__1702__3-6edbb12a/0013_DSC_0385/r2l8,746.0,143.0,333.87,42,40,3,43,-1,True,ok,0,0.725
Svea_Hovraett_etc_export_job_4502445_845640_Svea_Hovraett_-_Advokatfiskalen_Jaemtlands_laen__1702__3-6edbb12a/0013_DSC_0385/r2l9,662.0,108.0,392.3,50,36,4,40,10,False,ok,0,0.3055555555555556
Svea_Hovraett_etc_export_job_4502445_845640_Svea_Hovraett_-_Advokatfiskalen_Jaemtlands_laen__1702__3-6edbb12a/0013_DSC_0385/r2l10,676.0,98.0,441.47,56,38,2,40,16,False,ok,0,0.39473684210526316
Svea_Hovraett_etc_export_job_4502445_845640_Svea_Hovraett_-_Advokatfiskalen_Jaemtlands_laen__1702__3-6edbb12a/0013_DSC_0385/r2l11,664.0,100.0,424.96,54,38,0,38,16,False,ok,0,0.39473684210526316
Svea_Hovraett_etc_export_job_4502445_845640_Svea_Hovraett_-_Advokatfiskalen_Jaemtlands_laen__1702__3-6edbb12a/0013_DSC_0385/r2l12,690.0,99.0,446.06,56,35,1,36,20,False,ok,0,0.2857142857142857
Svea_Hovraett_etc_export_job_4502445_845640_Svea_Hovraett_-_Advokatfiskalen_Jaemtlands_laen__1702__3-6edbb12a/0013_DSC_0385/r2l13,707.0,92.0,491.83,62,33,1,34,28,False,ok,0,0.12121212121212122
Svea_Hovraett_etc_export_job_4502445_845640_Svea_Hovraett_-_Advokatfiskalen_Jaemtlands_laen__1702__3-6edbb12a/0013_DSC_0385/r2l14,705.0,83.0,543.61,68,34,1,35,33,False,ok,0,0.14705882352941177
Svea_Hovraett_etc_export_job_4502445_845640_Svea_Hovraett_-_Advokatfiskalen_Jaemtlands_laen__1702__3-6edbb12a/0013_DSC_0385/r2l15,690.0,94.0,469.79,59,33,1,34,25,False,ok,0,0.15151515151515152
Svea_Hovraett_etc_export_job_4502445_845640_Svea_Hovraett_-_Advokatfiskalen_Jaemtlands_laen__1702__3-6edbb12a/0013_DSC_0385/r2l16,723.0,102.0,453.65,57,40,2,42,15,False,ok,0,0.325
Svea_Hovraett_etc_export_job_4502445_845640_Svea_Hovraett_-_Advokatfiskalen_Jaemtlands_laen__1702__3-6edbb12a/0013_DSC_0385/r2l17,731.0,93.0,503.05,63,33,1,34,29,False,ok,0,0.3939393939393939
Svea_Hovraett_etc_export_job_4502445_845640_Svea_Hovraett_-_Advokatfiskalen_Jaemtlands_laen__1702__3-6edbb12a/0013_DSC_0385/r2l18,740.0,110.0,430.55,54,44,1,45,9,False,ok,0,0.3409090909090909
Svea_Hovraett_etc_export_job_4502445_845640_Svea_Hovraett_-_Advokatfiskalen_Jaemtlands_laen__1702__3-6edbb12a/0013_DSC_0385/r2l19,763.0,103.0,474.1,60,42,1,43,17,False,ok,0,0.35714285714285715
Svea_Hovraett_etc_export_job_4502445_845640_Svea_Hovraett_-_Advokatfiskalen_Jaemtlands_laen__1702__3-6edbb12a/0013_DSC_0385/r2l20,772.0,106.0,466.11,59,36,5,41,18,False,ok,0,0.4722222222222222
Svea_Hovraett_etc_export_job_4502445_845640_Svea_Hovraett_-_Advokatfiskalen_Jaemtlands_laen__1702__3-6edbb12a/0013_DSC_0385/r2l21,817.0,152.0,344.0,43,43,3,46,-3,True,ok,0,0.6744186046511628
Svea_Hovraett_etc_export_job_4502445_845640_Svea_Hovraett_-_Advokatfiskalen_Jaemtlands_laen__1702__3-6edbb12a/0013_DSC_0385/r2l22,98.0,55.0,114.04,15,3,0,3,12,False,empty,1,1.0
Svea_Hovraett_etc_export_job_4502445_845640_Svea_Hovraett_-_Advokatfiskalen_Jaemtlands_laen__1702__3-6edbb12a/0014_DSC_0386/r1l2,633.0,125.0,324.1,41,38,1,39,2,False,ok,0,0.34210526315789475
Svea_Hovraett_etc_export_job_4502445_845640_Svea_Hovraett_-_Advokatfiskalen_Jaemtlands_laen__1702__3-6edbb12a/0014_DSC_0386/r1l4,671.0,105.0,408.99,52,37,2,39,13,False,ok,0,0.5135135135135135
Svea_Hovraett_etc_export_job_4502445_845640_Svea_Hovraett_-_Advokatfiskalen_Jaemtlands_laen__1702__3-6edbb12a/0014_DSC_0386/r1l6,682.0,97.0,449.98,57,31,0,31,26,False,ok,0,0.25806451612903225
Svea_Hovraett_etc_export_job_4502445_845640_Svea_Hovraett_-_Advokatfiskalen_Jaemtlands_laen__1702__3-6edbb12a/0014_DSC_0386/r1l8,674.0,85.0,507.48,64,34,1,35,29,False,ok,0,0.17647058823529413
Svea_Hovraett_etc_export_job_4502445_845640_Svea_Hovraett_-_Advokatfiskalen_Jaemtlands_laen__1702__3-6edbb12a/0014_DSC_0386/r1l10,700.0,86.0,520.93,66,33,1,34,32,False,ok,0,0.30303030303030304
Svea_Hovraett_etc_export_job_4502445_845640_Svea_Hovraett_-_Advokatfiskalen_Jaemtlands_laen__1702__3-6edbb12a/0014_DSC_0386/r1l12,677.0,100.0,433.28,55,34,1,35,20,False,ok,0,0.47058823529411764
Svea_Hovraett_etc_export_job_4502445_845640_Svea_Hovraett_-_Advokatfiskalen_Jaemtlands_laen__1702__3-6edbb12a/0014_DSC_0386/r1l14,770.0,91.0,541.54,68,31,1,32,36,False,ok,0,0.16129032258064516
Svea_Hovraett_etc_export_job_4502445_845640_Svea_Hovraett_-_Advokatfiskalen_Jaemtlands_laen__1702__3-6edbb12a/0014_DSC_0386/r1l16,693.0,83.0,534.36,67,33,1,34,33,False,ok,0,0.24242424242424243
Svea_Hovraett_etc_export_job_4502445_845640_Svea_Hovraett_-_Advokatfiskalen_Jaemtlands_laen__1702__3-6edbb12a/0014_DSC_0386/r1l18,700.0,84.0,533.33,67,31,1,32,35,False,ok,0,0.22580645161290322
Svea_Hovraett_etc_export_job_4502445_845640_Svea_Hovraett_-_Advokatfiskalen_Jaemtlands_laen__1702__3-6edbb12a/0014_DSC_0386/r1l20,694.0,97.0,457.9,58,30,1,31,27,False,ok,0,0.43333333333333335
Svea_Hovraett_etc_export_job_4502445_845640_Svea_Hovraett_-_Advokatfiskalen_Jaemtlands_laen__1702__3-6edbb12a/0014_DSC_0386/r1l22,702.0,95.0,472.93,60,30,2,32,28,False,ok,0,0.06666666666666667
Svea_Hovraett_etc_export_job_4502445_845640_Svea_Hovraett_-_Advokatfiskalen_Jaemtlands_laen__1702__3-6edbb12a/0014_DSC_0386/r1l24,704.0,90.0,500.62,63,31,3,34,29,False,ok,0,0.16129032258064516
Svea_Hovraett_etc_export_job_4502445_845640_Svea_Hovraett_-_Advokatfiskalen_Jaemtlands_laen__1702__3-6edbb12a/0014_DSC_0386/r1l26,697.0,103.0,433.09,55,24,0,24,31,False,ok,0,0.041666666666666664
Svea_Hovraett_etc_export_job_4502445_845640_Svea_Hovraett_-_Advokatfiskalen_Jaemtlands_laen__1702__3-6edbb12a/0014_DSC_0386/r1l28,711.0,97.0,469.11,59,30,0,30,29,False,ok,0,0.13333333333333333
Svea_Hovraett_etc_export_job_4502445_845640_Svea_Hovraett_-_Advokatfiskalen_Jaemtlands_laen__1702__3-6edbb12a/0014_DSC_0386/r1l30,727.0,80.0,581.6,73,30,0,30,43,False,ok,0,0.1
Svea_Hovraett_etc_export_job_4502445_845640_Svea_Hovraett_-_Advokatfiskalen_Jaemtlands_laen__1702__3-6edbb12a/0014_DSC_0386/r1l32,720.0,89.0,517.75,65,30,1,31,34,False,ok,0,0.1
Svea_Hovraett_etc_export_job_4502445_845640_Svea_Hovraett_-_Advokatfiskalen_Jaemtlands_laen__1702__3-6edbb12a/0014_DSC_0386/r1l33,742.0,99.0,479.68,60,36,2,38,22,False,ok,0,0.19444444444444445
Svea_Hovraett_etc_export_job_4502445_845640_Svea_Hovraett_-_Advokatfiskalen_Jaemtlands_laen__1702__3-6edbb12a/0014_DSC_0386/line_1638275548733_479,760.0,93.0,523.01,66,28,1,29,37,False,ok,0,0.14285714285714285
Svea_Hovraett_etc_export_job_4502445_845640_Svea_Hovraett_-_Advokatfiskalen_Jaemtlands_laen__1702__3-6edbb12a/0014_DSC_0386/r1l37,723.0,90.0,514.13,65,32,0,32,33,False,ok,0,0.09375
Svea_Hovraett_etc_export_job_4502445_845640_Svea_Hovraett_-_Advokatfiskalen_Jaemtlands_laen__1702__3-6edbb12a/0014_DSC_0386/line_1638275548733_481,757.0,70.0,692.11,87,34,3,37,50,False,ok,0,0.11764705882352941
Svea_Hovraett_etc_export_job_4502445_845640_Svea_Hovraett_-_Advokatfiskalen_Jaemtlands_laen__1702__3-6edbb12a/0014_DSC_0386/line_1638275548733_483,769.0,96.0,512.67,65,31,1,32,33,False,ok,0,0.12903225806451613
Svea_Hovraett_etc_export_job_4502445_845640_Svea_Hovraett_-_Advokatfiskalen_Jaemtlands_laen__1702__3-6edbb12a/0014_DSC_0386/r1l41,146.0,107.0,87.33,11,5,0,5,6,False,ok,0,0.6
Svea_Hovraett_etc_export_job_4502445_845640_Svea_Hovraett_-_Advokatfiskalen_Jaemtlands_laen__1702__3-6edbb12a/0014_DSC_0386/r2l1,74.0,71.0,66.7,9,3,0,3,6,False,ok,0,0.6666666666666666
Svea_Hovraett_etc_export_job_4502445_845640_Svea_Hovraett_-_Advokatfiskalen_Jaemtlands_laen__1702__3-6edbb12a/0014_DSC_0386/line_1638275548717_472,672.0,132.0,325.82,41,42,3,45,-4,True,ok,0,0.7857142857142857
Svea_Hovraett_etc_export_job_4502445_845640_Svea_Hovraett_-_Advokatfiskalen_Jaemtlands_laen__1702__3-6edbb12a/0014_DSC_0386/line_1638275548717_474,641.0,123.0,333.53,42,29,1,30,12,False,ok,0,0.3793103448275862
Svea_Hovraett_etc_export_job_4502445_845640_Svea_Hovraett_-_Advokatfiskalen_Jaemtlands_laen__1702__3-6edbb12a/0014_DSC_0386/line_1638275548717_476,677.0,128.0,338.5,43,32,1,33,10,False,ok,0,0.59375
Svea_Hovraett_etc_export_job_4502445_845640_Svea_Hovraett_-_Advokatfiskalen_Jaemtlands_laen__1702__3-6edbb12a/0014_DSC_0386/r1l7,673.0,138.0,312.12,40,35,2,37,3,False,ok,0,0.8
Svea_Hovraett_etc_export_job_4502445_845640_Svea_Hovraett_-_Advokatfiskalen_Jaemtlands_laen__1702__3-6edbb12a/0014_DSC_0386/r1l9,669.0,113.0,378.9,48,34,1,35,13,False,ok,0,0.38235294117647056
Svea_Hovraett_etc_export_job_4502445_845640_Svea_Hovraett_-_Advokatfiskalen_Jaemtlands_laen__1702__3-6edbb12a/0014_DSC_0386/r1l11,646.0,112.0,369.14,47,31,0,31,16,False,ok,0,0.6129032258064516
Svea_Hovraett_etc_export_job_4502445_845640_Svea_Hovraett_-_Advokatfiskalen_Jaemtlands_laen__1702__3-6edbb12a/0014_DSC_0386/r1l13,677.0,102.0,424.78,54,36,0,36,18,False,ok,0,0.4166666666666667
Svea_Hovraett_etc_export_job_4502445_845640_Svea_Hovraett_-_Advokatfiskalen_Jaemtlands_laen__1702__3-6edbb12a/0014_DSC_0386/r1l15,651.0,101.0,412.51,52,32,1,33,19,False,ok,0,0.3125
Svea_Hovraett_etc_export_job_4502445_845640_Svea_Hovraett_-_Advokatfiskalen_Jaemtlands_laen__1702__3-6edbb12a/0014_DSC_0386/r1l17,682.0,106.0,411.77,52,31,2,33,19,False,ok,0,0.3548387096774194
Svea_Hovraett_etc_export_job_4502445_845640_Svea_Hovraett_-_Advokatfiskalen_Jaemtlands_laen__1702__3-6edbb12a/0014_DSC_0386/r1l19,701.0,102.0,439.84,55,33,2,35,20,False,ok,0,0.21212121212121213
Svea_Hovraett_etc_export_job_4502445_845640_Svea_Hovraett_-_Advokatfiskalen_Jaemtlands_laen__1702__3-6edbb12a/0014_DSC_0386/r1l21,720.0,110.0,418.91,53,37,0,37,16,False,ok,0,0.3783783783783784
Svea_Hovraett_etc_export_job_4502445_845640_Svea_Hovraett_-_Advokatfiskalen_Jaemtlands_laen__1702__3-6edbb12a/0014_DSC_0386/r1l23,688.0,109.0,403.96,51,33,3,36,15,False,ok,0,0.24242424242424243
Svea_Hovraett_etc_export_job_4502445_845640_Svea_Hovraett_-_Advokatfiskalen_Jaemtlands_laen__1702__3-6edbb12a/0014_DSC_0386/r1l25,702.0,115.0,390.68,49,40,0,40,9,False,ok,0,0.35
Svea_Hovraett_etc_export_job_4502445_845640_Svea_Hovraett_-_Advokatfiskalen_Jaemtlands_laen__1702__3-6edbb12a/0014_DSC_0386/r1l27,702.0,86.0,522.42,66,33,2,35,31,False,ok,0,0.18181818181818182
Svea_Hovraett_etc_export_job_4502445_845640_Svea_Hovraett_-_Advokatfiskalen_Jaemtlands_laen__1702__3-6edbb12a/0014_DSC_0386/r1l29,723.0,105.0,440.69,56,32,2,34,22,False,ok,0,0.21875
Svea_Hovraett_etc_export_job_4502445_845640_Svea_Hovraett_-_Advokatfiskalen_Jaemtlands_laen__1702__3-6edbb12a/0014_DSC_0386/r1l31,691.0,89.0,496.9,63,30,2,32,31,False,ok,0,0.2
Svea_Hovraett_etc_export_job_4502445_845640_Svea_Hovraett_-_Advokatfiskalen_Jaemtlands_laen__1702__3-6edbb12a/0014_DSC_0386/r1l34,725.0,82.0,565.85,71,33,2,35,36,False,ok,0,0.21212121212121213
Svea_Hovraett_etc_export_job_4502445_845640_Svea_Hovraett_-_Advokatfiskalen_Jaemtlands_laen__1702__3-6edbb12a/0014_DSC_0386/r1l36,711.0,100.0,455.04,57,28,2,30,27,False,ok,0,0.14285714285714285
Svea_Hovraett_etc_export_job_4502445_845640_Svea_Hovraett_-_Advokatfiskalen_Jaemtlands_laen__1702__3-6edbb12a/0014_DSC_0386/r1l38,734.0,92.0,510.61,64,29,1,30,34,False,ok,0,0.20689655172413793
Svea_Hovraett_etc_export_job_4502445_845640_Svea_Hovraett_-_Advokatfiskalen_Jaemtlands_laen__1702__3-6edbb12a/0014_DSC_0386/line_1638275861860_605,732.0,98.0,478.04,60,29,2,31,29,False,ok,0,0.13793103448275862
Svea_Hovraett_etc_export_job_4502445_845640_Svea_Hovraett_-_Advokatfiskalen_Jaemtlands_laen__1702__3-6edbb12a/0014_DSC_0386/line_1638275872565_608,747.0,73.0,654.9,82,29,0,29,53,False,ok,0,0.20689655172413793
Svea_Hovraett_etc_export_job_4502445_845640_Svea_Hovraett_-_Advokatfiskalen_Jaemtlands_laen__1702__3-6edbb12a/0014_DSC_0386/r1l42,173.0,93.0,119.05,15,4,1,5,10,False,ok,0,0.5
Svea_Hovraett_etc_export_job_4502445_845640_Svea_Hovraett_-_Advokatfiskalen_Jaemtlands_laen__1702__3-6edbb12a/0015_DSC_0389/r1l1,665.0,107.0,397.76,50,33,2,35,15,False,ok,0,0.3939393939393939
Svea_Hovraett_etc_export_job_4502445_845640_Svea_Hovraett_-_Advokatfiskalen_Jaemtlands_laen__1702__3-6edbb12a/0015_DSC_0389/r1l2,609.0,75.0,519.68,65,29,1,30,35,False,ok,0,0.3793103448275862
Svea_Hovraett_etc_export_job_4502445_845640_Svea_Hovraett_-_Advokatfiskalen_Jaemtlands_laen__1702__3-6edbb12a/0015_DSC_0389/r1l3,635.0,79.0,514.43,65,37,4,41,24,False,ok,0,0.2972972972972973
Svea_Hovraett_etc_export_job_4502445_845640_Svea_Hovraett_-_Advokatfiskalen_Jaemtlands_laen__1702__3-6edbb12a/0015_DSC_0389/r1l4,649.0,80.0,519.2,65,35,0,35,30,False,ok,0,0.14285714285714285
Svea_Hovraett_etc_export_job_4502445_845640_Svea_Hovraett_-_Advokatfiskalen_Jaemtlands_laen__1702__3-6edbb12a/0015_DSC_0389/r1l5,622.0,90.0,442.31,56,39,2,41,15,False,ok,0,0.4358974358974359
Svea_Hovraett_etc_export_job_4502445_845640_Svea_Hovraett_-_Advokatfiskalen_Jaemtlands_laen__1702__3-6edbb12a/0015_DSC_0389/r1l6,669.0,103.0,415.69,52,40,1,41,11,False,ok,0,0.425
Svea_Hovraett_etc_export_job_4502445_845640_Svea_Hovraett_-_Advokatfiskalen_Jaemtlands_laen__1702__3-6edbb12a/0015_DSC_0389/r1l7,648.0,85.0,487.91,61,30,0,30,31,False,ok,0,0.5
Svea_Hovraett_etc_export_job_4502445_845640_Svea_Hovraett_-_Advokatfiskalen_Jaemtlands_laen__1702__3-6edbb12a/0015_DSC_0389/r1l8,664.0,91.0,466.99,59,39,0,39,20,False,ok,0,0.358974358974359
Svea_Hovraett_etc_export_job_4502445_845640_Svea_Hovraett_-_Advokatfiskalen_Jaemtlands_laen__1702__3-6edbb12a/0015_DSC_0389/r1l9,657.0,99.0,424.73,54,42,0,42,12,False,ok,0,0.35714285714285715
Svea_Hovraett_etc_export_job_4502445_845640_Svea_Hovraett_-_Advokatfiskalen_Jaemtlands_laen__1702__3-6edbb12a/0015_DSC_0389/r1l10,654.0,90.0,465.07,59,31,0,31,28,False,ok,0,0.25806451612903225
Svea_Hovraett_etc_export_job_4502445_845640_Svea_Hovraett_-_Advokatfiskalen_Jaemtlands_laen__1702__3-6edbb12a/0015_DSC_0389/r1l11,693.0,98.0,452.57,57,34,2,36,21,False,ok,0,0.20588235294117646
Svea_Hovraett_etc_export_job_4502445_845640_Svea_Hovraett_-_Advokatfiskalen_Jaemtlands_laen__1702__3-6edbb12a/0015_DSC_0389/r1l12,676.0,72.0,600.89,76,36,3,39,37,False,ok,0,0.3055555555555556
Svea_Hovraett_etc_export_job_4502445_845640_Svea_Hovraett_-_Advokatfiskalen_Jaemtlands_laen__1702__3-6edbb12a/0015_DSC_0389/r1l13,684.0,92.0,475.83,60,34,2,36,24,False,ok,0,0.14705882352941177
Svea_Hovraett_etc_export_job_4502445_845640_Svea_Hovraett_-_Advokatfiskalen_Jaemtlands_laen__1702__3-6edbb12a/0015_DSC_0389/r1l14,665.0,89.0,478.2,60,29,1,30,30,False,ok,0,0.0
Svea_Hovraett_etc_export_job_4502445_845640_Svea_Hovraett_-_Advokatfiskalen_Jaemtlands_laen__1702__3-6edbb12a/0015_DSC_0389/r1l15,672.0,92.0,467.48,59,36,2,38,21,False,ok,0,0.2222222222222222
Svea_Hovraett_etc_export_job_4502445_845640_Svea_Hovraett_-_Advokatfiskalen_Jaemtlands_laen__1702__3-6edbb12a/0015_DSC_0389/line_1638276072759_657,687.0,90.0,488.53,62,29,2,31,31,False,ok,0,0.13793103448275862
Svea_Hovraett_etc_export_job_4502445_845640_Svea_Hovraett_-_Advokatfiskalen_Jaemtlands_laen__1702__3-6edbb12a/0015_DSC_0389/r1l18,697.0,78.0,571.9,72,28,1,29,43,False,ok,0,0.21428571428571427
Svea_Hovraett_etc_export_job_4502445_845640_Svea_Hovraett_-_Advokatfiskalen_Jaemtlands_laen__1702__3-6edbb12a/0015_DSC_0389/r1l19,703.0,86.0,523.16,66,29,2,31,35,False,ok,0,0.10344827586206896
Svea_Hovraett_etc_export_job_4502445_845640_Svea_Hovraett_-_Advokatfiskalen_Jaemtlands_laen__1702__3-6edbb12a/0015_DSC_0389/r1l20,707.0,89.0,508.4,64,28,1,29,35,False,ok,0,0.0
Svea_Hovraett_etc_export_job_4502445_845640_Svea_Hovraett_-_Advokatfiskalen_Jaemtlands_laen__1702__3-6edbb12a/0015_DSC_0389/r1l21,726.0,94.0,494.3,62,32,1,33,29,False,ok,0,0.1875
Svea_Hovraett_etc_export_job_4502445_845640_Svea_Hovraett_-_Advokatfiskalen_Jaemtlands_laen__1702__3-6edbb12a/0015_DSC_0389/r1l22,385.0,101.0,243.96,31,18,0,18,13,False,ok,0,0.3333333333333333
Svea_Hovraett_etc_export_job_4502445_845640_Svea_Hovraett_-_Advokatfiskalen_Jaemtlands_laen__1702__3-6edbb12a/0015_DSC_0389/r1l23,70.0,84.0,53.33,7,3,0,3,4,False,empty,1,1.0
Svea_Hovraett_etc_export_job_4502445_845640_Svea_Hovraett_-_Advokatfiskalen_Jaemtlands_laen__1702__3-6edbb12a/0015_DSC_0389/r2l1,92.0,81.0,72.69,10,3,0,3,7,False,ok,0,0.6666666666666666
Svea_Hovraett_etc_export_job_4502445_845640_Svea_Hovraett_-_Advokatfiskalen_Jaemtlands_laen__1702__3-6edbb12a/0015_DSC_0389/r2l2,695.0,149.0,298.52,38,38,1,39,-1,True,ok,0,0.8421052631578947
Svea_Hovraett_etc_export_job_4502445_845640_Svea_Hovraett_-_Advokatfiskalen_Jaemtlands_laen__1702__3-6edbb12a/0015_DSC_0389/r2l3,651.0,123.0,338.73,43,44,2,46,-3,True,ok,0,0.8181818181818182
Svea_Hovraett_etc_export_job_4502445_845640_Svea_Hovraett_-_Advokatfiskalen_Jaemtlands_laen__1702__3-6edbb12a/0015_DSC_0389/r2l4,655.0,133.0,315.19,40,36,4,40,0,False,ok,0,0.9444444444444444
Svea_Hovraett_etc_export_job_4502445_845640_Svea_Hovraett_-_Advokatfiskalen_Jaemtlands_laen__1702__3-6edbb12a/0015_DSC_0389/r2l5,679.0,136.0,319.53,40,33,1,34,6,False,ok,0,0.8181818181818182
Svea_Hovraett_etc_export_job_4502445_845640_Svea_Hovraett_-_Advokatfiskalen_Jaemtlands_laen__1702__3-6edbb12a/0015_DSC_0389/r2l6,663.0,132.0,321.45,41,40,1,41,0,False,ok,0,0.825
Svea_Hovraett_etc_export_job_4502445_845640_Svea_Hovraett_-_Advokatfiskalen_Jaemtlands_laen__1702__3-6edbb12a/0015_DSC_0389/r2l7,678.0,118.0,367.73,46,37,2,39,7,False,ok,0,0.8108108108108109
Svea_Hovraett_etc_export_job_4502445_845640_Svea_Hovraett_-_Advokatfiskalen_Jaemtlands_laen__1702__3-6edbb12a/0015_DSC_0389/r2l8,680.0,117.0,371.97,47,43,2,45,2,False,ok,0,0.7441860465116279
Svea_Hovraett_etc_export_job_4502445_845640_Svea_Hovraett_-_Advokatfiskalen_Jaemtlands_laen__1702__3-6edbb12a/0015_DSC_0389/r2l9,633.0,116.0,349.24,44,36,2,38,6,False,ok,0,0.5555555555555556
Svea_Hovraett_etc_export_job_4502445_845640_Svea_Hovraett_-_Advokatfiskalen_Jaemtlands_laen__1702__3-6edbb12a/0015_DSC_0389/r2l10,654.0,117.0,357.74,45,36,1,37,8,False,ok,0,0.4722222222222222
Svea_Hovraett_etc_export_job_4502445_845640_Svea_Hovraett_-_Advokatfiskalen_Jaemtlands_laen__1702__3-6edbb12a/0015_DSC_0389/r2l11,269.0,91.0,189.19,24,16,0,16,8,False,ok,0,0.375
Svea_Hovraett_etc_export_job_4502445_845640_Svea_Hovraett_-_Advokatfiskalen_Jaemtlands_laen__1702__3-6edbb12a/0015_DSC_0389/r2l12,754.0,113.0,427.04,54,39,0,39,15,False,ok,0,0.3076923076923077
Svea_Hovraett_etc_export_job_4502445_845640_Svea_Hovraett_-_Advokatfiskalen_Jaemtlands_laen__1702__3-6edbb12a/0015_DSC_0389/r2l13,658.0,96.0,438.67,55,27,0,27,28,False,ok,0,0.37037037037037035
Svea_Hovraett_etc_export_job_4502445_845640_Svea_Hovraett_-_Advokatfiskalen_Jaemtlands_laen__1702__3-6edbb12a/0015_DSC_0389/r2l14,697.0,87.0,512.74,65,35,0,35,30,False,ok,0,0.17142857142857143
Svea_Hovraett_etc_export_job_4502445_845640_Svea_Hovraett_-_Advokatfiskalen_Jaemtlands_laen__1702__3-6edbb12a/0015_DSC_0389/r2l15,697.0,102.0,437.33,55,37,1,38,17,False,ok,0,0.21621621621621623
Svea_Hovraett_etc_export_job_4502445_845640_Svea_Hovraett_-_Advokatfiskalen_Jaemtlands_laen__1702__3-6edbb12a/0015_DSC_0389/r2l16,691.0,86.0,514.23,65,33,1,34,31,False,ok,0,0.12121212121212122
Svea_Hovraett_etc_export_job_4502445_845640_Svea_Hovraett_-_Advokatfiskalen_Jaemtlands_laen__1702__3-6edbb12a/0015_DSC_0389/r2l17,684.0,108.0,405.33,51,36,1,37,14,False,ok,0,0.3055555555555556
Svea_Hovraett_etc_export_job_4502445_845640_Svea_Hovraett_-_Advokatfiskalen_Jaemtlands_laen__1702__3-6edbb12a/0015_DSC_0389/r2l18,712.0,71.0,641.8,81,43,1,44,37,False,ok,0,0.4883720930232558
Svea_Hovraett_etc_export_job_4502445_845640_Svea_Hovraett_-_Advokatfiskalen_Jaemtlands_laen__1702__3-6edbb12a/0015_DSC_0389/r2l19,702.0,105.0,427.89,54,28,0,28,26,False,ok,0,0.2857142857142857
Svea_Hovraett_etc_export_job_4502445_845640_Svea_Hovraett_-_Advokatfiskalen_Jaemtlands_laen__1702__3-6edbb12a/0015_DSC_0389/r2l20,516.0,99.0,333.58,42,22,0,22,20,False,ok,0,0.2727272727272727
Svea_Hovraett_etc_export_job_4502445_845640_Svea_Hovraett_-_Advokatfiskalen_Jaemtlands_laen__1702__3-6edbb12a/0015_DSC_0389/r2l21,794.0,157.0,323.67,41,37,0,37,4,False,ok,0,0.6216216216216216
Svea_Hovraett_etc_export_job_4502445_845640_Svea_Hovraett_-_Advokatfiskalen_Jaemtlands_laen__1702__3-6edbb12a/0015_DSC_0389/r2l22,152.0,58.0,167.72,21,6,1,7,14,False,empty,1,1.0
Svea_Hovraett_etc_export_job_4502445_845640_Svea_Hovraett_-_Advokatfiskalen_Jaemtlands_laen__1702__3-6edbb12a/0016_DSC_0390/r1l1,663.0,112.0,378.86,48,40,2,42,6,False,ok,0,0.525
Svea_Hovraett_etc_export_job_4502445_845640_Svea_Hovraett_-_Advokatfiskalen_Jaemtlands_laen__1702__3-6edbb12a/0016_DSC_0390/r1l2,668.0,98.0,436.24,55,30,1,31,24,False,ok,0,0.23333333333333334
Svea_Hovraett_etc_export_job_4502445_845640_Svea_Hovraett_-_Advokatfiskalen_Jaemtlands_laen__1702__3-6edbb12a/0016_DSC_0390/r1l3,688.0,98.0,449.31,57,32,1,33,24,False,ok,0,0.3125
Svea_Hovraett_etc_export_job_4502445_845640_Svea_Hovraett_-_Advokatfiskalen_Jaemtlands_laen__1702__3-6edbb12a/0016_DSC_0390/r1l4,685.0,85.0,515.76,65,31,2,33,32,False,ok,0,0.22580645161290322
Svea_Hovraett_etc_export_job_4502445_845640_Svea_Hovraett_-_Advokatfiskalen_Jaemtlands_laen__1702__3-6edbb12a/0016_DSC_0390/r1l5,693.0,87.0,509.79,64,36,2,38,26,False,ok,0,0.19444444444444445
Svea_Hovraett_etc_export_job_4502445_845640_Svea_Hovraett_-_Advokatfiskalen_Jaemtlands_laen__1702__3-6edbb12a/0016_DSC_0390/r1l6,685.0,91.0,481.76,61,39,1,40,21,False,ok,0,0.28205128205128205
Svea_Hovraett_etc_export_job_4502445_845640_Svea_Hovraett_-_Advokatfiskalen_Jaemtlands_laen__1702__3-6edbb12a/0016_DSC_0390/r1l7,691.0,90.0,491.38,62,35,1,36,26,False,ok,0,0.45714285714285713
Svea_Hovraett_etc_export_job_4502445_845640_Svea_Hovraett_-_Advokatfiskalen_Jaemtlands_laen__1702__3-6edbb12a/0016_DSC_0390/r1l8,700.0,97.0,461.86,58,41,3,44,14,False,ok,0,0.2926829268292683
Svea_Hovraett_etc_export_job_4502445_845640_Svea_Hovraett_-_Advokatfiskalen_Jaemtlands_laen__1702__3-6edbb12a/0016_DSC_0390/r1l9,691.0,92.0,480.7,61,41,3,44,17,False,ok,0,0.14634146341463414
Svea_Hovraett_etc_export_job_4502445_845640_Svea_Hovraett_-_Advokatfiskalen_Jaemtlands_laen__1702__3-6edbb12a/0016_DSC_0390/r1l10,713.0,97.0,470.43,59,34,1,35,24,False,ok,0,0.29411764705882354
Svea_Hovraett_etc_export_job_4502445_845640_Svea_Hovraett_-_Advokatfiskalen_Jaemtlands_laen__1702__3-6edbb12a/0016_DSC_0390/r1l11,673.0,92.0,468.17,59,32,1,33,26,False,ok,0,0.0625
Svea_Hovraett_etc_export_job_4502445_845640_Svea_Hovraett_-_Advokatfiskalen_Jaemtlands_laen__1702__3-6edbb12a/0016_DSC_0390/r1l12,706.0,99.0,456.4,58,34,1,35,23,False,ok,0,0.23529411764705882
Svea_Hovraett_etc_export_job_4502445_845640_Svea_Hovraett_-_Advokatfiskalen_Jaemtlands_laen__1702__3-6edbb12a/0016_DSC_0390/r1l13,728.0,96.0,485.33,61,36,1,37,24,False,ok,0,0.1388888888888889
Svea_Hovraett_etc_export_job_4502445_845640_Svea_Hovraett_-_Advokatfiskalen_Jaemtlands_laen__1702__3-6edbb12a/0016_DSC_0390/r1l14,703.0,91.0,494.42,62,43,3,46,16,False,ok,0,0.13953488372093023
Svea_Hovraett_etc_export_job_4502445_845640_Svea_Hovraett_-_Advokatfiskalen_Jaemtlands_laen__1702__3-6edbb12a/0016_DSC_0390/r1l15,697.0,98.0,455.18,57,37,0,37,20,False,ok,0,0.16216216216216217
Svea_Hovraett_etc_export_job_4502445_845640_Svea_Hovraett_-_Advokatfiskalen_Jaemtlands_laen__1702__3-6edbb12a/0016_DSC_0390/r1l16,724.0,87.0,532.6,67,27,2,29,38,False,ok,0,0.1111111111111111
Svea_Hovraett_etc_export_job_4502445_845640_Svea_Hovraett_-_Advokatfiskalen_Jaemtlands_laen__1702__3-6edbb12a/0016_DSC_0390/r1l17,736.0,94.0,501.11,63,27,0,27,36,False,ok,0,0.25925925925925924
Svea_Hovraett_etc_export_job_4502445_845640_Svea_Hovraett_-_Advokatfiskalen_Jaemtlands_laen__1702__3-6edbb12a/0016_DSC_0390/r1l18,757.0,86.0,563.35,71,40,3,43,28,False,ok,0,0.225
Svea_Hovraett_etc_export_job_4502445_845640_Svea_Hovraett_-_Advokatfiskalen_Jaemtlands_laen__1702__3-6edbb12a/0016_DSC_0390/r1l19,748.0,98.0,488.49,62,28,0,28,34,False,ok,0,0.25
Svea_Hovraett_etc_export_job_4502445_845640_Svea_Hovraett_-_Advokatfiskalen_Jaemtlands_laen__1702__3-6edbb12a/0016_DSC_0390/r1l20,744.0,105.0,453.49,57,40,0,40,17,False,ok,0,0.1
Svea_Hovraett_etc_export_job_4502445_845640_Svea_Hovraett_-_Advokatfiskalen_Jaemtlands_laen__1702__3-6edbb12a/0016_DSC_0390/r1l21,770.0,104.0,473.85,60,39,2,41,19,False,ok,0,0.1282051282051282
Svea_Hovraett_etc_export_job_4502445_845640_Svea_Hovraett_-_Advokatfiskalen_Jaemtlands_laen__1702__3-6edbb12a/0016_DSC_0390/r1l22,162.0,104.0,99.69,13,4,0,4,9,False,ok,0,1.0
Svea_Hovraett_etc_export_job_4502445_845640_Svea_Hovraett_-_Advokatfiskalen_Jaemtlands_laen__1702__3-6edbb12a/0016_DSC_0390/r2l1,112.0,49.0,146.29,19,3,0,3,16,False,ok,0,0.3333333333333333
Svea_Hovraett_etc_export_job_4502445_845640_Svea_Hovraett_-_Advokatfiskalen_Jaemtlands_laen__1702__3-6edbb12a/0016_DSC_0390/r2l3,657.0,140.0,300.34,38,41,0,41,-3,True,ok,0,0.8536585365853658
Svea_Hovraett_etc_export_job_4502445_845640_Svea_Hovraett_-_Advokatfiskalen_Jaemtlands_laen__1702__3-6edbb12a/0016_DSC_0390/r2l4,643.0,118.0,348.75,44,36,2,38,6,False,ok,0,0.7777777777777778
Svea_Hovraett_etc_export_job_4502445_845640_Svea_Hovraett_-_Advokatfiskalen_Jaemtlands_laen__1702__3-6edbb12a/0016_DSC_0390/r2l5,641.0,124.0,330.84,42,33,0,33,9,False,ok,0,0.6363636363636364
Svea_Hovraett_etc_export_job_4502445_845640_Svea_Hovraett_-_Advokatfiskalen_Jaemtlands_laen__1702__3-6edbb12a/0016_DSC_0390/r2l6,672.0,119.0,361.41,46,37,1,38,8,False,ok,0,0.7837837837837838
Svea_Hovraett_etc_export_job_4502445_845640_Svea_Hovraett_-_Advokatfiskalen_Jaemtlands_laen__1702__3-6edbb12a/0016_DSC_0390/r2l7,671.0,146.0,294.14,37,39,0,39,-2,True,ok,0,0.7435897435897436
Svea_Hovraett_etc_export_job_4502445_845640_Svea_Hovraett_-_Advokatfiskalen_Jaemtlands_laen__1702__3-6edbb12a/0016_DSC_0390/r2l8,696.0,106.0,420.23,53,39,0,39,14,False,ok,0,0.7948717948717948
Svea_Hovraett_etc_export_job_4502445_845640_Svea_Hovraett_-_Advokatfiskalen_Jaemtlands_laen__1702__3-6edbb12a/0016_DSC_0390/r2l9,676.0,97.0,446.02,56,36,1,37,19,False,ok,0,0.5555555555555556
Svea_Hovraett_etc_export_job_4502445_845640_Svea_Hovraett_-_Advokatfiskalen_Jaemtlands_laen__1702__3-6edbb12a/0016_DSC_0390/r2l10,644.0,96.0,429.33,54,34,2,36,18,False,ok,0,0.23529411764705882
Svea_Hovraett_etc_export_job_4502445_845640_Svea_Hovraett_-_Advokatfiskalen_Jaemtlands_laen__1702__3-6edbb12a/0016_DSC_0390/r2l11,657.0,108.0,389.33,49,37,2,39,10,False,ok,0,0.35135135135135137
Svea_Hovraett_etc_export_job_4502445_845640_Svea_Hovraett_-_Advokatfiskalen_Jaemtlands_laen__1702__3-6edbb12a/0016_DSC_0390/r2l12,650.0,94.0,442.55,56,29,0,29,27,False,ok,0,0.27586206896551724
Svea_Hovraett_etc_export_job_4502445_845640_Svea_Hovraett_-_Advokatfiskalen_Jaemtlands_laen__1702__3-6edbb12a/0016_DSC_0390/r2l13,670.0,99.0,433.13,55,32,2,34,21,False,ok,0,0.21875
Svea_Hovraett_etc_export_job_4502445_845640_Svea_Hovraett_-_Advokatfiskalen_Jaemtlands_laen__1702__3-6edbb12a/0016_DSC_0390/r2l14,672.0,105.0,409.6,52,37,0,37,15,False,ok,0,0.24324324324324326
Svea_Hovraett_etc_export_job_4502445_845640_Svea_Hovraett_-_Advokatfiskalen_Jaemtlands_laen__1702__3-6edbb12a/0016_DSC_0390/r2l15,680.0,84.0,518.1,65,33,0,33,32,False,ok,0,0.24242424242424243
Svea_Hovraett_etc_export_job_4502445_845640_Svea_Hovraett_-_Advokatfiskalen_Jaemtlands_laen__1702__3-6edbb12a/0016_DSC_0390/r2l16,695.0,99.0,449.29,57,34,2,36,21,False,ok,0,0.38235294117647056
Svea_Hovraett_etc_export_job_4502445_845640_Svea_Hovraett_-_Advokatfiskalen_Jaemtlands_laen__1702__3-6edbb12a/0016_DSC_0390/r2l17,690.0,92.0,480.0,60,38,3,41,19,False,ok,0,0.2894736842105263
Svea_Hovraett_etc_export_job_4502445_845640_Svea_Hovraett_-_Advokatfiskalen_Jaemtlands_laen__1702__3-6edbb12a/0016_DSC_0390/r2l18,686.0,102.0,430.43,54,31,0,31,23,False,ok,0,0.3225806451612903
Svea_Hovraett_etc_export_job_4502445_845640_Svea_Hovraett_-_Advokatfiskalen_Jaemtlands_laen__1702__3-6edbb12a/0016_DSC_0390/r2l19,702.0,103.0,436.19,55,39,3,42,13,False,ok,0,0.28205128205128205
Svea_Hovraett_etc_export_job_4502445_845640_Svea_Hovraett_-_Advokatfiskalen_Jaemtlands_laen__1702__3-6edbb12a/0016_DSC_0390/r2l20,686.0,81.0,542.02,68,31,0,31,37,False,ok,0,0.2903225806451613
Svea_Hovraett_etc_export_job_4502445_845640_Svea_Hovraett_-_Advokatfiskalen_Jaemtlands_laen__1702__3-6edbb12a/0016_DSC_0390/r2l21,691.0,106.0,417.21,53,39,1,40,13,False,ok,0,0.3333333333333333
Svea_Hovraett_etc_export_job_4502445_845640_Svea_Hovraett_-_Advokatfiskalen_Jaemtlands_laen__1702__3-6edbb12a/0016_DSC_0390/r2l22,699.0,84.0,532.57,67,31,2,33,34,False,ok,0,0.22580645161290322
Svea_Hovraett_etc_export_job_4502445_845640_Svea_Hovraett_-_Advokatfiskalen_Jaemtlands_laen__1702__3-6edbb12a/0016_DSC_0390/r2l23,694.0,107.0,415.1,52,32,3,35,17,False,ok,0,0.40625
Svea_Hovraett_etc_export_job_4502445_845640_Svea_Hovraett_-_Advokatfiskalen_Jaemtlands_laen__1702__3-6edbb12a/0016_DSC_0390/r2l24,152.0,57.0,170.67,22,5,0,5,17,False,empty,1,1.0
Svea_Hovraett_etc_export_job_4502445_845640_Svea_Hovraett_-_Advokatfiskalen_Jaemtlands_laen__1702__3-6edbb12a/0017_DSC_0391/r1l1,671.0,95.0,452.04,57,35,1,36,21,False,ok,0,0.17142857142857143
Svea_Hovraett_etc_export_job_4502445_845640_Svea_Hovraett_-_Advokatfiskalen_Jaemtlands_laen__1702__3-6edbb12a/0017_DSC_0391/r1l2,667.0,90.0,474.31,60,34,1,35,25,False,ok,0,0.3235294117647059
Svea_Hovraett_etc_export_job_4502445_845640_Svea_Hovraett_-_Advokatfiskalen_Jaemtlands_laen__1702__3-6edbb12a/0017_DSC_0391/r1l3,666.0,104.0,409.85,52,36,2,38,14,False,ok,0,0.5555555555555556
Svea_Hovraett_etc_export_job_4502445_845640_Svea_Hovraett_-_Advokatfiskalen_Jaemtlands_laen__1702__3-6edbb12a/0017_DSC_0391/r1l4,676.0,90.0,480.71,61,32,1,33,28,False,ok,0,0.28125
Svea_Hovraett_etc_export_job_4502445_845640_Svea_Hovraett_-_Advokatfiskalen_Jaemtlands_laen__1702__3-6edbb12a/0017_DSC_0391/r1l5,677.0,84.0,515.81,65,37,1,38,27,False,ok,0,0.13513513513513514
Svea_Hovraett_etc_export_job_4502445_845640_Svea_Hovraett_-_Advokatfiskalen_Jaemtlands_laen__1702__3-6edbb12a/0017_DSC_0391/r1l6,694.0,86.0,516.47,65,35,2,37,28,False,ok,0,0.34285714285714286
Svea_Hovraett_etc_export_job_4502445_845640_Svea_Hovraett_-_Advokatfiskalen_Jaemtlands_laen__1702__3-6edbb12a/0017_DSC_0391/r1l7,684.0,82.0,533.85,67,30,3,33,34,False,ok,0,0.1
Svea_Hovraett_etc_export_job_4502445_845640_Svea_Hovraett_-_Advokatfiskalen_Jaemtlands_laen__1702__3-6edbb12a/0017_DSC_0391/r1l8,696.0,85.0,524.05,66,32,2,34,32,False,ok,0,0.25
Svea_Hovraett_etc_export_job_4502445_845640_Svea_Hovraett_-_Advokatfiskalen_Jaemtlands_laen__1702__3-6edbb12a/0017_DSC_0391/r1l9,687.0,89.0,494.02,62,35,0,35,27,False,ok,0,0.11428571428571428
Svea_Hovraett_etc_export_job_4502445_845640_Svea_Hovraett_-_Advokatfiskalen_Jaemtlands_laen__1702__3-6edbb12a/0017_DSC_0391/r1l10,722.0,69.0,669.68,84,36,2,38,46,False,ok,0,0.16666666666666666
Svea_Hovraett_etc_export_job_4502445_845640_Svea_Hovraett_-_Advokatfiskalen_Jaemtlands_laen__1702__3-6edbb12a/0017_DSC_0391/r1l11,690.0,92.0,480.0,60,37,1,38,22,False,ok,0,0.13513513513513514
Svea_Hovraett_etc_export_job_4502445_845640_Svea_Hovraett_-_Advokatfiskalen_Jaemtlands_laen__1702__3-6edbb12a/0017_DSC_0391/r1l12,710.0,86.0,528.37,67,34,1,35,32,False,ok,0,0.029411764705882353
Svea_Hovraett_etc_export_job_4502445_845640_Svea_Hovraett_-_Advokatfiskalen_Jaemtlands_laen__1702__3-6edbb12a/0017_DSC_0391/r1l13,700.0,95.0,471.58,59,29,1,30,29,False,ok,0,0.06896551724137931
Svea_Hovraett_etc_export_job_4502445_845640_Svea_Hovraett_-_Advokatfiskalen_Jaemtlands_laen__1702__3-6edbb12a/0017_DSC_0391/r1l14,717.0,93.0,493.42,62,36,3,39,23,False,ok,0,0.08333333333333333
Svea_Hovraett_etc_export_job_4502445_845640_Svea_Hovraett_-_Advokatfiskalen_Jaemtlands_laen__1702__3-6edbb12a/0017_DSC_0391/r1l15,725.0,95.0,488.42,62,34,1,35,27,False,ok,0,0.20588235294117646
Svea_Hovraett_etc_export_job_4502445_845640_Svea_Hovraett_-_Advokatfiskalen_Jaemtlands_laen__1702__3-6edbb12a/0017_DSC_0391/r1l16,726.0,71.0,654.42,82,31,2,33,49,False,ok,0,0.03225806451612903
Svea_Hovraett_etc_export_job_4502445_845640_Svea_Hovraett_-_Advokatfiskalen_Jaemtlands_laen__1702__3-6edbb12a/0017_DSC_0391/r1l17,741.0,100.0,474.24,60,27,0,27,33,False,ok,0,0.07407407407407407
Svea_Hovraett_etc_export_job_4502445_845640_Svea_Hovraett_-_Advokatfiskalen_Jaemtlands_laen__1702__3-6edbb12a/0017_DSC_0391/r1l18,720.0,93.0,495.48,62,35,3,38,24,False,ok,0,0.08571428571428572
Svea_Hovraett_etc_export_job_4502445_845640_Svea_Hovraett_-_Advokatfiskalen_Jaemtlands_laen__1702__3-6edbb12a/0017_DSC_0391/r1l19,742.0,87.0,545.84,69,33,0,33,36,False,ok,0,0.15151515151515152
Svea_Hovraett_etc_export_job_4502445_845640_Svea_Hovraett_-_Advokatfiskalen_Jaemtlands_laen__1702__3-6edbb12a/0017_DSC_0391/r1l21,742.0,81.0,586.27,74,32,3,35,39,False,ok,0,0.03125
Svea_Hovraett_etc_export_job_4502445_845640_Svea_Hovraett_-_Advokatfiskalen_Jaemtlands_laen__1702__3-6edbb12a/0017_DSC_0391/r1l22,737.0,87.0,542.16,68,29,1,30,38,False,ok,0,0.034482758620689655
Svea_Hovraett_etc_export_job_4502445_845640_Svea_Hovraett_-_Advokatfiskalen_Jaemtlands_laen__1702__3-6edbb12a/0017_DSC_0391/r1l23,116.0,72.0,103.11,13,4,0,4,9,False,ok,0,1.0
Svea_Hovraett_etc_export_job_4502445_845640_Svea_Hovraett_-_Advokatfiskalen_Jaemtlands_laen__1702__3-6edbb12a/0017_DSC_0391/r2l1,77.0,43.0,114.6,15,3,0,3,12,False,empty,1,1.0
Svea_Hovraett_etc_export_job_4502445_845640_Svea_Hovraett_-_Advokatfiskalen_Jaemtlands_laen__1702__3-6edbb12a/0017_DSC_0391/r2l2,600.0,120.0,320.0,40,43,0,43,-3,True,ok,0,0.6976744186046512
Svea_Hovraett_etc_export_job_4502445_845640_Svea_Hovraett_-_Advokatfiskalen_Jaemtlands_laen__1702__3-6edbb12a/0017_DSC_0391/r2l3,600.0,115.0,333.91,42,39,1,40,2,False,ok,0,0.7692307692307693
Svea_Hovraett_etc_export_job_4502445_845640_Svea_Hovraett_-_Advokatfiskalen_Jaemtlands_laen__1702__3-6edbb12a/0017_DSC_0391/r2l4,601.0,131.0,293.62,37,36,0,36,1,False,ok,0,0.8055555555555556
Svea_Hovraett_etc_export_job_4502445_845640_Svea_Hovraett_-_Advokatfiskalen_Jaemtlands_laen__1702__3-6edbb12a/0017_DSC_0391/r2l5,637.0,117.0,348.44,44,31,1,32,12,False,ok,0,0.7096774193548387
Svea_Hovraett_etc_export_job_4502445_845640_Svea_Hovraett_-_Advokatfiskalen_Jaemtlands_laen__1702__3-6edbb12a/0017_DSC_0391/r2l6,614.0,112.0,350.86,44,35,2,37,7,False,ok,0,0.5428571428571428
Svea_Hovraett_etc_export_job_4502445_845640_Svea_Hovraett_-_Advokatfiskalen_Jaemtlands_laen__1702__3-6edbb12a/0017_DSC_0391/r2l7,616.0,121.0,325.82,41,31,0,31,10,False,ok,0,0.7419354838709677
Svea_Hovraett_etc_export_job_4502445_845640_Svea_Hovraett_-_Advokatfiskalen_Jaemtlands_laen__1702__3-6edbb12a/0017_DSC_0391/r2l8,458.0,111.0,264.07,34,28,1,29,5,False,ok,0,0.5357142857142857
Svea_Hovraett_etc_export_job_4502445_845640_Svea_Hovraett_-_Advokatfiskalen_Jaemtlands_laen__1702__3-6edbb12a/0017_DSC_0391/r2l9,620.0,109.0,364.04,46,35,2,37,9,False,ok,0,0.5714285714285714
Svea_Hovraett_etc_export_job_4502445_845640_Svea_Hovraett_-_Advokatfiskalen_Jaemtlands_laen__1702__3-6edbb12a/0017_DSC_0391/r2l10,649.0,123.0,337.69,43,38,0,38,5,False,ok,0,0.5526315789473685
Svea_Hovraett_etc_export_job_4502445_845640_Svea_Hovraett_-_Advokatfiskalen_Jaemtlands_laen__1702__3-6edbb12a/0017_DSC_0391/r2l11,645.0,98.0,421.22,53,33,1,34,19,False,ok,0,0.5151515151515151
Svea_Hovraett_etc_export_job_4502445_845640_Svea_Hovraett_-_Advokatfiskalen_Jaemtlands_laen__1702__3-6edbb12a/0017_DSC_0391/r2l12,676.0,108.0,400.59,51,35,1,36,15,False,ok,0,0.6285714285714286
Svea_Hovraett_etc_export_job_4502445_845640_Svea_Hovraett_-_Advokatfiskalen_Jaemtlands_laen__1702__3-6edbb12a/0017_DSC_0391/r2l13,679.0,113.0,384.57,49,44,2,46,3,False,ok,0,0.4772727272727273
Svea_Hovraett_etc_export_job_4502445_845640_Svea_Hovraett_-_Advokatfiskalen_Jaemtlands_laen__1702__3-6edbb12a/0017_DSC_0391/r2l14,657.0,101.0,416.32,53,34,1,35,18,False,ok,0,0.20588235294117646
Svea_Hovraett_etc_export_job_4502445_845640_Svea_Hovraett_-_Advokatfiskalen_Jaemtlands_laen__1702__3-6edbb12a/0017_DSC_0391/r2l15,405.0,99.0,261.82,33,24,0,24,9,False,ok,0,0.4583333333333333
Svea_Hovraett_etc_export_job_4502445_845640_Svea_Hovraett_-_Advokatfiskalen_Jaemtlands_laen__1702__3-6edbb12a/0017_DSC_0391/r2l16,654.0,98.0,427.1,54,38,0,38,16,False,ok,0,0.34210526315789475
Svea_Hovraett_etc_export_job_4502445_845640_Svea_Hovraett_-_Advokatfiskalen_Jaemtlands_laen__1702__3-6edbb12a/0017_DSC_0391/r2l17,650.0,94.0,442.55,56,37,2,39,17,False,ok,0,0.24324324324324326
Svea_Hovraett_etc_export_job_4502445_845640_Svea_Hovraett_-_Advokatfiskalen_Jaemtlands_laen__1702__3-6edbb12a/0017_DSC_0391/r2l18,713.0,84.0,543.24,68,36,3,39,29,False,ok,0,0.3055555555555556
Svea_Hovraett_etc_export_job_4502445_845640_Svea_Hovraett_-_Advokatfiskalen_Jaemtlands_laen__1702__3-6edbb12a/0017_DSC_0391/r2l19,696.0,97.0,459.22,58,40,0,40,18,False,ok,0,0.275
Svea_Hovraett_etc_export_job_4502445_845640_Svea_Hovraett_-_Advokatfiskalen_Jaemtlands_laen__1702__3-6edbb12a/0017_DSC_0391/r2l20,684.0,98.0,446.69,56,39,0,39,17,False,ok,0,0.38461538461538464
Svea_Hovraett_etc_export_job_4502445_845640_Svea_Hovraett_-_Advokatfiskalen_Jaemtlands_laen__1702__3-6edbb12a/0017_DSC_0391/r2l21,731.0,97.0,482.31,61,38,1,39,22,False,ok,0,0.3157894736842105
Svea_Hovraett_etc_export_job_4502445_845640_Svea_Hovraett_-_Advokatfiskalen_Jaemtlands_laen__1702__3-6edbb12a/0017_DSC_0391/r2l22,715.0,103.0,444.27,56,31,2,33,23,False,ok,0,0.41935483870967744
Svea_Hovraett_etc_export_job_4502445_845640_Svea_Hovraett_-_Advokatfiskalen_Jaemtlands_laen__1702__3-6edbb12a/0017_DSC_0391/r2l23,175.0,109.0,102.75,13,8,1,9,4,False,ok,0,0.625
Svea_Hovraett_etc_export_job_4502445_845640_Svea_Hovraett_-_Advokatfiskalen_Jaemtlands_laen__1702__3-6edbb12a/0018_DSC_0392/r1l1,691.0,121.0,365.49,46,37,1,38,8,False,ok,0,0.5945945945945946
Svea_Hovraett_etc_export_job_4502445_845640_Svea_Hovraett_-_Advokatfiskalen_Jaemtlands_laen__1702__3-6edbb12a/0018_DSC_0392/r1l2,692.0,117.0,378.53,48,37,2,39,9,False,ok,0,0.7027027027027027
Svea_Hovraett_etc_export_job_4502445_845640_Svea_Hovraett_-_Advokatfiskalen_Jaemtlands_laen__1702__3-6edbb12a/0018_DSC_0392/r1l3,699.0,108.0,414.22,52,31,0,31,21,False,ok,0,0.4838709677419355
Svea_Hovraett_etc_export_job_4502445_845640_Svea_Hovraett_-_Advokatfiskalen_Jaemtlands_laen__1702__3-6edbb12a/0018_DSC_0392/r1l4,715.0,100.0,457.6,58,38,0,38,20,False,ok,0,0.42105263157894735
Svea_Hovraett_etc_export_job_4502445_845640_Svea_Hovraett_-_Advokatfiskalen_Jaemtlands_laen__1702__3-6edbb12a/0018_DSC_0392/r1l6,722.0,107.0,431.85,54,37,0,37,17,False,ok,0,0.3783783783783784
Svea_Hovraett_etc_export_job_4502445_845640_Svea_Hovraett_-_Advokatfiskalen_Jaemtlands_laen__1702__3-6edbb12a/0018_DSC_0392/r1l8,732.0,116.0,403.86,51,41,1,42,9,False,ok,0,0.6097560975609756
Svea_Hovraett_etc_export_job_4502445_845640_Svea_Hovraett_-_Advokatfiskalen_Jaemtlands_laen__1702__3-6edbb12a/0018_DSC_0392/r1l9,721.0,86.0,536.56,68,33,1,34,34,False,ok,0,0.30303030303030304
Svea_Hovraett_etc_export_job_4502445_845640_Svea_Hovraett_-_Advokatfiskalen_Jaemtlands_laen__1702__3-6edbb12a/0018_DSC_0392/r1l10,721.0,100.0,461.44,58,38,3,41,17,False,ok,0,0.2894736842105263
Svea_Hovraett_etc_export_job_4502445_845640_Svea_Hovraett_-_Advokatfiskalen_Jaemtlands_laen__1702__3-6edbb12a/0018_DSC_0392/r1l11,743.0,99.0,480.32,61,33,2,35,26,False,ok,0,0.45454545454545453
Svea_Hovraett_etc_export_job_4502445_845640_Svea_Hovraett_-_Advokatfiskalen_Jaemtlands_laen__1702__3-6edbb12a/0018_DSC_0392/r1l12,732.0,110.0,425.89,54,38,1,39,15,False,ok,0,0.2631578947368421
Svea_Hovraett_etc_export_job_4502445_845640_Svea_Hovraett_-_Advokatfiskalen_Jaemtlands_laen__1702__3-6edbb12a/0018_DSC_0392/r1l13,734.0,87.0,539.95,68,30,1,31,37,False,ok,0,0.13333333333333333
Svea_Hovraett_etc_export_job_4502445_845640_Svea_Hovraett_-_Advokatfiskalen_Jaemtlands_laen__1702__3-6edbb12a/0018_DSC_0392/r1l14,744.0,104.0,457.85,58,34,0,34,24,False,ok,0,0.17647058823529413
Svea_Hovraett_etc_export_job_4502445_845640_Svea_Hovraett_-_Advokatfiskalen_Jaemtlands_laen__1702__3-6edbb12a/0018_DSC_0392/r1l15,757.0,97.0,499.46,63,47,2,49,14,False,ok,0,0.2553191489361702
Svea_Hovraett_etc_export_job_4502445_845640_Svea_Hovraett_-_Advokatfiskalen_Jaemtlands_laen__1702__3-6edbb12a/0018_DSC_0392/r1l16,750.0,118.0,406.78,51,43,1,44,7,False,ok,0,0.37209302325581395
Svea_Hovraett_etc_export_job_4502445_845640_Svea_Hovraett_-_Advokatfiskalen_Jaemtlands_laen__1702__3-6edbb12a/0018_DSC_0392/r1l17,768.0,98.0,501.55,63,39,1,40,23,False,ok,0,0.20512820512820512
Svea_Hovraett_etc_export_job_4502445_845640_Svea_Hovraett_-_Advokatfiskalen_Jaemtlands_laen__1702__3-6edbb12a/0018_DSC_0392/r1l18,764.0,104.0,470.15,59,35,0,35,24,False,ok,0,0.2571428571428571
Svea_Hovraett_etc_export_job_4502445_845640_Svea_Hovraett_-_Advokatfiskalen_Jaemtlands_laen__1702__3-6edbb12a/0018_DSC_0392/r1l19,780.0,105.0,475.43,60,35,2,37,23,False,ok,0,0.2
Svea_Hovraett_etc_export_job_4502445_845640_Svea_Hovraett_-_Advokatfiskalen_Jaemtlands_laen__1702__3-6edbb12a/0018_DSC_0392/r1l20,797.0,106.0,481.21,61,32,1,33,28,False,ok,0,0.1875
Svea_Hovraett_etc_export_job_4502445_845640_Svea_Hovraett_-_Advokatfiskalen_Jaemtlands_laen__1702__3-6edbb12a/0018_DSC_0392/r1l21,790.0,96.0,526.67,66,38,3,41,25,False,ok,0,0.18421052631578946
Svea_Hovraett_etc_export_job_4502445_845640_Svea_Hovraett_-_Advokatfiskalen_Jaemtlands_laen__1702__3-6edbb12a/0018_DSC_0392/r1l22,787.0,94.0,535.83,67,32,1,33,34,False,ok,0,0.0625
Svea_Hovraett_etc_export_job_4502445_845640_Svea_Hovraett_-_Advokatfiskalen_Jaemtlands_laen__1702__3-6edbb12a/0018_DSC_0392/r1l23,802.0,100.0,513.28,65,34,2,36,29,False,ok,0,0.17647058823529413
Svea_Hovraett_etc_export_job_4502445_845640_Svea_Hovraett_-_Advokatfiskalen_Jaemtlands_laen__1702__3-6edbb12a/0018_DSC_0392/line_1638277016426_940,77.0,84.0,58.67,8,3,0,3,5,False,empty,1,1.0
Svea_Hovraett_etc_export_job_4502445_845640_Svea_Hovraett_-_Advokatfiskalen_Jaemtlands_laen__1702__3-6edbb12a/0018_DSC_0392/r2l1,93.0,60.0,99.2,13,3,0,3,10,False,ok,0,1.0
Svea_Hovraett_etc_export_job_4502445_845640_Svea_Hovraett_-_Advokatfiskalen_Jaemtlands_laen__1702__3-6edbb12a/0018_DSC_0392/r2l2,631.0,181.0,223.12,28,34,3,37,-9,True,ok,0,0.9117647058823529
Svea_Hovraett_etc_export_job_4502445_845640_Svea_Hovraett_-_Advokatfiskalen_Jaemtlands_laen__1702__3-6edbb12a/0018_DSC_0392/r2l3,644.0,143.0,288.22,37,33,0,33,4,False,ok,0,0.8484848484848485
Svea_Hovraett_etc_export_job_4502445_845640_Svea_Hovraett_-_Advokatfiskalen_Jaemtlands_laen__1702__3-6edbb12a/0018_DSC_0392/r2l4,658.0,144.0,292.44,37,34,2,36,1,False,ok,0,0.8823529411764706
Svea_Hovraett_etc_export_job_4502445_845640_Svea_Hovraett_-_Advokatfiskalen_Jaemtlands_laen__1702__3-6edbb12a/0018_DSC_0392/r2l5,657.0,134.0,313.79,40,32,1,33,7,False,ok,0,0.875
Svea_Hovraett_etc_export_job_4502445_845640_Svea_Hovraett_-_Advokatfiskalen_Jaemtlands_laen__1702__3-6edbb12a/0018_DSC_0392/r2l6,650.0,132.0,315.15,40,31,0,31,9,False,ok,0,0.7096774193548387
Svea_Hovraett_etc_export_job_4502445_845640_Svea_Hovraett_-_Advokatfiskalen_Jaemtlands_laen__1702__3-6edbb12a/0018_DSC_0392/r2l7,658.0,146.0,288.44,37,28,2,30,7,False,ok,0,0.75
Svea_Hovraett_etc_export_job_4502445_845640_Svea_Hovraett_-_Advokatfiskalen_Jaemtlands_laen__1702__3-6edbb12a/0018_DSC_0392/r2l8,638.0,121.0,337.45,43,29,2,31,12,False,ok,0,0.4827586206896552
Svea_Hovraett_etc_export_job_4502445_845640_Svea_Hovraett_-_Advokatfiskalen_Jaemtlands_laen__1702__3-6edbb12a/0018_DSC_0392/r2l9,649.0,116.0,358.07,45,32,2,34,11,False,ok,0,0.53125
Svea_Hovraett_etc_export_job_4502445_845640_Svea_Hovraett_-_Advokatfiskalen_Jaemtlands_laen__1702__3-6edbb12a/0018_DSC_0392/r2l10,684.0,127.0,344.69,44,35,0,35,9,False,ok,0,0.5428571428571428
Svea_Hovraett_etc_export_job_4502445_845640_Svea_Hovraett_-_Advokatfiskalen_Jaemtlands_laen__1702__3-6edbb12a/0018_DSC_0392/r2l11,660.0,126.0,335.24,42,31,1,32,10,False,ok,0,0.3870967741935484
Svea_Hovraett_etc_export_job_4502445_845640_Svea_Hovraett_-_Advokatfiskalen_Jaemtlands_laen__1702__3-6edbb12a/0018_DSC_0392/r2l12,699.0,111.0,403.03,51,33,1,34,17,False,ok,0,0.36363636363636365
Svea_Hovraett_etc_export_job_4502445_845640_Svea_Hovraett_-_Advokatfiskalen_Jaemtlands_laen__1702__3-6edbb12a/0018_DSC_0392/r2l13,704.0,107.0,421.08,53,33,0,33,20,False,ok,0,0.45454545454545453
Svea_Hovraett_etc_export_job_4502445_845640_Svea_Hovraett_-_Advokatfiskalen_Jaemtlands_laen__1702__3-6edbb12a/0018_DSC_0392/r2l14,685.0,110.0,398.55,50,33,2,35,15,False,ok,0,0.2727272727272727
Svea_Hovraett_etc_export_job_4502445_845640_Svea_Hovraett_-_Advokatfiskalen_Jaemtlands_laen__1702__3-6edbb12a/0018_DSC_0392/r2l15,695.0,102.0,436.08,55,32,1,33,22,False,ok,0,0.25
Svea_Hovraett_etc_export_job_4502445_845640_Svea_Hovraett_-_Advokatfiskalen_Jaemtlands_laen__1702__3-6edbb12a/0018_DSC_0392/r2l16,683.0,99.0,441.54,56,34,2,36,20,False,ok,0,0.20588235294117646
Svea_Hovraett_etc_export_job_4502445_845640_Svea_Hovraett_-_Advokatfiskalen_Jaemtlands_laen__1702__3-6edbb12a/0018_DSC_0392/r2l17,687.0,100.0,439.68,55,29,1,30,25,False,ok,0,0.2413793103448276
Svea_Hovraett_etc_export_job_4502445_845640_Svea_Hovraett_-_Advokatfiskalen_Jaemtlands_laen__1702__3-6edbb12a/0018_DSC_0392/r2l18,711.0,98.0,464.33,59,30,2,32,27,False,ok,0,0.3
Svea_Hovraett_etc_export_job_4502445_845640_Svea_Hovraett_-_Advokatfiskalen_Jaemtlands_laen__1702__3-6edbb12a/0018_DSC_0392/r2l19,731.0,98.0,477.39,60,32,2,34,26,False,ok,0,0.40625
Svea_Hovraett_etc_export_job_4502445_845640_Svea_Hovraett_-_Advokatfiskalen_Jaemtlands_laen__1702__3-6edbb12a/0018_DSC_0392/r2l20,718.0,104.0,441.85,56,40,2,42,14,False,ok,0,0.35
Svea_Hovraett_etc_export_job_4502445_845640_Svea_Hovraett_-_Advokatfiskalen_Jaemtlands_laen__1702__3-6edbb12a/0018_DSC_0392/r2l21,729.0,110.0,424.15,54,35,1,36,18,False,ok,0,0.3142857142857143
Svea_Hovraett_etc_export_job_4502445_845640_Svea_Hovraett_-_Advokatfiskalen_Jaemtlands_laen__1702__3-6edbb12a/0018_DSC_0392/r2l22,722.0,123.0,375.67,47,33,0,33,14,False,ok,0,0.36363636363636365
Svea_Hovraett_etc_export_job_4502445_845640_Svea_Hovraett_-_Advokatfiskalen_Jaemtlands_laen__1702__3-6edbb12a/0018_DSC_0392/r2l23,118.0,125.0,60.42,8,3,0,3,5,False,empty,1,1.0
Svea_Hovraett_etc_export_job_4502445_845640_Svea_Hovraett_-_Advokatfiskalen_Jaemtlands_laen__1702__3-6edbb12a/0019_DSC_0396/r1l1,670.0,101.0,424.55,54,32,1,33,21,False,ok,0,0.59375
Svea_Hovraett_etc_export_job_4502445_845640_Svea_Hovraett_-_Advokatfiskalen_Jaemtlands_laen__1702__3-6edbb12a/0019_DSC_0396/r1l2,651.0,87.0,478.9,60,29,3,32,28,False,ok,0,0.27586206896551724
Svea_Hovraett_etc_export_job_4502445_845640_Svea_Hovraett_-_Advokatfiskalen_Jaemtlands_laen__1702__3-6edbb12a/0019_DSC_0396/r1l3,667.0,97.0,440.08,56,32,2,34,22,False,ok,0,0.40625
Svea_Hovraett_etc_export_job_4502445_845640_Svea_Hovraett_-_Advokatfiskalen_Jaemtlands_laen__1702__3-6edbb12a/0019_DSC_0396/r1l4,680.0,102.0,426.67,54,32,2,34,20,False,ok,0,0.375
Svea_Hovraett_etc_export_job_4502445_845640_Svea_Hovraett_-_Advokatfiskalen_Jaemtlands_laen__1702__3-6edbb12a/0019_DSC_0396/r1l5,680.0,96.0,453.33,57,34,1,35,22,False,ok,0,0.38235294117647056
Svea_Hovraett_etc_export_job_4502445_845640_Svea_Hovraett_-_Advokatfiskalen_Jaemtlands_laen__1702__3-6edbb12a/0019_DSC_0396/r1l6,670.0,102.0,420.39,53,32,1,33,20,False,ok,0,0.6875
Svea_Hovraett_etc_export_job_4502445_845640_Svea_Hovraett_-_Advokatfiskalen_Jaemtlands_laen__1702__3-6edbb12a/0019_DSC_0396/r1l7,686.0,95.0,462.15,58,38,1,39,19,False,ok,0,0.39473684210526316
Svea_Hovraett_etc_export_job_4502445_845640_Svea_Hovraett_-_Advokatfiskalen_Jaemtlands_laen__1702__3-6edbb12a/0019_DSC_0396/r1l8,688.0,78.0,564.51,71,30,2,32,39,False,ok,0,0.1
Svea_Hovraett_etc_export_job_4502445_845640_Svea_Hovraett_-_Advokatfiskalen_Jaemtlands_laen__1702__3-6edbb12a/0019_DSC_0396/r1l9,705.0,88.0,512.73,65,35,3,38,27,False,ok,0,0.14285714285714285
Svea_Hovraett_etc_export_job_4502445_845640_Svea_Hovraett_-_Advokatfiskalen_Jaemtlands_laen__1702__3-6edbb12a/0019_DSC_0396/r1l10,686.0,90.0,487.82,61,30,2,32,29,False,ok,0,0.3
Svea_Hovraett_etc_export_job_4502445_845640_Svea_Hovraett_-_Advokatfiskalen_Jaemtlands_laen__1702__3-6edbb12a/0019_DSC_0396/r1l11,697.0,99.0,450.59,57,33,2,35,22,False,ok,0,0.21212121212121213
Svea_Hovraett_etc_export_job_4502445_845640_Svea_Hovraett_-_Advokatfiskalen_Jaemtlands_laen__1702__3-6edbb12a/0019_DSC_0396/r1l12,677.0,87.0,498.02,63,31,2,33,30,False,ok,0,0.22580645161290322
Svea_Hovraett_etc_export_job_4502445_845640_Svea_Hovraett_-_Advokatfiskalen_Jaemtlands_laen__1702__3-6edbb12a/0019_DSC_0396/r1l13,705.0,84.0,537.14,68,32,1,33,35,False,ok,0,0.25
Svea_Hovraett_etc_export_job_4502445_845640_Svea_Hovraett_-_Advokatfiskalen_Jaemtlands_laen__1702__3-6edbb12a/0019_DSC_0396/r1l14,736.0,93.0,506.49,64,38,1,39,25,False,ok,0,0.3157894736842105
Svea_Hovraett_etc_export_job_4502445_845640_Svea_Hovraett_-_Advokatfiskalen_Jaemtlands_laen__1702__3-6edbb12a/0019_DSC_0396/r1l15,681.0,86.0,506.79,64,32,0,32,32,False,ok,0,0.3125
Svea_Hovraett_etc_export_job_4502445_845640_Svea_Hovraett_-_Advokatfiskalen_Jaemtlands_laen__1702__3-6edbb12a/0019_DSC_0396/r1l16,688.0,102.0,431.69,54,38,1,39,15,False,ok,0,0.42105263157894735
Svea_Hovraett_etc_export_job_4502445_845640_Svea_Hovraett_-_Advokatfiskalen_Jaemtlands_laen__1702__3-6edbb12a/0019_DSC_0396/r1l17,705.0,84.0,537.14,68,35,1,36,32,False,ok,0,0.17142857142857143
Svea_Hovraett_etc_export_job_4502445_845640_Svea_Hovraett_-_Advokatfiskalen_Jaemtlands_laen__1702__3-6edbb12a/0019_DSC_0396/r1l18,717.0,92.0,498.78,63,29,1,30,33,False,ok,0,0.3793103448275862
Svea_Hovraett_etc_export_job_4502445_845640_Svea_Hovraett_-_Advokatfiskalen_Jaemtlands_laen__1702__3-6edbb12a/0019_DSC_0396/r1l19,751.0,94.0,511.32,64,35,1,36,28,False,ok,0,0.34285714285714286
Svea_Hovraett_etc_export_job_4502445_845640_Svea_Hovraett_-_Advokatfiskalen_Jaemtlands_laen__1702__3-6edbb12a/0019_DSC_0396/r1l20,727.0,100.0,465.28,59,34,0,34,25,False,ok,0,0.3235294117647059
Svea_Hovraett_etc_export_job_4502445_845640_Svea_Hovraett_-_Advokatfiskalen_Jaemtlands_laen__1702__3-6edbb12a/0019_DSC_0396/r1l21,733.0,104.0,451.08,57,37,2,39,18,False,ok,0,0.5675675675675675
Svea_Hovraett_etc_export_job_4502445_845640_Svea_Hovraett_-_Advokatfiskalen_Jaemtlands_laen__1702__3-6edbb12a/0019_DSC_0396/line_1638277294019_1035,59.0,98.0,38.53,5,2,0,2,3,False,empty,1,1.0
Svea_Hovraett_etc_export_job_4502445_845640_Svea_Hovraett_-_Advokatfiskalen_Jaemtlands_laen__1702__3-6edbb12a/0019_DSC_0396/r2l1,81.0,62.0,83.61,11,3,0,3,8,False,ok,0,1.0
Svea_Hovraett_etc_export_job_4502445_845640_Svea_Hovraett_-_Advokatfiskalen_Jaemtlands_laen__1702__3-6edbb12a/0019_DSC_0396/r2l2,600.0,114.0,336.84,43,31,0,31,12,False,ok,0,0.45161290322580644
Svea_Hovraett_etc_export_job_4502445_845640_Svea_Hovraett_-_Advokatfiskalen_Jaemtlands_laen__1702__3-6edbb12a/0019_DSC_0396/r2l3,637.0,97.0,420.29,53,32,1,33,20,False,ok,0,0.375
Svea_Hovraett_etc_export_job_4502445_845640_Svea_Hovraett_-_Advokatfiskalen_Jaemtlands_laen__1702__3-6edbb12a/0019_DSC_0396/r2l4,648.0,109.0,380.48,48,30,1,31,17,False,ok,0,0.6666666666666666
Svea_Hovraett_etc_export_job_4502445_845640_Svea_Hovraett_-_Advokatfiskalen_Jaemtlands_laen__1702__3-6edbb12a/0019_DSC_0396/r2l5,679.0,115.0,377.88,48,35,2,37,11,False,ok,0,0.7714285714285715
Svea_Hovraett_etc_export_job_4502445_845640_Svea_Hovraett_-_Advokatfiskalen_Jaemtlands_laen__1702__3-6edbb12a/0019_DSC_0396/r2l6,601.0,86.0,447.26,56,27,1,28,28,False,ok,0,0.18518518518518517
Svea_Hovraett_etc_export_job_4502445_845640_Svea_Hovraett_-_Advokatfiskalen_Jaemtlands_laen__1702__3-6edbb12a/0019_DSC_0396/r2l7,619.0,98.0,404.24,51,30,1,31,20,False,ok,0,0.2
Svea_Hovraett_etc_export_job_4502445_845640_Svea_Hovraett_-_Advokatfiskalen_Jaemtlands_laen__1702__3-6edbb12a/0019_DSC_0396/r2l8,576.0,111.0,332.11,42,30,0,30,12,False,ok,0,0.1
Svea_Hovraett_etc_export_job_4502445_845640_Svea_Hovraett_-_Advokatfiskalen_Jaemtlands_laen__1702__3-6edbb12a/0019_DSC_0396/r2l9,723.0,98.0,472.16,60,40,1,41,19,False,ok,0,0.275
Svea_Hovraett_etc_export_job_4502445_845640_Svea_Hovraett_-_Advokatfiskalen_Jaemtlands_laen__1702__3-6edbb12a/0019_DSC_0396/r2l10,686.0,88.0,498.91,63,32,0,32,31,False,ok,0,0.1875
Svea_Hovraett_etc_export_job_4502445_845640_Svea_Hovraett_-_Advokatfiskalen_Jaemtlands_laen__1702__3-6edbb12a/0019_DSC_0396/line_1638277524645_1128,686.0,92.0,477.22,60,37,0,37,23,False,ok,0,0.32432432432432434
Svea_Hovraett_etc_export_job_4502445_845640_Svea_Hovraett_-_Advokatfiskalen_Jaemtlands_laen__1702__3-6edbb12a/0019_DSC_0396/r2l13,680.0,113.0,385.13,49,32,0,32,17,False,ok,0,0.15625
Svea_Hovraett_etc_export_job_4502445_845640_Svea_Hovraett_-_Advokatfiskalen_Jaemtlands_laen__1702__3-6edbb12a/0019_DSC_0396/r2l14,672.0,110.0,390.98,49,31,1,32,17,False,ok,0,0.16129032258064516
Svea_Hovraett_etc_export_job_4502445_845640_Svea_Hovraett_-_Advokatfiskalen_Jaemtlands_laen__1702__3-6edbb12a/0019_DSC_0396/r2l15,674.0,88.0,490.18,62,30,1,31,31,False,ok,0,0.06666666666666667
Svea_Hovraett_etc_export_job_4502445_845640_Svea_Hovraett_-_Advokatfiskalen_Jaemtlands_laen__1702__3-6edbb12a/0019_DSC_0396/r2l16,168.0,85.0,126.49,16,9,0,9,7,False,ok,0,0.7777777777777778
Svea_Hovraett_etc_export_job_4502445_845640_Svea_Hovraett_-_Advokatfiskalen_Jaemtlands_laen__1702__3-6edbb12a/0019_DSC_0396/r2l17,769.0,127.0,387.53,49,38,1,39,10,False,ok,0,0.39473684210526316
Svea_Hovraett_etc_export_job_4502445_845640_Svea_Hovraett_-_Advokatfiskalen_Jaemtlands_laen__1702__3-6edbb12a/0019_DSC_0396/r2l18,681.0,99.0,440.24,56,32,1,33,23,False,ok,0,0.40625
Svea_Hovraett_etc_export_job_4502445_845640_Svea_Hovraett_-_Advokatfiskalen_Jaemtlands_laen__1702__3-6edbb12a/0019_DSC_0396/r2l19,713.0,95.0,480.34,61,33,3,36,25,False,ok,0,0.3333333333333333
Svea_Hovraett_etc_export_job_4502445_845640_Svea_Hovraett_-_Advokatfiskalen_Jaemtlands_laen__1702__3-6edbb12a/0019_DSC_0396/r2l20,703.0,89.0,505.53,64,31,1,32,32,False,ok,0,0.41935483870967744
Svea_Hovraett_etc_export_job_4502445_845640_Svea_Hovraett_-_Advokatfiskalen_Jaemtlands_laen__1702__3-6edbb12a/0019_DSC_0396/r2l21,700.0,117.0,382.91,48,32,1,33,15,False,ok,0,0.4375
Svea_Hovraett_etc_export_job_4502445_845640_Svea_Hovraett_-_Advokatfiskalen_Jaemtlands_laen__1702__3-6edbb12a/0019_DSC_0396/r2l22,123.0,98.0,80.33,11,3,0,3,8,False,empty,1,1.0
Svea_Hovraett_etc_export_job_4502445_845640_Svea_Hovraett_-_Advokatfiskalen_Jaemtlands_laen__1702__3-6edbb12a/0020_DSC_0397/r2l1,662.0,101.0,419.49,53,37,1,38,15,False,ok,0,0.2972972972972973
Svea_Hovraett_etc_export_job_4502445_845640_Svea_Hovraett_-_Advokatfiskalen_Jaemtlands_laen__1702__3-6edbb12a/0020_DSC_0397/r2l2,660.0,96.0,440.0,55,44,2,46,9,False,ok,0,0.5681818181818182
Svea_Hovraett_etc_export_job_4502445_845640_Svea_Hovraett_-_Advokatfiskalen_Jaemtlands_laen__1702__3-6edbb12a/0020_DSC_0397/r2l3,652.0,90.0,463.64,58,33,1,34,24,False,ok,0,0.3939393939393939
Svea_Hovraett_etc_export_job_4502445_845640_Svea_Hovraett_-_Advokatfiskalen_Jaemtlands_laen__1702__3-6edbb12a/0020_DSC_0397/r2l4,645.0,93.0,443.87,56,36,2,38,18,False,ok,0,0.3055555555555556
Svea_Hovraett_etc_export_job_4502445_845640_Svea_Hovraett_-_Advokatfiskalen_Jaemtlands_laen__1702__3-6edbb12a/0020_DSC_0397/r2l5,604.0,94.0,411.23,52,35,2,37,15,False,ok,0,0.3142857142857143
Svea_Hovraett_etc_export_job_4502445_845640_Svea_Hovraett_-_Advokatfiskalen_Jaemtlands_laen__1702__3-6edbb12a/0020_DSC_0397/r2l6,658.0,85.0,495.44,62,40,1,41,21,False,ok,0,0.375
Svea_Hovraett_etc_export_job_4502445_845640_Svea_Hovraett_-_Advokatfiskalen_Jaemtlands_laen__1702__3-6edbb12a/0020_DSC_0397/r2l7,641.0,93.0,441.12,56,30,2,32,24,False,ok,0,0.23333333333333334
Svea_Hovraett_etc_export_job_4502445_845640_Svea_Hovraett_-_Advokatfiskalen_Jaemtlands_laen__1702__3-6edbb12a/0020_DSC_0397/r2l8,693.0,84.0,528.0,66,26,0,26,40,False,ok,0,0.15384615384615385
Svea_Hovraett_etc_export_job_4502445_845640_Svea_Hovraett_-_Advokatfiskalen_Jaemtlands_laen__1702__3-6edbb12a/0020_DSC_0397/r2l9,666.0,99.0,430.55,54,30,1,31,23,False,ok,0,0.3
Svea_Hovraett_etc_export_job_4502445_845640_Svea_Hovraett_-_Advokatfiskalen_Jaemtlands_laen__1702__3-6edbb12a/0020_DSC_0397/r2l10,650.0,85.0,489.41,62,30,1,31,31,False,ok,0,0.2
Svea_Hovraett_etc_export_job_4502445_845640_Svea_Hovraett_-_Advokatfiskalen_Jaemtlands_laen__1702__3-6edbb12a/0020_DSC_0397/r2l11,665.0,100.0,425.6,54,29,1,30,24,False,ok,0,0.20689655172413793
Svea_Hovraett_etc_export_job_4502445_845640_Svea_Hovraett_-_Advokatfiskalen_Jaemtlands_laen__1702__3-6edbb12a/0020_DSC_0397/r2l12,677.0,98.0,442.12,56,33,0,33,23,False,ok,0,0.15151515151515152
Svea_Hovraett_etc_export_job_4502445_845640_Svea_Hovraett_-_Advokatfiskalen_Jaemtlands_laen__1702__3-6edbb12a/0020_DSC_0397/r2l13,654.0,86.0,486.7,61,29,1,30,31,False,ok,0,0.13793103448275862
Svea_Hovraett_etc_export_job_4502445_845640_Svea_Hovraett_-_Advokatfiskalen_Jaemtlands_laen__1702__3-6edbb12a/0020_DSC_0397/r2l15,676.0,99.0,437.01,55,41,2,43,12,False,ok,0,0.4634146341463415
Svea_Hovraett_etc_export_job_4502445_845640_Svea_Hovraett_-_Advokatfiskalen_Jaemtlands_laen__1702__3-6edbb12a/0020_DSC_0397/r2l16,681.0,82.0,531.51,67,29,0,29,38,False,ok,0,0.13793103448275862
Svea_Hovraett_etc_export_job_4502445_845640_Svea_Hovraett_-_Advokatfiskalen_Jaemtlands_laen__1702__3-6edbb12a/0020_DSC_0397/r2l17,706.0,89.0,507.69,64,30,0,30,34,False,ok,0,0.3
Svea_Hovraett_etc_export_job_4502445_845640_Svea_Hovraett_-_Advokatfiskalen_Jaemtlands_laen__1702__3-6edbb12a/0020_DSC_0397/r2l18,710.0,100.0,454.4,57,31,0,31,26,False,ok,0,0.12903225806451613
Svea_Hovraett_etc_export_job_4502445_845640_Svea_Hovraett_-_Advokatfiskalen_Jaemtlands_laen__1702__3-6edbb12a/0020_DSC_0397/r2l19,717.0,92.0,498.78,63,31,1,32,31,False,ok,0,0.1935483870967742
Svea_Hovraett_etc_export_job_4502445_845640_Svea_Hovraett_-_Advokatfiskalen_Jaemtlands_laen__1702__3-6edbb12a/0020_DSC_0397/r2l20,708.0,90.0,503.47,63,35,1,36,27,False,ok,0,0.08571428571428572
Svea_Hovraett_etc_export_job_4502445_845640_Svea_Hovraett_-_Advokatfiskalen_Jaemtlands_laen__1702__3-6edbb12a/0020_DSC_0397/r2l21,723.0,84.0,550.86,69,27,0,27,42,False,ok,0,0.1111111111111111
Svea_Hovraett_etc_export_job_4502445_845640_Svea_Hovraett_-_Advokatfiskalen_Jaemtlands_laen__1702__3-6edbb12a/0020_DSC_0397/r2l22,716.0,107.0,428.26,54,30,0,30,24,False,ok,0,0.1
Svea_Hovraett_etc_export_job_4502445_845640_Svea_Hovraett_-_Advokatfiskalen_Jaemtlands_laen__1702__3-6edbb12a/0020_DSC_0397/r2l23,89.0,73.0,78.03,10,4,0,4,6,False,ok,0,1.0
Svea_Hovraett_etc_export_job_4502445_845640_Svea_Hovraett_-_Advokatfiskalen_Jaemtlands_laen__1702__3-6edbb12a/0020_DSC_0397/r3l2,95.0,69.0,88.12,12,3,0,3,9,False,ok,0,1.0
Svea_Hovraett_etc_export_job_4502445_845640_Svea_Hovraett_-_Advokatfiskalen_Jaemtlands_laen__1702__3-6edbb12a/0020_DSC_0397/r3l3,642.0,132.0,311.27,39,34,1,35,4,False,ok,0,0.8235294117647058
Svea_Hovraett_etc_export_job_4502445_845640_Svea_Hovraett_-_Advokatfiskalen_Jaemtlands_laen__1702__3-6edbb12a/0020_DSC_0397/r3l4,604.0,105.0,368.15,47,37,2,39,8,False,ok,0,0.43243243243243246
Svea_Hovraett_etc_export_job_4502445_845640_Svea_Hovraett_-_Advokatfiskalen_Jaemtlands_laen__1702__3-6edbb12a/0020_DSC_0397/r3l5,667.0,110.0,388.07,49,39,0,39,10,False,ok,0,0.6410256410256411
Svea_Hovraett_etc_export_job_4502445_845640_Svea_Hovraett_-_Advokatfiskalen_Jaemtlands_laen__1702__3-6edbb12a/0020_DSC_0397/r3l6,643.0,121.0,340.1,43,32,1,33,10,False,ok,0,0.625
Svea_Hovraett_etc_export_job_4502445_845640_Svea_Hovraett_-_Advokatfiskalen_Jaemtlands_laen__1702__3-6edbb12a/0020_DSC_0397/r3l7,462.0,110.0,268.8,34,15,0,15,19,False,ok,0,0.3333333333333333
Svea_Hovraett_etc_export_job_4502445_845640_Svea_Hovraett_-_Advokatfiskalen_Jaemtlands_laen__1702__3-6edbb12a/0020_DSC_0397/r3l8,663.0,122.0,347.8,44,39,3,42,2,False,ok,0,0.41025641025641024
Svea_Hovraett_etc_export_job_4502445_845640_Svea_Hovraett_-_Advokatfiskalen_Jaemtlands_laen__1702__3-6edbb12a/0020_DSC_0397/r3l9,653.0,92.0,454.26,57,38,3,41,16,False,ok,0,0.4473684210526316
Svea_Hovraett_etc_export_job_4502445_845640_Svea_Hovraett_-_Advokatfiskalen_Jaemtlands_laen__1702__3-6edbb12a/0020_DSC_0397/r3l10,640.0,107.0,382.8,48,44,2,46,2,False,ok,0,0.4772727272727273
Svea_Hovraett_etc_export_job_4502445_845640_Svea_Hovraett_-_Advokatfiskalen_Jaemtlands_laen__1702__3-6edbb12a/0020_DSC_0397/r3l11,651.0,87.0,478.9,60,35,1,36,24,False,ok,0,0.22857142857142856
Svea_Hovraett_etc_export_job_4502445_845640_Svea_Hovraett_-_Advokatfiskalen_Jaemtlands_laen__1702__3-6edbb12a/0020_DSC_0397/r3l12,664.0,89.0,477.48,60,42,2,44,16,False,ok,0,0.38095238095238093
Svea_Hovraett_etc_export_job_4502445_845640_Svea_Hovraett_-_Advokatfiskalen_Jaemtlands_laen__1702__3-6edbb12a/0020_DSC_0397/r3l13,675.0,87.0,496.55,63,47,2,49,14,False,ok,0,0.3617021276595745
Svea_Hovraett_etc_export_job_4502445_845640_Svea_Hovraett_-_Advokatfiskalen_Jaemtlands_laen__1702__3-6edbb12a/0020_DSC_0397/r3l14,654.0,99.0,422.79,53,33,1,34,19,False,ok,0,0.15151515151515152
Svea_Hovraett_etc_export_job_4502445_845640_Svea_Hovraett_-_Advokatfiskalen_Jaemtlands_laen__1702__3-6edbb12a/0020_DSC_0397/r3l15,668.0,99.0,431.84,54,37,2,39,15,False,ok,0,0.1891891891891892
Svea_Hovraett_etc_export_job_4502445_845640_Svea_Hovraett_-_Advokatfiskalen_Jaemtlands_laen__1702__3-6edbb12a/0020_DSC_0397/r3l16,655.0,94.0,445.96,56,29,0,29,27,False,ok,0,0.10344827586206896
Svea_Hovraett_etc_export_job_4502445_845640_Svea_Hovraett_-_Advokatfiskalen_Jaemtlands_laen__1702__3-6edbb12a/0020_DSC_0397/r3l17,665.0,84.0,506.67,64,37,1,38,26,False,ok,0,0.21621621621621623
Svea_Hovraett_etc_export_job_4502445_845640_Svea_Hovraett_-_Advokatfiskalen_Jaemtlands_laen__1702__3-6edbb12a/0020_DSC_0397/r3l18,674.0,87.0,495.82,62,28,0,28,34,False,ok,0,0.32142857142857145
Svea_Hovraett_etc_export_job_4502445_845640_Svea_Hovraett_-_Advokatfiskalen_Jaemtlands_laen__1702__3-6edbb12a/0020_DSC_0397/r3l19,677.0,91.0,476.13,60,43,1,44,16,False,ok,0,0.27906976744186046
Svea_Hovraett_etc_export_job_4502445_845640_Svea_Hovraett_-_Advokatfiskalen_Jaemtlands_laen__1702__3-6edbb12a/0020_DSC_0397/r3l20,707.0,79.0,572.76,72,32,0,32,40,False,ok,0,0.28125
Svea_Hovraett_etc_export_job_4502445_845640_Svea_Hovraett_-_Advokatfiskalen_Jaemtlands_laen__1702__3-6edbb12a/0020_DSC_0397/r3l22,666.0,73.0,583.89,73,32,2,34,39,False,ok,0,0.1875
Svea_Hovraett_etc_export_job_4502445_845640_Svea_Hovraett_-_Advokatfiskalen_Jaemtlands_laen__1702__3-6edbb12a/0020_DSC_0397/r3l23,684.0,100.0,437.76,55,37,1,38,17,False,ok,0,0.24324324324324326
Svea_Hovraett_etc_export_job_4502445_845640_Svea_Hovraett_-_Advokatfiskalen_Jaemtlands_laen__1702__3-6edbb12a/0020_DSC_0397/r3l24,699.0,120.0,372.8,47,34,0,34,13,False,ok,0,0.35294117647058826
Svea_Hovraett_etc_export_job_4502445_845640_Svea_Hovraett_-_Advokatfiskalen_Jaemtlands_laen__1702__3-6edbb12a/0020_DSC_0397/r3l25,145.0,102.0,90.98,12,6,0,6,6,False,ok,0,0.6666666666666666
Svea_Hovraett_etc_export_job_4502445_845640_Svea_Hovraett_-_Advokatfiskalen_Jaemtlands_laen__1702__3-6edbb12a/0021_DSC_0398/line_1638777495086_205,799.0,130.0,393.35,50,39,0,39,11,False,ok,0,0.48717948717948717
Svea_Hovraett_etc_export_job_4502445_845640_Svea_Hovraett_-_Advokatfiskalen_Jaemtlands_laen__1702__3-6edbb12a/0021_DSC_0398/r2l1,655.0,117.0,358.29,45,45,0,45,0,False,ok,0,0.5111111111111111
Svea_Hovraett_etc_export_job_4502445_845640_Svea_Hovraett_-_Advokatfiskalen_Jaemtlands_laen__1702__3-6edbb12a/0021_DSC_0398/r2l2,664.0,100.0,424.96,54,40,0,40,14,False,ok,0,0.4
Svea_Hovraett_etc_export_job_4502445_845640_Svea_Hovraett_-_Advokatfiskalen_Jaemtlands_laen__1702__3-6edbb12a/0021_DSC_0398/r2l3,681.0,95.0,458.78,58,49,0,49,9,False,ok,0,0.6326530612244898
Svea_Hovraett_etc_export_job_4502445_845640_Svea_Hovraett_-_Advokatfiskalen_Jaemtlands_laen__1702__3-6edbb12a/0021_DSC_0398/r2l4,658.0,97.0,434.14,55,42,2,44,11,False,ok,0,0.42857142857142855
Svea_Hovraett_etc_export_job_4502445_845640_Svea_Hovraett_-_Advokatfiskalen_Jaemtlands_laen__1702__3-6edbb12a/0021_DSC_0398/r2l5,641.0,86.0,477.02,60,39,1,40,20,False,ok,0,0.28205128205128205
Svea_Hovraett_etc_export_job_4502445_845640_Svea_Hovraett_-_Advokatfiskalen_Jaemtlands_laen__1702__3-6edbb12a/0021_DSC_0398/r2l6,640.0,86.0,476.28,60,35,0,35,25,False,ok,0,0.2857142857142857
Svea_Hovraett_etc_export_job_4502445_845640_Svea_Hovraett_-_Advokatfiskalen_Jaemtlands_laen__1702__3-6edbb12a/0021_DSC_0398/r2l7,637.0,111.0,367.28,46,44,1,45,1,False,ok,0,0.36363636363636365
Svea_Hovraett_etc_export_job_4502445_845640_Svea_Hovraett_-_Advokatfiskalen_Jaemtlands_laen__1702__3-6edbb12a/0021_DSC_0398/r2l8,641.0,96.0,427.33,54,36,2,38,16,False,ok,0,0.4722222222222222
Svea_Hovraett_etc_export_job_4502445_845640_Svea_Hovraett_-_Advokatfiskalen_Jaemtlands_laen__1702__3-6edbb12a/0021_DSC_0398/r2l9,666.0,109.0,391.05,49,40,0,40,9,False,ok,0,0.775
Svea_Hovraett_etc_export_job_4502445_845640_Svea_Hovraett_-_Advokatfiskalen_Jaemtlands_laen__1702__3-6edbb12a/0021_DSC_0398/r2l10,659.0,103.0,409.48,52,34,2,36,16,False,ok,0,0.3235294117647059
Svea_Hovraett_etc_export_job_4502445_845640_Svea_Hovraett_-_Advokatfiskalen_Jaemtlands_laen__1702__3-6edbb12a/0021_DSC_0398/r2l11,663.0,101.0,420.12,53,27,0,27,26,False,ok,0,0.37037037037037035
Svea_Hovraett_etc_export_job_4502445_845640_Svea_Hovraett_-_Advokatfiskalen_Jaemtlands_laen__1702__3-6edbb12a/0021_DSC_0398/r2l12,326.0,103.0,202.56,26,13,0,13,13,False,ok,0,0.38461538461538464
Svea_Hovraett_etc_export_job_4502445_845640_Svea_Hovraett_-_Advokatfiskalen_Jaemtlands_laen__1702__3-6edbb12a/0021_DSC_0398/r2l15,714.0,90.0,507.73,64,30,0,30,34,False,ok,0,0.26666666666666666
Svea_Hovraett_etc_export_job_4502445_845640_Svea_Hovraett_-_Advokatfiskalen_Jaemtlands_laen__1702__3-6edbb12a/0021_DSC_0398/r2l16,702.0,92.0,488.35,62,36,1,37,25,False,ok,0,0.3333333333333333
Svea_Hovraett_etc_export_job_4502445_845640_Svea_Hovraett_-_Advokatfiskalen_Jaemtlands_laen__1702__3-6edbb12a/0021_DSC_0398/r2l18,722.0,97.0,476.37,60,30,0,30,30,False,ok,0,0.3
Svea_Hovraett_etc_export_job_4502445_845640_Svea_Hovraett_-_Advokatfiskalen_Jaemtlands_laen__1702__3-6edbb12a/0021_DSC_0398/r2l19,745.0,109.0,437.43,55,30,2,32,23,False,ok,0,0.23333333333333334
Svea_Hovraett_etc_export_job_4502445_845640_Svea_Hovraett_-_Advokatfiskalen_Jaemtlands_laen__1702__3-6edbb12a/0021_DSC_0398/r2l20,729.0,104.0,448.62,57,29,0,29,28,False,ok,0,0.13793103448275862
Svea_Hovraett_etc_export_job_4502445_845640_Svea_Hovraett_-_Advokatfiskalen_Jaemtlands_laen__1702__3-6edbb12a/0021_DSC_0398/r2l21,699.0,98.0,456.49,58,33,1,34,24,False,ok,0,0.24242424242424243
Svea_Hovraett_etc_export_job_4502445_845640_Svea_Hovraett_-_Advokatfiskalen_Jaemtlands_laen__1702__3-6edbb12a/0021_DSC_0398/r2l22,730.0,114.0,409.82,52,32,2,34,18,False,ok,0,0.28125
Svea_Hovraett_etc_export_job_4502445_845640_Svea_Hovraett_-_Advokatfiskalen_Jaemtlands_laen__1702__3-6edbb12a/0021_DSC_0398/r2l23,113.0,100.0,72.32,10,4,1,5,5,False,empty,1,1.0
Svea_Hovraett_etc_export_job_4502445_845640_Svea_Hovraett_-_Advokatfiskalen_Jaemtlands_laen__1702__3-6edbb12a/0021_DSC_0398/r4l1,68.0,83.0,52.43,7,3,0,3,4,False,empty,1,1.0
Svea_Hovraett_etc_export_job_4502445_845640_Svea_Hovraett_-_Advokatfiskalen_Jaemtlands_laen__1702__3-6edbb12a/0021_DSC_0398/r3l1,636.0,157.0,259.26,33,41,3,44,-11,True,ok,0,0.8536585365853658
Svea_Hovraett_etc_export_job_4502445_845640_Svea_Hovraett_-_Advokatfiskalen_Jaemtlands_laen__1702__3-6edbb12a/0021_DSC_0398/r3l2,647.0,112.0,369.71,47,34,1,35,12,False,ok,0,0.5588235294117647
Svea_Hovraett_etc_export_job_4502445_845640_Svea_Hovraett_-_Advokatfiskalen_Jaemtlands_laen__1702__3-6edbb12a/0021_DSC_0398/r3l3,625.0,105.0,380.95,48,32,2,34,14,False,ok,0,0.3125
Svea_Hovraett_etc_export_job_4502445_845640_Svea_Hovraett_-_Advokatfiskalen_Jaemtlands_laen__1702__3-6edbb12a/0021_DSC_0398/r3l4,634.0,107.0,379.21,48,35,1,36,12,False,ok,0,0.4
Svea_Hovraett_etc_export_job_4502445_845640_Svea_Hovraett_-_Advokatfiskalen_Jaemtlands_laen__1702__3-6edbb12a/0021_DSC_0398/r3l5,678.0,87.0,498.76,63,32,1,33,30,False,ok,0,0.53125
Svea_Hovraett_etc_export_job_4502445_845640_Svea_Hovraett_-_Advokatfiskalen_Jaemtlands_laen__1702__3-6edbb12a/0021_DSC_0398/r3l6,652.0,103.0,405.13,51,29,0,29,22,False,ok,0,0.4482758620689655
Svea_Hovraett_etc_export_job_4502445_845640_Svea_Hovraett_-_Advokatfiskalen_Jaemtlands_laen__1702__3-6edbb12a/0021_DSC_0398/r3l7,654.0,100.0,418.56,53,36,1,37,16,False,ok,0,0.5555555555555556
Svea_Hovraett_etc_export_job_4502445_845640_Svea_Hovraett_-_Advokatfiskalen_Jaemtlands_laen__1702__3-6edbb12a/0021_DSC_0398/r3l8,632.0,113.0,357.95,45,31,0,31,14,False,ok,0,0.4838709677419355
Svea_Hovraett_etc_export_job_4502445_845640_Svea_Hovraett_-_Advokatfiskalen_Jaemtlands_laen__1702__3-6edbb12a/0021_DSC_0398/r3l9,667.0,97.0,440.08,56,35,1,36,20,False,ok,0,0.2857142857142857
Svea_Hovraett_etc_export_job_4502445_845640_Svea_Hovraett_-_Advokatfiskalen_Jaemtlands_laen__1702__3-6edbb12a/0021_DSC_0398/r3l10,670.0,101.0,424.55,54,35,1,36,18,False,ok,0,0.2571428571428571
Svea_Hovraett_etc_export_job_4502445_845640_Svea_Hovraett_-_Advokatfiskalen_Jaemtlands_laen__1702__3-6edbb12a/0021_DSC_0398/r3l11,667.0,101.0,422.65,53,29,3,32,21,False,ok,0,0.20689655172413793
Svea_Hovraett_etc_export_job_4502445_845640_Svea_Hovraett_-_Advokatfiskalen_Jaemtlands_laen__1702__3-6edbb12a/0021_DSC_0398/r3l12,685.0,85.0,515.76,65,36,0,36,29,False,ok,0,0.25
Svea_Hovraett_etc_export_job_4502445_845640_Svea_Hovraett_-_Advokatfiskalen_Jaemtlands_laen__1702__3-6edbb12a/0021_DSC_0398/r3l13,685.0,96.0,456.67,58,39,3,42,16,False,ok,0,0.28205128205128205
Svea_Hovraett_etc_export_job_4502445_845640_Svea_Hovraett_-_Advokatfiskalen_Jaemtlands_laen__1702__3-6edbb12a/0021_DSC_0398/r3l14,682.0,92.0,474.43,60,33,2,35,25,False,ok,0,0.3939393939393939
Svea_Hovraett_etc_export_job_4502445_845640_Svea_Hovraett_-_Advokatfiskalen_Jaemtlands_laen__1702__3-6edbb12a/0021_DSC_0398/r3l15,679.0,79.0,550.08,69,36,1,37,32,False,ok,0,0.25
Svea_Hovraett_etc_export_job_4502445_845640_Svea_Hovraett_-_Advokatfiskalen_Jaemtlands_laen__1702__3-6edbb12a/0021_DSC_0398/r3l16,676.0,76.0,569.26,72,31,3,34,38,False,ok,0,0.0967741935483871
Svea_Hovraett_etc_export_job_4502445_845640_Svea_Hovraett_-_Advokatfiskalen_Jaemtlands_laen__1702__3-6edbb12a/0021_DSC_0398/r3l17,701.0,97.0,462.52,58,31,1,32,26,False,ok,0,0.3548387096774194
Svea_Hovraett_etc_export_job_4502445_845640_Svea_Hovraett_-_Advokatfiskalen_Jaemtlands_laen__1702__3-6edbb12a/0021_DSC_0398/r3l18,726.0,95.0,489.09,62,34,1,35,27,False,ok,0,0.23529411764705882
Svea_Hovraett_etc_export_job_4502445_845640_Svea_Hovraett_-_Advokatfiskalen_Jaemtlands_laen__1702__3-6edbb12a/0021_DSC_0398/r3l19,711.0,95.0,478.99,60,33,1,34,26,False,ok,0,0.24242424242424243
Svea_Hovraett_etc_export_job_4502445_845640_Svea_Hovraett_-_Advokatfiskalen_Jaemtlands_laen__1702__3-6edbb12a/0021_DSC_0398/r3l20,725.0,87.0,533.33,67,26,0,26,41,False,ok,0,0.34615384615384615
Svea_Hovraett_etc_export_job_4502445_845640_Svea_Hovraett_-_Advokatfiskalen_Jaemtlands_laen__1702__3-6edbb12a/0021_DSC_0398/r3l21,716.0,101.0,453.7,57,30,2,32,25,False,ok,0,0.3
Svea_Hovraett_etc_export_job_4502445_845640_Svea_Hovraett_-_Advokatfiskalen_Jaemtlands_laen__1702__3-6edbb12a/0021_DSC_0398/r3l22,133.0,60.0,141.87,18,3,0,3,15,False,empty,1,1.0
Svea_Hovraett_etc_export_job_4502445_845640_Svea_Hovraett_-_Advokatfiskalen_Jaemtlands_laen__1702__3-6edbb12a/0022_DSC_0399/r1l1,641.0,116.0,353.66,45,30,1,31,14,False,ok,0,0.3333333333333333
Svea_Hovraett_etc_export_job_4502445_845640_Svea_Hovraett_-_Advokatfiskalen_Jaemtlands_laen__1702__3-6edbb12a/0022_DSC_0399/r1l2,650.0,96.0,433.33,55,33,2,35,20,False,ok,0,0.2727272727272727
Svea_Hovraett_etc_export_job_4502445_845640_Svea_Hovraett_-_Advokatfiskalen_Jaemtlands_laen__1702__3-6edbb12a/0022_DSC_0399/r1l3,670.0,79.0,542.78,68,32,2,34,34,False,ok,0,0.34375
Svea_Hovraett_etc_export_job_4502445_845640_Svea_Hovraett_-_Advokatfiskalen_Jaemtlands_laen__1702__3-6edbb12a/0022_DSC_0399/r1l4,660.0,91.0,464.18,59,30,0,30,29,False,ok,0,0.4
Svea_Hovraett_etc_export_job_4502445_845640_Svea_Hovraett_-_Advokatfiskalen_Jaemtlands_laen__1702__3-6edbb12a/0022_DSC_0399/r1l5,677.0,94.0,460.94,58,31,3,34,24,False,ok,0,0.45161290322580644
Svea_Hovraett_etc_export_job_4502445_845640_Svea_Hovraett_-_Advokatfiskalen_Jaemtlands_laen__1702__3-6edbb12a/0022_DSC_0399/r1l6,674.0,94.0,458.89,58,31,0,31,27,False,ok,0,0.3225806451612903
Svea_Hovraett_etc_export_job_4502445_845640_Svea_Hovraett_-_Advokatfiskalen_Jaemtlands_laen__1702__3-6edbb12a/0022_DSC_0399/r1l7,673.0,84.0,512.76,65,31,2,33,32,False,ok,0,0.22580645161290322
Svea_Hovraett_etc_export_job_4502445_845640_Svea_Hovraett_-_Advokatfiskalen_Jaemtlands_laen__1702__3-6edbb12a/0022_DSC_0399/r1l8,681.0,110.0,396.22,50,28,0,28,22,False,ok,0,0.25
Svea_Hovraett_etc_export_job_4502445_845640_Svea_Hovraett_-_Advokatfiskalen_Jaemtlands_laen__1702__3-6edbb12a/0022_DSC_0399/r1l9,694.0,87.0,510.53,64,33,3,36,28,False,ok,0,0.21212121212121213
Svea_Hovraett_etc_export_job_4502445_845640_Svea_Hovraett_-_Advokatfiskalen_Jaemtlands_laen__1702__3-6edbb12a/0022_DSC_0399/r1l10,686.0,97.0,452.62,57,35,1,36,21,False,ok,0,0.22857142857142856
Svea_Hovraett_etc_export_job_4502445_845640_Svea_Hovraett_-_Advokatfiskalen_Jaemtlands_laen__1702__3-6edbb12a/0022_DSC_0399/r1l11,694.0,101.0,439.76,55,38,1,39,16,False,ok,0,0.2631578947368421
Svea_Hovraett_etc_export_job_4502445_845640_Svea_Hovraett_-_Advokatfiskalen_Jaemtlands_laen__1702__3-6edbb12a/0022_DSC_0399/r1l12,708.0,96.0,472.0,59,31,2,33,26,False,ok,0,0.1935483870967742
Svea_Hovraett_etc_export_job_4502445_845640_Svea_Hovraett_-_Advokatfiskalen_Jaemtlands_laen__1702__3-6edbb12a/0022_DSC_0399/r1l14,717.0,101.0,454.34,57,38,1,39,18,False,ok,0,0.21052631578947367
Svea_Hovraett_etc_export_job_4502445_845640_Svea_Hovraett_-_Advokatfiskalen_Jaemtlands_laen__1702__3-6edbb12a/0022_DSC_0399/r1l15,706.0,102.0,442.98,56,30,1,31,25,False,ok,0,0.36666666666666664
Svea_Hovraett_etc_export_job_4502445_845640_Svea_Hovraett_-_Advokatfiskalen_Jaemtlands_laen__1702__3-6edbb12a/0022_DSC_0399/r1l16,684.0,98.0,446.69,56,32,1,33,23,False,ok,0,0.28125
Svea_Hovraett_etc_export_job_4502445_845640_Svea_Hovraett_-_Advokatfiskalen_Jaemtlands_laen__1702__3-6edbb12a/0022_DSC_0399/r1l17,718.0,89.0,516.31,65,32,4,36,29,False,ok,0,0.1875
Svea_Hovraett_etc_export_job_4502445_845640_Svea_Hovraett_-_Advokatfiskalen_Jaemtlands_laen__1702__3-6edbb12a/0022_DSC_0399/r1l18,706.0,99.0,456.4,58,30,1,31,27,False,ok,0,0.13333333333333333
Svea_Hovraett_etc_export_job_4502445_845640_Svea_Hovraett_-_Advokatfiskalen_Jaemtlands_laen__1702__3-6edbb12a/0022_DSC_0399/r1l19,719.0,87.0,528.92,67,30,0,30,37,False,ok,0,0.1
Svea_Hovraett_etc_export_job_4502445_845640_Svea_Hovraett_-_Advokatfiskalen_Jaemtlands_laen__1702__3-6edbb12a/0022_DSC_0399/r1l20,697.0,70.0,637.26,80,38,0,38,42,False,ok,0,0.23684210526315788
Svea_Hovraett_etc_export_job_4502445_845640_Svea_Hovraett_-_Advokatfiskalen_Jaemtlands_laen__1702__3-6edbb12a/0022_DSC_0399/r1l21,730.0,100.0,467.2,59,33,2,35,24,False,ok,0,0.2727272727272727
Svea_Hovraett_etc_export_job_4502445_845640_Svea_Hovraett_-_Advokatfiskalen_Jaemtlands_laen__1702__3-6edbb12a/0022_DSC_0399/line_1638777789612_304,742.0,104.0,456.62,58,35,2,37,21,False,ok,0,0.4857142857142857
Svea_Hovraett_etc_export_job_4502445_845640_Svea_Hovraett_-_Advokatfiskalen_Jaemtlands_laen__1702__3-6edbb12a/0022_DSC_0399/r1l24,71.0,86.0,52.84,7,5,0,5,2,False,ok,0,1.0
Svea_Hovraett_etc_export_job_4502445_845640_Svea_Hovraett_-_Advokatfiskalen_Jaemtlands_laen__1702__3-6edbb12a/0022_DSC_0399/r2l1,85.0,57.0,95.44,12,3,0,3,9,False,ok,0,1.0
Svea_Hovraett_etc_export_job_4502445_845640_Svea_Hovraett_-_Advokatfiskalen_Jaemtlands_laen__1702__3-6edbb12a/0022_DSC_0399/r2l2,660.0,129.0,327.44,41,42,1,43,-2,True,ok,0,0.8333333333333334
Svea_Hovraett_etc_export_job_4502445_845640_Svea_Hovraett_-_Advokatfiskalen_Jaemtlands_laen__1702__3-6edbb12a/0022_DSC_0399/r2l3,639.0,116.0,352.55,45,39,1,40,5,False,ok,0,0.8461538461538461
Svea_Hovraett_etc_export_job_4502445_845640_Svea_Hovraett_-_Advokatfiskalen_Jaemtlands_laen__1702__3-6edbb12a/0022_DSC_0399/r2l4,649.0,96.0,432.67,55,33,1,34,21,False,ok,0,0.2727272727272727
Svea_Hovraett_etc_export_job_4502445_845640_Svea_Hovraett_-_Advokatfiskalen_Jaemtlands_laen__1702__3-6edbb12a/0022_DSC_0399/r2l5,668.0,126.0,339.3,43,37,0,37,6,False,ok,0,0.7027027027027027
Svea_Hovraett_etc_export_job_4502445_845640_Svea_Hovraett_-_Advokatfiskalen_Jaemtlands_laen__1702__3-6edbb12a/0022_DSC_0399/r2l6,553.0,114.0,310.46,39,28,1,29,10,False,ok,0,0.5714285714285714
Svea_Hovraett_etc_export_job_4502445_845640_Svea_Hovraett_-_Advokatfiskalen_Jaemtlands_laen__1702__3-6edbb12a/0022_DSC_0399/r2l7,219.0,82.0,170.93,22,10,0,10,12,False,ok,0,0.0
Svea_Hovraett_etc_export_job_4502445_845640_Svea_Hovraett_-_Advokatfiskalen_Jaemtlands_laen__1702__3-6edbb12a/0022_DSC_0399/r2l8,680.0,120.0,362.67,46,34,1,35,11,False,ok,0,0.4411764705882353
Svea_Hovraett_etc_export_job_4502445_845640_Svea_Hovraett_-_Advokatfiskalen_Jaemtlands_laen__1702__3-6edbb12a/0022_DSC_0399/r2l9,658.0,122.0,345.18,44,29,1,30,14,False,ok,0,0.41379310344827586
Svea_Hovraett_etc_export_job_4502445_845640_Svea_Hovraett_-_Advokatfiskalen_Jaemtlands_laen__1702__3-6edbb12a/0022_DSC_0399/r2l10,676.0,103.0,420.04,53,33,3,36,17,False,ok,0,0.15151515151515152
Svea_Hovraett_etc_export_job_4502445_845640_Svea_Hovraett_-_Advokatfiskalen_Jaemtlands_laen__1702__3-6edbb12a/0022_DSC_0399/r2l11,195.0,99.0,126.06,16,11,0,11,5,False,ok,0,0.45454545454545453
Svea_Hovraett_etc_export_job_4502445_845640_Svea_Hovraett_-_Advokatfiskalen_Jaemtlands_laen__1702__3-6edbb12a/0022_DSC_0399/r2l12,757.0,106.0,457.06,58,35,1,36,22,False,ok,0,0.34285714285714286
Svea_Hovraett_etc_export_job_4502445_845640_Svea_Hovraett_-_Advokatfiskalen_Jaemtlands_laen__1702__3-6edbb12a/0022_DSC_0399/r2l13,652.0,86.0,485.21,61,31,1,32,29,False,ok,0,0.25806451612903225
Svea_Hovraett_etc_export_job_4502445_845640_Svea_Hovraett_-_Advokatfiskalen_Jaemtlands_laen__1702__3-6edbb12a/0022_DSC_0399/r2l14,706.0,107.0,422.28,53,37,1,38,15,False,ok,0,0.4594594594594595
Svea_Hovraett_etc_export_job_4502445_845640_Svea_Hovraett_-_Advokatfiskalen_Jaemtlands_laen__1702__3-6edbb12a/0022_DSC_0399/r2l15,702.0,93.0,483.1,61,32,0,32,29,False,ok,0,0.28125
Svea_Hovraett_etc_export_job_4502445_845640_Svea_Hovraett_-_Advokatfiskalen_Jaemtlands_laen__1702__3-6edbb12a/0022_DSC_0399/r2l16,692.0,93.0,476.22,60,38,3,41,19,False,ok,0,0.42105263157894735
Svea_Hovraett_etc_export_job_4502445_845640_Svea_Hovraett_-_Advokatfiskalen_Jaemtlands_laen__1702__3-6edbb12a/0022_DSC_0399/r2l17,692.0,92.0,481.39,61,31,1,32,29,False,ok,0,0.2903225806451613
Svea_Hovraett_etc_export_job_4502445_845640_Svea_Hovraett_-_Advokatfiskalen_Jaemtlands_laen__1702__3-6edbb12a/0022_DSC_0399/r2l18,703.0,110.0,409.02,52,34,2,36,16,False,ok,0,0.20588235294117646
Svea_Hovraett_etc_export_job_4502445_845640_Svea_Hovraett_-_Advokatfiskalen_Jaemtlands_laen__1702__3-6edbb12a/0022_DSC_0399/r2l19,730.0,87.0,537.01,68,35,0,35,33,False,ok,0,0.17142857142857143
Svea_Hovraett_etc_export_job_4502445_845640_Svea_Hovraett_-_Advokatfiskalen_Jaemtlands_laen__1702__3-6edbb12a/0022_DSC_0399/r2l20,733.0,107.0,438.43,55,33,2,35,20,False,ok,0,0.45454545454545453
Svea_Hovraett_etc_export_job_4502445_845640_Svea_Hovraett_-_Advokatfiskalen_Jaemtlands_laen__1702__3-6edbb12a/0022_DSC_0399/r2l21,706.0,96.0,470.67,59,31,2,33,26,False,ok,0,0.3225806451612903
Svea_Hovraett_etc_export_job_4502445_845640_Svea_Hovraett_-_Advokatfiskalen_Jaemtlands_laen__1702__3-6edbb12a/0022_DSC_0399/r2l22,180.0,83.0,138.8,18,7,0,7,11,False,ok,0,0.5714285714285714
Svea_Hovraett_etc_export_job_4502445_845640_Svea_Hovraett_-_Advokatfiskalen_Jaemtlands_laen__1702__3-6edbb12a/0023_DSC_0400/r1l1,655.0,108.0,388.15,49,33,1,34,15,False,ok,0,0.21212121212121213
Svea_Hovraett_etc_export_job_4502445_845640_Svea_Hovraett_-_Advokatfiskalen_Jaemtlands_laen__1702__3-6edbb12a/0023_DSC_0400/r1l2,649.0,81.0,512.79,65,29,1,30,35,False,ok,0,0.3448275862068966
Svea_Hovraett_etc_export_job_4502445_845640_Svea_Hovraett_-_Advokatfiskalen_Jaemtlands_laen__1702__3-6edbb12a/0023_DSC_0400/r1l3,683.0,96.0,455.33,57,38,0,38,19,False,ok,0,0.34210526315789475
Svea_Hovraett_etc_export_job_4502445_845640_Svea_Hovraett_-_Advokatfiskalen_Jaemtlands_laen__1702__3-6edbb12a/0023_DSC_0400/r1l4,692.0,90.0,492.09,62,33,0,33,29,False,ok,0,0.36363636363636365
Svea_Hovraett_etc_export_job_4502445_845640_Svea_Hovraett_-_Advokatfiskalen_Jaemtlands_laen__1702__3-6edbb12a/0023_DSC_0400/r1l5,688.0,89.0,494.74,62,33,3,36,26,False,ok,0,0.2727272727272727
Svea_Hovraett_etc_export_job_4502445_845640_Svea_Hovraett_-_Advokatfiskalen_Jaemtlands_laen__1702__3-6edbb12a/0023_DSC_0400/r1l6,689.0,105.0,419.96,53,30,1,31,22,False,ok,0,0.3333333333333333
Svea_Hovraett_etc_export_job_4502445_845640_Svea_Hovraett_-_Advokatfiskalen_Jaemtlands_laen__1702__3-6edbb12a/0023_DSC_0400/r1l7,690.0,96.0,460.0,58,34,1,35,23,False,ok,0,0.29411764705882354
Svea_Hovraett_etc_export_job_4502445_845640_Svea_Hovraett_-_Advokatfiskalen_Jaemtlands_laen__1702__3-6edbb12a/0023_DSC_0400/r1l8,709.0,95.0,477.64,60,31,2,33,27,False,ok,0,0.25806451612903225
Svea_Hovraett_etc_export_job_4502445_845640_Svea_Hovraett_-_Advokatfiskalen_Jaemtlands_laen__1702__3-6edbb12a/0023_DSC_0400/r1l9,706.0,103.0,438.68,55,39,3,42,13,False,ok,0,0.358974358974359
Svea_Hovraett_etc_export_job_4502445_845640_Svea_Hovraett_-_Advokatfiskalen_Jaemtlands_laen__1702__3-6edbb12a/0023_DSC_0400/r1l10,706.0,108.0,418.37,53,33,2,35,18,False,ok,0,0.24242424242424243
Svea_Hovraett_etc_export_job_4502445_845640_Svea_Hovraett_-_Advokatfiskalen_Jaemtlands_laen__1702__3-6edbb12a/0023_DSC_0400/r1l11,712.0,87.0,523.77,66,34,4,38,28,False,ok,0,0.20588235294117646
Svea_Hovraett_etc_export_job_4502445_845640_Svea_Hovraett_-_Advokatfiskalen_Jaemtlands_laen__1702__3-6edbb12a/0023_DSC_0400/r1l12,717.0,116.0,395.59,50,34,0,34,16,False,ok,0,0.35294117647058826
Svea_Hovraett_etc_export_job_4502445_845640_Svea_Hovraett_-_Advokatfiskalen_Jaemtlands_laen__1702__3-6edbb12a/0023_DSC_0400/r1l13,725.0,98.0,473.47,60,27,0,27,33,False,ok,0,0.25925925925925924
Svea_Hovraett_etc_export_job_4502445_845640_Svea_Hovraett_-_Advokatfiskalen_Jaemtlands_laen__1702__3-6edbb12a/0023_DSC_0400/r1l14,722.0,92.0,502.26,63,39,2,41,22,False,ok,0,0.41025641025641024
Svea_Hovraett_etc_export_job_4502445_845640_Svea_Hovraett_-_Advokatfiskalen_Jaemtlands_laen__1702__3-6edbb12a/0023_DSC_0400/r1l15,726.0,81.0,573.63,72,36,1,37,35,False,ok,0,0.1111111111111111
Svea_Hovraett_etc_export_job_4502445_845640_Svea_Hovraett_-_Advokatfiskalen_Jaemtlands_laen__1702__3-6edbb12a/0023_DSC_0400/r1l16,752.0,92.0,523.13,66,38,1,39,27,False,ok,0,0.07894736842105263
Svea_Hovraett_etc_export_job_4502445_845640_Svea_Hovraett_-_Advokatfiskalen_Jaemtlands_laen__1702__3-6edbb12a/0023_DSC_0400/r1l17,731.0,94.0,497.7,63,43,2,45,18,False,ok,0,0.16279069767441862
Svea_Hovraett_etc_export_job_4502445_845640_Svea_Hovraett_-_Advokatfiskalen_Jaemtlands_laen__1702__3-6edbb12a/0023_DSC_0400/r1l18,739.0,98.0,482.61,61,34,2,36,25,False,ok,0,0.08823529411764706
Svea_Hovraett_etc_export_job_4502445_845640_Svea_Hovraett_-_Advokatfiskalen_Jaemtlands_laen__1702__3-6edbb12a/0023_DSC_0400/r1l19,739.0,80.0,591.2,74,32,2,34,40,False,ok,0,0.25
Svea_Hovraett_etc_export_job_4502445_845640_Svea_Hovraett_-_Advokatfiskalen_Jaemtlands_laen__1702__3-6edbb12a/0023_DSC_0400/r1l20,759.0,104.0,467.08,59,35,0,35,24,False,ok,0,0.22857142857142856
Svea_Hovraett_etc_export_job_4502445_845640_Svea_Hovraett_-_Advokatfiskalen_Jaemtlands_laen__1702__3-6edbb12a/0023_DSC_0400/r1l21,764.0,106.0,461.28,58,36,2,38,20,False,ok,0,0.1388888888888889
Svea_Hovraett_etc_export_job_4502445_845640_Svea_Hovraett_-_Advokatfiskalen_Jaemtlands_laen__1702__3-6edbb12a/0023_DSC_0400/r1l22,87.0,72.0,77.33,10,7,1,8,2,False,ok,0,1.0
Svea_Hovraett_etc_export_job_4502445_845640_Svea_Hovraett_-_Advokatfiskalen_Jaemtlands_laen__1702__3-6edbb12a/0023_DSC_0400/r3l1,79.0,67.0,75.46,10,3,1,4,6,False,ok,0,1.0
Svea_Hovraett_etc_export_job_4502445_845640_Svea_Hovraett_-_Advokatfiskalen_Jaemtlands_laen__1702__3-6edbb12a/0023_DSC_0400/r2l1,662.0,137.0,309.26,39,40,3,43,-4,True,ok,0,0.85
Svea_Hovraett_etc_export_job_4502445_845640_Svea_Hovraett_-_Advokatfiskalen_Jaemtlands_laen__1702__3-6edbb12a/0023_DSC_0400/r2l2,664.0,113.0,376.07,48,41,0,41,7,False,ok,0,0.5853658536585366
Svea_Hovraett_etc_export_job_4502445_845640_Svea_Hovraett_-_Advokatfiskalen_Jaemtlands_laen__1702__3-6edbb12a/0023_DSC_0400/r2l3,647.0,106.0,390.64,49,30,1,31,18,False,ok,0,0.6333333333333333
Svea_Hovraett_etc_export_job_4502445_845640_Svea_Hovraett_-_Advokatfiskalen_Jaemtlands_laen__1702__3-6edbb12a/0023_DSC_0400/r2l4,657.0,122.0,344.66,44,33,1,34,10,False,ok,0,0.7272727272727273
Svea_Hovraett_etc_export_job_4502445_845640_Svea_Hovraett_-_Advokatfiskalen_Jaemtlands_laen__1702__3-6edbb12a/0023_DSC_0400/r2l5,674.0,111.0,388.61,49,34,3,37,12,False,ok,0,0.5882352941176471
Svea_Hovraett_etc_export_job_4502445_845640_Svea_Hovraett_-_Advokatfiskalen_Jaemtlands_laen__1702__3-6edbb12a/0023_DSC_0400/r2l6,685.0,100.0,438.4,55,32,0,32,23,False,ok,0,0.25
Svea_Hovraett_etc_export_job_4502445_845640_Svea_Hovraett_-_Advokatfiskalen_Jaemtlands_laen__1702__3-6edbb12a/0023_DSC_0400/r2l7,673.0,113.0,381.17,48,35,0,35,13,False,ok,0,0.37142857142857144
Svea_Hovraett_etc_export_job_4502445_845640_Svea_Hovraett_-_Advokatfiskalen_Jaemtlands_laen__1702__3-6edbb12a/0023_DSC_0400/r2l8,688.0,102.0,431.69,54,33,0,33,21,False,ok,0,0.15151515151515152
Svea_Hovraett_etc_export_job_4502445_845640_Svea_Hovraett_-_Advokatfiskalen_Jaemtlands_laen__1702__3-6edbb12a/0023_DSC_0400/r2l9,668.0,107.0,399.55,50,31,0,31,19,False,ok,0,0.2903225806451613
Svea_Hovraett_etc_export_job_4502445_845640_Svea_Hovraett_-_Advokatfiskalen_Jaemtlands_laen__1702__3-6edbb12a/0023_DSC_0400/r2l10,710.0,117.0,388.38,49,38,2,40,9,False,ok,0,0.2631578947368421
Svea_Hovraett_etc_export_job_4502445_845640_Svea_Hovraett_-_Advokatfiskalen_Jaemtlands_laen__1702__3-6edbb12a/0023_DSC_0400/r2l11,715.0,96.0,476.67,60,33,2,35,25,False,ok,0,0.24242424242424243
Svea_Hovraett_etc_export_job_4502445_845640_Svea_Hovraett_-_Advokatfiskalen_Jaemtlands_laen__1702__3-6edbb12a/0023_DSC_0400/line_1638778806794_380,702.0,108.0,416.0,52,33,1,34,18,False,ok,0,0.30303030303030304
Svea_Hovraett_etc_export_job_4502445_845640_Svea_Hovraett_-_Advokatfiskalen_Jaemtlands_laen__1702__3-6edbb12a/0023_DSC_0400/r2l14,724.0,102.0,454.27,57,36,3,39,18,False,ok,0,0.2222222222222222
Svea_Hovraett_etc_export_job_4502445_845640_Svea_Hovraett_-_Advokatfiskalen_Jaemtlands_laen__1702__3-6edbb12a/0023_DSC_0400/r2l15,693.0,85.0,521.79,66,34,2,36,30,False,ok,0,0.35294117647058826
Svea_Hovraett_etc_export_job_4502445_845640_Svea_Hovraett_-_Advokatfiskalen_Jaemtlands_laen__1702__3-6edbb12a/0023_DSC_0400/r2l16,679.0,105.0,413.87,52,34,1,35,17,False,ok,0,0.35294117647058826
Svea_Hovraett_etc_export_job_4502445_845640_Svea_Hovraett_-_Advokatfiskalen_Jaemtlands_laen__1702__3-6edbb12a/0023_DSC_0400/r2l17,730.0,92.0,507.83,64,34,2,36,28,False,ok,0,0.2647058823529412
Svea_Hovraett_etc_export_job_4502445_845640_Svea_Hovraett_-_Advokatfiskalen_Jaemtlands_laen__1702__3-6edbb12a/0023_DSC_0400/r2l18,697.0,115.0,387.9,49,33,2,35,14,False,ok,0,0.2727272727272727
Svea_Hovraett_etc_export_job_4502445_845640_Svea_Hovraett_-_Advokatfiskalen_Jaemtlands_laen__1702__3-6edbb12a/0023_DSC_0400/r2l19,726.0,112.0,414.86,52,31,1,32,20,False,ok,0,0.25806451612903225
Svea_Hovraett_etc_export_job_4502445_845640_Svea_Hovraett_-_Advokatfiskalen_Jaemtlands_laen__1702__3-6edbb12a/0023_DSC_0400/r2l20,731.0,93.0,503.05,63,35,1,36,27,False,ok,0,0.34285714285714286
Svea_Hovraett_etc_export_job_4502445_845640_Svea_Hovraett_-_Advokatfiskalen_Jaemtlands_laen__1702__3-6edbb12a/0023_DSC_0400/r2l21,773.0,96.0,515.33,65,36,3,39,26,False,ok,0,0.3333333333333333
Svea_Hovraett_etc_export_job_4502445_845640_Svea_Hovraett_-_Advokatfiskalen_Jaemtlands_laen__1702__3-6edbb12a/0023_DSC_0400/r2l22,735.0,98.0,480.0,60,29,0,29,31,False,ok,0,0.3793103448275862
Svea_Hovraett_etc_export_job_4502445_845640_Svea_Hovraett_-_Advokatfiskalen_Jaemtlands_laen__1702__3-6edbb12a/0023_DSC_0400/r2l23,80.0,93.0,55.05,7,3,0,3,4,False,ok,0,0.6666666666666666
Svea_Hovraett_etc_export_job_4502445_845640_Svea_Hovraett_-_Advokatfiskalen_Jaemtlands_laen__1702__3-6edbb12a/0024_DSC_0401/r1l1,671.0,101.0,425.19,54,34,1,35,19,False,ok,0,0.38235294117647056
Svea_Hovraett_etc_export_job_4502445_845640_Svea_Hovraett_-_Advokatfiskalen_Jaemtlands_laen__1702__3-6edbb12a/0024_DSC_0401/r1l2,690.0,99.0,446.06,56,34,1,35,21,False,ok,0,0.38235294117647056
Svea_Hovraett_etc_export_job_4502445_845640_Svea_Hovraett_-_Advokatfiskalen_Jaemtlands_laen__1702__3-6edbb12a/0024_DSC_0401/r1l3,675.0,89.0,485.39,61,34,1,35,26,False,ok,0,0.2647058823529412
Svea_Hovraett_etc_export_job_4502445_845640_Svea_Hovraett_-_Advokatfiskalen_Jaemtlands_laen__1702__3-6edbb12a/0024_DSC_0401/r1l4,689.0,84.0,524.95,66,33,2,35,31,False,ok,0,0.21212121212121213
Svea_Hovraett_etc_export_job_4502445_845640_Svea_Hovraett_-_Advokatfiskalen_Jaemtlands_laen__1702__3-6edbb12a/0024_DSC_0401/line_1638778943053_420,677.0,88.0,492.36,62,32,0,32,30,False,ok,0,0.28125
Svea_Hovraett_etc_export_job_4502445_845640_Svea_Hovraett_-_Advokatfiskalen_Jaemtlands_laen__1702__3-6edbb12a/0024_DSC_0401/r1l7,718.0,105.0,437.64,55,35,3,38,17,False,ok,0,0.2571428571428571
Svea_Hovraett_etc_export_job_4502445_845640_Svea_Hovraett_-_Advokatfiskalen_Jaemtlands_laen__1702__3-6edbb12a/0024_DSC_0401/r1l8,687.0,89.0,494.02,62,35,1,36,26,False,ok,0,0.37142857142857144
Svea_Hovraett_etc_export_job_4502445_845640_Svea_Hovraett_-_Advokatfiskalen_Jaemtlands_laen__1702__3-6edbb12a/0024_DSC_0401/r1l9,698.0,69.0,647.42,81,30,3,33,48,False,ok,0,0.06666666666666667
Svea_Hovraett_etc_export_job_4502445_845640_Svea_Hovraett_-_Advokatfiskalen_Jaemtlands_laen__1702__3-6edbb12a/0024_DSC_0401/r1l10,701.0,97.0,462.52,58,29,1,30,28,False,ok,0,0.2413793103448276
Svea_Hovraett_etc_export_job_4502445_845640_Svea_Hovraett_-_Advokatfiskalen_Jaemtlands_laen__1702__3-6edbb12a/0024_DSC_0401/r1l11,693.0,95.0,466.86,59,38,2,40,19,False,ok,0,0.23684210526315788
Svea_Hovraett_etc_export_job_4502445_845640_Svea_Hovraett_-_Advokatfiskalen_Jaemtlands_laen__1702__3-6edbb12a/0024_DSC_0401/r1l12,701.0,104.0,431.38,54,35,1,36,18,False,ok,0,0.17142857142857143
Svea_Hovraett_etc_export_job_4502445_845640_Svea_Hovraett_-_Advokatfiskalen_Jaemtlands_laen__1702__3-6edbb12a/0024_DSC_0401/r1l13,702.0,95.0,472.93,60,37,3,40,20,False,ok,0,0.16216216216216217
Svea_Hovraett_etc_export_job_4502445_845640_Svea_Hovraett_-_Advokatfiskalen_Jaemtlands_laen__1702__3-6edbb12a/0024_DSC_0401/r1l14,729.0,82.0,568.98,72,28,1,29,43,False,ok,0,0.07142857142857142
Svea_Hovraett_etc_export_job_4502445_845640_Svea_Hovraett_-_Advokatfiskalen_Jaemtlands_laen__1702__3-6edbb12a/0024_DSC_0401/r1l15,324.0,90.0,230.4,29,12,1,13,16,False,ok,0,0.0
Svea_Hovraett_etc_export_job_4502445_845640_Svea_Hovraett_-_Advokatfiskalen_Jaemtlands_laen__1702__3-6edbb12a/0024_DSC_0401/r1l16,726.0,89.0,522.07,66,39,2,41,25,False,ok,0,0.23076923076923078
Svea_Hovraett_etc_export_job_4502445_845640_Svea_Hovraett_-_Advokatfiskalen_Jaemtlands_laen__1702__3-6edbb12a/0024_DSC_0401/r1l17,714.0,81.0,564.15,71,31,2,33,38,False,ok,0,0.0967741935483871
Svea_Hovraett_etc_export_job_4502445_845640_Svea_Hovraett_-_Advokatfiskalen_Jaemtlands_laen__1702__3-6edbb12a/0024_DSC_0401/r1l18,726.0,100.0,464.64,59,35,2,37,22,False,ok,0,0.2571428571428571
Svea_Hovraett_etc_export_job_4502445_845640_Svea_Hovraett_-_Advokatfiskalen_Jaemtlands_laen__1702__3-6edbb12a/0024_DSC_0401/r1l19,730.0,88.0,530.91,67,31,0,31,36,False,ok,0,0.25806451612903225
Svea_Hovraett_etc_export_job_4502445_845640_Svea_Hovraett_-_Advokatfiskalen_Jaemtlands_laen__1702__3-6edbb12a/0024_DSC_0401/r1l20,741.0,79.0,600.3,76,28,0,28,48,False,ok,0,0.0
Svea_Hovraett_etc_export_job_4502445_845640_Svea_Hovraett_-_Advokatfiskalen_Jaemtlands_laen__1702__3-6edbb12a/0024_DSC_0401/r1l21,731.0,107.0,437.23,55,28,3,31,24,False,ok,0,0.10714285714285714
Svea_Hovraett_etc_export_job_4502445_845640_Svea_Hovraett_-_Advokatfiskalen_Jaemtlands_laen__1702__3-6edbb12a/0024_DSC_0401/line_1638779029046_446,743.0,106.0,448.6,57,30,1,31,26,False,ok,0,0.13333333333333333
Svea_Hovraett_etc_export_job_4502445_845640_Svea_Hovraett_-_Advokatfiskalen_Jaemtlands_laen__1702__3-6edbb12a/0024_DSC_0401/r1l24,80.0,55.0,93.09,12,5,0,5,7,False,empty,1,1.0
Svea_Hovraett_etc_export_job_4502445_845640_Svea_Hovraett_-_Advokatfiskalen_Jaemtlands_laen__1702__3-6edbb12a/0024_DSC_0401/r3l1,71.0,66.0,68.85,9,3,0,3,6,False,ok,0,1.0
Svea_Hovraett_etc_export_job_4502445_845640_Svea_Hovraett_-_Advokatfiskalen_Jaemtlands_laen__1702__3-6edbb12a/0024_DSC_0401/r2l1,681.0,144.0,302.67,38,35,2,37,1,False,ok,0,0.8285714285714286
Svea_Hovraett_etc_export_job_4502445_845640_Svea_Hovraett_-_Advokatfiskalen_Jaemtlands_laen__1702__3-6edbb12a/0024_DSC_0401/r2l2,661.0,124.0,341.16,43,32,1,33,10,False,ok,0,0.875
Svea_Hovraett_etc_export_job_4502445_845640_Svea_Hovraett_-_Advokatfiskalen_Jaemtlands_laen__1702__3-6edbb12a/0024_DSC_0401/r2l3,684.0,130.0,336.74,43,31,1,32,11,False,ok,0,0.8387096774193549
Svea_Hovraett_etc_export_job_4502445_845640_Svea_Hovraett_-_Advokatfiskalen_Jaemtlands_laen__1702__3-6edbb12a/0024_DSC_0401/r2l4,694.0,108.0,411.26,52,32,3,35,17,False,ok,0,0.71875
Svea_Hovraett_etc_export_job_4502445_845640_Svea_Hovraett_-_Advokatfiskalen_Jaemtlands_laen__1702__3-6edbb12a/0024_DSC_0401/r2l5,676.0,111.0,389.77,49,32,0,32,17,False,ok,0,0.375
Svea_Hovraett_etc_export_job_4502445_845640_Svea_Hovraett_-_Advokatfiskalen_Jaemtlands_laen__1702__3-6edbb12a/0024_DSC_0401/r2l6,646.0,93.0,444.56,56,26,1,27,29,False,ok,0,0.5384615384615384
Svea_Hovraett_etc_export_job_4502445_845640_Svea_Hovraett_-_Advokatfiskalen_Jaemtlands_laen__1702__3-6edbb12a/0024_DSC_0401/r2l7,670.0,107.0,400.75,51,30,2,32,19,False,ok,0,0.26666666666666666
Svea_Hovraett_etc_export_job_4502445_845640_Svea_Hovraett_-_Advokatfiskalen_Jaemtlands_laen__1702__3-6edbb12a/0024_DSC_0401/r2l8,672.0,100.0,430.08,54,32,2,34,20,False,ok,0,0.34375
Svea_Hovraett_etc_export_job_4502445_845640_Svea_Hovraett_-_Advokatfiskalen_Jaemtlands_laen__1702__3-6edbb12a/0024_DSC_0401/r2l9,688.0,100.0,440.32,56,34,0,34,22,False,ok,0,0.20588235294117646
Svea_Hovraett_etc_export_job_4502445_845640_Svea_Hovraett_-_Advokatfiskalen_Jaemtlands_laen__1702__3-6edbb12a/0024_DSC_0401/r2l10,690.0,96.0,460.0,58,33,0,33,25,False,ok,0,0.30303030303030304
Svea_Hovraett_etc_export_job_4502445_845640_Svea_Hovraett_-_Advokatfiskalen_Jaemtlands_laen__1702__3-6edbb12a/0024_DSC_0401/r2l11,674.0,92.0,468.87,59,37,2,39,20,False,ok,0,0.2702702702702703
Svea_Hovraett_etc_export_job_4502445_845640_Svea_Hovraett_-_Advokatfiskalen_Jaemtlands_laen__1702__3-6edbb12a/0024_DSC_0401/r2l12,673.0,89.0,483.96,61,35,2,37,24,False,ok,0,0.17142857142857143
Svea_Hovraett_etc_export_job_4502445_845640_Svea_Hovraett_-_Advokatfiskalen_Jaemtlands_laen__1702__3-6edbb12a/0024_DSC_0401/r2l13,705.0,99.0,455.76,57,36,1,37,20,False,ok,0,0.25
Svea_Hovraett_etc_export_job_4502445_845640_Svea_Hovraett_-_Advokatfiskalen_Jaemtlands_laen__1702__3-6edbb12a/0024_DSC_0401/r2l14,713.0,93.0,490.67,62,34,0,34,28,False,ok,0,0.35294117647058826
Svea_Hovraett_etc_export_job_4502445_845640_Svea_Hovraett_-_Advokatfiskalen_Jaemtlands_laen__1702__3-6edbb12a/0024_DSC_0401/r2l15,730.0,107.0,436.64,55,38,0,38,17,False,ok,0,0.3684210526315789
Svea_Hovraett_etc_export_job_4502445_845640_Svea_Hovraett_-_Advokatfiskalen_Jaemtlands_laen__1702__3-6edbb12a/0024_DSC_0401/r2l16,707.0,103.0,439.3,55,36,1,37,18,False,ok,0,0.3888888888888889
Svea_Hovraett_etc_export_job_4502445_845640_Svea_Hovraett_-_Advokatfiskalen_Jaemtlands_laen__1702__3-6edbb12a/0024_DSC_0401/r2l17,698.0,106.0,421.43,53,29,1,30,23,False,ok,0,0.6206896551724138
Svea_Hovraett_etc_export_job_4502445_845640_Svea_Hovraett_-_Advokatfiskalen_Jaemtlands_laen__1702__3-6edbb12a/0024_DSC_0401/r2l18,695.0,89.0,499.78,63,35,2,37,26,False,ok,0,0.22857142857142856
Svea_Hovraett_etc_export_job_4502445_845640_Svea_Hovraett_-_Advokatfiskalen_Jaemtlands_laen__1702__3-6edbb12a/0024_DSC_0401/r2l19,704.0,98.0,459.76,58,32,3,35,23,False,ok,0,0.21875
Svea_Hovraett_etc_export_job_4502445_845640_Svea_Hovraett_-_Advokatfiskalen_Jaemtlands_laen__1702__3-6edbb12a/0024_DSC_0401/r2l20,719.0,105.0,438.25,55,33,3,36,19,False,ok,0,0.36363636363636365
Svea_Hovraett_etc_export_job_4502445_845640_Svea_Hovraett_-_Advokatfiskalen_Jaemtlands_laen__1702__3-6edbb12a/0024_DSC_0401/r2l21,698.0,109.0,409.83,52,36,4,40,12,False,ok,0,0.19444444444444445
Svea_Hovraett_etc_export_job_4502445_845640_Svea_Hovraett_-_Advokatfiskalen_Jaemtlands_laen__1702__3-6edbb12a/0024_DSC_0401/r2l22,100.0,75.0,85.33,11,3,0,3,8,False,ok,0,1.0
Svea_Hovraett_etc_export_job_4502445_845640_Svea_Hovraett_-_Advokatfiskalen_Jaemtlands_laen__1702__3-6edbb12a/0025_DSC_0403/r1l2,631.0,116.0,348.14,44,40,1,41,3,False,ok,0,0.8
Svea_Hovraett_etc_export_job_4502445_845640_Svea_Hovraett_-_Advokatfiskalen_Jaemtlands_laen__1702__3-6edbb12a/0025_DSC_0403/r1l4,648.0,115.0,360.63,46,39,2,41,5,False,ok,0,0.6153846153846154
Svea_Hovraett_etc_export_job_4502445_845640_Svea_Hovraett_-_Advokatfiskalen_Jaemtlands_laen__1702__3-6edbb12a/0025_DSC_0403/r1l6,645.0,113.0,365.31,46,42,1,43,3,False,ok,0,0.6428571428571429
Svea_Hovraett_etc_export_job_4502445_845640_Svea_Hovraett_-_Advokatfiskalen_Jaemtlands_laen__1702__3-6edbb12a/0025_DSC_0403/r1l8,651.0,99.0,420.85,53,37,1,38,15,False,ok,0,0.4864864864864865
Svea_Hovraett_etc_export_job_4502445_845640_Svea_Hovraett_-_Advokatfiskalen_Jaemtlands_laen__1702__3-6edbb12a/0025_DSC_0403/r1l10,661.0,91.0,464.88,59,40,2,42,17,False,ok,0,0.475
Svea_Hovraett_etc_export_job_4502445_845640_Svea_Hovraett_-_Advokatfiskalen_Jaemtlands_laen__1702__3-6edbb12a/0025_DSC_0403/r1l12,649.0,99.0,419.56,53,39,0,39,14,False,ok,0,0.41025641025641024
Svea_Hovraett_etc_export_job_4502445_845640_Svea_Hovraett_-_Advokatfiskalen_Jaemtlands_laen__1702__3-6edbb12a/0025_DSC_0403/r1l14,662.0,105.0,403.5,51,36,2,38,13,False,ok,0,0.4444444444444444
Svea_Hovraett_etc_export_job_4502445_845640_Svea_Hovraett_-_Advokatfiskalen_Jaemtlands_laen__1702__3-6edbb12a/0025_DSC_0403/r1l16,665.0,99.0,429.9,54,32,3,35,19,False,ok,0,0.3125
Svea_Hovraett_etc_export_job_4502445_845640_Svea_Hovraett_-_Advokatfiskalen_Jaemtlands_laen__1702__3-6edbb12a/0025_DSC_0403/r1l18,668.0,101.0,423.29,53,30,0,30,23,False,ok,0,0.36666666666666664
Svea_Hovraett_etc_export_job_4502445_845640_Svea_Hovraett_-_Advokatfiskalen_Jaemtlands_laen__1702__3-6edbb12a/0025_DSC_0403/r1l20,656.0,91.0,461.36,58,33,1,34,24,False,ok,0,0.12121212121212122
Svea_Hovraett_etc_export_job_4502445_845640_Svea_Hovraett_-_Advokatfiskalen_Jaemtlands_laen__1702__3-6edbb12a/0025_DSC_0403/r1l22,664.0,110.0,386.33,49,33,1,34,15,False,ok,0,0.18181818181818182
Svea_Hovraett_etc_export_job_4502445_845640_Svea_Hovraett_-_Advokatfiskalen_Jaemtlands_laen__1702__3-6edbb12a/0025_DSC_0403/r1l24,649.0,95.0,437.22,55,35,0,35,20,False,ok,0,0.2571428571428571
Svea_Hovraett_etc_export_job_4502445_845640_Svea_Hovraett_-_Advokatfiskalen_Jaemtlands_laen__1702__3-6edbb12a/0025_DSC_0403/r1l26,677.0,101.0,428.99,54,30,0,30,24,False,ok,0,0.16666666666666666
Svea_Hovraett_etc_export_job_4502445_845640_Svea_Hovraett_-_Advokatfiskalen_Jaemtlands_laen__1702__3-6edbb12a/0025_DSC_0403/r1l28,680.0,99.0,439.6,55,34,0,34,21,False,ok,0,0.17647058823529413
Svea_Hovraett_etc_export_job_4502445_845640_Svea_Hovraett_-_Advokatfiskalen_Jaemtlands_laen__1702__3-6edbb12a/0025_DSC_0403/r1l30,696.0,102.0,436.71,55,35,1,36,19,False,ok,0,0.05714285714285714
Svea_Hovraett_etc_export_job_4502445_845640_Svea_Hovraett_-_Advokatfiskalen_Jaemtlands_laen__1702__3-6edbb12a/0025_DSC_0403/r1l32,673.0,95.0,453.39,57,34,2,36,21,False,ok,0,0.20588235294117646
Svea_Hovraett_etc_export_job_4502445_845640_Svea_Hovraett_-_Advokatfiskalen_Jaemtlands_laen__1702__3-6edbb12a/0025_DSC_0403/r1l34,695.0,95.0,468.21,59,35,1,36,23,False,ok,0,0.2571428571428571
Svea_Hovraett_etc_export_job_4502445_845640_Svea_Hovraett_-_Advokatfiskalen_Jaemtlands_laen__1702__3-6edbb12a/0025_DSC_0403/r1l36,713.0,96.0,475.33,60,37,4,41,19,False,ok,0,0.2972972972972973
Svea_Hovraett_etc_export_job_4502445_845640_Svea_Hovraett_-_Advokatfiskalen_Jaemtlands_laen__1702__3-6edbb12a/0025_DSC_0403/r1l38,702.0,85.0,528.56,67,34,4,38,29,False,ok,0,0.35294117647058826
Svea_Hovraett_etc_export_job_4502445_845640_Svea_Hovraett_-_Advokatfiskalen_Jaemtlands_laen__1702__3-6edbb12a/0025_DSC_0403/r1l40,700.0,94.0,476.6,60,36,0,36,24,False,ok,0,0.16666666666666666
Svea_Hovraett_etc_export_job_4502445_845640_Svea_Hovraett_-_Advokatfiskalen_Jaemtlands_laen__1702__3-6edbb12a/0025_DSC_0403/r1l43,83.0,91.0,58.37,8,32,1,33,-25,True,ok,0,0.96875
Svea_Hovraett_etc_export_job_4502445_845640_Svea_Hovraett_-_Advokatfiskalen_Jaemtlands_laen__1702__3-6edbb12a/0025_DSC_0403/line_1638779204101_491,711.0,91.0,500.04,63,3,0,3,60,False,ok,0,9.333333333333334
Svea_Hovraett_etc_export_job_4502445_845640_Svea_Hovraett_-_Advokatfiskalen_Jaemtlands_laen__1702__3-6edbb12a/0025_DSC_0403/r2l1,69.0,61.0,72.39,10,3,0,3,7,False,ok,0,0.6666666666666666
Svea_Hovraett_etc_export_job_4502445_845640_Svea_Hovraett_-_Advokatfiskalen_Jaemtlands_laen__1702__3-6edbb12a/0025_DSC_0403/r1l1,662.0,132.0,320.97,41,35,3,38,3,False,ok,0,0.6571428571428571
Svea_Hovraett_etc_export_job_4502445_845640_Svea_Hovraett_-_Advokatfiskalen_Jaemtlands_laen__1702__3-6edbb12a/0025_DSC_0403/r1l3,692.0,116.0,381.79,48,38,3,41,7,False,ok,0,0.7631578947368421
Svea_Hovraett_etc_export_job_4502445_845640_Svea_Hovraett_-_Advokatfiskalen_Jaemtlands_laen__1702__3-6edbb12a/0025_DSC_0403/r1l5,669.0,106.0,403.92,51,36,0,36,15,False,ok,0,0.4444444444444444
Svea_Hovraett_etc_export_job_4502445_845640_Svea_Hovraett_-_Advokatfiskalen_Jaemtlands_laen__1702__3-6edbb12a/0025_DSC_0403/r1l7,670.0,121.0,354.38,45,38,2,40,5,False,ok,0,0.7894736842105263
Svea_Hovraett_etc_export_job_4502445_845640_Svea_Hovraett_-_Advokatfiskalen_Jaemtlands_laen__1702__3-6edbb12a/0025_DSC_0403/r1l9,678.0,130.0,333.78,42,31,1,32,10,False,ok,0,0.7741935483870968
Svea_Hovraett_etc_export_job_4502445_845640_Svea_Hovraett_-_Advokatfiskalen_Jaemtlands_laen__1702__3-6edbb12a/0025_DSC_0403/r1l11,680.0,103.0,422.52,53,35,1,36,17,False,ok,0,0.4857142857142857
Svea_Hovraett_etc_export_job_4502445_845640_Svea_Hovraett_-_Advokatfiskalen_Jaemtlands_laen__1702__3-6edbb12a/0025_DSC_0403/r1l13,232.0,97.0,153.07,20,9,1,10,10,False,ok,0,1.0
Svea_Hovraett_etc_export_job_4502445_845640_Svea_Hovraett_-_Advokatfiskalen_Jaemtlands_laen__1702__3-6edbb12a/0025_DSC_0403/r1l15,676.0,112.0,386.29,49,36,1,37,12,False,ok,0,0.4444444444444444
Svea_Hovraett_etc_export_job_4502445_845640_Svea_Hovraett_-_Advokatfiskalen_Jaemtlands_laen__1702__3-6edbb12a/0025_DSC_0403/r1l17,662.0,115.0,368.42,47,35,1,36,11,False,ok,0,0.3142857142857143
Svea_Hovraett_etc_export_job_4502445_845640_Svea_Hovraett_-_Advokatfiskalen_Jaemtlands_laen__1702__3-6edbb12a/0025_DSC_0403/r1l19,674.0,111.0,388.61,49,32,1,33,16,False,ok,0,0.40625
Svea_Hovraett_etc_export_job_4502445_845640_Svea_Hovraett_-_Advokatfiskalen_Jaemtlands_laen__1702__3-6edbb12a/0025_DSC_0403/r1l21,690.0,109.0,405.14,51,38,0,38,13,False,ok,0,0.3684210526315789
Svea_Hovraett_etc_export_job_4502445_845640_Svea_Hovraett_-_Advokatfiskalen_Jaemtlands_laen__1702__3-6edbb12a/0025_DSC_0403/r1l23,679.0,84.0,517.33,65,28,1,29,36,False,ok,0,0.32142857142857145
Svea_Hovraett_etc_export_job_4502445_845640_Svea_Hovraett_-_Advokatfiskalen_Jaemtlands_laen__1702__3-6edbb12a/0025_DSC_0403/r1l25,688.0,97.0,453.94,57,32,0,32,25,False,ok,0,0.125
Svea_Hovraett_etc_export_job_4502445_845640_Svea_Hovraett_-_Advokatfiskalen_Jaemtlands_laen__1702__3-6edbb12a/0025_DSC_0403/r1l27,712.0,105.0,433.98,55,34,1,35,20,False,ok,0,0.35294117647058826
Svea_Hovraett_etc_export_job_4502445_845640_Svea_Hovraett_-_Advokatfiskalen_Jaemtlands_laen__1702__3-6edbb12a/0025_DSC_0403/r1l29,682.0,105.0,415.7,52,34,1,35,17,False,ok,0,0.29411764705882354
Svea_Hovraett_etc_export_job_4502445_845640_Svea_Hovraett_-_Advokatfiskalen_Jaemtlands_laen__1702__3-6edbb12a/0025_DSC_0403/r1l31,697.0,96.0,464.67,59,35,2,37,22,False,ok,0,0.2571428571428571
Svea_Hovraett_etc_export_job_4502445_845640_Svea_Hovraett_-_Advokatfiskalen_Jaemtlands_laen__1702__3-6edbb12a/0025_DSC_0403/r1l33,710.0,93.0,488.6,62,33,0,33,29,False,ok,0,0.21212121212121213
Svea_Hovraett_etc_export_job_4502445_845640_Svea_Hovraett_-_Advokatfiskalen_Jaemtlands_laen__1702__3-6edbb12a/0025_DSC_0403/r1l35,697.0,84.0,531.05,67,30,3,33,34,False,ok,0,0.23333333333333334
Svea_Hovraett_etc_export_job_4502445_845640_Svea_Hovraett_-_Advokatfiskalen_Jaemtlands_laen__1702__3-6edbb12a/0025_DSC_0403/r1l37,96.0,73.0,84.16,11,7,1,8,3,False,ok,0,0.8571428571428571
Svea_Hovraett_etc_export_job_4502445_845640_Svea_Hovraett_-_Advokatfiskalen_Jaemtlands_laen__1702__3-6edbb12a/0025_DSC_0403/r1l39,704.0,131.0,343.94,43,37,2,39,4,False,ok,0,0.40540540540540543
Svea_Hovraett_etc_export_job_4502445_845640_Svea_Hovraett_-_Advokatfiskalen_Jaemtlands_laen__1702__3-6edbb12a/0025_DSC_0403/line_1638779204101_490,752.0,110.0,437.53,55,36,2,38,17,False,ok,0,0.5277777777777778
Svea_Hovraett_etc_export_job_4502445_845640_Svea_Hovraett_-_Advokatfiskalen_Jaemtlands_laen__1702__3-6edbb12a/0025_DSC_0403/r1l42,139.0,117.0,76.03,10,3,0,3,7,False,ok,0,1.0
Svea_Hovraett_etc_export_job_4502445_845640_Svea_Hovraett_-_Advokatfiskalen_Jaemtlands_laen__1702__3-6edbb12a/0026_DSC_0404/r1l1,659.0,114.0,369.96,47,37,1,38,9,False,ok,0,0.35135135135135137
Svea_Hovraett_etc_export_job_4502445_845640_Svea_Hovraett_-_Advokatfiskalen_Jaemtlands_laen__1702__3-6edbb12a/0026_DSC_0404/r1l2,654.0,96.0,436.0,55,30,2,32,23,False,ok,0,0.5333333333333333
Svea_Hovraett_etc_export_job_4502445_845640_Svea_Hovraett_-_Advokatfiskalen_Jaemtlands_laen__1702__3-6edbb12a/0026_DSC_0404/r1l3,665.0,78.0,545.64,69,29,2,31,38,False,ok,0,0.4482758620689655
Svea_Hovraett_etc_export_job_4502445_845640_Svea_Hovraett_-_Advokatfiskalen_Jaemtlands_laen__1702__3-6edbb12a/0026_DSC_0404/r1l4,662.0,105.0,403.5,51,36,1,37,14,False,ok,0,0.2222222222222222
Svea_Hovraett_etc_export_job_4502445_845640_Svea_Hovraett_-_Advokatfiskalen_Jaemtlands_laen__1702__3-6edbb12a/0026_DSC_0404/line_1638779544573_564,671.0,96.0,447.33,56,33,1,34,22,False,ok,0,0.2727272727272727
Svea_Hovraett_etc_export_job_4502445_845640_Svea_Hovraett_-_Advokatfiskalen_Jaemtlands_laen__1702__3-6edbb12a/0026_DSC_0404/r1l7,682.0,89.0,490.43,62,34,1,35,27,False,ok,0,0.23529411764705882
Svea_Hovraett_etc_export_job_4502445_845640_Svea_Hovraett_-_Advokatfiskalen_Jaemtlands_laen__1702__3-6edbb12a/0026_DSC_0404/r1l8,693.0,97.0,457.24,58,34,1,35,23,False,ok,0,0.029411764705882353
Svea_Hovraett_etc_export_job_4502445_845640_Svea_Hovraett_-_Advokatfiskalen_Jaemtlands_laen__1702__3-6edbb12a/0026_DSC_0404/r1l9,679.0,95.0,457.43,58,29,3,32,26,False,ok,0,0.10344827586206896
Svea_Hovraett_etc_export_job_4502445_845640_Svea_Hovraett_-_Advokatfiskalen_Jaemtlands_laen__1702__3-6edbb12a/0026_DSC_0404/r1l10,677.0,94.0,460.94,58,32,2,34,24,False,ok,0,0.4375
Svea_Hovraett_etc_export_job_4502445_845640_Svea_Hovraett_-_Advokatfiskalen_Jaemtlands_laen__1702__3-6edbb12a/0026_DSC_0404/r1l11,703.0,114.0,394.67,50,36,1,37,13,False,ok,0,0.3055555555555556
Svea_Hovraett_etc_export_job_4502445_845640_Svea_Hovraett_-_Advokatfiskalen_Jaemtlands_laen__1702__3-6edbb12a/0026_DSC_0404/r1l13,295.0,85.0,222.12,28,13,0,13,15,False,ok,0,0.07692307692307693
Svea_Hovraett_etc_export_job_4502445_845640_Svea_Hovraett_-_Advokatfiskalen_Jaemtlands_laen__1702__3-6edbb12a/0026_DSC_0404/r1l14,703.0,111.0,405.33,51,39,2,41,10,False,ok,0,0.23076923076923078
Svea_Hovraett_etc_export_job_4502445_845640_Svea_Hovraett_-_Advokatfiskalen_Jaemtlands_laen__1702__3-6edbb12a/0026_DSC_0404/r1l15,692.0,111.0,398.99,50,38,1,39,11,False,ok,0,0.23684210526315788
Svea_Hovraett_etc_export_job_4502445_845640_Svea_Hovraett_-_Advokatfiskalen_Jaemtlands_laen__1702__3-6edbb12a/0026_DSC_0404/r1l16,689.0,89.0,495.46,62,35,2,37,25,False,ok,0,0.02857142857142857
Svea_Hovraett_etc_export_job_4502445_845640_Svea_Hovraett_-_Advokatfiskalen_Jaemtlands_laen__1702__3-6edbb12a/0026_DSC_0404/r1l17,700.0,89.0,503.37,63,34,0,34,29,False,ok,0,0.08823529411764706
Svea_Hovraett_etc_export_job_4502445_845640_Svea_Hovraett_-_Advokatfiskalen_Jaemtlands_laen__1702__3-6edbb12a/0026_DSC_0404/r1l18,693.0,99.0,448.0,56,39,1,40,16,False,ok,0,0.1282051282051282
Svea_Hovraett_etc_export_job_4502445_845640_Svea_Hovraett_-_Advokatfiskalen_Jaemtlands_laen__1702__3-6edbb12a/0026_DSC_0404/r1l19,706.0,110.0,410.76,52,39,2,41,11,False,ok,0,0.20512820512820512
Svea_Hovraett_etc_export_job_4502445_845640_Svea_Hovraett_-_Advokatfiskalen_Jaemtlands_laen__1702__3-6edbb12a/0026_DSC_0404/r1l20,731.0,95.0,492.46,62,33,2,35,27,False,ok,0,0.12121212121212122
Svea_Hovraett_etc_export_job_4502445_845640_Svea_Hovraett_-_Advokatfiskalen_Jaemtlands_laen__1702__3-6edbb12a/0026_DSC_0404/r1l21,745.0,95.0,501.89,63,38,1,39,24,False,ok,0,0.02631578947368421
Svea_Hovraett_etc_export_job_4502445_845640_Svea_Hovraett_-_Advokatfiskalen_Jaemtlands_laen__1702__3-6edbb12a/0026_DSC_0404/r1l22,775.0,117.0,423.93,53,37,1,38,15,False,ok,0,0.35135135135135137
Svea_Hovraett_etc_export_job_4502445_845640_Svea_Hovraett_-_Advokatfiskalen_Jaemtlands_laen__1702__3-6edbb12a/0026_DSC_0404/r1l23,132.0,122.0,69.25,9,4,0,4,5,False,ok,0,0.75
Svea_Hovraett_etc_export_job_4502445_845640_Svea_Hovraett_-_Advokatfiskalen_Jaemtlands_laen__1702__3-6edbb12a/0026_DSC_0404/line_1638779899103_657,24.0,62.0,24.77,4,2,0,2,2,False,empty,1,1.0
Svea_Hovraett_etc_export_job_4502445_845640_Svea_Hovraett_-_Advokatfiskalen_Jaemtlands_laen__1702__3-6edbb12a/0026_DSC_0404/line_1638779746959_610,86.0,60.0,91.73,12,3,0,3,9,False,ok,0,0.6666666666666666
Svea_Hovraett_etc_export_job_4502445_845640_Svea_Hovraett_-_Advokatfiskalen_Jaemtlands_laen__1702__3-6edbb12a/0026_DSC_0404/r2l1,659.0,152.0,277.47,35,40,1,41,-6,True,ok,0,0.825
Svea_Hovraett_etc_export_job_4502445_845640_Svea_Hovraett_-_Advokatfiskalen_Jaemtlands_laen__1702__3-6edbb12a/0026_DSC_0404/r2l2,648.0,142.0,292.06,37,43,2,45,-8,True,ok,0,0.6976744186046512
Svea_Hovraett_etc_export_job_4502445_845640_Svea_Hovraett_-_Advokatfiskalen_Jaemtlands_laen__1702__3-6edbb12a/0026_DSC_0404/r2l3,669.0,130.0,329.35,42,38,1,39,3,False,ok,0,0.5789473684210527
Svea_Hovraett_etc_export_job_4502445_845640_Svea_Hovraett_-_Advokatfiskalen_Jaemtlands_laen__1702__3-6edbb12a/0026_DSC_0404/r2l4,648.0,117.0,354.46,45,38,1,39,6,False,ok,0,0.5
Svea_Hovraett_etc_export_job_4502445_845640_Svea_Hovraett_-_Advokatfiskalen_Jaemtlands_laen__1702__3-6edbb12a/0026_DSC_0404/r2l5,678.0,127.0,341.67,43,37,1,38,5,False,ok,0,0.5675675675675675
Svea_Hovraett_etc_export_job_4502445_845640_Svea_Hovraett_-_Advokatfiskalen_Jaemtlands_laen__1702__3-6edbb12a/0026_DSC_0404/r2l6,677.0,119.0,364.1,46,34,0,34,12,False,ok,0,0.4117647058823529
Svea_Hovraett_etc_export_job_4502445_845640_Svea_Hovraett_-_Advokatfiskalen_Jaemtlands_laen__1702__3-6edbb12a/0026_DSC_0404/r2l7,697.0,131.0,340.52,43,35,1,36,7,False,ok,0,0.42857142857142855
Svea_Hovraett_etc_export_job_4502445_845640_Svea_Hovraett_-_Advokatfiskalen_Jaemtlands_laen__1702__3-6edbb12a/0026_DSC_0404/r2l8,676.0,111.0,389.77,49,33,2,35,14,False,ok,0,0.24242424242424243
Svea_Hovraett_etc_export_job_4502445_845640_Svea_Hovraett_-_Advokatfiskalen_Jaemtlands_laen__1702__3-6edbb12a/0026_DSC_0404/r2l9,683.0,108.0,404.74,51,35,1,36,15,False,ok,0,0.2857142857142857
Svea_Hovraett_etc_export_job_4502445_845640_Svea_Hovraett_-_Advokatfiskalen_Jaemtlands_laen__1702__3-6edbb12a/0026_DSC_0404/r2l10,697.0,115.0,387.9,49,38,1,39,10,False,ok,0,0.21052631578947367
Svea_Hovraett_etc_export_job_4502445_845640_Svea_Hovraett_-_Advokatfiskalen_Jaemtlands_laen__1702__3-6edbb12a/0026_DSC_0404/r2l11,699.0,120.0,372.8,47,38,2,40,7,False,ok,0,0.39473684210526316
Svea_Hovraett_etc_export_job_4502445_845640_Svea_Hovraett_-_Advokatfiskalen_Jaemtlands_laen__1702__3-6edbb12a/0026_DSC_0404/r2l12,698.0,126.0,354.54,45,39,2,41,4,False,ok,0,0.48717948717948717
Svea_Hovraett_etc_export_job_4502445_845640_Svea_Hovraett_-_Advokatfiskalen_Jaemtlands_laen__1702__3-6edbb12a/0026_DSC_0404/r2l13,706.0,101.0,447.37,56,35,1,36,20,False,ok,0,0.45714285714285713
Svea_Hovraett_etc_export_job_4502445_845640_Svea_Hovraett_-_Advokatfiskalen_Jaemtlands_laen__1702__3-6edbb12a/0026_DSC_0404/r2l14,703.0,101.0,445.47,56,36,1,37,19,False,ok,0,0.19444444444444445
Svea_Hovraett_etc_export_job_4502445_845640_Svea_Hovraett_-_Advokatfiskalen_Jaemtlands_laen__1702__3-6edbb12a/0026_DSC_0404/r2l15,340.0,92.0,236.52,30,19,0,19,11,False,ok,0,0.3157894736842105
Svea_Hovraett_etc_export_job_4502445_845640_Svea_Hovraett_-_Advokatfiskalen_Jaemtlands_laen__1702__3-6edbb12a/0026_DSC_0404/r2l16,721.0,120.0,384.53,49,36,1,37,12,False,ok,0,0.3333333333333333
Svea_Hovraett_etc_export_job_4502445_845640_Svea_Hovraett_-_Advokatfiskalen_Jaemtlands_laen__1702__3-6edbb12a/0026_DSC_0404/r2l17,722.0,131.0,352.73,45,34,0,34,11,False,ok,0,0.3235294117647059
Svea_Hovraett_etc_export_job_4502445_845640_Svea_Hovraett_-_Advokatfiskalen_Jaemtlands_laen__1702__3-6edbb12a/0026_DSC_0404/r2l18,730.0,115.0,406.26,51,35,1,36,15,False,ok,0,0.4
Svea_Hovraett_etc_export_job_4502445_845640_Svea_Hovraett_-_Advokatfiskalen_Jaemtlands_laen__1702__3-6edbb12a/0026_DSC_0404/r2l19,722.0,111.0,416.29,53,39,3,42,11,False,ok,0,0.3333333333333333
Svea_Hovraett_etc_export_job_4502445_845640_Svea_Hovraett_-_Advokatfiskalen_Jaemtlands_laen__1702__3-6edbb12a/0026_DSC_0404/r2l20,760.0,114.0,426.67,54,35,1,36,18,False,ok,0,0.2
Svea_Hovraett_etc_export_job_4502445_845640_Svea_Hovraett_-_Advokatfiskalen_Jaemtlands_laen__1702__3-6edbb12a/0026_DSC_0404/r2l21,79.0,81.0,62.42,8,3,0,3,5,False,ok,0,0.3333333333333333
Svea_Hovraett_etc_export_job_4502445_845640_Svea_Hovraett_-_Advokatfiskalen_Jaemtlands_laen__1702__3-6edbb12a/0027_DSC_0405/r1l1,650.0,117.0,355.56,45,36,1,37,8,False,ok,0,0.3888888888888889
Svea_Hovraett_etc_export_job_4502445_845640_Svea_Hovraett_-_Advokatfiskalen_Jaemtlands_laen__1702__3-6edbb12a/0027_DSC_0405/r1l2,676.0,97.0,446.02,56,33,2,35,21,False,ok,0,0.2727272727272727
Svea_Hovraett_etc_export_job_4502445_845640_Svea_Hovraett_-_Advokatfiskalen_Jaemtlands_laen__1702__3-6edbb12a/0027_DSC_0405/r1l3,686.0,96.0,457.33,58,33,0,33,25,False,ok,0,0.21212121212121213
Svea_Hovraett_etc_export_job_4502445_845640_Svea_Hovraett_-_Advokatfiskalen_Jaemtlands_laen__1702__3-6edbb12a/0027_DSC_0405/r1l4,366.0,80.0,292.8,37,17,1,18,19,False,ok,0,0.0
Svea_Hovraett_etc_export_job_4502445_845640_Svea_Hovraett_-_Advokatfiskalen_Jaemtlands_laen__1702__3-6edbb12a/0027_DSC_0405/r1l5,704.0,98.0,459.76,58,37,1,38,20,False,ok,0,0.43243243243243246
Svea_Hovraett_etc_export_job_4502445_845640_Svea_Hovraett_-_Advokatfiskalen_Jaemtlands_laen__1702__3-6edbb12a/0027_DSC_0405/r1l6,698.0,108.0,413.63,52,33,0,33,19,False,ok,0,0.30303030303030304
Svea_Hovraett_etc_export_job_4502445_845640_Svea_Hovraett_-_Advokatfiskalen_Jaemtlands_laen__1702__3-6edbb12a/0027_DSC_0405/r1l7,694.0,104.0,427.08,54,34,1,35,19,False,ok,0,0.14705882352941177
Svea_Hovraett_etc_export_job_4502445_845640_Svea_Hovraett_-_Advokatfiskalen_Jaemtlands_laen__1702__3-6edbb12a/0027_DSC_0405/r1l8,690.0,95.0,464.84,59,36,1,37,22,False,ok,0,0.2777777777777778
Svea_Hovraett_etc_export_job_4502445_845640_Svea_Hovraett_-_Advokatfiskalen_Jaemtlands_laen__1702__3-6edbb12a/0027_DSC_0405/r1l9,699.0,118.0,379.12,48,31,2,33,15,False,ok,0,0.3870967741935484
Svea_Hovraett_etc_export_job_4502445_845640_Svea_Hovraett_-_Advokatfiskalen_Jaemtlands_laen__1702__3-6edbb12a/0027_DSC_0405/r1l10,577.0,73.0,505.86,64,28,1,29,35,False,ok,0,0.07142857142857142
Svea_Hovraett_etc_export_job_4502445_845640_Svea_Hovraett_-_Advokatfiskalen_Jaemtlands_laen__1702__3-6edbb12a/0027_DSC_0405/r1l11,690.0,97.0,455.26,57,33,3,36,21,False,ok,0,0.12121212121212122
Svea_Hovraett_etc_export_job_4502445_845640_Svea_Hovraett_-_Advokatfiskalen_Jaemtlands_laen__1702__3-6edbb12a/0027_DSC_0405/r1l12,708.0,102.0,444.24,56,37,3,40,16,False,ok,0,0.10810810810810811
Svea_Hovraett_etc_export_job_4502445_845640_Svea_Hovraett_-_Advokatfiskalen_Jaemtlands_laen__1702__3-6edbb12a/0027_DSC_0405/r1l13,706.0,85.0,531.58,67,38,3,41,26,False,ok,0,0.10526315789473684
Svea_Hovraett_etc_export_job_4502445_845640_Svea_Hovraett_-_Advokatfiskalen_Jaemtlands_laen__1702__3-6edbb12a/0027_DSC_0405/r1l14,710.0,100.0,454.4,57,35,2,37,20,False,ok,0,0.37142857142857144
Svea_Hovraett_etc_export_job_4502445_845640_Svea_Hovraett_-_Advokatfiskalen_Jaemtlands_laen__1702__3-6edbb12a/0027_DSC_0405/r1l15,726.0,90.0,516.27,65,35,1,36,29,False,ok,0,0.17142857142857143
Svea_Hovraett_etc_export_job_4502445_845640_Svea_Hovraett_-_Advokatfiskalen_Jaemtlands_laen__1702__3-6edbb12a/0027_DSC_0405/r1l16,728.0,90.0,517.69,65,34,1,35,30,False,ok,0,0.11764705882352941
Svea_Hovraett_etc_export_job_4502445_845640_Svea_Hovraett_-_Advokatfiskalen_Jaemtlands_laen__1702__3-6edbb12a/0027_DSC_0405/r1l17,722.0,104.0,444.31,56,32,2,34,22,False,ok,0,0.1875
Svea_Hovraett_etc_export_job_4502445_845640_Svea_Hovraett_-_Advokatfiskalen_Jaemtlands_laen__1702__3-6edbb12a/0027_DSC_0405/r1l18,446.0,105.0,271.85,34,17,0,17,17,False,ok,0,0.11764705882352941
Svea_Hovraett_etc_export_job_4502445_845640_Svea_Hovraett_-_Advokatfiskalen_Jaemtlands_laen__1702__3-6edbb12a/0027_DSC_0405/r1l19,737.0,86.0,548.47,69,32,2,34,35,False,ok,0,0.28125
Svea_Hovraett_etc_export_job_4502445_845640_Svea_Hovraett_-_Advokatfiskalen_Jaemtlands_laen__1702__3-6edbb12a/0027_DSC_0405/r1l20,759.0,113.0,429.88,54,37,4,41,13,False,ok,0,0.05405405405405406
Svea_Hovraett_etc_export_job_4502445_845640_Svea_Hovraett_-_Advokatfiskalen_Jaemtlands_laen__1702__3-6edbb12a/0027_DSC_0405/r1l21,757.0,114.0,424.98,54,38,1,39,15,False,ok,0,0.21052631578947367
Svea_Hovraett_etc_export_job_4502445_845640_Svea_Hovraett_-_Advokatfiskalen_Jaemtlands_laen__1702__3-6edbb12a/0027_DSC_0405/r1l22,122.0,107.0,72.97,10,6,0,6,4,False,ok,0,1.0
Svea_Hovraett_etc_export_job_4502445_845640_Svea_Hovraett_-_Advokatfiskalen_Jaemtlands_laen__1702__3-6edbb12a/0027_DSC_0405/r2l1,62.0,56.0,70.86,9,3,0,3,6,False,empty,1,1.0
Svea_Hovraett_etc_export_job_4502445_845640_Svea_Hovraett_-_Advokatfiskalen_Jaemtlands_laen__1702__3-6edbb12a/0027_DSC_0405/r2l2,652.0,171.0,244.02,31,34,1,35,-4,True,ok,0,0.9411764705882353
Svea_Hovraett_etc_export_job_4502445_845640_Svea_Hovraett_-_Advokatfiskalen_Jaemtlands_laen__1702__3-6edbb12a/0027_DSC_0405/r2l3,652.0,136.0,306.82,39,37,2,39,0,False,ok,0,0.7837837837837838
Svea_Hovraett_etc_export_job_4502445_845640_Svea_Hovraett_-_Advokatfiskalen_Jaemtlands_laen__1702__3-6edbb12a/0027_DSC_0405/r2l4,673.0,137.0,314.39,40,37,2,39,1,False,ok,0,0.7567567567567568
Svea_Hovraett_etc_export_job_4502445_845640_Svea_Hovraett_-_Advokatfiskalen_Jaemtlands_laen__1702__3-6edbb12a/0027_DSC_0405/r2l5,669.0,127.0,337.13,43,34,2,36,7,False,ok,0,0.6176470588235294
Svea_Hovraett_etc_export_job_4502445_845640_Svea_Hovraett_-_Advokatfiskalen_Jaemtlands_laen__1702__3-6edbb12a/0027_DSC_0405/r2l6,700.0,145.0,308.97,39,40,0,40,-1,True,ok,0,0.825
Svea_Hovraett_etc_export_job_4502445_845640_Svea_Hovraett_-_Advokatfiskalen_Jaemtlands_laen__1702__3-6edbb12a/0027_DSC_0405/r2l7,674.0,114.0,378.39,48,34,1,35,13,False,ok,0,0.38235294117647056
Svea_Hovraett_etc_export_job_4502445_845640_Svea_Hovraett_-_Advokatfiskalen_Jaemtlands_laen__1702__3-6edbb12a/0027_DSC_0405/r2l8,696.0,132.0,337.45,43,33,0,33,10,False,ok,0,0.7272727272727273
Svea_Hovraett_etc_export_job_4502445_845640_Svea_Hovraett_-_Advokatfiskalen_Jaemtlands_laen__1702__3-6edbb12a/0027_DSC_0405/r2l9,697.0,105.0,424.84,54,35,0,35,19,False,ok,0,0.42857142857142855
Svea_Hovraett_etc_export_job_4502445_845640_Svea_Hovraett_-_Advokatfiskalen_Jaemtlands_laen__1702__3-6edbb12a/0027_DSC_0405/r2l10,676.0,129.0,335.38,42,34,1,35,7,False,ok,0,0.5882352941176471
Svea_Hovraett_etc_export_job_4502445_845640_Svea_Hovraett_-_Advokatfiskalen_Jaemtlands_laen__1702__3-6edbb12a/0027_DSC_0405/r2l11,696.0,109.0,408.66,52,35,0,35,17,False,ok,0,0.37142857142857144
Svea_Hovraett_etc_export_job_4502445_845640_Svea_Hovraett_-_Advokatfiskalen_Jaemtlands_laen__1702__3-6edbb12a/0027_DSC_0405/r2l12,696.0,111.0,401.3,51,37,1,38,13,False,ok,0,0.32432432432432434
Svea_Hovraett_etc_export_job_4502445_845640_Svea_Hovraett_-_Advokatfiskalen_Jaemtlands_laen__1702__3-6edbb12a/0027_DSC_0405/r2l13,83.0,65.0,81.72,11,8,0,8,3,False,empty,1,1.0
Svea_Hovraett_etc_export_job_4502445_845640_Svea_Hovraett_-_Advokatfiskalen_Jaemtlands_laen__1702__3-6edbb12a/0027_DSC_0405/r2l14,724.0,99.0,468.04,59,37,3,40,19,False,ok,0,0.40540540540540543
Svea_Hovraett_etc_export_job_4502445_845640_Svea_Hovraett_-_Advokatfiskalen_Jaemtlands_laen__1702__3-6edbb12a/0027_DSC_0405/r2l15,730.0,86.0,543.26,68,33,0,33,35,False,ok,0,0.18181818181818182
Svea_Hovraett_etc_export_job_4502445_845640_Svea_Hovraett_-_Advokatfiskalen_Jaemtlands_laen__1702__3-6edbb12a/0027_DSC_0405/r2l16,753.0,103.0,467.88,59,42,2,44,15,False,ok,0,0.30952380952380953
Svea_Hovraett_etc_export_job_4502445_845640_Svea_Hovraett_-_Advokatfiskalen_Jaemtlands_laen__1702__3-6edbb12a/0027_DSC_0405/r2l17,669.0,100.0,428.16,54,29,0,29,25,False,ok,0,0.20689655172413793
Svea_Hovraett_etc_export_job_4502445_845640_Svea_Hovraett_-_Advokatfiskalen_Jaemtlands_laen__1702__3-6edbb12a/0027_DSC_0405/r2l18,734.0,107.0,439.03,55,40,3,43,12,False,ok,0,0.275
Svea_Hovraett_etc_export_job_4502445_845640_Svea_Hovraett_-_Advokatfiskalen_Jaemtlands_laen__1702__3-6edbb12a/0027_DSC_0405/r2l19,750.0,113.0,424.78,54,37,1,38,16,False,ok,0,0.32432432432432434
Svea_Hovraett_etc_export_job_4502445_845640_Svea_Hovraett_-_Advokatfiskalen_Jaemtlands_laen__1702__3-6edbb12a/0027_DSC_0405/r2l20,739.0,91.0,519.74,65,35,1,36,29,False,ok,0,0.17142857142857143
Svea_Hovraett_etc_export_job_4502445_845640_Svea_Hovraett_-_Advokatfiskalen_Jaemtlands_laen__1702__3-6edbb12a/0027_DSC_0405/r2l21,747.0,104.0,459.69,58,36,1,37,21,False,ok,0,0.4166666666666667
Svea_Hovraett_etc_export_job_4502445_845640_Svea_Hovraett_-_Advokatfiskalen_Jaemtlands_laen__1702__3-6edbb12a/0027_DSC_0405/r2l22,778.0,130.0,383.02,48,42,2,44,4,False,ok,0,0.4523809523809524
Svea_Hovraett_etc_export_job_4502445_845640_Svea_Hovraett_-_Advokatfiskalen_Jaemtlands_laen__1702__3-6edbb12a/0027_DSC_0405/r2l23,90.0,60.0,96.0,12,4,0,4,8,False,ok,0,0.75
Svea_Hovraett_etc_export_job_4502445_845640_Svea_Hovraett_-_Advokatfiskalen_Jaemtlands_laen__1702__3-6edbb12a/0028_DSC_0406/r1l1,649.0,129.0,321.98,41,38,2,40,1,False,ok,0,0.42105263157894735
Svea_Hovraett_etc_export_job_4502445_845640_Svea_Hovraett_-_Advokatfiskalen_Jaemtlands_laen__1702__3-6edbb12a/0028_DSC_0406/r1l2,471.0,102.0,295.53,37,23,1,24,13,False,ok,0,0.391304347826087
Svea_Hovraett_etc_export_job_4502445_845640_Svea_Hovraett_-_Advokatfiskalen_Jaemtlands_laen__1702__3-6edbb12a/0028_DSC_0406/r1l3,654.0,95.0,440.59,56,35,1,36,20,False,ok,0,0.22857142857142856
Svea_Hovraett_etc_export_job_4502445_845640_Svea_Hovraett_-_Advokatfiskalen_Jaemtlands_laen__1702__3-6edbb12a/0028_DSC_0406/r1l4,650.0,103.0,403.88,51,37,4,41,10,False,ok,0,0.35135135135135137
Svea_Hovraett_etc_export_job_4502445_845640_Svea_Hovraett_-_Advokatfiskalen_Jaemtlands_laen__1702__3-6edbb12a/0028_DSC_0406/r1l5,652.0,97.0,430.19,54,37,1,38,16,False,ok,0,0.2972972972972973
Svea_Hovraett_etc_export_job_4502445_845640_Svea_Hovraett_-_Advokatfiskalen_Jaemtlands_laen__1702__3-6edbb12a/0028_DSC_0406/r1l6,671.0,101.0,425.19,54,37,1,38,16,False,ok,0,0.43243243243243246
Svea_Hovraett_etc_export_job_4502445_845640_Svea_Hovraett_-_Advokatfiskalen_Jaemtlands_laen__1702__3-6edbb12a/0028_DSC_0406/r1l7,686.0,102.0,430.43,54,34,1,35,19,False,ok,0,0.14705882352941177
Svea_Hovraett_etc_export_job_4502445_845640_Svea_Hovraett_-_Advokatfiskalen_Jaemtlands_laen__1702__3-6edbb12a/0028_DSC_0406/r1l8,684.0,88.0,497.45,63,36,2,38,25,False,ok,0,0.2222222222222222
Svea_Hovraett_etc_export_job_4502445_845640_Svea_Hovraett_-_Advokatfiskalen_Jaemtlands_laen__1702__3-6edbb12a/0028_DSC_0406/r1l9,689.0,91.0,484.57,61,39,2,41,20,False,ok,0,0.23076923076923078
Svea_Hovraett_etc_export_job_4502445_845640_Svea_Hovraett_-_Advokatfiskalen_Jaemtlands_laen__1702__3-6edbb12a/0028_DSC_0406/r1l10,665.0,99.0,429.9,54,34,1,35,19,False,ok,0,0.20588235294117646
Svea_Hovraett_etc_export_job_4502445_845640_Svea_Hovraett_-_Advokatfiskalen_Jaemtlands_laen__1702__3-6edbb12a/0028_DSC_0406/r1l11,704.0,109.0,413.36,52,40,1,41,11,False,ok,0,0.25
Svea_Hovraett_etc_export_job_4502445_845640_Svea_Hovraett_-_Advokatfiskalen_Jaemtlands_laen__1702__3-6edbb12a/0028_DSC_0406/r1l12,597.0,92.0,415.3,52,29,1,30,22,False,ok,0,0.2413793103448276
Svea_Hovraett_etc_export_job_4502445_845640_Svea_Hovraett_-_Advokatfiskalen_Jaemtlands_laen__1702__3-6edbb12a/0028_DSC_0406/r1l13,693.0,83.0,534.36,67,36,1,37,30,False,ok,0,0.3333333333333333
Svea_Hovraett_etc_export_job_4502445_845640_Svea_Hovraett_-_Advokatfiskalen_Jaemtlands_laen__1702__3-6edbb12a/0028_DSC_0406/r1l14,724.0,90.0,514.84,65,42,2,44,21,False,ok,0,0.19047619047619047
Svea_Hovraett_etc_export_job_4502445_845640_Svea_Hovraett_-_Advokatfiskalen_Jaemtlands_laen__1702__3-6edbb12a/0028_DSC_0406/r1l15,713.0,103.0,443.03,56,34,1,35,21,False,ok,0,0.08823529411764706
Svea_Hovraett_etc_export_job_4502445_845640_Svea_Hovraett_-_Advokatfiskalen_Jaemtlands_laen__1702__3-6edbb12a/0028_DSC_0406/r1l16,694.0,101.0,439.76,55,41,2,43,12,False,ok,0,0.24390243902439024
Svea_Hovraett_etc_export_job_4502445_845640_Svea_Hovraett_-_Advokatfiskalen_Jaemtlands_laen__1702__3-6edbb12a/0028_DSC_0406/r1l17,609.0,93.0,419.1,53,32,3,35,18,False,ok,0,0.21875
Svea_Hovraett_etc_export_job_4502445_845640_Svea_Hovraett_-_Advokatfiskalen_Jaemtlands_laen__1702__3-6edbb12a/0028_DSC_0406/r1l18,719.0,100.0,460.16,58,40,1,41,17,False,ok,0,0.225
Svea_Hovraett_etc_export_job_4502445_845640_Svea_Hovraett_-_Advokatfiskalen_Jaemtlands_laen__1702__3-6edbb12a/0028_DSC_0406/r1l19,707.0,92.0,491.83,62,34,2,36,26,False,ok,0,0.11764705882352941
Svea_Hovraett_etc_export_job_4502445_845640_Svea_Hovraett_-_Advokatfiskalen_Jaemtlands_laen__1702__3-6edbb12a/0028_DSC_0406/r1l20,716.0,102.0,449.25,57,34,1,35,22,False,ok,0,0.17647058823529413
Svea_Hovraett_etc_export_job_4502445_845640_Svea_Hovraett_-_Advokatfiskalen_Jaemtlands_laen__1702__3-6edbb12a/0028_DSC_0406/line_1638780238612_742,732.0,108.0,433.78,55,37,1,38,17,False,ok,0,0.2702702702702703
Svea_Hovraett_etc_export_job_4502445_845640_Svea_Hovraett_-_Advokatfiskalen_Jaemtlands_laen__1702__3-6edbb12a/0028_DSC_0406/r1l23,99.0,68.0,93.18,12,4,0,4,8,False,ok,0,1.0
Svea_Hovraett_etc_export_job_4502445_845640_Svea_Hovraett_-_Advokatfiskalen_Jaemtlands_laen__1702__3-6edbb12a/0028_DSC_0406/line_1638780421838_793,63.0,71.0,56.79,8,6,0,6,2,False,empty,1,1.0
Svea_Hovraett_etc_export_job_4502445_845640_Svea_Hovraett_-_Advokatfiskalen_Jaemtlands_laen__1702__3-6edbb12a/0028_DSC_0406/r2l1,85.0,79.0,68.86,9,3,0,3,6,False,empty,1,1.0
Svea_Hovraett_etc_export_job_4502445_845640_Svea_Hovraett_-_Advokatfiskalen_Jaemtlands_laen__1702__3-6edbb12a/0028_DSC_0406/r2l2,625.0,138.0,289.86,37,35,1,36,1,False,ok,0,0.5142857142857142
Svea_Hovraett_etc_export_job_4502445_845640_Svea_Hovraett_-_Advokatfiskalen_Jaemtlands_laen__1702__3-6edbb12a/0028_DSC_0406/r2l3,651.0,172.0,242.23,31,38,2,40,-9,True,ok,0,0.8947368421052632
Svea_Hovraett_etc_export_job_4502445_845640_Svea_Hovraett_-_Advokatfiskalen_Jaemtlands_laen__1702__3-6edbb12a/0028_DSC_0406/r2l4,657.0,131.0,320.98,41,37,2,39,2,False,ok,0,0.7567567567567568
Svea_Hovraett_etc_export_job_4502445_845640_Svea_Hovraett_-_Advokatfiskalen_Jaemtlands_laen__1702__3-6edbb12a/0028_DSC_0406/r2l5,663.0,129.0,328.93,42,37,2,39,3,False,ok,0,0.8378378378378378
Svea_Hovraett_etc_export_job_4502445_845640_Svea_Hovraett_-_Advokatfiskalen_Jaemtlands_laen__1702__3-6edbb12a/0028_DSC_0406/r2l6,651.0,122.0,341.51,43,35,1,36,7,False,ok,0,0.6
Svea_Hovraett_etc_export_job_4502445_845640_Svea_Hovraett_-_Advokatfiskalen_Jaemtlands_laen__1702__3-6edbb12a/0028_DSC_0406/r2l7,658.0,125.0,336.9,43,37,2,39,4,False,ok,0,0.7027027027027027
Svea_Hovraett_etc_export_job_4502445_845640_Svea_Hovraett_-_Advokatfiskalen_Jaemtlands_laen__1702__3-6edbb12a/0028_DSC_0406/r2l8,675.0,127.0,340.16,43,37,0,37,6,False,ok,0,0.4594594594594595
Svea_Hovraett_etc_export_job_4502445_845640_Svea_Hovraett_-_Advokatfiskalen_Jaemtlands_laen__1702__3-6edbb12a/0028_DSC_0406/r2l9,674.0,115.0,375.1,47,36,0,36,11,False,ok,0,0.3888888888888889
Svea_Hovraett_etc_export_job_4502445_845640_Svea_Hovraett_-_Advokatfiskalen_Jaemtlands_laen__1702__3-6edbb12a/0028_DSC_0406/r2l10,671.0,131.0,327.82,41,34,2,36,5,False,ok,0,0.5588235294117647
Svea_Hovraett_etc_export_job_4502445_845640_Svea_Hovraett_-_Advokatfiskalen_Jaemtlands_laen__1702__3-6edbb12a/0028_DSC_0406/r2l11,705.0,98.0,460.41,58,36,0,36,22,False,ok,0,0.3055555555555556
Svea_Hovraett_etc_export_job_4502445_845640_Svea_Hovraett_-_Advokatfiskalen_Jaemtlands_laen__1702__3-6edbb12a/0028_DSC_0406/r2l12,692.0,92.0,481.39,61,35,1,36,25,False,ok,0,0.14285714285714285
Svea_Hovraett_etc_export_job_4502445_845640_Svea_Hovraett_-_Advokatfiskalen_Jaemtlands_laen__1702__3-6edbb12a/0028_DSC_0406/r2l13,679.0,106.0,409.96,52,31,1,32,20,False,ok,0,0.1935483870967742
Svea_Hovraett_etc_export_job_4502445_845640_Svea_Hovraett_-_Advokatfiskalen_Jaemtlands_laen__1702__3-6edbb12a/0028_DSC_0406/r2l14,455.0,118.0,246.78,31,21,1,22,9,False,ok,0,0.38095238095238093
Svea_Hovraett_etc_export_job_4502445_845640_Svea_Hovraett_-_Advokatfiskalen_Jaemtlands_laen__1702__3-6edbb12a/0028_DSC_0406/r2l15,671.0,107.0,401.35,51,30,0,30,21,False,ok,0,0.13333333333333333
Svea_Hovraett_etc_export_job_4502445_845640_Svea_Hovraett_-_Advokatfiskalen_Jaemtlands_laen__1702__3-6edbb12a/0028_DSC_0406/r2l16,723.0,117.0,395.49,50,34,1,35,15,False,ok,0,0.2647058823529412
Svea_Hovraett_etc_export_job_4502445_845640_Svea_Hovraett_-_Advokatfiskalen_Jaemtlands_laen__1702__3-6edbb12a/0028_DSC_0406/r2l17,704.0,116.0,388.41,49,35,2,37,12,False,ok,0,0.34285714285714286
Svea_Hovraett_etc_export_job_4502445_845640_Svea_Hovraett_-_Advokatfiskalen_Jaemtlands_laen__1702__3-6edbb12a/0028_DSC_0406/r2l18,704.0,96.0,469.33,59,34,2,36,23,False,ok,0,0.3235294117647059
Svea_Hovraett_etc_export_job_4502445_845640_Svea_Hovraett_-_Advokatfiskalen_Jaemtlands_laen__1702__3-6edbb12a/0028_DSC_0406/r2l19,705.0,101.0,446.73,56,36,2,38,18,False,ok,0,0.2777777777777778
Svea_Hovraett_etc_export_job_4502445_845640_Svea_Hovraett_-_Advokatfiskalen_Jaemtlands_laen__1702__3-6edbb12a/0028_DSC_0406/r2l20,726.0,116.0,400.55,51,35,2,37,14,False,ok,0,0.5142857142857142
Svea_Hovraett_etc_export_job_4502445_845640_Svea_Hovraett_-_Advokatfiskalen_Jaemtlands_laen__1702__3-6edbb12a/0028_DSC_0406/r2l21,694.0,117.0,379.62,48,30,2,32,16,False,ok,0,0.36666666666666664
Svea_Hovraett_etc_export_job_4502445_845640_Svea_Hovraett_-_Advokatfiskalen_Jaemtlands_laen__1702__3-6edbb12a/0028_DSC_0406/r2l22,131.0,76.0,110.32,14,5,0,5,9,False,ok,0,0.6
Svea_Hovraett_etc_export_job_4502445_845640_Svea_Hovraett_-_Advokatfiskalen_Jaemtlands_laen__1702__3-6edbb12a/0029_DSC_0407/r1l1,675.0,121.0,357.02,45,33,1,34,11,False,ok,0,0.3333333333333333
Svea_Hovraett_etc_export_job_4502445_845640_Svea_Hovraett_-_Advokatfiskalen_Jaemtlands_laen__1702__3-6edbb12a/0029_DSC_0407/r1l2,693.0,112.0,396.0,50,31,2,33,17,False,ok,0,0.5806451612903226
Svea_Hovraett_etc_export_job_4502445_845640_Svea_Hovraett_-_Advokatfiskalen_Jaemtlands_laen__1702__3-6edbb12a/0029_DSC_0407/r1l3,687.0,103.0,426.87,54,34,2,36,18,False,ok,0,0.4117647058823529
Svea_Hovraett_etc_export_job_4502445_845640_Svea_Hovraett_-_Advokatfiskalen_Jaemtlands_laen__1702__3-6edbb12a/0029_DSC_0407/r1l4,683.0,103.0,424.39,54,37,1,38,16,False,ok,0,0.40540540540540543
Svea_Hovraett_etc_export_job_4502445_845640_Svea_Hovraett_-_Advokatfiskalen_Jaemtlands_laen__1702__3-6edbb12a/0029_DSC_0407/r1l5,690.0,105.0,420.57,53,31,2,33,20,False,ok,0,0.45161290322580644
Svea_Hovraett_etc_export_job_4502445_845640_Svea_Hovraett_-_Advokatfiskalen_Jaemtlands_laen__1702__3-6edbb12a/0029_DSC_0407/r1l6,691.0,103.0,429.36,54,34,3,37,17,False,ok,0,0.20588235294117646
Svea_Hovraett_etc_export_job_4502445_845640_Svea_Hovraett_-_Advokatfiskalen_Jaemtlands_laen__1702__3-6edbb12a/0029_DSC_0407/r1l7,676.0,100.0,432.64,55,41,1,42,13,False,ok,0,0.36585365853658536
Svea_Hovraett_etc_export_job_4502445_845640_Svea_Hovraett_-_Advokatfiskalen_Jaemtlands_laen__1702__3-6edbb12a/0029_DSC_0407/r1l8,705.0,93.0,485.16,61,44,1,45,16,False,ok,0,0.38636363636363635
Svea_Hovraett_etc_export_job_4502445_845640_Svea_Hovraett_-_Advokatfiskalen_Jaemtlands_laen__1702__3-6edbb12a/0029_DSC_0407/r1l9,701.0,87.0,515.68,65,40,1,41,24,False,ok,0,0.225
Svea_Hovraett_etc_export_job_4502445_845640_Svea_Hovraett_-_Advokatfiskalen_Jaemtlands_laen__1702__3-6edbb12a/0029_DSC_0407/r1l10,703.0,91.0,494.42,62,42,2,44,18,False,ok,0,0.16666666666666666
Svea_Hovraett_etc_export_job_4502445_845640_Svea_Hovraett_-_Advokatfiskalen_Jaemtlands_laen__1702__3-6edbb12a/0029_DSC_0407/r1l11,714.0,81.0,564.15,71,38,1,39,32,False,ok,0,0.18421052631578946
Svea_Hovraett_etc_export_job_4502445_845640_Svea_Hovraett_-_Advokatfiskalen_Jaemtlands_laen__1702__3-6edbb12a/0029_DSC_0407/r1l12,709.0,82.0,553.37,70,50,2,52,18,False,ok,0,0.2
Svea_Hovraett_etc_export_job_4502445_845640_Svea_Hovraett_-_Advokatfiskalen_Jaemtlands_laen__1702__3-6edbb12a/0029_DSC_0407/r1l13,719.0,87.0,528.92,67,40,1,41,26,False,ok,0,0.225
Svea_Hovraett_etc_export_job_4502445_845640_Svea_Hovraett_-_Advokatfiskalen_Jaemtlands_laen__1702__3-6edbb12a/0029_DSC_0407/r1l14,722.0,98.0,471.51,59,43,2,45,14,False,ok,0,0.13953488372093023
Svea_Hovraett_etc_export_job_4502445_845640_Svea_Hovraett_-_Advokatfiskalen_Jaemtlands_laen__1702__3-6edbb12a/0029_DSC_0407/r1l15,730.0,88.0,530.91,67,40,0,40,27,False,ok,0,0.1
Svea_Hovraett_etc_export_job_4502445_845640_Svea_Hovraett_-_Advokatfiskalen_Jaemtlands_laen__1702__3-6edbb12a/0029_DSC_0407/r1l16,595.0,98.0,388.57,49,31,1,32,17,False,ok,0,0.03225806451612903
Svea_Hovraett_etc_export_job_4502445_845640_Svea_Hovraett_-_Advokatfiskalen_Jaemtlands_laen__1702__3-6edbb12a/0029_DSC_0407/line_1638780519423_841,813.0,112.0,464.57,59,45,3,48,11,False,ok,0,0.28888888888888886
Svea_Hovraett_etc_export_job_4502445_845640_Svea_Hovraett_-_Advokatfiskalen_Jaemtlands_laen__1702__3-6edbb12a/0029_DSC_0407/r1l19,674.0,90.0,479.29,60,33,1,34,26,False,ok,0,0.18181818181818182
Svea_Hovraett_etc_export_job_4502445_845640_Svea_Hovraett_-_Advokatfiskalen_Jaemtlands_laen__1702__3-6edbb12a/0029_DSC_0407/r1l20,788.0,106.0,475.77,60,35,0,35,25,False,ok,0,0.14285714285714285
Svea_Hovraett_etc_export_job_4502445_845640_Svea_Hovraett_-_Advokatfiskalen_Jaemtlands_laen__1702__3-6edbb12a/0029_DSC_0407/r1l21,718.0,73.0,629.48,79,34,1,35,44,False,ok,0,0.47058823529411764
Svea_Hovraett_etc_export_job_4502445_845640_Svea_Hovraett_-_Advokatfiskalen_Jaemtlands_laen__1702__3-6edbb12a/0029_DSC_0407/r1l22,736.0,101.0,466.38,59,37,1,38,21,False,ok,0,0.21621621621621623
Svea_Hovraett_etc_export_job_4502445_845640_Svea_Hovraett_-_Advokatfiskalen_Jaemtlands_laen__1702__3-6edbb12a/0029_DSC_0407/r1l23,32.0,41.0,49.95,7,3,0,3,4,False,empty,1,1.0
Svea_Hovraett_etc_export_job_4502445_845640_Svea_Hovraett_-_Advokatfiskalen_Jaemtlands_laen__1702__3-6edbb12a/0029_DSC_0407/r2l1,71.0,57.0,79.72,10,3,0,3,7,False,ok,0,0.3333333333333333
Svea_Hovraett_etc_export_job_4502445_845640_Svea_Hovraett_-_Advokatfiskalen_Jaemtlands_laen__1702__3-6edbb12a/0029_DSC_0407/r2l2,637.0,129.0,316.03,40,39,2,41,-1,True,ok,0,0.7692307692307693
Svea_Hovraett_etc_export_job_4502445_845640_Svea_Hovraett_-_Advokatfiskalen_Jaemtlands_laen__1702__3-6edbb12a/0029_DSC_0407/r2l3,658.0,117.0,359.93,45,35,1,36,9,False,ok,0,0.45714285714285713
Svea_Hovraett_etc_export_job_4502445_845640_Svea_Hovraett_-_Advokatfiskalen_Jaemtlands_laen__1702__3-6edbb12a/0029_DSC_0407/r2l4,655.0,113.0,370.97,47,37,2,39,8,False,ok,0,0.32432432432432434
Svea_Hovraett_etc_export_job_4502445_845640_Svea_Hovraett_-_Advokatfiskalen_Jaemtlands_laen__1702__3-6edbb12a/0029_DSC_0407/r2l5,664.0,114.0,372.77,47,38,1,39,8,False,ok,0,0.3684210526315789
Svea_Hovraett_etc_export_job_4502445_845640_Svea_Hovraett_-_Advokatfiskalen_Jaemtlands_laen__1702__3-6edbb12a/0029_DSC_0407/r2l6,163.0,116.0,89.93,12,9,0,9,3,False,ok,0,1.0
Svea_Hovraett_etc_export_job_4502445_845640_Svea_Hovraett_-_Advokatfiskalen_Jaemtlands_laen__1702__3-6edbb12a/0029_DSC_0407/r2l7,739.0,154.0,307.12,39,36,2,38,1,False,ok,0,0.5
Svea_Hovraett_etc_export_job_4502445_845640_Svea_Hovraett_-_Advokatfiskalen_Jaemtlands_laen__1702__3-6edbb12a/0029_DSC_0407/r2l8,655.0,102.0,410.98,52,45,2,47,5,False,ok,0,0.5333333333333333
Svea_Hovraett_etc_export_job_4502445_845640_Svea_Hovraett_-_Advokatfiskalen_Jaemtlands_laen__1702__3-6edbb12a/0029_DSC_0407/r2l9,637.0,111.0,367.28,46,36,0,36,10,False,ok,0,0.5
Svea_Hovraett_etc_export_job_4502445_845640_Svea_Hovraett_-_Advokatfiskalen_Jaemtlands_laen__1702__3-6edbb12a/0029_DSC_0407/r2l10,691.0,97.0,455.92,57,39,1,40,17,False,ok,0,0.20512820512820512
Svea_Hovraett_etc_export_job_4502445_845640_Svea_Hovraett_-_Advokatfiskalen_Jaemtlands_laen__1702__3-6edbb12a/0029_DSC_0407/r2l11,653.0,93.0,449.38,57,33,1,34,23,False,ok,0,0.42424242424242425
Svea_Hovraett_etc_export_job_4502445_845640_Svea_Hovraett_-_Advokatfiskalen_Jaemtlands_laen__1702__3-6edbb12a/0029_DSC_0407/r2l12,661.0,102.0,414.75,52,37,2,39,13,False,ok,0,0.13513513513513514
Svea_Hovraett_etc_export_job_4502445_845640_Svea_Hovraett_-_Advokatfiskalen_Jaemtlands_laen__1702__3-6edbb12a/0029_DSC_0407/r2l13,687.0,95.0,462.82,58,30,0,30,28,False,ok,0,0.3
Svea_Hovraett_etc_export_job_4502445_845640_Svea_Hovraett_-_Advokatfiskalen_Jaemtlands_laen__1702__3-6edbb12a/0029_DSC_0407/r2l14,683.0,86.0,508.28,64,39,0,39,25,False,ok,0,0.3333333333333333
Svea_Hovraett_etc_export_job_4502445_845640_Svea_Hovraett_-_Advokatfiskalen_Jaemtlands_laen__1702__3-6edbb12a/0029_DSC_0407/r2l15,677.0,97.0,446.68,56,36,2,38,18,False,ok,0,0.1388888888888889
Svea_Hovraett_etc_export_job_4502445_845640_Svea_Hovraett_-_Advokatfiskalen_Jaemtlands_laen__1702__3-6edbb12a/0029_DSC_0407/r2l16,692.0,94.0,471.15,59,35,0,35,24,False,ok,0,0.2571428571428571
Svea_Hovraett_etc_export_job_4502445_845640_Svea_Hovraett_-_Advokatfiskalen_Jaemtlands_laen__1702__3-6edbb12a/0029_DSC_0407/r2l17,700.0,99.0,452.53,57,40,2,42,15,False,ok,0,0.2
Svea_Hovraett_etc_export_job_4502445_845640_Svea_Hovraett_-_Advokatfiskalen_Jaemtlands_laen__1702__3-6edbb12a/0029_DSC_0407/r2l18,704.0,101.0,446.1,56,46,0,46,10,False,ok,0,0.3695652173913043
Svea_Hovraett_etc_export_job_4502445_845640_Svea_Hovraett_-_Advokatfiskalen_Jaemtlands_laen__1702__3-6edbb12a/0029_DSC_0407/r2l19,55.0,56.0,62.86,8,4,0,4,4,False,empty,1,1.0
Svea_Hovraett_etc_export_job_4502445_845640_Svea_Hovraett_-_Advokatfiskalen_Jaemtlands_laen__1702__3-6edbb12a/0029_DSC_0407/r2l20,773.0,138.0,358.49,45,43,1,44,1,False,ok,0,0.5581395348837209
Svea_Hovraett_etc_export_job_4502445_845640_Svea_Hovraett_-_Advokatfiskalen_Jaemtlands_laen__1702__3-6edbb12a/0029_DSC_0407/r2l21,686.0,109.0,402.79,51,30,0,30,21,False,ok,0,0.36666666666666664
Svea_Hovraett_etc_export_job_4502445_845640_Svea_Hovraett_-_Advokatfiskalen_Jaemtlands_laen__1702__3-6edbb12a/0029_DSC_0407/r2l22,128.0,95.0,86.23,11,4,1,5,6,False,ok,0,0.5
Svea_Hovraett_etc_export_job_4502445_845640_Svea_Hovraett_-_Advokatfiskalen_Jaemtlands_laen__1702__3-6edbb12a/0030_DSC_0408/r2l1,659.0,91.0,463.47,58,35,3,38,20,False,ok,0,0.2857142857142857
Svea_Hovraett_etc_export_job_4502445_845640_Svea_Hovraett_-_Advokatfiskalen_Jaemtlands_laen__1702__3-6edbb12a/0030_DSC_0408/r2l2,658.0,85.0,495.44,62,33,1,34,28,False,ok,0,0.3939393939393939
Svea_Hovraett_etc_export_job_4502445_845640_Svea_Hovraett_-_Advokatfiskalen_Jaemtlands_laen__1702__3-6edbb12a/0030_DSC_0408/r2l3,670.0,95.0,451.37,57,37,2,39,18,False,ok,0,0.35135135135135137
Svea_Hovraett_etc_export_job_4502445_845640_Svea_Hovraett_-_Advokatfiskalen_Jaemtlands_laen__1702__3-6edbb12a/0030_DSC_0408/r2l4,680.0,102.0,426.67,54,36,1,37,17,False,ok,0,0.2777777777777778
Svea_Hovraett_etc_export_job_4502445_845640_Svea_Hovraett_-_Advokatfiskalen_Jaemtlands_laen__1702__3-6edbb12a/0030_DSC_0408/r2l5,665.0,73.0,583.01,73,38,1,39,34,False,ok,0,0.3157894736842105
Svea_Hovraett_etc_export_job_4502445_845640_Svea_Hovraett_-_Advokatfiskalen_Jaemtlands_laen__1702__3-6edbb12a/0030_DSC_0408/r2l6,669.0,98.0,436.9,55,35,1,36,19,False,ok,0,0.17142857142857143
Svea_Hovraett_etc_export_job_4502445_845640_Svea_Hovraett_-_Advokatfiskalen_Jaemtlands_laen__1702__3-6edbb12a/0030_DSC_0408/r2l7,690.0,86.0,513.49,65,32,1,33,32,False,ok,0,0.0625
Svea_Hovraett_etc_export_job_4502445_845640_Svea_Hovraett_-_Advokatfiskalen_Jaemtlands_laen__1702__3-6edbb12a/0030_DSC_0408/r2l8,683.0,90.0,485.69,61,29,2,31,30,False,ok,0,0.13793103448275862
Svea_Hovraett_etc_export_job_4502445_845640_Svea_Hovraett_-_Advokatfiskalen_Jaemtlands_laen__1702__3-6edbb12a/0030_DSC_0408/r2l9,689.0,85.0,518.78,65,38,2,40,25,False,ok,0,0.21052631578947367
Svea_Hovraett_etc_export_job_4502445_845640_Svea_Hovraett_-_Advokatfiskalen_Jaemtlands_laen__1702__3-6edbb12a/0030_DSC_0408/r2l10,667.0,84.0,508.19,64,32,0,32,32,False,ok,0,0.28125
Svea_Hovraett_etc_export_job_4502445_845640_Svea_Hovraett_-_Advokatfiskalen_Jaemtlands_laen__1702__3-6edbb12a/0030_DSC_0408/r2l11,694.0,77.0,576.83,73,36,3,39,34,False,ok,0,0.3333333333333333
Svea_Hovraett_etc_export_job_4502445_845640_Svea_Hovraett_-_Advokatfiskalen_Jaemtlands_laen__1702__3-6edbb12a/0030_DSC_0408/r2l12,686.0,93.0,472.09,60,31,1,32,28,False,ok,0,0.16129032258064516
Svea_Hovraett_etc_export_job_4502445_845640_Svea_Hovraett_-_Advokatfiskalen_Jaemtlands_laen__1702__3-6edbb12a/0030_DSC_0408/r2l13,710.0,81.0,560.99,71,37,2,39,32,False,ok,0,0.1891891891891892
Svea_Hovraett_etc_export_job_4502445_845640_Svea_Hovraett_-_Advokatfiskalen_Jaemtlands_laen__1702__3-6edbb12a/0030_DSC_0408/r2l14,695.0,97.0,458.56,58,33,1,34,24,False,ok,0,0.06060606060606061
Svea_Hovraett_etc_export_job_4502445_845640_Svea_Hovraett_-_Advokatfiskalen_Jaemtlands_laen__1702__3-6edbb12a/0030_DSC_0408/r2l15,706.0,92.0,491.13,62,35,2,37,25,False,ok,0,0.2
Svea_Hovraett_etc_export_job_4502445_845640_Svea_Hovraett_-_Advokatfiskalen_Jaemtlands_laen__1702__3-6edbb12a/0030_DSC_0408/r2l16,685.0,78.0,562.05,71,35,5,40,31,False,ok,0,0.05714285714285714
Svea_Hovraett_etc_export_job_4502445_845640_Svea_Hovraett_-_Advokatfiskalen_Jaemtlands_laen__1702__3-6edbb12a/0030_DSC_0408/r2l17,689.0,93.0,474.15,60,37,3,40,20,False,ok,0,0.10810810810810811
Svea_Hovraett_etc_export_job_4502445_845640_Svea_Hovraett_-_Advokatfiskalen_Jaemtlands_laen__1702__3-6edbb12a/0030_DSC_0408/r2l18,688.0,101.0,435.96,55,37,1,38,17,False,ok,0,0.21621621621621623
Svea_Hovraett_etc_export_job_4502445_845640_Svea_Hovraett_-_Advokatfiskalen_Jaemtlands_laen__1702__3-6edbb12a/0030_DSC_0408/r2l19,715.0,93.0,492.04,62,41,0,41,21,False,ok,0,0.1951219512195122
Svea_Hovraett_etc_export_job_4502445_845640_Svea_Hovraett_-_Advokatfiskalen_Jaemtlands_laen__1702__3-6edbb12a/0030_DSC_0408/r2l21,712.0,80.0,569.6,72,36,2,38,34,False,ok,0,0.9166666666666666
Svea_Hovraett_etc_export_job_4502445_845640_Svea_Hovraett_-_Advokatfiskalen_Jaemtlands_laen__1702__3-6edbb12a/0030_DSC_0408/r2l20,729.0,101.0,461.94,58,31,3,34,24,False,ok,0,1.0
Svea_Hovraett_etc_export_job_4502445_845640_Svea_Hovraett_-_Advokatfiskalen_Jaemtlands_laen__1702__3-6edbb12a/0030_DSC_0408/r2l22,64.0,65.0,63.02,8,3,0,3,5,False,ok,0,1.0
Svea_Hovraett_etc_export_job_4502445_845640_Svea_Hovraett_-_Advokatfiskalen_Jaemtlands_laen__1702__3-6edbb12a/0030_DSC_0408/r3l1,63.0,59.0,68.34,9,3,0,3,6,False,ok,0,0.6666666666666666
Svea_Hovraett_etc_export_job_4502445_845640_Svea_Hovraett_-_Advokatfiskalen_Jaemtlands_laen__1702__3-6edbb12a/0030_DSC_0408/r3l2,635.0,147.0,276.46,35,36,0,36,-1,True,ok,0,0.8055555555555556
Svea_Hovraett_etc_export_job_4502445_845640_Svea_Hovraett_-_Advokatfiskalen_Jaemtlands_laen__1702__3-6edbb12a/0030_DSC_0408/r3l3,648.0,124.0,334.45,42,35,2,37,5,False,ok,0,0.8
Svea_Hovraett_etc_export_job_4502445_845640_Svea_Hovraett_-_Advokatfiskalen_Jaemtlands_laen__1702__3-6edbb12a/0030_DSC_0408/r3l4,654.0,114.0,367.16,46,38,1,39,7,False,ok,0,0.6842105263157895
Svea_Hovraett_etc_export_job_4502445_845640_Svea_Hovraett_-_Advokatfiskalen_Jaemtlands_laen__1702__3-6edbb12a/0030_DSC_0408/r3l5,616.0,102.0,386.51,49,40,1,41,8,False,ok,0,0.525
Svea_Hovraett_etc_export_job_4502445_845640_Svea_Hovraett_-_Advokatfiskalen_Jaemtlands_laen__1702__3-6edbb12a/0030_DSC_0408/r3l6,648.0,101.0,410.61,52,35,2,37,15,False,ok,0,0.3142857142857143
Svea_Hovraett_etc_export_job_4502445_845640_Svea_Hovraett_-_Advokatfiskalen_Jaemtlands_laen__1702__3-6edbb12a/0030_DSC_0408/r3l7,667.0,119.0,358.72,45,41,1,42,3,False,ok,0,0.6097560975609756
Svea_Hovraett_etc_export_job_4502445_845640_Svea_Hovraett_-_Advokatfiskalen_Jaemtlands_laen__1702__3-6edbb12a/0030_DSC_0408/r3l8,664.0,107.0,397.16,50,49,2,51,-1,True,ok,0,0.5306122448979592
Svea_Hovraett_etc_export_job_4502445_845640_Svea_Hovraett_-_Advokatfiskalen_Jaemtlands_laen__1702__3-6edbb12a/0030_DSC_0408/r3l9,649.0,102.0,407.22,51,36,1,37,14,False,ok,0,0.3611111111111111
Svea_Hovraett_etc_export_job_4502445_845640_Svea_Hovraett_-_Advokatfiskalen_Jaemtlands_laen__1702__3-6edbb12a/0030_DSC_0408/r3l10,645.0,110.0,375.27,47,41,0,41,6,False,ok,0,0.3902439024390244
Svea_Hovraett_etc_export_job_4502445_845640_Svea_Hovraett_-_Advokatfiskalen_Jaemtlands_laen__1702__3-6edbb12a/0030_DSC_0408/r3l11,661.0,79.0,535.49,67,37,1,38,29,False,ok,0,0.24324324324324326
Svea_Hovraett_etc_export_job_4502445_845640_Svea_Hovraett_-_Advokatfiskalen_Jaemtlands_laen__1702__3-6edbb12a/0030_DSC_0408/r3l12,664.0,95.0,447.33,56,36,1,37,19,False,ok,0,0.2222222222222222
Svea_Hovraett_etc_export_job_4502445_845640_Svea_Hovraett_-_Advokatfiskalen_Jaemtlands_laen__1702__3-6edbb12a/0030_DSC_0408/r3l13,689.0,88.0,501.09,63,38,0,38,25,False,ok,0,0.15789473684210525
Svea_Hovraett_etc_export_job_4502445_845640_Svea_Hovraett_-_Advokatfiskalen_Jaemtlands_laen__1702__3-6edbb12a/0030_DSC_0408/r3l14,673.0,86.0,500.84,63,32,1,33,30,False,ok,0,0.1875
Svea_Hovraett_etc_export_job_4502445_845640_Svea_Hovraett_-_Advokatfiskalen_Jaemtlands_laen__1702__3-6edbb12a/0030_DSC_0408/r3l15,686.0,110.0,399.13,50,42,0,42,8,False,ok,0,0.5952380952380952
Svea_Hovraett_etc_export_job_4502445_845640_Svea_Hovraett_-_Advokatfiskalen_Jaemtlands_laen__1702__3-6edbb12a/0030_DSC_0408/r3l16,680.0,96.0,453.33,57,38,2,40,17,False,ok,0,0.3684210526315789
Svea_Hovraett_etc_export_job_4502445_845640_Svea_Hovraett_-_Advokatfiskalen_Jaemtlands_laen__1702__3-6edbb12a/0030_DSC_0408/r3l17,674.0,93.0,463.83,58,38,1,39,19,False,ok,0,0.2631578947368421
Svea_Hovraett_etc_export_job_4502445_845640_Svea_Hovraett_-_Advokatfiskalen_Jaemtlands_laen__1702__3-6edbb12a/0030_DSC_0408/r3l18,667.0,97.0,440.08,56,35,2,37,19,False,ok,0,0.3142857142857143
Svea_Hovraett_etc_export_job_4502445_845640_Svea_Hovraett_-_Advokatfiskalen_Jaemtlands_laen__1702__3-6edbb12a/0030_DSC_0408/r3l19,662.0,103.0,411.34,52,33,2,35,17,False,ok,0,0.36363636363636365
Svea_Hovraett_etc_export_job_4502445_845640_Svea_Hovraett_-_Advokatfiskalen_Jaemtlands_laen__1702__3-6edbb12a/0030_DSC_0408/r3l20,118.0,87.0,86.8,11,8,0,8,3,False,ok,0,0.75
Svea_Hovraett_etc_export_job_4502445_845640_Svea_Hovraett_-_Advokatfiskalen_Jaemtlands_laen__1702__3-6edbb12a/0030_DSC_0408/r3l21,683.0,120.0,364.27,46,36,0,36,10,False,ok,0,0.4166666666666667
Svea_Hovraett_etc_export_job_4502445_845640_Svea_Hovraett_-_Advokatfiskalen_Jaemtlands_laen__1702__3-6edbb12a/0030_DSC_0408/r3l22,706.0,112.0,403.43,51,32,1,33,18,False,ok,0,0.21875
Svea_Hovraett_etc_export_job_4502445_845640_Svea_Hovraett_-_Advokatfiskalen_Jaemtlands_laen__1702__3-6edbb12a/0030_DSC_0408/r3l23,129.0,96.0,86.0,11,7,0,7,4,False,ok,0,0.42857142857142855
Svea_Hovraett_etc_export_job_4502445_845640_Svea_Hovraett_-_Advokatfiskalen_Jaemtlands_laen__1702__3-6edbb12a/0031_DSC_0410/r1l3,634.0,95.0,427.12,54,35,1,36,18,False,ok,0,0.17142857142857143
Svea_Hovraett_etc_export_job_4502445_845640_Svea_Hovraett_-_Advokatfiskalen_Jaemtlands_laen__1702__3-6edbb12a/0031_DSC_0410/r1l5,643.0,81.0,508.05,64,30,1,31,33,False,ok,0,0.1
Svea_Hovraett_etc_export_job_4502445_845640_Svea_Hovraett_-_Advokatfiskalen_Jaemtlands_laen__1702__3-6edbb12a/0031_DSC_0410/r1l6,656.0,86.0,488.19,62,38,2,40,22,False,ok,0,0.34210526315789475
Svea_Hovraett_etc_export_job_4502445_845640_Svea_Hovraett_-_Advokatfiskalen_Jaemtlands_laen__1702__3-6edbb12a/0031_DSC_0410/r1l8,632.0,89.0,454.47,57,36,1,37,20,False,ok,0,0.25
Svea_Hovraett_etc_export_job_4502445_845640_Svea_Hovraett_-_Advokatfiskalen_Jaemtlands_laen__1702__3-6edbb12a/0031_DSC_0410/r1l10,670.0,94.0,456.17,58,38,0,38,20,False,ok,0,0.2631578947368421
Svea_Hovraett_etc_export_job_4502445_845640_Svea_Hovraett_-_Advokatfiskalen_Jaemtlands_laen__1702__3-6edbb12a/0031_DSC_0410/r1l11,695.0,88.0,505.45,64,33,1,34,30,False,ok,0,0.12121212121212122
Svea_Hovraett_etc_export_job_4502445_845640_Svea_Hovraett_-_Advokatfiskalen_Jaemtlands_laen__1702__3-6edbb12a/0031_DSC_0410/r1l13,669.0,91.0,470.51,59,31,2,33,26,False,ok,0,0.1935483870967742
Svea_Hovraett_etc_export_job_4502445_845640_Svea_Hovraett_-_Advokatfiskalen_Jaemtlands_laen__1702__3-6edbb12a/0031_DSC_0410/r1l15,664.0,97.0,438.1,55,43,1,44,11,False,ok,0,0.4418604651162791
Svea_Hovraett_etc_export_job_4502445_845640_Svea_Hovraett_-_Advokatfiskalen_Jaemtlands_laen__1702__3-6edbb12a/0031_DSC_0410/r1l17,664.0,97.0,438.1,55,33,1,34,21,False,ok,0,0.06060606060606061
Svea_Hovraett_etc_export_job_4502445_845640_Svea_Hovraett_-_Advokatfiskalen_Jaemtlands_laen__1702__3-6edbb12a/0031_DSC_0410/r1l19,690.0,94.0,469.79,59,34,2,36,23,False,ok,0,0.08823529411764706
Svea_Hovraett_etc_export_job_4502445_845640_Svea_Hovraett_-_Advokatfiskalen_Jaemtlands_laen__1702__3-6edbb12a/0031_DSC_0410/line_1638781339920_1009,703.0,93.0,483.78,61,33,0,33,28,False,ok,0,0.15151515151515152
Svea_Hovraett_etc_export_job_4502445_845640_Svea_Hovraett_-_Advokatfiskalen_Jaemtlands_laen__1702__3-6edbb12a/0031_DSC_0410/r1l23,686.0,96.0,457.33,58,31,2,33,25,False,ok,0,0.12903225806451613
Svea_Hovraett_etc_export_job_4502445_845640_Svea_Hovraett_-_Advokatfiskalen_Jaemtlands_laen__1702__3-6edbb12a/0031_DSC_0410/line_1638781339935_1017,706.0,62.0,728.77,92,36,2,38,54,False,ok,0,0.08333333333333333
Svea_Hovraett_etc_export_job_4502445_845640_Svea_Hovraett_-_Advokatfiskalen_Jaemtlands_laen__1702__3-6edbb12a/0031_DSC_0410/line_1638781339935_1021,717.0,113.0,406.09,51,28,0,28,23,False,ok,0,0.17857142857142858
Svea_Hovraett_etc_export_job_4502445_845640_Svea_Hovraett_-_Advokatfiskalen_Jaemtlands_laen__1702__3-6edbb12a/0031_DSC_0410/r1l25,688.0,98.0,449.31,57,34,2,36,21,False,ok,0,0.23529411764705882
Svea_Hovraett_etc_export_job_4502445_845640_Svea_Hovraett_-_Advokatfiskalen_Jaemtlands_laen__1702__3-6edbb12a/0031_DSC_0410/r1l27,702.0,101.0,444.83,56,42,3,45,11,False,ok,0,0.2619047619047619
Svea_Hovraett_etc_export_job_4502445_845640_Svea_Hovraett_-_Advokatfiskalen_Jaemtlands_laen__1702__3-6edbb12a/0031_DSC_0410/r1l29,674.0,96.0,449.33,57,30,1,31,26,False,ok,0,0.13333333333333333
Svea_Hovraett_etc_export_job_4502445_845640_Svea_Hovraett_-_Advokatfiskalen_Jaemtlands_laen__1702__3-6edbb12a/0031_DSC_0410/line_1638781339935_1015,705.0,83.0,543.61,68,34,1,35,33,False,ok,0,0.11764705882352941
Svea_Hovraett_etc_export_job_4502445_845640_Svea_Hovraett_-_Advokatfiskalen_Jaemtlands_laen__1702__3-6edbb12a/0031_DSC_0410/line_1638781339935_1019,705.0,67.0,673.43,85,59,1,60,25,False,ok,0,0.5423728813559322
Svea_Hovraett_etc_export_job_4502445_845640_Svea_Hovraett_-_Advokatfiskalen_Jaemtlands_laen__1702__3-6edbb12a/0031_DSC_0410/line_1638781339935_1023,716.0,88.0,520.73,66,42,2,44,22,False,ok,0,0.14285714285714285
Svea_Hovraett_etc_export_job_4502445_845640_Svea_Hovraett_-_Advokatfiskalen_Jaemtlands_laen__1702__3-6edbb12a/0031_DSC_0410/r1l35,725.0,88.0,527.27,66,36,3,39,27,False,ok,0,0.16666666666666666
Svea_Hovraett_etc_export_job_4502445_845640_Svea_Hovraett_-_Advokatfiskalen_Jaemtlands_laen__1702__3-6edbb12a/0031_DSC_0410/r1l37,82.0,68.0,77.18,10,3,0,3,7,False,ok,0,1.0
Svea_Hovraett_etc_export_job_4502445_845640_Svea_Hovraett_-_Advokatfiskalen_Jaemtlands_laen__1702__3-6edbb12a/0031_DSC_0410/r2l1,66.0,52.0,81.23,11,4,0,4,7,False,ok,0,1.0
Svea_Hovraett_etc_export_job_4502445_845640_Svea_Hovraett_-_Advokatfiskalen_Jaemtlands_laen__1702__3-6edbb12a/0031_DSC_0410/r1l1,630.0,155.0,260.13,33,36,1,37,-4,True,ok,0,0.8055555555555556
Svea_Hovraett_etc_export_job_4502445_845640_Svea_Hovraett_-_Advokatfiskalen_Jaemtlands_laen__1702__3-6edbb12a/0031_DSC_0410/r1l2,632.0,117.0,345.71,44,33,0,33,11,False,ok,0,0.42424242424242425
Svea_Hovraett_etc_export_job_4502445_845640_Svea_Hovraett_-_Advokatfiskalen_Jaemtlands_laen__1702__3-6edbb12a/0031_DSC_0410/r1l4,645.0,135.0,305.78,39,37,0,37,2,False,ok,0,0.7837837837837838
Svea_Hovraett_etc_export_job_4502445_845640_Svea_Hovraett_-_Advokatfiskalen_Jaemtlands_laen__1702__3-6edbb12a/0031_DSC_0410/line_1638781339920_1006,641.0,111.0,369.59,47,35,3,38,9,False,ok,0,0.45714285714285713
Svea_Hovraett_etc_export_job_4502445_845640_Svea_Hovraett_-_Advokatfiskalen_Jaemtlands_laen__1702__3-6edbb12a/0031_DSC_0410/r1l9,663.0,119.0,356.57,45,34,0,34,11,False,ok,0,0.20588235294117646
Svea_Hovraett_etc_export_job_4502445_845640_Svea_Hovraett_-_Advokatfiskalen_Jaemtlands_laen__1702__3-6edbb12a/0031_DSC_0410/r1l12,644.0,144.0,286.22,36,34,2,36,0,False,ok,0,0.5294117647058824
Svea_Hovraett_etc_export_job_4502445_845640_Svea_Hovraett_-_Advokatfiskalen_Jaemtlands_laen__1702__3-6edbb12a/0031_DSC_0410/r1l14,654.0,99.0,422.79,53,33,2,35,18,False,ok,0,0.36363636363636365
Svea_Hovraett_etc_export_job_4502445_845640_Svea_Hovraett_-_Advokatfiskalen_Jaemtlands_laen__1702__3-6edbb12a/0031_DSC_0410/r1l16,651.0,114.0,365.47,46,34,1,35,11,False,ok,0,0.3235294117647059
Svea_Hovraett_etc_export_job_4502445_845640_Svea_Hovraett_-_Advokatfiskalen_Jaemtlands_laen__1702__3-6edbb12a/0031_DSC_0410/r1l18,668.0,117.0,365.4,46,31,0,31,15,False,ok,0,0.22580645161290322
Svea_Hovraett_etc_export_job_4502445_845640_Svea_Hovraett_-_Advokatfiskalen_Jaemtlands_laen__1702__3-6edbb12a/0031_DSC_0410/r1l20,679.0,87.0,499.49,63,35,3,38,25,False,ok,0,0.22857142857142856
Svea_Hovraett_etc_export_job_4502445_845640_Svea_Hovraett_-_Advokatfiskalen_Jaemtlands_laen__1702__3-6edbb12a/0031_DSC_0410/r1l22,696.0,96.0,464.0,58,28,1,29,29,False,ok,0,0.35714285714285715
Svea_Hovraett_etc_export_job_4502445_845640_Svea_Hovraett_-_Advokatfiskalen_Jaemtlands_laen__1702__3-6edbb12a/0031_DSC_0410/line_1638781339935_1010,680.0,106.0,410.57,52,35,1,36,16,False,ok,0,0.2571428571428571
Svea_Hovraett_etc_export_job_4502445_845640_Svea_Hovraett_-_Advokatfiskalen_Jaemtlands_laen__1702__3-6edbb12a/0031_DSC_0410/r1l26,663.0,102.0,416.0,52,31,1,32,20,False,ok,0,0.2903225806451613
Svea_Hovraett_etc_export_job_4502445_845640_Svea_Hovraett_-_Advokatfiskalen_Jaemtlands_laen__1702__3-6edbb12a/0031_DSC_0410/line_1638781339935_1012,659.0,98.0,430.37,54,28,1,29,25,False,ok,0,0.14285714285714285
Svea_Hovraett_etc_export_job_4502445_845640_Svea_Hovraett_-_Advokatfiskalen_Jaemtlands_laen__1702__3-6edbb12a/0031_DSC_0410/line_1638781339935_1014,663.0,89.0,476.76,60,30,1,31,29,False,ok,0,0.16666666666666666
Svea_Hovraett_etc_export_job_4502445_845640_Svea_Hovraett_-_Advokatfiskalen_Jaemtlands_laen__1702__3-6edbb12a/0031_DSC_0410/line_1638781339935_1016,677.0,72.0,601.78,76,32,1,33,43,False,ok,0,0.15625
Svea_Hovraett_etc_export_job_4502445_845640_Svea_Hovraett_-_Advokatfiskalen_Jaemtlands_laen__1702__3-6edbb12a/0031_DSC_0410/line_1638781339935_1018,686.0,69.0,636.29,80,31,1,32,48,False,ok,0,0.22580645161290322
Svea_Hovraett_etc_export_job_4502445_845640_Svea_Hovraett_-_Advokatfiskalen_Jaemtlands_laen__1702__3-6edbb12a/0031_DSC_0410/line_1638781339935_1020,681.0,105.0,415.09,52,37,0,37,15,False,ok,0,0.5135135135135135
Svea_Hovraett_etc_export_job_4502445_845640_Svea_Hovraett_-_Advokatfiskalen_Jaemtlands_laen__1702__3-6edbb12a/0031_DSC_0410/line_1638781339935_1022,693.0,121.0,366.55,46,32,0,32,14,False,ok,0,0.5
Svea_Hovraett_etc_export_job_4502445_845640_Svea_Hovraett_-_Advokatfiskalen_Jaemtlands_laen__1702__3-6edbb12a/0031_DSC_0410/r1l36,690.0,109.0,405.14,51,31,1,32,19,False,ok,0,0.2903225806451613
Svea_Hovraett_etc_export_job_4502445_845640_Svea_Hovraett_-_Advokatfiskalen_Jaemtlands_laen__1702__3-6edbb12a/0031_DSC_0410/r1l38,99.0,69.0,91.83,12,5,0,5,7,False,empty,1,1.0
Svea_Hovraett_etc_export_job_4502445_845640_Svea_Hovraett_-_Advokatfiskalen_Jaemtlands_laen__1702__3-6edbb12a/0032_DSC_0411/r2l1,671.0,100.0,429.44,54,47,2,49,5,False,ok,0,0.425531914893617
Svea_Hovraett_etc_export_job_4502445_845640_Svea_Hovraett_-_Advokatfiskalen_Jaemtlands_laen__1702__3-6edbb12a/0032_DSC_0411/r2l2,668.0,86.0,497.12,63,42,2,44,19,False,ok,0,0.2619047619047619
Svea_Hovraett_etc_export_job_4502445_845640_Svea_Hovraett_-_Advokatfiskalen_Jaemtlands_laen__1702__3-6edbb12a/0032_DSC_0411/r2l3,669.0,96.0,446.0,56,41,3,44,12,False,ok,0,0.21951219512195122
Svea_Hovraett_etc_export_job_4502445_845640_Svea_Hovraett_-_Advokatfiskalen_Jaemtlands_laen__1702__3-6edbb12a/0032_DSC_0411/r2l4,681.0,95.0,458.78,58,40,2,42,16,False,ok,0,0.35
Svea_Hovraett_etc_export_job_4502445_845640_Svea_Hovraett_-_Advokatfiskalen_Jaemtlands_laen__1702__3-6edbb12a/0032_DSC_0411/r2l5,682.0,84.0,519.62,65,35,0,35,30,False,ok,0,0.3142857142857143
Svea_Hovraett_etc_export_job_4502445_845640_Svea_Hovraett_-_Advokatfiskalen_Jaemtlands_laen__1702__3-6edbb12a/0032_DSC_0411/r2l6,679.0,103.0,421.9,53,42,4,46,7,False,ok,0,0.2619047619047619
Svea_Hovraett_etc_export_job_4502445_845640_Svea_Hovraett_-_Advokatfiskalen_Jaemtlands_laen__1702__3-6edbb12a/0032_DSC_0411/r2l7,673.0,86.0,500.84,63,38,2,40,23,False,ok,0,0.21052631578947367
Svea_Hovraett_etc_export_job_4502445_845640_Svea_Hovraett_-_Advokatfiskalen_Jaemtlands_laen__1702__3-6edbb12a/0032_DSC_0411/r2l8,694.0,93.0,477.59,60,36,0,36,24,False,ok,0,0.1111111111111111
Svea_Hovraett_etc_export_job_4502445_845640_Svea_Hovraett_-_Advokatfiskalen_Jaemtlands_laen__1702__3-6edbb12a/0032_DSC_0411/r2l9,691.0,92.0,480.7,61,41,4,45,16,False,ok,0,0.24390243902439024
Svea_Hovraett_etc_export_job_4502445_845640_Svea_Hovraett_-_Advokatfiskalen_Jaemtlands_laen__1702__3-6edbb12a/0032_DSC_0411/r2l10,691.0,92.0,480.7,61,37,0,37,24,False,ok,0,0.2702702702702703
Svea_Hovraett_etc_export_job_4502445_845640_Svea_Hovraett_-_Advokatfiskalen_Jaemtlands_laen__1702__3-6edbb12a/0032_DSC_0411/r2l11,693.0,79.0,561.42,71,41,1,42,29,False,ok,0,0.1951219512195122
Svea_Hovraett_etc_export_job_4502445_845640_Svea_Hovraett_-_Advokatfiskalen_Jaemtlands_laen__1702__3-6edbb12a/0032_DSC_0411/r2l12,693.0,92.0,482.09,61,35,1,36,25,False,ok,0,0.08571428571428572
Svea_Hovraett_etc_export_job_4502445_845640_Svea_Hovraett_-_Advokatfiskalen_Jaemtlands_laen__1702__3-6edbb12a/0032_DSC_0411/r2l13,696.0,95.0,468.88,59,31,0,31,28,False,ok,0,0.16129032258064516
Svea_Hovraett_etc_export_job_4502445_845640_Svea_Hovraett_-_Advokatfiskalen_Jaemtlands_laen__1702__3-6edbb12a/0032_DSC_0411/r2l14,711.0,106.0,429.28,54,36,1,37,17,False,ok,0,0.2222222222222222
Svea_Hovraett_etc_export_job_4502445_845640_Svea_Hovraett_-_Advokatfiskalen_Jaemtlands_laen__1702__3-6edbb12a/0032_DSC_0411/r2l15,717.0,90.0,509.87,64,36,0,36,28,False,ok,0,0.05555555555555555
Svea_Hovraett_etc_export_job_4502445_845640_Svea_Hovraett_-_Advokatfiskalen_Jaemtlands_laen__1702__3-6edbb12a/0032_DSC_0411/r2l16,647.0,94.0,440.51,56,29,1,30,26,False,ok,0,0.13793103448275862
Svea_Hovraett_etc_export_job_4502445_845640_Svea_Hovraett_-_Advokatfiskalen_Jaemtlands_laen__1702__3-6edbb12a/0032_DSC_0411/r2l17,715.0,119.0,384.54,49,35,0,35,14,False,ok,0,0.17142857142857143
Svea_Hovraett_etc_export_job_4502445_845640_Svea_Hovraett_-_Advokatfiskalen_Jaemtlands_laen__1702__3-6edbb12a/0032_DSC_0411/r2l18,729.0,105.0,444.34,56,39,3,42,14,False,ok,0,0.4358974358974359
Svea_Hovraett_etc_export_job_4502445_845640_Svea_Hovraett_-_Advokatfiskalen_Jaemtlands_laen__1702__3-6edbb12a/0032_DSC_0411/r2l19,716.0,117.0,391.66,49,42,1,43,6,False,ok,0,0.21428571428571427
Svea_Hovraett_etc_export_job_4502445_845640_Svea_Hovraett_-_Advokatfiskalen_Jaemtlands_laen__1702__3-6edbb12a/0032_DSC_0411/r2l20,648.0,111.0,373.62,47,30,0,30,17,False,ok,0,0.43333333333333335
Svea_Hovraett_etc_export_job_4502445_845640_Svea_Hovraett_-_Advokatfiskalen_Jaemtlands_laen__1702__3-6edbb12a/0032_DSC_0411/r3l2,654.0,130.0,321.97,41,40,2,42,-1,True,ok,0,0.725
Svea_Hovraett_etc_export_job_4502445_845640_Svea_Hovraett_-_Advokatfiskalen_Jaemtlands_laen__1702__3-6edbb12a/0032_DSC_0411/r3l4,655.0,122.0,343.61,43,40,1,41,2,False,ok,0,0.75
Svea_Hovraett_etc_export_job_4502445_845640_Svea_Hovraett_-_Advokatfiskalen_Jaemtlands_laen__1702__3-6edbb12a/0032_DSC_0411/r3l5,658.0,116.0,363.03,46,36,1,37,9,False,ok,0,0.7222222222222222
Svea_Hovraett_etc_export_job_4502445_845640_Svea_Hovraett_-_Advokatfiskalen_Jaemtlands_laen__1702__3-6edbb12a/0032_DSC_0411/r3l6,675.0,96.0,450.0,57,47,2,49,8,False,ok,0,0.40425531914893614
Svea_Hovraett_etc_export_job_4502445_845640_Svea_Hovraett_-_Advokatfiskalen_Jaemtlands_laen__1702__3-6edbb12a/0032_DSC_0411/r3l7,670.0,102.0,420.39,53,36,2,38,15,False,ok,0,0.16666666666666666
Svea_Hovraett_etc_export_job_4502445_845640_Svea_Hovraett_-_Advokatfiskalen_Jaemtlands_laen__1702__3-6edbb12a/0032_DSC_0411/r3l8,252.0,106.0,152.15,20,15,0,15,5,False,ok,0,0.5333333333333333
Svea_Hovraett_etc_export_job_4502445_845640_Svea_Hovraett_-_Advokatfiskalen_Jaemtlands_laen__1702__3-6edbb12a/0032_DSC_0411/r3l9,743.0,136.0,349.65,44,47,1,48,-4,True,ok,0,0.6595744680851063
Svea_Hovraett_etc_export_job_4502445_845640_Svea_Hovraett_-_Advokatfiskalen_Jaemtlands_laen__1702__3-6edbb12a/0032_DSC_0411/r3l10,698.0,89.0,501.93,63,42,0,42,21,False,ok,0,0.30952380952380953
Svea_Hovraett_etc_export_job_4502445_845640_Svea_Hovraett_-_Advokatfiskalen_Jaemtlands_laen__1702__3-6edbb12a/0032_DSC_0411/r3l11,696.0,102.0,436.71,55,39,1,40,15,False,ok,0,0.4358974358974359
Svea_Hovraett_etc_export_job_4502445_845640_Svea_Hovraett_-_Advokatfiskalen_Jaemtlands_laen__1702__3-6edbb12a/0032_DSC_0411/r3l12,675.0,100.0,432.0,54,37,1,38,16,False,ok,0,0.21621621621621623
Svea_Hovraett_etc_export_job_4502445_845640_Svea_Hovraett_-_Advokatfiskalen_Jaemtlands_laen__1702__3-6edbb12a/0032_DSC_0411/r3l13,687.0,101.0,435.33,55,34,1,35,20,False,ok,0,0.38235294117647056
Svea_Hovraett_etc_export_job_4502445_845640_Svea_Hovraett_-_Advokatfiskalen_Jaemtlands_laen__1702__3-6edbb12a/0032_DSC_0411/r3l14,678.0,98.0,442.78,56,36,1,37,19,False,ok,0,0.1111111111111111
Svea_Hovraett_etc_export_job_4502445_845640_Svea_Hovraett_-_Advokatfiskalen_Jaemtlands_laen__1702__3-6edbb12a/0032_DSC_0411/r3l15,687.0,106.0,414.79,52,37,1,38,14,False,ok,0,0.21621621621621623
Svea_Hovraett_etc_export_job_4502445_845640_Svea_Hovraett_-_Advokatfiskalen_Jaemtlands_laen__1702__3-6edbb12a/0032_DSC_0411/r3l16,684.0,94.0,465.7,59,31,0,31,28,False,ok,0,0.3548387096774194
Svea_Hovraett_etc_export_job_4502445_845640_Svea_Hovraett_-_Advokatfiskalen_Jaemtlands_laen__1702__3-6edbb12a/0032_DSC_0411/r3l17,703.0,86.0,523.16,66,38,2,40,26,False,ok,0,0.2894736842105263
Svea_Hovraett_etc_export_job_4502445_845640_Svea_Hovraett_-_Advokatfiskalen_Jaemtlands_laen__1702__3-6edbb12a/0032_DSC_0411/r3l18,699.0,99.0,451.88,57,33,1,34,23,False,ok,0,0.12121212121212122
Svea_Hovraett_etc_export_job_4502445_845640_Svea_Hovraett_-_Advokatfiskalen_Jaemtlands_laen__1702__3-6edbb12a/0032_DSC_0411/r3l19,560.0,99.0,362.02,46,23,0,23,23,False,ok,0,0.391304347826087
Svea_Hovraett_etc_export_job_4502445_845640_Svea_Hovraett_-_Advokatfiskalen_Jaemtlands_laen__1702__3-6edbb12a/0032_DSC_0411/r3l20,712.0,87.0,523.77,66,35,2,37,29,False,ok,0,0.22857142857142856
Svea_Hovraett_etc_export_job_4502445_845640_Svea_Hovraett_-_Advokatfiskalen_Jaemtlands_laen__1702__3-6edbb12a/0032_DSC_0411/r3l21,730.0,105.0,444.95,56,44,1,45,11,False,ok,0,0.20454545454545456
Svea_Hovraett_etc_export_job_4502445_845640_Svea_Hovraett_-_Advokatfiskalen_Jaemtlands_laen__1702__3-6edbb12a/0032_DSC_0411/r3l22,713.0,105.0,434.59,55,37,0,37,18,False,ok,0,0.24324324324324326
Svea_Hovraett_etc_export_job_4502445_845640_Svea_Hovraett_-_Advokatfiskalen_Jaemtlands_laen__1702__3-6edbb12a/0032_DSC_0411/r3l23,100.0,73.0,87.67,11,5,1,6,5,False,ok,0,0.6
Svea_Hovraett_etc_export_job_4502445_845640_Svea_Hovraett_-_Advokatfiskalen_Jaemtlands_laen__1702__3-6edbb12a/0033_DSC_0412/r1l1,677.0,98.0,442.12,56,35,3,38,18,False,ok,0,0.45714285714285713
Svea_Hovraett_etc_export_job_4502445_845640_Svea_Hovraett_-_Advokatfiskalen_Jaemtlands_laen__1702__3-6edbb12a/0033_DSC_0412/r1l2,678.0,97.0,447.34,56,37,0,37,19,False,ok,0,0.5135135135135135
Svea_Hovraett_etc_export_job_4502445_845640_Svea_Hovraett_-_Advokatfiskalen_Jaemtlands_laen__1702__3-6edbb12a/0033_DSC_0412/r1l3,680.0,85.0,512.0,64,45,1,46,18,False,ok,0,0.4666666666666667
Svea_Hovraett_etc_export_job_4502445_845640_Svea_Hovraett_-_Advokatfiskalen_Jaemtlands_laen__1702__3-6edbb12a/0033_DSC_0412/r1l4,698.0,87.0,513.47,65,38,2,40,25,False,ok,0,0.3157894736842105
Svea_Hovraett_etc_export_job_4502445_845640_Svea_Hovraett_-_Advokatfiskalen_Jaemtlands_laen__1702__3-6edbb12a/0033_DSC_0412/r1l5,685.0,93.0,471.4,59,40,3,43,16,False,ok,0,0.35
Svea_Hovraett_etc_export_job_4502445_845640_Svea_Hovraett_-_Advokatfiskalen_Jaemtlands_laen__1702__3-6edbb12a/0033_DSC_0412/r1l6,694.0,108.0,411.26,52,42,2,44,8,False,ok,0,0.7380952380952381
Svea_Hovraett_etc_export_job_4502445_845640_Svea_Hovraett_-_Advokatfiskalen_Jaemtlands_laen__1702__3-6edbb12a/0033_DSC_0412/r1l7,710.0,102.0,445.49,56,42,1,43,13,False,ok,0,0.38095238095238093
Svea_Hovraett_etc_export_job_4502445_845640_Svea_Hovraett_-_Advokatfiskalen_Jaemtlands_laen__1702__3-6edbb12a/0033_DSC_0412/r1l8,697.0,85.0,524.8,66,39,1,40,26,False,ok,0,0.41025641025641024
Svea_Hovraett_etc_export_job_4502445_845640_Svea_Hovraett_-_Advokatfiskalen_Jaemtlands_laen__1702__3-6edbb12a/0033_DSC_0412/r1l9,689.0,87.0,506.85,64,31,0,31,33,False,ok,0,0.1935483870967742
Svea_Hovraett_etc_export_job_4502445_845640_Svea_Hovraett_-_Advokatfiskalen_Jaemtlands_laen__1702__3-6edbb12a/0033_DSC_0412/r1l10,696.0,101.0,441.03,56,33,3,36,20,False,ok,0,0.030303030303030304
Svea_Hovraett_etc_export_job_4502445_845640_Svea_Hovraett_-_Advokatfiskalen_Jaemtlands_laen__1702__3-6edbb12a/0033_DSC_0412/r1l11,697.0,93.0,479.66,60,31,3,34,26,False,ok,0,0.03225806451612903
Svea_Hovraett_etc_export_job_4502445_845640_Svea_Hovraett_-_Advokatfiskalen_Jaemtlands_laen__1702__3-6edbb12a/0033_DSC_0412/r1l12,705.0,102.0,442.35,56,35,1,36,20,False,ok,0,0.2
Svea_Hovraett_etc_export_job_4502445_845640_Svea_Hovraett_-_Advokatfiskalen_Jaemtlands_laen__1702__3-6edbb12a/0033_DSC_0412/r1l13,704.0,70.0,643.66,81,35,2,37,44,False,ok,0,0.2857142857142857
Svea_Hovraett_etc_export_job_4502445_845640_Svea_Hovraett_-_Advokatfiskalen_Jaemtlands_laen__1702__3-6edbb12a/0033_DSC_0412/r1l14,706.0,94.0,480.68,61,39,1,40,21,False,ok,0,0.23076923076923078
Svea_Hovraett_etc_export_job_4502445_845640_Svea_Hovraett_-_Advokatfiskalen_Jaemtlands_laen__1702__3-6edbb12a/0033_DSC_0412/r1l15,710.0,58.0,783.45,98,38,1,39,59,False,ok,0,0.3157894736842105
Svea_Hovraett_etc_export_job_4502445_845640_Svea_Hovraett_-_Advokatfiskalen_Jaemtlands_laen__1702__3-6edbb12a/0033_DSC_0412/r1l16,714.0,84.0,544.0,68,36,0,36,32,False,ok,0,0.3055555555555556
Svea_Hovraett_etc_export_job_4502445_845640_Svea_Hovraett_-_Advokatfiskalen_Jaemtlands_laen__1702__3-6edbb12a/0033_DSC_0412/r1l17,700.0,95.0,471.58,59,28,0,28,31,False,ok,0,0.14285714285714285
Svea_Hovraett_etc_export_job_4502445_845640_Svea_Hovraett_-_Advokatfiskalen_Jaemtlands_laen__1702__3-6edbb12a/0033_DSC_0412/r1l18,708.0,107.0,423.48,53,33,0,33,20,False,ok,0,0.24242424242424243
Svea_Hovraett_etc_export_job_4502445_845640_Svea_Hovraett_-_Advokatfiskalen_Jaemtlands_laen__1702__3-6edbb12a/0033_DSC_0412/r1l19,723.0,75.0,616.96,78,33,0,33,45,False,ok,0,0.18181818181818182
Svea_Hovraett_etc_export_job_4502445_845640_Svea_Hovraett_-_Advokatfiskalen_Jaemtlands_laen__1702__3-6edbb12a/0033_DSC_0412/r1l20,698.0,81.0,551.51,69,32,2,34,35,False,ok,0,0.28125
Svea_Hovraett_etc_export_job_4502445_845640_Svea_Hovraett_-_Advokatfiskalen_Jaemtlands_laen__1702__3-6edbb12a/0033_DSC_0412/r1l21,728.0,92.0,506.43,64,33,1,34,30,False,ok,0,0.2727272727272727
Svea_Hovraett_etc_export_job_4502445_845640_Svea_Hovraett_-_Advokatfiskalen_Jaemtlands_laen__1702__3-6edbb12a/0033_DSC_0412/r1l22,82.0,84.0,62.48,8,3,0,3,5,False,ok,0,0.6666666666666666
Svea_Hovraett_etc_export_job_4502445_845640_Svea_Hovraett_-_Advokatfiskalen_Jaemtlands_laen__1702__3-6edbb12a/0033_DSC_0412/r2l1,79.0,48.0,105.33,14,3,0,3,11,False,empty,1,1.0
Svea_Hovraett_etc_export_job_4502445_845640_Svea_Hovraett_-_Advokatfiskalen_Jaemtlands_laen__1702__3-6edbb12a/0033_DSC_0412/r2l2,646.0,134.0,308.54,39,31,0,31,8,False,ok,0,0.8709677419354839
Svea_Hovraett_etc_export_job_4502445_845640_Svea_Hovraett_-_Advokatfiskalen_Jaemtlands_laen__1702__3-6edbb12a/0033_DSC_0412/r2l3,649.0,125.0,332.29,42,37,3,40,2,False,ok,0,0.7837837837837838
Svea_Hovraett_etc_export_job_4502445_845640_Svea_Hovraett_-_Advokatfiskalen_Jaemtlands_laen__1702__3-6edbb12a/0033_DSC_0412/r2l4,663.0,131.0,323.91,41,34,1,35,6,False,ok,0,0.8235294117647058
Svea_Hovraett_etc_export_job_4502445_845640_Svea_Hovraett_-_Advokatfiskalen_Jaemtlands_laen__1702__3-6edbb12a/0033_DSC_0412/r2l5,686.0,120.0,365.87,46,36,0,36,10,False,ok,0,0.6944444444444444
Svea_Hovraett_etc_export_job_4502445_845640_Svea_Hovraett_-_Advokatfiskalen_Jaemtlands_laen__1702__3-6edbb12a/0033_DSC_0412/r2l6,665.0,118.0,360.68,46,32,1,33,13,False,ok,0,0.78125
Svea_Hovraett_etc_export_job_4502445_845640_Svea_Hovraett_-_Advokatfiskalen_Jaemtlands_laen__1702__3-6edbb12a/0033_DSC_0412/r2l7,681.0,113.0,385.7,49,41,3,44,5,False,ok,0,0.6585365853658537
Svea_Hovraett_etc_export_job_4502445_845640_Svea_Hovraett_-_Advokatfiskalen_Jaemtlands_laen__1702__3-6edbb12a/0033_DSC_0412/r2l8,665.0,112.0,380.0,48,41,0,41,7,False,ok,0,0.8536585365853658
Svea_Hovraett_etc_export_job_4502445_845640_Svea_Hovraett_-_Advokatfiskalen_Jaemtlands_laen__1702__3-6edbb12a/0033_DSC_0412/r2l9,662.0,107.0,395.96,50,33,0,33,17,False,ok,0,0.5757575757575758
Svea_Hovraett_etc_export_job_4502445_845640_Svea_Hovraett_-_Advokatfiskalen_Jaemtlands_laen__1702__3-6edbb12a/0033_DSC_0412/r2l10,654.0,97.0,431.51,54,33,1,34,20,False,ok,0,0.36363636363636365
Svea_Hovraett_etc_export_job_4502445_845640_Svea_Hovraett_-_Advokatfiskalen_Jaemtlands_laen__1702__3-6edbb12a/0033_DSC_0412/r2l11,674.0,105.0,410.82,52,35,2,37,15,False,ok,0,0.3142857142857143
Svea_Hovraett_etc_export_job_4502445_845640_Svea_Hovraett_-_Advokatfiskalen_Jaemtlands_laen__1702__3-6edbb12a/0033_DSC_0412/r2l12,700.0,88.0,509.09,64,35,0,35,29,False,ok,0,0.2571428571428571
Svea_Hovraett_etc_export_job_4502445_845640_Svea_Hovraett_-_Advokatfiskalen_Jaemtlands_laen__1702__3-6edbb12a/0033_DSC_0412/r2l13,679.0,101.0,430.26,54,35,1,36,18,False,ok,0,0.2
Svea_Hovraett_etc_export_job_4502445_845640_Svea_Hovraett_-_Advokatfiskalen_Jaemtlands_laen__1702__3-6edbb12a/0033_DSC_0412/r2l14,695.0,95.0,468.21,59,34,2,36,23,False,ok,0,0.2647058823529412
Svea_Hovraett_etc_export_job_4502445_845640_Svea_Hovraett_-_Advokatfiskalen_Jaemtlands_laen__1702__3-6edbb12a/0033_DSC_0412/r2l15,705.0,95.0,474.95,60,36,2,38,22,False,ok,0,0.25
Svea_Hovraett_etc_export_job_4502445_845640_Svea_Hovraett_-_Advokatfiskalen_Jaemtlands_laen__1702__3-6edbb12a/0033_DSC_0412/r2l16,679.0,90.0,482.84,61,36,0,36,25,False,ok,0,0.3055555555555556
Svea_Hovraett_etc_export_job_4502445_845640_Svea_Hovraett_-_Advokatfiskalen_Jaemtlands_laen__1702__3-6edbb12a/0033_DSC_0412/r2l17,684.0,81.0,540.44,68,40,4,44,24,False,ok,0,0.3
Svea_Hovraett_etc_export_job_4502445_845640_Svea_Hovraett_-_Advokatfiskalen_Jaemtlands_laen__1702__3-6edbb12a/0033_DSC_0412/r2l18,699.0,122.0,366.69,46,31,0,31,15,False,ok,0,0.3548387096774194
Svea_Hovraett_etc_export_job_4502445_845640_Svea_Hovraett_-_Advokatfiskalen_Jaemtlands_laen__1702__3-6edbb12a/0033_DSC_0412/r2l19,677.0,83.0,522.02,66,37,1,38,28,False,ok,0,0.43243243243243246
Svea_Hovraett_etc_export_job_4502445_845640_Svea_Hovraett_-_Advokatfiskalen_Jaemtlands_laen__1702__3-6edbb12a/0033_DSC_0412/r2l20,704.0,104.0,433.23,55,38,1,39,16,False,ok,0,0.47368421052631576
Svea_Hovraett_etc_export_job_4502445_845640_Svea_Hovraett_-_Advokatfiskalen_Jaemtlands_laen__1702__3-6edbb12a/0033_DSC_0412/r2l21,727.0,104.0,447.38,56,38,1,39,17,False,ok,0,0.4473684210526316
Svea_Hovraett_etc_export_job_4502445_845640_Svea_Hovraett_-_Advokatfiskalen_Jaemtlands_laen__1702__3-6edbb12a/0033_DSC_0412/r2l22,737.0,105.0,449.22,57,47,2,49,8,False,ok,0,0.3617021276595745
Svea_Hovraett_etc_export_job_4502445_845640_Svea_Hovraett_-_Advokatfiskalen_Jaemtlands_laen__1702__3-6edbb12a/0033_DSC_0412/r2l23,120.0,55.0,139.64,18,3,0,3,15,False,ok,0,1.0
Svea_Hovraett_etc_export_job_4502445_845640_Svea_Hovraett_-_Advokatfiskalen_Jaemtlands_laen__1702__3-6edbb12a/0034_DSC_0413/r1l1,640.0,95.0,431.16,54,39,1,40,14,False,ok,0,0.3333333333333333
Svea_Hovraett_etc_export_job_4502445_845640_Svea_Hovraett_-_Advokatfiskalen_Jaemtlands_laen__1702__3-6edbb12a/0034_DSC_0413/r1l2,644.0,82.0,502.63,63,37,2,39,24,False,ok,0,0.32432432432432434
Svea_Hovraett_etc_export_job_4502445_845640_Svea_Hovraett_-_Advokatfiskalen_Jaemtlands_laen__1702__3-6edbb12a/0034_DSC_0413/r1l3,639.0,73.0,560.22,71,30,1,31,40,False,ok,0,0.13333333333333333
Svea_Hovraett_etc_export_job_4502445_845640_Svea_Hovraett_-_Advokatfiskalen_Jaemtlands_laen__1702__3-6edbb12a/0034_DSC_0413/r1l4,661.0,97.0,436.12,55,37,2,39,16,False,ok,0,0.2972972972972973
Svea_Hovraett_etc_export_job_4502445_845640_Svea_Hovraett_-_Advokatfiskalen_Jaemtlands_laen__1702__3-6edbb12a/0034_DSC_0413/r1l5,663.0,83.0,511.23,64,35,3,38,26,False,ok,0,0.3142857142857143
Svea_Hovraett_etc_export_job_4502445_845640_Svea_Hovraett_-_Advokatfiskalen_Jaemtlands_laen__1702__3-6edbb12a/0034_DSC_0413/r1l6,662.0,90.0,470.76,59,39,2,41,18,False,ok,0,0.3076923076923077
Svea_Hovraett_etc_export_job_4502445_845640_Svea_Hovraett_-_Advokatfiskalen_Jaemtlands_laen__1702__3-6edbb12a/0034_DSC_0413/r1l7,669.0,94.0,455.49,57,38,1,39,18,False,ok,0,0.23684210526315788
Svea_Hovraett_etc_export_job_4502445_845640_Svea_Hovraett_-_Advokatfiskalen_Jaemtlands_laen__1702__3-6edbb12a/0034_DSC_0413/r1l8,684.0,72.0,608.0,76,32,0,32,44,False,ok,0,0.125
Svea_Hovraett_etc_export_job_4502445_845640_Svea_Hovraett_-_Advokatfiskalen_Jaemtlands_laen__1702__3-6edbb12a/0034_DSC_0413/r1l9,678.0,90.0,482.13,61,34,0,34,27,False,ok,0,0.23529411764705882
Svea_Hovraett_etc_export_job_4502445_845640_Svea_Hovraett_-_Advokatfiskalen_Jaemtlands_laen__1702__3-6edbb12a/0034_DSC_0413/r1l10,676.0,98.0,441.47,56,33,1,34,22,False,ok,0,0.030303030303030304
Svea_Hovraett_etc_export_job_4502445_845640_Svea_Hovraett_-_Advokatfiskalen_Jaemtlands_laen__1702__3-6edbb12a/0034_DSC_0413/r1l11,669.0,88.0,486.55,61,35,0,35,26,False,ok,0,0.14285714285714285
Svea_Hovraett_etc_export_job_4502445_845640_Svea_Hovraett_-_Advokatfiskalen_Jaemtlands_laen__1702__3-6edbb12a/0034_DSC_0413/r1l12,671.0,98.0,438.2,55,33,1,34,21,False,ok,0,0.24242424242424243
Svea_Hovraett_etc_export_job_4502445_845640_Svea_Hovraett_-_Advokatfiskalen_Jaemtlands_laen__1702__3-6edbb12a/0034_DSC_0413/r1l13,683.0,83.0,526.65,66,39,0,39,27,False,ok,0,0.15384615384615385
Svea_Hovraett_etc_export_job_4502445_845640_Svea_Hovraett_-_Advokatfiskalen_Jaemtlands_laen__1702__3-6edbb12a/0034_DSC_0413/r1l14,705.0,100.0,451.2,57,35,1,36,21,False,ok,0,0.14285714285714285
Svea_Hovraett_etc_export_job_4502445_845640_Svea_Hovraett_-_Advokatfiskalen_Jaemtlands_laen__1702__3-6edbb12a/0034_DSC_0413/r1l15,708.0,89.0,509.12,64,31,0,31,33,False,ok,0,0.2903225806451613
Svea_Hovraett_etc_export_job_4502445_845640_Svea_Hovraett_-_Advokatfiskalen_Jaemtlands_laen__1702__3-6edbb12a/0034_DSC_0413/r1l16,699.0,87.0,514.21,65,38,3,41,24,False,ok,0,0.21052631578947367
Svea_Hovraett_etc_export_job_4502445_845640_Svea_Hovraett_-_Advokatfiskalen_Jaemtlands_laen__1702__3-6edbb12a/0034_DSC_0413/r1l17,682.0,99.0,440.89,56,41,2,43,13,False,ok,0,0.1951219512195122
Svea_Hovraett_etc_export_job_4502445_845640_Svea_Hovraett_-_Advokatfiskalen_Jaemtlands_laen__1702__3-6edbb12a/0034_DSC_0413/r1l18,701.0,67.0,669.61,84,31,1,32,52,False,ok,0,0.0
Svea_Hovraett_etc_export_job_4502445_845640_Svea_Hovraett_-_Advokatfiskalen_Jaemtlands_laen__1702__3-6edbb12a/0034_DSC_0413/r1l19,694.0,89.0,499.06,63,34,2,36,27,False,ok,0,0.08823529411764706
Svea_Hovraett_etc_export_job_4502445_845640_Svea_Hovraett_-_Advokatfiskalen_Jaemtlands_laen__1702__3-6edbb12a/0034_DSC_0413/r1l20,683.0,76.0,575.16,72,29,0,29,43,False,ok,0,0.10344827586206896
Svea_Hovraett_etc_export_job_4502445_845640_Svea_Hovraett_-_Advokatfiskalen_Jaemtlands_laen__1702__3-6edbb12a/0034_DSC_0413/line_1638791939257_213,677.0,91.0,476.13,60,31,1,32,28,False,ok,0,0.22580645161290322
Svea_Hovraett_etc_export_job_4502445_845640_Svea_Hovraett_-_Advokatfiskalen_Jaemtlands_laen__1702__3-6edbb12a/0034_DSC_0413/r1l23,141.0,99.0,91.15,12,8,0,8,4,False,ok,0,0.875
Svea_Hovraett_etc_export_job_4502445_845640_Svea_Hovraett_-_Advokatfiskalen_Jaemtlands_laen__1702__3-6edbb12a/0034_DSC_0413/r3l1,59.0,72.0,52.44,7,3,0,3,4,False,empty,1,1.0
Svea_Hovraett_etc_export_job_4502445_845640_Svea_Hovraett_-_Advokatfiskalen_Jaemtlands_laen__1702__3-6edbb12a/0034_DSC_0413/line_1638791800537_181,630.0,142.0,283.94,36,35,0,35,1,False,ok,0,0.8285714285714286
Svea_Hovraett_etc_export_job_4502445_845640_Svea_Hovraett_-_Advokatfiskalen_Jaemtlands_laen__1702__3-6edbb12a/0034_DSC_0413/r2l3,616.0,131.0,300.95,38,35,2,37,1,False,ok,0,0.9142857142857143
Svea_Hovraett_etc_export_job_4502445_845640_Svea_Hovraett_-_Advokatfiskalen_Jaemtlands_laen__1702__3-6edbb12a/0034_DSC_0413/r2l4,611.0,103.0,379.65,48,32,0,32,16,False,ok,0,0.46875
Svea_Hovraett_etc_export_job_4502445_845640_Svea_Hovraett_-_Advokatfiskalen_Jaemtlands_laen__1702__3-6edbb12a/0034_DSC_0413/r2l5,636.0,121.0,336.4,43,34,0,34,9,False,ok,0,0.6470588235294118
Svea_Hovraett_etc_export_job_4502445_845640_Svea_Hovraett_-_Advokatfiskalen_Jaemtlands_laen__1702__3-6edbb12a/0034_DSC_0413/r2l6,648.0,114.0,363.79,46,35,1,36,10,False,ok,0,0.4
Svea_Hovraett_etc_export_job_4502445_845640_Svea_Hovraett_-_Advokatfiskalen_Jaemtlands_laen__1702__3-6edbb12a/0034_DSC_0413/r2l7,649.0,105.0,395.58,50,31,0,31,19,False,ok,0,0.3548387096774194
Svea_Hovraett_etc_export_job_4502445_845640_Svea_Hovraett_-_Advokatfiskalen_Jaemtlands_laen__1702__3-6edbb12a/0034_DSC_0413/r2l8,644.0,112.0,368.0,46,35,2,37,9,False,ok,0,0.34285714285714286
Svea_Hovraett_etc_export_job_4502445_845640_Svea_Hovraett_-_Advokatfiskalen_Jaemtlands_laen__1702__3-6edbb12a/0034_DSC_0413/r2l9,670.0,103.0,416.31,53,36,2,38,15,False,ok,0,0.3333333333333333
Svea_Hovraett_etc_export_job_4502445_845640_Svea_Hovraett_-_Advokatfiskalen_Jaemtlands_laen__1702__3-6edbb12a/0034_DSC_0413/r2l10,651.0,94.0,443.23,56,32,1,33,23,False,ok,0,0.125
Svea_Hovraett_etc_export_job_4502445_845640_Svea_Hovraett_-_Advokatfiskalen_Jaemtlands_laen__1702__3-6edbb12a/0034_DSC_0413/r2l11,665.0,109.0,390.46,49,34,2,36,13,False,ok,0,0.35294117647058826
Svea_Hovraett_etc_export_job_4502445_845640_Svea_Hovraett_-_Advokatfiskalen_Jaemtlands_laen__1702__3-6edbb12a/0034_DSC_0413/r2l12,655.0,88.0,476.36,60,34,1,35,25,False,ok,0,0.11764705882352941
Svea_Hovraett_etc_export_job_4502445_845640_Svea_Hovraett_-_Advokatfiskalen_Jaemtlands_laen__1702__3-6edbb12a/0034_DSC_0413/r2l13,655.0,100.0,419.2,53,33,0,33,20,False,ok,0,0.30303030303030304
Svea_Hovraett_etc_export_job_4502445_845640_Svea_Hovraett_-_Advokatfiskalen_Jaemtlands_laen__1702__3-6edbb12a/0034_DSC_0413/r2l14,669.0,102.0,419.76,53,34,1,35,18,False,ok,0,0.14705882352941177
Svea_Hovraett_etc_export_job_4502445_845640_Svea_Hovraett_-_Advokatfiskalen_Jaemtlands_laen__1702__3-6edbb12a/0034_DSC_0413/r2l15,658.0,84.0,501.33,63,34,2,36,27,False,ok,0,0.2647058823529412
Svea_Hovraett_etc_export_job_4502445_845640_Svea_Hovraett_-_Advokatfiskalen_Jaemtlands_laen__1702__3-6edbb12a/0034_DSC_0413/r2l16,657.0,83.0,506.6,64,29,1,30,34,False,ok,0,0.1724137931034483
Svea_Hovraett_etc_export_job_4502445_845640_Svea_Hovraett_-_Advokatfiskalen_Jaemtlands_laen__1702__3-6edbb12a/0034_DSC_0413/r2l17,152.0,74.0,131.46,17,9,1,10,7,False,ok,0,0.5555555555555556
Svea_Hovraett_etc_export_job_4502445_845640_Svea_Hovraett_-_Advokatfiskalen_Jaemtlands_laen__1702__3-6edbb12a/0034_DSC_0413/r2l18,699.0,85.0,526.31,66,36,1,37,29,False,ok,0,0.3055555555555556
Svea_Hovraett_etc_export_job_4502445_845640_Svea_Hovraett_-_Advokatfiskalen_Jaemtlands_laen__1702__3-6edbb12a/0034_DSC_0413/r2l19,683.0,99.0,441.54,56,33,0,33,23,False,ok,0,0.12121212121212122
Svea_Hovraett_etc_export_job_4502445_845640_Svea_Hovraett_-_Advokatfiskalen_Jaemtlands_laen__1702__3-6edbb12a/0034_DSC_0413/r2l20,679.0,73.0,595.29,75,31,0,31,44,False,ok,0,0.22580645161290322
Svea_Hovraett_etc_export_job_4502445_845640_Svea_Hovraett_-_Advokatfiskalen_Jaemtlands_laen__1702__3-6edbb12a/0034_DSC_0413/r2l21,726.0,105.0,442.51,56,39,1,40,16,False,ok,0,0.3333333333333333
Svea_Hovraett_etc_export_job_4502445_845640_Svea_Hovraett_-_Advokatfiskalen_Jaemtlands_laen__1702__3-6edbb12a/0034_DSC_0413/r2l22,699.0,100.0,447.36,56,30,0,30,26,False,ok,0,0.2
Svea_Hovraett_etc_export_job_4502445_845640_Svea_Hovraett_-_Advokatfiskalen_Jaemtlands_laen__1702__3-6edbb12a/0034_DSC_0413/r2l23,174.0,102.0,109.18,14,7,0,7,7,False,ok,0,0.2857142857142857
Svea_Hovraett_etc_export_job_4502445_845640_Svea_Hovraett_-_Advokatfiskalen_Jaemtlands_laen__1702__3-6edbb12a/0035_DSC_0415/r1l1,666.0,110.0,387.49,49,39,0,39,10,False,ok,0,0.48717948717948717
Svea_Hovraett_etc_export_job_4502445_845640_Svea_Hovraett_-_Advokatfiskalen_Jaemtlands_laen__1702__3-6edbb12a/0035_DSC_0415/r1l2,674.0,117.0,368.68,47,39,2,41,6,False,ok,0,0.717948717948718
Svea_Hovraett_etc_export_job_4502445_845640_Svea_Hovraett_-_Advokatfiskalen_Jaemtlands_laen__1702__3-6edbb12a/0035_DSC_0415/r1l3,697.0,115.0,387.9,49,32,2,34,15,False,ok,0,0.71875
Svea_Hovraett_etc_export_job_4502445_845640_Svea_Hovraett_-_Advokatfiskalen_Jaemtlands_laen__1702__3-6edbb12a/0035_DSC_0415/r1l4,669.0,101.0,423.92,53,34,0,34,19,False,ok,0,0.23529411764705882
Svea_Hovraett_etc_export_job_4502445_845640_Svea_Hovraett_-_Advokatfiskalen_Jaemtlands_laen__1702__3-6edbb12a/0035_DSC_0415/r1l5,662.0,99.0,427.96,54,36,2,38,16,False,ok,0,0.4444444444444444
Svea_Hovraett_etc_export_job_4502445_845640_Svea_Hovraett_-_Advokatfiskalen_Jaemtlands_laen__1702__3-6edbb12a/0035_DSC_0415/r1l6,673.0,113.0,381.17,48,35,0,35,13,False,ok,0,0.45714285714285713
Svea_Hovraett_etc_export_job_4502445_845640_Svea_Hovraett_-_Advokatfiskalen_Jaemtlands_laen__1702__3-6edbb12a/0035_DSC_0415/r1l7,686.0,83.0,528.96,67,35,0,35,32,False,ok,0,0.2
Svea_Hovraett_etc_export_job_4502445_845640_Svea_Hovraett_-_Advokatfiskalen_Jaemtlands_laen__1702__3-6edbb12a/0035_DSC_0415/r1l8,698.0,103.0,433.71,55,34,2,36,19,False,ok,0,0.17647058823529413
Svea_Hovraett_etc_export_job_4502445_845640_Svea_Hovraett_-_Advokatfiskalen_Jaemtlands_laen__1702__3-6edbb12a/0035_DSC_0415/r1l9,690.0,105.0,420.57,53,34,0,34,19,False,ok,0,0.29411764705882354
Svea_Hovraett_etc_export_job_4502445_845640_Svea_Hovraett_-_Advokatfiskalen_Jaemtlands_laen__1702__3-6edbb12a/0035_DSC_0415/r1l10,710.0,89.0,510.56,64,38,1,39,25,False,ok,0,0.18421052631578946
Svea_Hovraett_etc_export_job_4502445_845640_Svea_Hovraett_-_Advokatfiskalen_Jaemtlands_laen__1702__3-6edbb12a/0035_DSC_0415/r1l11,692.0,115.0,385.11,49,33,1,34,15,False,ok,0,0.2727272727272727
Svea_Hovraett_etc_export_job_4502445_845640_Svea_Hovraett_-_Advokatfiskalen_Jaemtlands_laen__1702__3-6edbb12a/0035_DSC_0415/r1l12,697.0,67.0,665.79,84,36,0,36,48,False,ok,0,0.2222222222222222
Svea_Hovraett_etc_export_job_4502445_845640_Svea_Hovraett_-_Advokatfiskalen_Jaemtlands_laen__1702__3-6edbb12a/0035_DSC_0415/r1l13,722.0,108.0,427.85,54,29,2,31,23,False,ok,0,0.20689655172413793
Svea_Hovraett_etc_export_job_4502445_845640_Svea_Hovraett_-_Advokatfiskalen_Jaemtlands_laen__1702__3-6edbb12a/0035_DSC_0415/r1l14,718.0,108.0,425.48,54,34,0,34,20,False,ok,0,0.20588235294117646
Svea_Hovraett_etc_export_job_4502445_845640_Svea_Hovraett_-_Advokatfiskalen_Jaemtlands_laen__1702__3-6edbb12a/0035_DSC_0415/r1l15,711.0,99.0,459.64,58,38,0,38,20,False,ok,0,0.21052631578947367
Svea_Hovraett_etc_export_job_4502445_845640_Svea_Hovraett_-_Advokatfiskalen_Jaemtlands_laen__1702__3-6edbb12a/0035_DSC_0415/r1l17,745.0,112.0,425.71,54,35,2,37,17,False,ok,0,0.3142857142857143
Svea_Hovraett_etc_export_job_4502445_845640_Svea_Hovraett_-_Advokatfiskalen_Jaemtlands_laen__1702__3-6edbb12a/0035_DSC_0415/r1l19,717.0,100.0,458.88,58,35,1,36,22,False,ok,0,0.3142857142857143
Svea_Hovraett_etc_export_job_4502445_845640_Svea_Hovraett_-_Advokatfiskalen_Jaemtlands_laen__1702__3-6edbb12a/0035_DSC_0415/r1l20,718.0,95.0,483.71,61,31,1,32,29,False,ok,0,0.1935483870967742
Svea_Hovraett_etc_export_job_4502445_845640_Svea_Hovraett_-_Advokatfiskalen_Jaemtlands_laen__1702__3-6edbb12a/0035_DSC_0415/r1l21,706.0,98.0,461.06,58,43,3,46,12,False,ok,0,0.2558139534883721
Svea_Hovraett_etc_export_job_4502445_845640_Svea_Hovraett_-_Advokatfiskalen_Jaemtlands_laen__1702__3-6edbb12a/0035_DSC_0415/r1l22,77.0,72.0,68.44,9,2,0,2,7,False,ok,0,1.0
Svea_Hovraett_etc_export_job_4502445_845640_Svea_Hovraett_-_Advokatfiskalen_Jaemtlands_laen__1702__3-6edbb12a/0035_DSC_0415/r3l1,61.0,49.0,79.67,10,4,1,5,5,False,ok,0,1.0
Svea_Hovraett_etc_export_job_4502445_845640_Svea_Hovraett_-_Advokatfiskalen_Jaemtlands_laen__1702__3-6edbb12a/0035_DSC_0415/r2l1,653.0,114.0,366.6,46,34,1,35,11,False,ok,0,0.5882352941176471
Svea_Hovraett_etc_export_job_4502445_845640_Svea_Hovraett_-_Advokatfiskalen_Jaemtlands_laen__1702__3-6edbb12a/0035_DSC_0415/r2l2,686.0,99.0,443.47,56,48,2,50,6,False,ok,0,0.5416666666666666
Svea_Hovraett_etc_export_job_4502445_845640_Svea_Hovraett_-_Advokatfiskalen_Jaemtlands_laen__1702__3-6edbb12a/0035_DSC_0415/r2l3,664.0,107.0,397.16,50,42,2,44,6,False,ok,0,0.47619047619047616
Svea_Hovraett_etc_export_job_4502445_845640_Svea_Hovraett_-_Advokatfiskalen_Jaemtlands_laen__1702__3-6edbb12a/0035_DSC_0415/r2l4,674.0,103.0,418.8,53,35,0,35,18,False,ok,0,0.22857142857142856
Svea_Hovraett_etc_export_job_4502445_845640_Svea_Hovraett_-_Advokatfiskalen_Jaemtlands_laen__1702__3-6edbb12a/0035_DSC_0415/r2l5,689.0,101.0,436.59,55,32,2,34,21,False,ok,0,0.21875
Svea_Hovraett_etc_export_job_4502445_845640_Svea_Hovraett_-_Advokatfiskalen_Jaemtlands_laen__1702__3-6edbb12a/0035_DSC_0415/r2l6,670.0,105.0,408.38,52,30,3,33,19,False,ok,0,0.43333333333333335
Svea_Hovraett_etc_export_job_4502445_845640_Svea_Hovraett_-_Advokatfiskalen_Jaemtlands_laen__1702__3-6edbb12a/0035_DSC_0415/r2l7,694.0,98.0,453.22,57,36,2,38,19,False,ok,0,0.2222222222222222
Svea_Hovraett_etc_export_job_4502445_845640_Svea_Hovraett_-_Advokatfiskalen_Jaemtlands_laen__1702__3-6edbb12a/0035_DSC_0415/r2l8,695.0,111.0,400.72,51,40,1,41,10,False,ok,0,0.425
Svea_Hovraett_etc_export_job_4502445_845640_Svea_Hovraett_-_Advokatfiskalen_Jaemtlands_laen__1702__3-6edbb12a/0035_DSC_0415/r2l9,684.0,109.0,401.61,51,31,0,31,20,False,ok,0,0.1935483870967742
Svea_Hovraett_etc_export_job_4502445_845640_Svea_Hovraett_-_Advokatfiskalen_Jaemtlands_laen__1702__3-6edbb12a/0035_DSC_0415/r2l10,675.0,123.0,351.22,44,33,2,35,9,False,ok,0,0.24242424242424243
Svea_Hovraett_etc_export_job_4502445_845640_Svea_Hovraett_-_Advokatfiskalen_Jaemtlands_laen__1702__3-6edbb12a/0035_DSC_0415/r2l11,706.0,124.0,364.39,46,43,0,43,3,False,ok,0,0.5581395348837209
Svea_Hovraett_etc_export_job_4502445_845640_Svea_Hovraett_-_Advokatfiskalen_Jaemtlands_laen__1702__3-6edbb12a/0035_DSC_0415/r2l12,723.0,92.0,502.96,63,35,1,36,27,False,ok,0,0.22857142857142856
Svea_Hovraett_etc_export_job_4502445_845640_Svea_Hovraett_-_Advokatfiskalen_Jaemtlands_laen__1702__3-6edbb12a/0035_DSC_0415/r2l13,714.0,114.0,400.84,51,32,1,33,18,False,ok,0,0.375
Svea_Hovraett_etc_export_job_4502445_845640_Svea_Hovraett_-_Advokatfiskalen_Jaemtlands_laen__1702__3-6edbb12a/0035_DSC_0415/r2l14,754.0,85.0,567.72,71,37,3,40,31,False,ok,0,0.0
Svea_Hovraett_etc_export_job_4502445_845640_Svea_Hovraett_-_Advokatfiskalen_Jaemtlands_laen__1702__3-6edbb12a/0035_DSC_0415/r2l15,731.0,98.0,477.39,60,31,1,32,28,False,ok,0,0.1935483870967742
Svea_Hovraett_etc_export_job_4502445_845640_Svea_Hovraett_-_Advokatfiskalen_Jaemtlands_laen__1702__3-6edbb12a/0035_DSC_0415/r2l16,752.0,94.0,512.0,64,31,1,32,32,False,ok,0,0.0967741935483871
Svea_Hovraett_etc_export_job_4502445_845640_Svea_Hovraett_-_Advokatfiskalen_Jaemtlands_laen__1702__3-6edbb12a/0035_DSC_0415/r2l17,752.0,105.0,458.36,58,39,2,41,17,False,ok,0,0.20512820512820512
Svea_Hovraett_etc_export_job_4502445_845640_Svea_Hovraett_-_Advokatfiskalen_Jaemtlands_laen__1702__3-6edbb12a/0035_DSC_0415/r2l18,736.0,88.0,535.27,67,35,2,37,30,False,ok,0,0.17142857142857143
Svea_Hovraett_etc_export_job_4502445_845640_Svea_Hovraett_-_Advokatfiskalen_Jaemtlands_laen__1702__3-6edbb12a/0035_DSC_0415/r2l19,756.0,93.0,520.26,66,33,3,36,30,False,ok,0,0.15151515151515152
Svea_Hovraett_etc_export_job_4502445_845640_Svea_Hovraett_-_Advokatfiskalen_Jaemtlands_laen__1702__3-6edbb12a/0035_DSC_0415/r2l20,752.0,110.0,437.53,55,36,1,37,18,False,ok,0,0.08333333333333333
Svea_Hovraett_etc_export_job_4502445_845640_Svea_Hovraett_-_Advokatfiskalen_Jaemtlands_laen__1702__3-6edbb12a/0035_DSC_0415/r2l21,755.0,106.0,455.85,57,33,1,34,23,False,ok,0,0.12121212121212122
Svea_Hovraett_etc_export_job_4502445_845640_Svea_Hovraett_-_Advokatfiskalen_Jaemtlands_laen__1702__3-6edbb12a/0035_DSC_0415/r2l22,198.0,90.0,140.8,18,6,0,6,12,False,ok,0,0.5
Svea_Hovraett_etc_export_job_4502445_845640_Svea_Hovraett_-_Advokatfiskalen_Jaemtlands_laen__1702__3-6edbb12a/0036_DSC_0418/r1l1,673.0,92.0,468.17,59,36,0,36,23,False,ok,0,0.25
Svea_Hovraett_etc_export_job_4502445_845640_Svea_Hovraett_-_Advokatfiskalen_Jaemtlands_laen__1702__3-6edbb12a/0036_DSC_0418/r1l2,680.0,85.0,512.0,64,32,1,33,31,False,ok,0,0.125
Svea_Hovraett_etc_export_job_4502445_845640_Svea_Hovraett_-_Advokatfiskalen_Jaemtlands_laen__1702__3-6edbb12a/0036_DSC_0418/r1l3,496.0,85.0,373.46,47,23,0,23,24,False,ok,0,0.13043478260869565
Svea_Hovraett_etc_export_job_4502445_845640_Svea_Hovraett_-_Advokatfiskalen_Jaemtlands_laen__1702__3-6edbb12a/0036_DSC_0418/r1l4,694.0,94.0,472.51,60,40,0,40,20,False,ok,0,0.25
Svea_Hovraett_etc_export_job_4502445_845640_Svea_Hovraett_-_Advokatfiskalen_Jaemtlands_laen__1702__3-6edbb12a/0036_DSC_0418/r1l5,682.0,89.0,490.43,62,36,2,38,24,False,ok,0,0.1111111111111111
Svea_Hovraett_etc_export_job_4502445_845640_Svea_Hovraett_-_Advokatfiskalen_Jaemtlands_laen__1702__3-6edbb12a/0036_DSC_0418/r1l6,688.0,102.0,431.69,54,31,1,32,22,False,ok,0,0.3548387096774194
Svea_Hovraett_etc_export_job_4502445_845640_Svea_Hovraett_-_Advokatfiskalen_Jaemtlands_laen__1702__3-6edbb12a/0036_DSC_0418/r1l7,695.0,95.0,468.21,59,34,0,34,25,False,ok,0,0.058823529411764705
Svea_Hovraett_etc_export_job_4502445_845640_Svea_Hovraett_-_Advokatfiskalen_Jaemtlands_laen__1702__3-6edbb12a/0036_DSC_0418/r1l8,704.0,97.0,464.49,59,38,2,40,19,False,ok,0,0.21052631578947367
Svea_Hovraett_etc_export_job_4502445_845640_Svea_Hovraett_-_Advokatfiskalen_Jaemtlands_laen__1702__3-6edbb12a/0036_DSC_0418/r1l9,291.0,76.0,245.05,31,13,1,14,17,False,ok,0,0.07692307692307693
Svea_Hovraett_etc_export_job_4502445_845640_Svea_Hovraett_-_Advokatfiskalen_Jaemtlands_laen__1702__3-6edbb12a/0036_DSC_0418/r1l10,703.0,100.0,449.92,57,36,1,37,20,False,ok,0,0.3055555555555556
Svea_Hovraett_etc_export_job_4502445_845640_Svea_Hovraett_-_Advokatfiskalen_Jaemtlands_laen__1702__3-6edbb12a/0036_DSC_0418/r1l11,710.0,89.0,510.56,64,33,1,34,30,False,ok,0,0.18181818181818182
Svea_Hovraett_etc_export_job_4502445_845640_Svea_Hovraett_-_Advokatfiskalen_Jaemtlands_laen__1702__3-6edbb12a/0036_DSC_0418/r1l12,734.0,106.0,443.17,56,42,1,43,13,False,ok,0,0.2857142857142857
Svea_Hovraett_etc_export_job_4502445_845640_Svea_Hovraett_-_Advokatfiskalen_Jaemtlands_laen__1702__3-6edbb12a/0036_DSC_0418/r1l13,726.0,98.0,474.12,60,36,2,38,22,False,ok,0,0.16666666666666666
Svea_Hovraett_etc_export_job_4502445_845640_Svea_Hovraett_-_Advokatfiskalen_Jaemtlands_laen__1702__3-6edbb12a/0036_DSC_0418/r1l14,725.0,97.0,478.35,60,35,1,36,24,False,ok,0,0.2571428571428571
Svea_Hovraett_etc_export_job_4502445_845640_Svea_Hovraett_-_Advokatfiskalen_Jaemtlands_laen__1702__3-6edbb12a/0036_DSC_0418/r1l15,734.0,102.0,460.55,58,39,2,41,17,False,ok,0,0.1794871794871795
Svea_Hovraett_etc_export_job_4502445_845640_Svea_Hovraett_-_Advokatfiskalen_Jaemtlands_laen__1702__3-6edbb12a/0036_DSC_0418/r1l16,709.0,92.0,493.22,62,34,2,36,26,False,ok,0,0.08823529411764706
Svea_Hovraett_etc_export_job_4502445_845640_Svea_Hovraett_-_Advokatfiskalen_Jaemtlands_laen__1702__3-6edbb12a/0036_DSC_0418/r1l17,722.0,91.0,507.78,64,36,2,38,26,False,ok,0,0.19444444444444445
Svea_Hovraett_etc_export_job_4502445_845640_Svea_Hovraett_-_Advokatfiskalen_Jaemtlands_laen__1702__3-6edbb12a/0036_DSC_0418/r1l18,744.0,93.0,512.0,64,30,2,32,32,False,ok,0,0.2
Svea_Hovraett_etc_export_job_4502445_845640_Svea_Hovraett_-_Advokatfiskalen_Jaemtlands_laen__1702__3-6edbb12a/0036_DSC_0418/r1l19,730.0,96.0,486.67,61,36,2,38,23,False,ok,0,0.08333333333333333
Svea_Hovraett_etc_export_job_4502445_845640_Svea_Hovraett_-_Advokatfiskalen_Jaemtlands_laen__1702__3-6edbb12a/0036_DSC_0418/r1l20,709.0,97.0,467.79,59,34,1,35,24,False,ok,0,0.11764705882352941
Svea_Hovraett_etc_export_job_4502445_845640_Svea_Hovraett_-_Advokatfiskalen_Jaemtlands_laen__1702__3-6edbb12a/0036_DSC_0418/r1l21,737.0,102.0,462.43,58,31,2,33,25,False,ok,0,0.06451612903225806
Svea_Hovraett_etc_export_job_4502445_845640_Svea_Hovraett_-_Advokatfiskalen_Jaemtlands_laen__1702__3-6edbb12a/0036_DSC_0418/r1l22,131.0,77.0,108.88,14,4,0,4,10,False,ok,0,1.0
Svea_Hovraett_etc_export_job_4502445_845640_Svea_Hovraett_-_Advokatfiskalen_Jaemtlands_laen__1702__3-6edbb12a/0036_DSC_0418/r3l1,78.0,64.0,78.0,10,4,0,4,6,False,ok,0,0.75
Svea_Hovraett_etc_export_job_4502445_845640_Svea_Hovraett_-_Advokatfiskalen_Jaemtlands_laen__1702__3-6edbb12a/0036_DSC_0418/r2l1,682.0,148.0,294.92,37,40,0,40,-3,True,ok,0,0.8
Svea_Hovraett_etc_export_job_4502445_845640_Svea_Hovraett_-_Advokatfiskalen_Jaemtlands_laen__1702__3-6edbb12a/0036_DSC_0418/r2l2,672.0,138.0,311.65,39,31,0,31,8,False,ok,0,0.8387096774193549
Svea_Hovraett_etc_export_job_4502445_845640_Svea_Hovraett_-_Advokatfiskalen_Jaemtlands_laen__1702__3-6edbb12a/0036_DSC_0418/r2l3,663.0,118.0,359.59,45,33,1,34,11,False,ok,0,0.8181818181818182
Svea_Hovraett_etc_export_job_4502445_845640_Svea_Hovraett_-_Advokatfiskalen_Jaemtlands_laen__1702__3-6edbb12a/0036_DSC_0418/r2l4,684.0,127.0,344.69,44,33,0,33,11,False,ok,0,0.5454545454545454
Svea_Hovraett_etc_export_job_4502445_845640_Svea_Hovraett_-_Advokatfiskalen_Jaemtlands_laen__1702__3-6edbb12a/0036_DSC_0418/r2l5,691.0,127.0,348.22,44,36,1,37,7,False,ok,0,0.6111111111111112
Svea_Hovraett_etc_export_job_4502445_845640_Svea_Hovraett_-_Advokatfiskalen_Jaemtlands_laen__1702__3-6edbb12a/0036_DSC_0418/r2l6,686.0,112.0,392.0,49,31,2,33,16,False,ok,0,0.22580645161290322
Svea_Hovraett_etc_export_job_4502445_845640_Svea_Hovraett_-_Advokatfiskalen_Jaemtlands_laen__1702__3-6edbb12a/0036_DSC_0418/r2l7,677.0,115.0,376.77,48,29,1,30,18,False,ok,0,0.41379310344827586
Svea_Hovraett_etc_export_job_4502445_845640_Svea_Hovraett_-_Advokatfiskalen_Jaemtlands_laen__1702__3-6edbb12a/0036_DSC_0418/r2l8,687.0,101.0,435.33,55,34,0,34,21,False,ok,0,0.20588235294117646
Svea_Hovraett_etc_export_job_4502445_845640_Svea_Hovraett_-_Advokatfiskalen_Jaemtlands_laen__1702__3-6edbb12a/0036_DSC_0418/r2l9,713.0,109.0,418.64,53,36,2,38,15,False,ok,0,0.3333333333333333
Svea_Hovraett_etc_export_job_4502445_845640_Svea_Hovraett_-_Advokatfiskalen_Jaemtlands_laen__1702__3-6edbb12a/0036_DSC_0418/r2l10,674.0,95.0,454.06,57,33,1,34,23,False,ok,0,0.21212121212121213
Svea_Hovraett_etc_export_job_4502445_845640_Svea_Hovraett_-_Advokatfiskalen_Jaemtlands_laen__1702__3-6edbb12a/0036_DSC_0418/r2l11,681.0,123.0,354.34,45,37,2,39,6,False,ok,0,0.2972972972972973
Svea_Hovraett_etc_export_job_4502445_845640_Svea_Hovraett_-_Advokatfiskalen_Jaemtlands_laen__1702__3-6edbb12a/0036_DSC_0418/r2l12,666.0,110.0,387.49,49,40,1,41,8,False,ok,0,0.325
Svea_Hovraett_etc_export_job_4502445_845640_Svea_Hovraett_-_Advokatfiskalen_Jaemtlands_laen__1702__3-6edbb12a/0036_DSC_0418/r2l13,702.0,79.0,568.71,72,32,3,35,37,False,ok,0,0.0625
Svea_Hovraett_etc_export_job_4502445_845640_Svea_Hovraett_-_Advokatfiskalen_Jaemtlands_laen__1702__3-6edbb12a/0036_DSC_0418/r2l14,709.0,95.0,477.64,60,27,0,27,33,False,ok,0,0.3333333333333333
Svea_Hovraett_etc_export_job_4502445_845640_Svea_Hovraett_-_Advokatfiskalen_Jaemtlands_laen__1702__3-6edbb12a/0036_DSC_0418/r2l15,690.0,108.0,408.89,52,29,0,29,23,False,ok,0,0.2413793103448276
Svea_Hovraett_etc_export_job_4502445_845640_Svea_Hovraett_-_Advokatfiskalen_Jaemtlands_laen__1702__3-6edbb12a/0036_DSC_0418/r2l16,734.0,95.0,494.48,62,34,1,35,27,False,ok,0,0.3235294117647059
Svea_Hovraett_etc_export_job_4502445_845640_Svea_Hovraett_-_Advokatfiskalen_Jaemtlands_laen__1702__3-6edbb12a/0036_DSC_0418/r2l17,727.0,100.0,465.28,59,36,2,38,21,False,ok,0,0.25
Svea_Hovraett_etc_export_job_4502445_845640_Svea_Hovraett_-_Advokatfiskalen_Jaemtlands_laen__1702__3-6edbb12a/0036_DSC_0418/r2l18,721.0,107.0,431.25,54,38,1,39,15,False,ok,0,0.21052631578947367
Svea_Hovraett_etc_export_job_4502445_845640_Svea_Hovraett_-_Advokatfiskalen_Jaemtlands_laen__1702__3-6edbb12a/0036_DSC_0418/r2l19,751.0,100.0,480.64,61,35,2,37,24,False,ok,0,0.22857142857142856
Svea_Hovraett_etc_export_job_4502445_845640_Svea_Hovraett_-_Advokatfiskalen_Jaemtlands_laen__1702__3-6edbb12a/0036_DSC_0418/r2l20,740.0,83.0,570.6,72,37,1,38,34,False,ok,0,0.10810810810810811
Svea_Hovraett_etc_export_job_4502445_845640_Svea_Hovraett_-_Advokatfiskalen_Jaemtlands_laen__1702__3-6edbb12a/0036_DSC_0418/r2l21,739.0,127.0,372.41,47,28,0,28,19,False,ok,0,0.32142857142857145
Svea_Hovraett_etc_export_job_4502445_845640_Svea_Hovraett_-_Advokatfiskalen_Jaemtlands_laen__1702__3-6edbb12a/0036_DSC_0418/r2l24,140.0,100.0,89.6,12,6,1,7,5,False,ok,0,1.0
Svea_Hovraett_etc_export_job_4502445_845640_Svea_Hovraett_-_Advokatfiskalen_Jaemtlands_laen__1702__3-6edbb12a/0037_DSC_0419/r1l1,594.0,94.0,404.43,51,37,3,40,11,False,ok,0,0.32432432432432434
Svea_Hovraett_etc_export_job_4502445_845640_Svea_Hovraett_-_Advokatfiskalen_Jaemtlands_laen__1702__3-6edbb12a/0037_DSC_0419/r1l2,617.0,95.0,415.66,52,33,2,35,17,False,ok,0,0.30303030303030304
Svea_Hovraett_etc_export_job_4502445_845640_Svea_Hovraett_-_Advokatfiskalen_Jaemtlands_laen__1702__3-6edbb12a/0037_DSC_0419/r1l3,606.0,94.0,412.6,52,33,0,33,19,False,ok,0,0.30303030303030304
Svea_Hovraett_etc_export_job_4502445_845640_Svea_Hovraett_-_Advokatfiskalen_Jaemtlands_laen__1702__3-6edbb12a/0037_DSC_0419/r1l4,440.0,91.0,309.45,39,18,2,20,19,False,ok,0,0.2222222222222222
Svea_Hovraett_etc_export_job_4502445_845640_Svea_Hovraett_-_Advokatfiskalen_Jaemtlands_laen__1702__3-6edbb12a/0037_DSC_0419/r1l5,668.0,96.0,445.33,56,29,2,31,25,False,ok,0,0.41379310344827586
Svea_Hovraett_etc_export_job_4502445_845640_Svea_Hovraett_-_Advokatfiskalen_Jaemtlands_laen__1702__3-6edbb12a/0037_DSC_0419/r1l6,627.0,90.0,445.87,56,30,1,31,25,False,ok,0,0.23333333333333334
Svea_Hovraett_etc_export_job_4502445_845640_Svea_Hovraett_-_Advokatfiskalen_Jaemtlands_laen__1702__3-6edbb12a/0037_DSC_0419/r1l7,621.0,99.0,401.45,51,34,2,36,15,False,ok,0,0.23529411764705882
Svea_Hovraett_etc_export_job_4502445_845640_Svea_Hovraett_-_Advokatfiskalen_Jaemtlands_laen__1702__3-6edbb12a/0037_DSC_0419/r1l8,617.0,89.0,443.69,56,31,1,32,24,False,ok,0,0.25806451612903225
Svea_Hovraett_etc_export_job_4502445_845640_Svea_Hovraett_-_Advokatfiskalen_Jaemtlands_laen__1702__3-6edbb12a/0037_DSC_0419/r1l9,629.0,96.0,419.33,53,34,2,36,17,False,ok,0,0.20588235294117646
Svea_Hovraett_etc_export_job_4502445_845640_Svea_Hovraett_-_Advokatfiskalen_Jaemtlands_laen__1702__3-6edbb12a/0037_DSC_0419/r1l10,624.0,81.0,493.04,62,30,1,31,31,False,ok,0,0.13333333333333333
Svea_Hovraett_etc_export_job_4502445_845640_Svea_Hovraett_-_Advokatfiskalen_Jaemtlands_laen__1702__3-6edbb12a/0037_DSC_0419/r1l11,530.0,85.0,399.06,50,25,1,26,24,False,ok,0,0.0
Svea_Hovraett_etc_export_job_4502445_845640_Svea_Hovraett_-_Advokatfiskalen_Jaemtlands_laen__1702__3-6edbb12a/0037_DSC_0419/r1l12,645.0,92.0,448.7,57,40,2,42,15,False,ok,0,0.3
Svea_Hovraett_etc_export_job_4502445_845640_Svea_Hovraett_-_Advokatfiskalen_Jaemtlands_laen__1702__3-6edbb12a/0037_DSC_0419/r1l13,652.0,94.0,443.91,56,36,0,36,20,False,ok,0,0.2222222222222222
Svea_Hovraett_etc_export_job_4502445_845640_Svea_Hovraett_-_Advokatfiskalen_Jaemtlands_laen__1702__3-6edbb12a/0037_DSC_0419/r1l14,651.0,83.0,501.98,63,33,0,33,30,False,ok,0,0.21212121212121213
Svea_Hovraett_etc_export_job_4502445_845640_Svea_Hovraett_-_Advokatfiskalen_Jaemtlands_laen__1702__3-6edbb12a/0037_DSC_0419/r1l15,658.0,87.0,484.05,61,31,0,31,30,False,ok,0,0.22580645161290322
Svea_Hovraett_etc_export_job_4502445_845640_Svea_Hovraett_-_Advokatfiskalen_Jaemtlands_laen__1702__3-6edbb12a/0037_DSC_0419/r1l16,663.0,68.0,624.0,78,35,0,35,43,False,ok,0,0.17142857142857143
Svea_Hovraett_etc_export_job_4502445_845640_Svea_Hovraett_-_Advokatfiskalen_Jaemtlands_laen__1702__3-6edbb12a/0037_DSC_0419/r1l17,653.0,105.0,398.02,50,31,0,31,19,False,ok,0,0.22580645161290322
Svea_Hovraett_etc_export_job_4502445_845640_Svea_Hovraett_-_Advokatfiskalen_Jaemtlands_laen__1702__3-6edbb12a/0037_DSC_0419/r1l18,596.0,116.0,328.83,42,27,2,29,13,False,ok,0,0.07407407407407407
Svea_Hovraett_etc_export_job_4502445_845640_Svea_Hovraett_-_Advokatfiskalen_Jaemtlands_laen__1702__3-6edbb12a/0037_DSC_0419/r1l19,697.0,98.0,455.18,57,32,0,32,25,False,ok,0,0.34375
Svea_Hovraett_etc_export_job_4502445_845640_Svea_Hovraett_-_Advokatfiskalen_Jaemtlands_laen__1702__3-6edbb12a/0037_DSC_0419/r1l20,696.0,115.0,387.34,49,33,1,34,15,False,ok,0,0.21212121212121213
Svea_Hovraett_etc_export_job_4502445_845640_Svea_Hovraett_-_Advokatfiskalen_Jaemtlands_laen__1702__3-6edbb12a/0037_DSC_0419/r1l21,699.0,93.0,481.03,61,30,2,32,29,False,ok,0,0.13333333333333333
Svea_Hovraett_etc_export_job_4502445_845640_Svea_Hovraett_-_Advokatfiskalen_Jaemtlands_laen__1702__3-6edbb12a/0037_DSC_0419/r1l22,102.0,97.0,67.3,9,7,0,7,2,False,ok,0,1.0
Svea_Hovraett_etc_export_job_4502445_845640_Svea_Hovraett_-_Advokatfiskalen_Jaemtlands_laen__1702__3-6edbb12a/0037_DSC_0419/r2l1,76.0,52.0,93.54,12,4,0,4,8,False,ok,0,1.0
Svea_Hovraett_etc_export_job_4502445_845640_Svea_Hovraett_-_Advokatfiskalen_Jaemtlands_laen__1702__3-6edbb12a/0037_DSC_0419/r2l2,633.0,129.0,314.05,40,35,1,36,4,False,ok,0,0.6857142857142857
Svea_Hovraett_etc_export_job_4502445_845640_Svea_Hovraett_-_Advokatfiskalen_Jaemtlands_laen__1702__3-6edbb12a/0037_DSC_0419/r2l3,618.0,115.0,343.93,43,39,1,40,3,False,ok,0,0.6410256410256411
Svea_Hovraett_etc_export_job_4502445_845640_Svea_Hovraett_-_Advokatfiskalen_Jaemtlands_laen__1702__3-6edbb12a/0037_DSC_0419/r2l4,641.0,129.0,318.02,40,33,1,34,6,False,ok,0,0.7878787878787878
Svea_Hovraett_etc_export_job_4502445_845640_Svea_Hovraett_-_Advokatfiskalen_Jaemtlands_laen__1702__3-6edbb12a/0037_DSC_0419/r2l5,638.0,113.0,361.35,46,35,2,37,9,False,ok,0,0.5714285714285714
Svea_Hovraett_etc_export_job_4502445_845640_Svea_Hovraett_-_Advokatfiskalen_Jaemtlands_laen__1702__3-6edbb12a/0037_DSC_0419/r2l6,621.0,97.0,409.73,52,29,3,32,20,False,ok,0,0.27586206896551724
Svea_Hovraett_etc_export_job_4502445_845640_Svea_Hovraett_-_Advokatfiskalen_Jaemtlands_laen__1702__3-6edbb12a/0037_DSC_0419/r2l7,609.0,95.0,410.27,52,32,2,34,18,False,ok,0,0.15625
Svea_Hovraett_etc_export_job_4502445_845640_Svea_Hovraett_-_Advokatfiskalen_Jaemtlands_laen__1702__3-6edbb12a/0037_DSC_0419/r2l8,645.0,107.0,385.79,49,35,2,37,12,False,ok,0,0.2571428571428571
Svea_Hovraett_etc_export_job_4502445_845640_Svea_Hovraett_-_Advokatfiskalen_Jaemtlands_laen__1702__3-6edbb12a/0037_DSC_0419/r2l9,647.0,101.0,409.98,52,33,0,33,19,False,ok,0,0.15151515151515152
Svea_Hovraett_etc_export_job_4502445_845640_Svea_Hovraett_-_Advokatfiskalen_Jaemtlands_laen__1702__3-6edbb12a/0037_DSC_0419/r2l10,666.0,99.0,430.55,54,39,3,42,12,False,ok,0,0.4358974358974359
Svea_Hovraett_etc_export_job_4502445_845640_Svea_Hovraett_-_Advokatfiskalen_Jaemtlands_laen__1702__3-6edbb12a/0037_DSC_0419/r2l11,691.0,92.0,480.7,61,35,2,37,24,False,ok,0,0.2
Svea_Hovraett_etc_export_job_4502445_845640_Svea_Hovraett_-_Advokatfiskalen_Jaemtlands_laen__1702__3-6edbb12a/0037_DSC_0419/r2l12,701.0,103.0,435.57,55,38,2,40,15,False,ok,0,0.10526315789473684
Svea_Hovraett_etc_export_job_4502445_845640_Svea_Hovraett_-_Advokatfiskalen_Jaemtlands_laen__1702__3-6edbb12a/0037_DSC_0419/r2l13,657.0,100.0,420.48,53,30,1,31,22,False,ok,0,0.1
Svea_Hovraett_etc_export_job_4502445_845640_Svea_Hovraett_-_Advokatfiskalen_Jaemtlands_laen__1702__3-6edbb12a/0037_DSC_0419/r2l14,712.0,103.0,442.41,56,39,0,39,17,False,ok,0,0.20512820512820512
Svea_Hovraett_etc_export_job_4502445_845640_Svea_Hovraett_-_Advokatfiskalen_Jaemtlands_laen__1702__3-6edbb12a/0037_DSC_0419/r2l15,688.0,91.0,483.87,61,29,1,30,31,False,ok,0,0.4482758620689655
Svea_Hovraett_etc_export_job_4502445_845640_Svea_Hovraett_-_Advokatfiskalen_Jaemtlands_laen__1702__3-6edbb12a/0037_DSC_0419/r2l16,689.0,94.0,469.11,59,34,3,37,22,False,ok,0,0.4411764705882353
Svea_Hovraett_etc_export_job_4502445_845640_Svea_Hovraett_-_Advokatfiskalen_Jaemtlands_laen__1702__3-6edbb12a/0037_DSC_0419/r2l17,677.0,73.0,593.53,75,28,0,28,47,False,ok,0,0.14285714285714285
Svea_Hovraett_etc_export_job_4502445_845640_Svea_Hovraett_-_Advokatfiskalen_Jaemtlands_laen__1702__3-6edbb12a/0037_DSC_0419/r2l18,677.0,97.0,446.68,56,31,3,34,22,False,ok,0,0.0967741935483871
Svea_Hovraett_etc_export_job_4502445_845640_Svea_Hovraett_-_Advokatfiskalen_Jaemtlands_laen__1702__3-6edbb12a/0037_DSC_0419/r2l19,216.0,81.0,170.67,22,9,0,9,13,False,ok,0,0.3333333333333333
Svea_Hovraett_etc_export_job_4502445_845640_Svea_Hovraett_-_Advokatfiskalen_Jaemtlands_laen__1702__3-6edbb12a/0037_DSC_0419/r2l20,707.0,114.0,396.91,50,34,2,36,14,False,ok,0,0.3235294117647059
Svea_Hovraett_etc_export_job_4502445_845640_Svea_Hovraett_-_Advokatfiskalen_Jaemtlands_laen__1702__3-6edbb12a/0037_DSC_0419/r2l22,714.0,98.0,466.29,59,28,0,28,31,False,ok,0,0.25
Svea_Hovraett_etc_export_job_4502445_845640_Svea_Hovraett_-_Advokatfiskalen_Jaemtlands_laen__1702__3-6edbb12a/0037_DSC_0419/r2l23,150.0,70.0,137.14,18,3,0,3,15,False,ok,0,1.0
Svea_Hovraett_etc_export_job_4502445_845640_Svea_Hovraett_-_Advokatfiskalen_Jaemtlands_laen__1702__3-6edbb12a/0038_DSC_0420/r1l1,634.0,134.0,302.81,38,37,3,40,-2,True,ok,0,0.8378378378378378
Svea_Hovraett_etc_export_job_4502445_845640_Svea_Hovraett_-_Advokatfiskalen_Jaemtlands_laen__1702__3-6edbb12a/0038_DSC_0420/r1l2,628.0,138.0,291.25,37,34,1,35,2,False,ok,0,0.7941176470588235
Svea_Hovraett_etc_export_job_4502445_845640_Svea_Hovraett_-_Advokatfiskalen_Jaemtlands_laen__1702__3-6edbb12a/0038_DSC_0420/r1l3,619.0,125.0,316.93,40,36,1,37,3,False,ok,0,0.5277777777777778
Svea_Hovraett_etc_export_job_4502445_845640_Svea_Hovraett_-_Advokatfiskalen_Jaemtlands_laen__1702__3-6edbb12a/0038_DSC_0420/r1l4,401.0,83.0,309.2,39,17,1,18,21,False,ok,0,0.058823529411764705
Svea_Hovraett_etc_export_job_4502445_845640_Svea_Hovraett_-_Advokatfiskalen_Jaemtlands_laen__1702__3-6edbb12a/0038_DSC_0420/r1l5,638.0,106.0,385.21,49,42,2,44,5,False,ok,0,0.5714285714285714
Svea_Hovraett_etc_export_job_4502445_845640_Svea_Hovraett_-_Advokatfiskalen_Jaemtlands_laen__1702__3-6edbb12a/0038_DSC_0420/r1l6,360.0,109.0,211.38,27,17,0,17,10,False,ok,0,0.35294117647058826
Svea_Hovraett_etc_export_job_4502445_845640_Svea_Hovraett_-_Advokatfiskalen_Jaemtlands_laen__1702__3-6edbb12a/0038_DSC_0420/r1l7,576.0,100.0,368.64,47,32,0,32,15,False,ok,0,0.40625
Svea_Hovraett_etc_export_job_4502445_845640_Svea_Hovraett_-_Advokatfiskalen_Jaemtlands_laen__1702__3-6edbb12a/0038_DSC_0420/r1l8,660.0,90.0,469.33,59,37,1,38,21,False,ok,0,0.21621621621621623
Svea_Hovraett_etc_export_job_4502445_845640_Svea_Hovraett_-_Advokatfiskalen_Jaemtlands_laen__1702__3-6edbb12a/0038_DSC_0420/r1l9,673.0,102.0,422.27,53,33,1,34,19,False,ok,0,0.2727272727272727
Svea_Hovraett_etc_export_job_4502445_845640_Svea_Hovraett_-_Advokatfiskalen_Jaemtlands_laen__1702__3-6edbb12a/0038_DSC_0420/r1l10,658.0,110.0,382.84,48,36,3,39,9,False,ok,0,0.3611111111111111
Svea_Hovraett_etc_export_job_4502445_845640_Svea_Hovraett_-_Advokatfiskalen_Jaemtlands_laen__1702__3-6edbb12a/0038_DSC_0420/r1l11,679.0,101.0,430.26,54,33,1,34,20,False,ok,0,0.12121212121212122
Svea_Hovraett_etc_export_job_4502445_845640_Svea_Hovraett_-_Advokatfiskalen_Jaemtlands_laen__1702__3-6edbb12a/0038_DSC_0420/r1l12,679.0,88.0,493.82,62,32,1,33,29,False,ok,0,0.09375
Svea_Hovraett_etc_export_job_4502445_845640_Svea_Hovraett_-_Advokatfiskalen_Jaemtlands_laen__1702__3-6edbb12a/0038_DSC_0420/r1l13,688.0,94.0,468.43,59,28,1,29,30,False,ok,0,0.10714285714285714
Svea_Hovraett_etc_export_job_4502445_845640_Svea_Hovraett_-_Advokatfiskalen_Jaemtlands_laen__1702__3-6edbb12a/0038_DSC_0420/r1l14,696.0,100.0,445.44,56,36,1,37,19,False,ok,0,0.19444444444444445
Svea_Hovraett_etc_export_job_4502445_845640_Svea_Hovraett_-_Advokatfiskalen_Jaemtlands_laen__1702__3-6edbb12a/0038_DSC_0420/r1l15,682.0,91.0,479.65,60,33,0,33,27,False,ok,0,0.21212121212121213
Svea_Hovraett_etc_export_job_4502445_845640_Svea_Hovraett_-_Advokatfiskalen_Jaemtlands_laen__1702__3-6edbb12a/0038_DSC_0420/r1l16,700.0,112.0,400.0,50,40,4,44,6,False,ok,0,0.325
Svea_Hovraett_etc_export_job_4502445_845640_Svea_Hovraett_-_Advokatfiskalen_Jaemtlands_laen__1702__3-6edbb12a/0038_DSC_0420/r1l17,691.0,100.0,442.24,56,34,1,35,21,False,ok,0,0.11764705882352941
Svea_Hovraett_etc_export_job_4502445_845640_Svea_Hovraett_-_Advokatfiskalen_Jaemtlands_laen__1702__3-6edbb12a/0038_DSC_0420/r1l18,601.0,84.0,457.9,58,28,1,29,29,False,ok,0,0.10714285714285714
Svea_Hovraett_etc_export_job_4502445_845640_Svea_Hovraett_-_Advokatfiskalen_Jaemtlands_laen__1702__3-6edbb12a/0038_DSC_0420/r1l19,714.0,103.0,443.65,56,41,2,43,13,False,ok,0,0.17073170731707318
Svea_Hovraett_etc_export_job_4502445_845640_Svea_Hovraett_-_Advokatfiskalen_Jaemtlands_laen__1702__3-6edbb12a/0038_DSC_0420/r1l21,720.0,113.0,407.79,51,40,3,43,8,False,ok,0,0.3
Svea_Hovraett_etc_export_job_4502445_845640_Svea_Hovraett_-_Advokatfiskalen_Jaemtlands_laen__1702__3-6edbb12a/0038_DSC_0420/line_1638793278183_472,672.0,139.0,309.41,39,35,1,36,3,False,ok,0,0.8
Svea_Hovraett_etc_export_job_4502445_845640_Svea_Hovraett_-_Advokatfiskalen_Jaemtlands_laen__1702__3-6edbb12a/0038_DSC_0420/r2l3,640.0,130.0,315.08,40,35,1,36,4,False,ok,0,0.7714285714285715
Svea_Hovraett_etc_export_job_4502445_845640_Svea_Hovraett_-_Advokatfiskalen_Jaemtlands_laen__1702__3-6edbb12a/0038_DSC_0420/r2l4,655.0,121.0,346.45,44,33,2,35,9,False,ok,0,0.48484848484848486
Svea_Hovraett_etc_export_job_4502445_845640_Svea_Hovraett_-_Advokatfiskalen_Jaemtlands_laen__1702__3-6edbb12a/0038_DSC_0420/r2l5,643.0,130.0,316.55,40,30,1,31,9,False,ok,0,0.7333333333333333
Svea_Hovraett_etc_export_job_4502445_845640_Svea_Hovraett_-_Advokatfiskalen_Jaemtlands_laen__1702__3-6edbb12a/0038_DSC_0420/r2l6,673.0,122.0,353.05,45,33,0,33,12,False,ok,0,0.45454545454545453
Svea_Hovraett_etc_export_job_4502445_845640_Svea_Hovraett_-_Advokatfiskalen_Jaemtlands_laen__1702__3-6edbb12a/0038_DSC_0420/r2l7,683.0,115.0,380.1,48,34,0,34,14,False,ok,0,0.47058823529411764
Svea_Hovraett_etc_export_job_4502445_845640_Svea_Hovraett_-_Advokatfiskalen_Jaemtlands_laen__1702__3-6edbb12a/0038_DSC_0420/r2l8,687.0,120.0,366.4,46,36,1,37,9,False,ok,0,0.3055555555555556
Svea_Hovraett_etc_export_job_4502445_845640_Svea_Hovraett_-_Advokatfiskalen_Jaemtlands_laen__1702__3-6edbb12a/0038_DSC_0420/r2l9,687.0,115.0,382.33,48,35,1,36,12,False,ok,0,0.2857142857142857
Svea_Hovraett_etc_export_job_4502445_845640_Svea_Hovraett_-_Advokatfiskalen_Jaemtlands_laen__1702__3-6edbb12a/0038_DSC_0420/r2l10,278.0,102.0,174.43,22,14,1,15,7,False,ok,0,0.42857142857142855
Svea_Hovraett_etc_export_job_4502445_845640_Svea_Hovraett_-_Advokatfiskalen_Jaemtlands_laen__1702__3-6edbb12a/0038_DSC_0420/r2l11,709.0,117.0,387.83,49,33,1,34,15,False,ok,0,0.42424242424242425
Svea_Hovraett_etc_export_job_4502445_845640_Svea_Hovraett_-_Advokatfiskalen_Jaemtlands_laen__1702__3-6edbb12a/0038_DSC_0420/r2l12,692.0,138.0,320.93,41,36,3,39,2,False,ok,0,0.4722222222222222
Svea_Hovraett_etc_export_job_4502445_845640_Svea_Hovraett_-_Advokatfiskalen_Jaemtlands_laen__1702__3-6edbb12a/0038_DSC_0420/r2l13,695.0,121.0,367.6,46,34,2,36,10,False,ok,0,0.47058823529411764
Svea_Hovraett_etc_export_job_4502445_845640_Svea_Hovraett_-_Advokatfiskalen_Jaemtlands_laen__1702__3-6edbb12a/0038_DSC_0420/r2l14,704.0,137.0,328.88,42,40,1,41,1,False,ok,0,0.7
Svea_Hovraett_etc_export_job_4502445_845640_Svea_Hovraett_-_Advokatfiskalen_Jaemtlands_laen__1702__3-6edbb12a/0038_DSC_0420/r2l15,708.0,102.0,444.24,56,37,2,39,17,False,ok,0,0.35135135135135137
Svea_Hovraett_etc_export_job_4502445_845640_Svea_Hovraett_-_Advokatfiskalen_Jaemtlands_laen__1702__3-6edbb12a/0038_DSC_0420/r2l16,707.0,111.0,407.64,51,35,0,35,16,False,ok,0,0.34285714285714286
Svea_Hovraett_etc_export_job_4502445_845640_Svea_Hovraett_-_Advokatfiskalen_Jaemtlands_laen__1702__3-6edbb12a/0038_DSC_0420/r2l17,696.0,105.0,424.23,54,33,1,34,20,False,ok,0,0.21212121212121213
Svea_Hovraett_etc_export_job_4502445_845640_Svea_Hovraett_-_Advokatfiskalen_Jaemtlands_laen__1702__3-6edbb12a/0038_DSC_0420/r2l18,714.0,108.0,423.11,53,34,2,36,17,False,ok,0,0.2647058823529412
Svea_Hovraett_etc_export_job_4502445_845640_Svea_Hovraett_-_Advokatfiskalen_Jaemtlands_laen__1702__3-6edbb12a/0038_DSC_0420/r2l19,721.0,105.0,439.47,55,37,2,39,16,False,ok,0,0.35135135135135137
Svea_Hovraett_etc_export_job_4502445_845640_Svea_Hovraett_-_Advokatfiskalen_Jaemtlands_laen__1702__3-6edbb12a/0038_DSC_0420/r2l20,742.0,132.0,359.76,45,37,4,41,4,False,ok,0,0.2972972972972973
Svea_Hovraett_etc_export_job_4502445_845640_Svea_Hovraett_-_Advokatfiskalen_Jaemtlands_laen__1702__3-6edbb12a/0038_DSC_0420/r2l21,743.0,120.0,396.27,50,34,2,36,14,False,ok,0,0.3235294117647059
Svea_Hovraett_etc_export_job_4502445_845640_Svea_Hovraett_-_Advokatfiskalen_Jaemtlands_laen__1702__3-6edbb12a/0038_DSC_0420/r2l22,748.0,131.0,365.44,46,33,1,34,12,False,ok,0,0.45454545454545453
Svea_Hovraett_etc_export_job_4502445_845640_Svea_Hovraett_-_Advokatfiskalen_Jaemtlands_laen__1702__3-6edbb12a/0038_DSC_0420/r2l23,119.0,46.0,165.57,21,3,0,3,18,False,ok,0,1.0
Svea_Hovraett_etc_export_job_4502445_845640_Svea_Hovraett_-_Advokatfiskalen_Jaemtlands_laen__1702__3-6edbb12a/0038_DSC_0420/r3l2,75.0,52.0,92.31,12,3,0,3,9,False,ok,0,0.6666666666666666
Svea_Hovraett_etc_export_job_4502445_845640_Svea_Hovraett_-_Advokatfiskalen_Jaemtlands_laen__1702__3-6edbb12a/0039_DSC_0421/r1l1,638.0,139.0,293.76,37,34,1,35,2,False,ok,0,0.7352941176470589
Svea_Hovraett_etc_export_job_4502445_845640_Svea_Hovraett_-_Advokatfiskalen_Jaemtlands_laen__1702__3-6edbb12a/0039_DSC_0421/r1l2,629.0,111.0,362.67,46,31,0,31,15,False,ok,0,0.4838709677419355
Svea_Hovraett_etc_export_job_4502445_845640_Svea_Hovraett_-_Advokatfiskalen_Jaemtlands_laen__1702__3-6edbb12a/0039_DSC_0421/r1l3,664.0,111.0,382.85,48,32,4,36,12,False,ok,0,0.46875
Svea_Hovraett_etc_export_job_4502445_845640_Svea_Hovraett_-_Advokatfiskalen_Jaemtlands_laen__1702__3-6edbb12a/0039_DSC_0421/r1l4,630.0,106.0,380.38,48,34,1,35,13,False,ok,0,0.29411764705882354
Svea_Hovraett_etc_export_job_4502445_845640_Svea_Hovraett_-_Advokatfiskalen_Jaemtlands_laen__1702__3-6edbb12a/0039_DSC_0421/r1l5,598.0,80.0,478.4,60,28,1,29,31,False,ok,0,0.14285714285714285
Svea_Hovraett_etc_export_job_4502445_845640_Svea_Hovraett_-_Advokatfiskalen_Jaemtlands_laen__1702__3-6edbb12a/0039_DSC_0421/r1l6,661.0,108.0,391.7,49,32,2,34,15,False,ok,0,0.28125
Svea_Hovraett_etc_export_job_4502445_845640_Svea_Hovraett_-_Advokatfiskalen_Jaemtlands_laen__1702__3-6edbb12a/0039_DSC_0421/r1l7,654.0,99.0,422.79,53,33,2,35,18,False,ok,0,0.21212121212121213
Svea_Hovraett_etc_export_job_4502445_845640_Svea_Hovraett_-_Advokatfiskalen_Jaemtlands_laen__1702__3-6edbb12a/0039_DSC_0421/r1l8,667.0,98.0,435.59,55,38,2,40,15,False,ok,0,0.2631578947368421
Svea_Hovraett_etc_export_job_4502445_845640_Svea_Hovraett_-_Advokatfiskalen_Jaemtlands_laen__1702__3-6edbb12a/0039_DSC_0421/r1l9,667.0,94.0,454.13,57,36,0,36,21,False,ok,0,0.08333333333333333
Svea_Hovraett_etc_export_job_4502445_845640_Svea_Hovraett_-_Advokatfiskalen_Jaemtlands_laen__1702__3-6edbb12a/0039_DSC_0421/r1l10,661.0,91.0,464.88,59,34,4,38,21,False,ok,0,0.058823529411764705
Svea_Hovraett_etc_export_job_4502445_845640_Svea_Hovraett_-_Advokatfiskalen_Jaemtlands_laen__1702__3-6edbb12a/0039_DSC_0421/r1l11,673.0,102.0,422.27,53,35,2,37,16,False,ok,0,0.11428571428571428
Svea_Hovraett_etc_export_job_4502445_845640_Svea_Hovraett_-_Advokatfiskalen_Jaemtlands_laen__1702__3-6edbb12a/0039_DSC_0421/r1l12,669.0,86.0,497.86,63,33,1,34,29,False,ok,0,0.09090909090909091
Svea_Hovraett_etc_export_job_4502445_845640_Svea_Hovraett_-_Advokatfiskalen_Jaemtlands_laen__1702__3-6edbb12a/0039_DSC_0421/r1l13,691.0,100.0,442.24,56,36,2,38,18,False,ok,0,0.2222222222222222
Svea_Hovraett_etc_export_job_4502445_845640_Svea_Hovraett_-_Advokatfiskalen_Jaemtlands_laen__1702__3-6edbb12a/0039_DSC_0421/r1l14,696.0,113.0,394.19,50,38,3,41,9,False,ok,0,0.21052631578947367
Svea_Hovraett_etc_export_job_4502445_845640_Svea_Hovraett_-_Advokatfiskalen_Jaemtlands_laen__1702__3-6edbb12a/0039_DSC_0421/r1l15,679.0,81.0,536.49,68,38,1,39,29,False,ok,0,0.13157894736842105
Svea_Hovraett_etc_export_job_4502445_845640_Svea_Hovraett_-_Advokatfiskalen_Jaemtlands_laen__1702__3-6edbb12a/0039_DSC_0421/r1l16,686.0,86.0,510.51,64,30,3,33,31,False,ok,0,0.16666666666666666
Svea_Hovraett_etc_export_job_4502445_845640_Svea_Hovraett_-_Advokatfiskalen_Jaemtlands_laen__1702__3-6edbb12a/0039_DSC_0421/r1l17,696.0,93.0,478.97,60,35,2,37,23,False,ok,0,0.11428571428571428
Svea_Hovraett_etc_export_job_4502445_845640_Svea_Hovraett_-_Advokatfiskalen_Jaemtlands_laen__1702__3-6edbb12a/0039_DSC_0421/r1l18,709.0,105.0,432.15,55,39,1,40,15,False,ok,0,0.1282051282051282
Svea_Hovraett_etc_export_job_4502445_845640_Svea_Hovraett_-_Advokatfiskalen_Jaemtlands_laen__1702__3-6edbb12a/0039_DSC_0421/r1l19,700.0,97.0,461.86,58,33,0,33,25,False,ok,0,0.06060606060606061
Svea_Hovraett_etc_export_job_4502445_845640_Svea_Hovraett_-_Advokatfiskalen_Jaemtlands_laen__1702__3-6edbb12a/0039_DSC_0421/r1l21,713.0,108.0,422.52,53,31,1,32,21,False,ok,0,0.06451612903225806
Svea_Hovraett_etc_export_job_4502445_845640_Svea_Hovraett_-_Advokatfiskalen_Jaemtlands_laen__1702__3-6edbb12a/0039_DSC_0421/r1l22,720.0,107.0,430.65,54,37,1,38,16,False,ok,0,0.10810810810810811
Svea_Hovraett_etc_export_job_4502445_845640_Svea_Hovraett_-_Advokatfiskalen_Jaemtlands_laen__1702__3-6edbb12a/0039_DSC_0421/r2l1,625.0,155.0,258.06,33,41,1,42,-9,True,ok,0,0.8048780487804879
Svea_Hovraett_etc_export_job_4502445_845640_Svea_Hovraett_-_Advokatfiskalen_Jaemtlands_laen__1702__3-6edbb12a/0039_DSC_0421/r2l2,633.0,130.0,311.63,39,35,2,37,2,False,ok,0,0.9142857142857143
Svea_Hovraett_etc_export_job_4502445_845640_Svea_Hovraett_-_Advokatfiskalen_Jaemtlands_laen__1702__3-6edbb12a/0039_DSC_0421/r2l3,632.0,129.0,313.55,40,33,1,34,6,False,ok,0,0.8787878787878788
Svea_Hovraett_etc_export_job_4502445_845640_Svea_Hovraett_-_Advokatfiskalen_Jaemtlands_laen__1702__3-6edbb12a/0039_DSC_0421/r2l4,644.0,115.0,358.4,45,33,0,33,12,False,ok,0,0.7878787878787878
Svea_Hovraett_etc_export_job_4502445_845640_Svea_Hovraett_-_Advokatfiskalen_Jaemtlands_laen__1702__3-6edbb12a/0039_DSC_0421/r2l5,654.0,112.0,373.71,47,34,2,36,11,False,ok,0,0.38235294117647056
Svea_Hovraett_etc_export_job_4502445_845640_Svea_Hovraett_-_Advokatfiskalen_Jaemtlands_laen__1702__3-6edbb12a/0039_DSC_0421/r2l6,677.0,121.0,358.08,45,33,0,33,12,False,ok,0,0.3939393939393939
Svea_Hovraett_etc_export_job_4502445_845640_Svea_Hovraett_-_Advokatfiskalen_Jaemtlands_laen__1702__3-6edbb12a/0039_DSC_0421/r2l7,660.0,117.0,361.03,46,31,2,33,13,False,ok,0,0.4838709677419355
Svea_Hovraett_etc_export_job_4502445_845640_Svea_Hovraett_-_Advokatfiskalen_Jaemtlands_laen__1702__3-6edbb12a/0039_DSC_0421/r2l8,672.0,109.0,394.57,50,36,1,37,13,False,ok,0,0.3611111111111111
Svea_Hovraett_etc_export_job_4502445_845640_Svea_Hovraett_-_Advokatfiskalen_Jaemtlands_laen__1702__3-6edbb12a/0039_DSC_0421/r2l9,670.0,131.0,327.33,41,32,1,33,8,False,ok,0,0.53125
Svea_Hovraett_etc_export_job_4502445_845640_Svea_Hovraett_-_Advokatfiskalen_Jaemtlands_laen__1702__3-6edbb12a/0039_DSC_0421/r2l10,666.0,107.0,398.36,50,33,0,33,17,False,ok,0,0.15151515151515152
Svea_Hovraett_etc_export_job_4502445_845640_Svea_Hovraett_-_Advokatfiskalen_Jaemtlands_laen__1702__3-6edbb12a/0039_DSC_0421/r2l11,698.0,113.0,395.33,50,36,2,38,12,False,ok,0,0.2777777777777778
Svea_Hovraett_etc_export_job_4502445_845640_Svea_Hovraett_-_Advokatfiskalen_Jaemtlands_laen__1702__3-6edbb12a/0039_DSC_0421/r2l12,690.0,107.0,412.71,52,31,3,34,18,False,ok,0,0.2903225806451613
Svea_Hovraett_etc_export_job_4502445_845640_Svea_Hovraett_-_Advokatfiskalen_Jaemtlands_laen__1702__3-6edbb12a/0039_DSC_0421/r2l13,696.0,113.0,394.19,50,35,1,36,14,False,ok,0,0.2
Svea_Hovraett_etc_export_job_4502445_845640_Svea_Hovraett_-_Advokatfiskalen_Jaemtlands_laen__1702__3-6edbb12a/0039_DSC_0421/r2l14,697.0,103.0,433.09,55,36,3,39,16,False,ok,0,0.2777777777777778
Svea_Hovraett_etc_export_job_4502445_845640_Svea_Hovraett_-_Advokatfiskalen_Jaemtlands_laen__1702__3-6edbb12a/0039_DSC_0421/r2l15,687.0,88.0,499.64,63,33,2,35,28,False,ok,0,0.30303030303030304
Svea_Hovraett_etc_export_job_4502445_845640_Svea_Hovraett_-_Advokatfiskalen_Jaemtlands_laen__1702__3-6edbb12a/0039_DSC_0421/r2l16,688.0,99.0,444.77,56,32,1,33,23,False,ok,0,0.3125
Svea_Hovraett_etc_export_job_4502445_845640_Svea_Hovraett_-_Advokatfiskalen_Jaemtlands_laen__1702__3-6edbb12a/0039_DSC_0421/r2l17,686.0,119.0,368.94,47,36,1,37,10,False,ok,0,0.3888888888888889
Svea_Hovraett_etc_export_job_4502445_845640_Svea_Hovraett_-_Advokatfiskalen_Jaemtlands_laen__1702__3-6edbb12a/0039_DSC_0421/r2l18,712.0,112.0,406.86,51,32,0,32,19,False,ok,0,0.28125
Svea_Hovraett_etc_export_job_4502445_845640_Svea_Hovraett_-_Advokatfiskalen_Jaemtlands_laen__1702__3-6edbb12a/0039_DSC_0421/r2l19,718.0,121.0,379.77,48,36,2,38,10,False,ok,0,0.5
Svea_Hovraett_etc_export_job_4502445_845640_Svea_Hovraett_-_Advokatfiskalen_Jaemtlands_laen__1702__3-6edbb12a/0039_DSC_0421/r2l20,722.0,105.0,440.08,56,31,1,32,24,False,ok,0,0.2903225806451613
Svea_Hovraett_etc_export_job_4502445_845640_Svea_Hovraett_-_Advokatfiskalen_Jaemtlands_laen__1702__3-6edbb12a/0039_DSC_0421/r2l21,718.0,128.0,359.0,45,33,2,35,10,False,ok,0,0.3333333333333333
Svea_Hovraett_etc_export_job_4502445_845640_Svea_Hovraett_-_Advokatfiskalen_Jaemtlands_laen__1702__3-6edbb12a/0039_DSC_0421/r2l22,146.0,68.0,137.41,18,5,1,6,12,False,ok,0,0.8
Svea_Hovraett_etc_export_job_4502445_845640_Svea_Hovraett_-_Advokatfiskalen_Jaemtlands_laen__1702__3-6edbb12a/0039_DSC_0421/r3l2,58.0,45.0,82.49,11,3,0,3,8,False,ok,0,1.0
Svea_Hovraett_etc_export_job_4502445_845640_Svea_Hovraett_-_Advokatfiskalen_Jaemtlands_laen__1702__3-6edbb12a/0040_DSC_0422/r1l1,624.0,105.0,380.34,48,33,3,36,12,False,ok,0,0.3333333333333333
Svea_Hovraett_etc_export_job_4502445_845640_Svea_Hovraett_-_Advokatfiskalen_Jaemtlands_laen__1702__3-6edbb12a/0040_DSC_0422/r1l2,625.0,111.0,360.36,46,34,1,35,11,False,ok,0,0.7941176470588235
Svea_Hovraett_etc_export_job_4502445_845640_Svea_Hovraett_-_Advokatfiskalen_Jaemtlands_laen__1702__3-6edbb12a/0040_DSC_0422/r1l3,610.0,90.0,433.78,55,28,1,29,26,False,ok,0,0.2857142857142857
Svea_Hovraett_etc_export_job_4502445_845640_Svea_Hovraett_-_Advokatfiskalen_Jaemtlands_laen__1702__3-6edbb12a/0040_DSC_0422/r1l4,753.0,143.0,337.01,43,37,1,38,5,False,ok,0,0.5945945945945946
Svea_Hovraett_etc_export_job_4502445_845640_Svea_Hovraett_-_Advokatfiskalen_Jaemtlands_laen__1702__3-6edbb12a/0040_DSC_0422/r1l5,635.0,98.0,414.69,52,35,0,35,17,False,ok,0,0.5714285714285714
Svea_Hovraett_etc_export_job_4502445_845640_Svea_Hovraett_-_Advokatfiskalen_Jaemtlands_laen__1702__3-6edbb12a/0040_DSC_0422/r1l6,626.0,86.0,465.86,59,36,2,38,21,False,ok,0,0.3611111111111111
Svea_Hovraett_etc_export_job_4502445_845640_Svea_Hovraett_-_Advokatfiskalen_Jaemtlands_laen__1702__3-6edbb12a/0040_DSC_0422/r1l7,672.0,95.0,452.72,57,35,2,37,20,False,ok,0,0.3142857142857143
Svea_Hovraett_etc_export_job_4502445_845640_Svea_Hovraett_-_Advokatfiskalen_Jaemtlands_laen__1702__3-6edbb12a/0040_DSC_0422/r1l8,651.0,108.0,385.78,49,37,1,38,11,False,ok,0,0.35135135135135137
Svea_Hovraett_etc_export_job_4502445_845640_Svea_Hovraett_-_Advokatfiskalen_Jaemtlands_laen__1702__3-6edbb12a/0040_DSC_0422/r1l9,672.0,105.0,409.6,52,36,0,36,16,False,ok,0,0.4166666666666667
Svea_Hovraett_etc_export_job_4502445_845640_Svea_Hovraett_-_Advokatfiskalen_Jaemtlands_laen__1702__3-6edbb12a/0040_DSC_0422/r1l10,665.0,87.0,489.2,62,31,0,31,31,False,ok,0,0.06451612903225806
Svea_Hovraett_etc_export_job_4502445_845640_Svea_Hovraett_-_Advokatfiskalen_Jaemtlands_laen__1702__3-6edbb12a/0040_DSC_0422/r1l11,677.0,95.0,456.08,58,34,5,39,19,False,ok,0,0.11764705882352941
Svea_Hovraett_etc_export_job_4502445_845640_Svea_Hovraett_-_Advokatfiskalen_Jaemtlands_laen__1702__3-6edbb12a/0040_DSC_0422/r1l12,682.0,100.0,436.48,55,35,2,37,18,False,ok,0,0.22857142857142856
Svea_Hovraett_etc_export_job_4502445_845640_Svea_Hovraett_-_Advokatfiskalen_Jaemtlands_laen__1702__3-6edbb12a/0040_DSC_0422/r1l13,684.0,103.0,425.01,54,32,2,34,20,False,ok,0,0.1875
Svea_Hovraett_etc_export_job_4502445_845640_Svea_Hovraett_-_Advokatfiskalen_Jaemtlands_laen__1702__3-6edbb12a/0040_DSC_0422/r1l14,694.0,108.0,411.26,52,37,2,39,13,False,ok,0,0.2972972972972973
Svea_Hovraett_etc_export_job_4502445_845640_Svea_Hovraett_-_Advokatfiskalen_Jaemtlands_laen__1702__3-6edbb12a/0040_DSC_0422/r1l15,684.0,105.0,416.91,53,39,2,41,12,False,ok,0,0.358974358974359
Svea_Hovraett_etc_export_job_4502445_845640_Svea_Hovraett_-_Advokatfiskalen_Jaemtlands_laen__1702__3-6edbb12a/0040_DSC_0422/r1l16,671.0,98.0,438.2,55,35,2,37,18,False,ok,0,0.22857142857142856
Svea_Hovraett_etc_export_job_4502445_845640_Svea_Hovraett_-_Advokatfiskalen_Jaemtlands_laen__1702__3-6edbb12a/0040_DSC_0422/r1l17,698.0,111.0,402.45,51,49,1,50,1,False,ok,0,0.4897959183673469
Svea_Hovraett_etc_export_job_4502445_845640_Svea_Hovraett_-_Advokatfiskalen_Jaemtlands_laen__1702__3-6edbb12a/0040_DSC_0422/r1l18,677.0,117.0,370.32,47,34,2,36,11,False,ok,0,0.4411764705882353
Svea_Hovraett_etc_export_job_4502445_845640_Svea_Hovraett_-_Advokatfiskalen_Jaemtlands_laen__1702__3-6edbb12a/0040_DSC_0422/r1l19,702.0,115.0,390.68,49,34,1,35,14,False,ok,0,0.29411764705882354
Svea_Hovraett_etc_export_job_4502445_845640_Svea_Hovraett_-_Advokatfiskalen_Jaemtlands_laen__1702__3-6edbb12a/0040_DSC_0422/r1l20,700.0,115.0,389.57,49,34,0,34,15,False,ok,0,0.29411764705882354
Svea_Hovraett_etc_export_job_4502445_845640_Svea_Hovraett_-_Advokatfiskalen_Jaemtlands_laen__1702__3-6edbb12a/0040_DSC_0422/r1l21,75.0,90.0,53.33,7,4,0,4,3,False,empty,1,1.0
Svea_Hovraett_etc_export_job_4502445_845640_Svea_Hovraett_-_Advokatfiskalen_Jaemtlands_laen__1702__3-6edbb12a/0040_DSC_0422/r2l1,60.0,43.0,89.3,12,3,0,3,9,False,ok,0,0.6666666666666666
Svea_Hovraett_etc_export_job_4502445_845640_Svea_Hovraett_-_Advokatfiskalen_Jaemtlands_laen__1702__3-6edbb12a/0040_DSC_0422/r2l2,649.0,153.0,271.48,34,41,2,43,-9,True,ok,0,0.9512195121951219
Svea_Hovraett_etc_export_job_4502445_845640_Svea_Hovraett_-_Advokatfiskalen_Jaemtlands_laen__1702__3-6edbb12a/0040_DSC_0422/r2l3,654.0,134.0,312.36,40,32,1,33,7,False,ok,0,0.75
Svea_Hovraett_etc_export_job_4502445_845640_Svea_Hovraett_-_Advokatfiskalen_Jaemtlands_laen__1702__3-6edbb12a/0040_DSC_0422/r2l4,670.0,124.0,345.81,44,34,1,35,9,False,ok,0,0.7058823529411765
Svea_Hovraett_etc_export_job_4502445_845640_Svea_Hovraett_-_Advokatfiskalen_Jaemtlands_laen__1702__3-6edbb12a/0040_DSC_0422/r2l5,668.0,119.0,359.26,45,39,4,43,2,False,ok,0,0.5897435897435898
Svea_Hovraett_etc_export_job_4502445_845640_Svea_Hovraett_-_Advokatfiskalen_Jaemtlands_laen__1702__3-6edbb12a/0040_DSC_0422/r2l6,653.0,125.0,334.34,42,32,2,34,8,False,ok,0,0.625
Svea_Hovraett_etc_export_job_4502445_845640_Svea_Hovraett_-_Advokatfiskalen_Jaemtlands_laen__1702__3-6edbb12a/0040_DSC_0422/r2l7,647.0,104.0,398.15,50,30,0,30,20,False,ok,0,0.36666666666666664
Svea_Hovraett_etc_export_job_4502445_845640_Svea_Hovraett_-_Advokatfiskalen_Jaemtlands_laen__1702__3-6edbb12a/0040_DSC_0422/r2l8,684.0,117.0,374.15,47,32,3,35,12,False,ok,0,0.65625
Svea_Hovraett_etc_export_job_4502445_845640_Svea_Hovraett_-_Advokatfiskalen_Jaemtlands_laen__1702__3-6edbb12a/0040_DSC_0422/r2l9,518.0,135.0,245.57,31,24,1,25,6,False,ok,0,0.5416666666666666
Svea_Hovraett_etc_export_job_4502445_845640_Svea_Hovraett_-_Advokatfiskalen_Jaemtlands_laen__1702__3-6edbb12a/0040_DSC_0422/r2l10,771.0,121.0,407.8,51,36,2,38,13,False,ok,0,0.5555555555555556
Svea_Hovraett_etc_export_job_4502445_845640_Svea_Hovraett_-_Advokatfiskalen_Jaemtlands_laen__1702__3-6edbb12a/0040_DSC_0422/r2l11,669.0,107.0,400.15,51,34,1,35,16,False,ok,0,0.38235294117647056
Svea_Hovraett_etc_export_job_4502445_845640_Svea_Hovraett_-_Advokatfiskalen_Jaemtlands_laen__1702__3-6edbb12a/0040_DSC_0422/r2l12,710.0,105.0,432.76,55,36,1,37,18,False,ok,0,0.3333333333333333
Svea_Hovraett_etc_export_job_4502445_845640_Svea_Hovraett_-_Advokatfiskalen_Jaemtlands_laen__1702__3-6edbb12a/0040_DSC_0422/r2l13,679.0,100.0,434.56,55,33,0,33,22,False,ok,0,0.2727272727272727
Svea_Hovraett_etc_export_job_4502445_845640_Svea_Hovraett_-_Advokatfiskalen_Jaemtlands_laen__1702__3-6edbb12a/0040_DSC_0422/r2l14,692.0,117.0,378.53,48,38,0,38,10,False,ok,0,0.631578947368421
Svea_Hovraett_etc_export_job_4502445_845640_Svea_Hovraett_-_Advokatfiskalen_Jaemtlands_laen__1702__3-6edbb12a/0040_DSC_0422/r2l15,702.0,98.0,458.45,58,37,3,40,18,False,ok,0,0.32432432432432434
Svea_Hovraett_etc_export_job_4502445_845640_Svea_Hovraett_-_Advokatfiskalen_Jaemtlands_laen__1702__3-6edbb12a/0040_DSC_0422/r2l16,708.0,101.0,448.63,57,31,1,32,25,False,ok,0,0.1935483870967742
Svea_Hovraett_etc_export_job_4502445_845640_Svea_Hovraett_-_Advokatfiskalen_Jaemtlands_laen__1702__3-6edbb12a/0040_DSC_0422/r2l17,700.0,100.0,448.0,56,41,0,41,15,False,ok,0,0.4634146341463415
Svea_Hovraett_etc_export_job_4502445_845640_Svea_Hovraett_-_Advokatfiskalen_Jaemtlands_laen__1702__3-6edbb12a/0040_DSC_0422/r2l18,704.0,108.0,417.19,53,37,1,38,15,False,ok,0,0.24324324324324326
Svea_Hovraett_etc_export_job_4502445_845640_Svea_Hovraett_-_Advokatfiskalen_Jaemtlands_laen__1702__3-6edbb12a/0040_DSC_0422/r2l19,706.0,128.0,353.0,45,27,1,28,17,False,ok,0,0.5185185185185185
Svea_Hovraett_etc_export_job_4502445_845640_Svea_Hovraett_-_Advokatfiskalen_Jaemtlands_laen__1702__3-6edbb12a/0040_DSC_0422/r2l20,711.0,97.0,469.11,59,36,1,37,22,False,ok,0,0.3333333333333333
Svea_Hovraett_etc_export_job_4502445_845640_Svea_Hovraett_-_Advokatfiskalen_Jaemtlands_laen__1702__3-6edbb12a/0040_DSC_0422/r2l21,715.0,126.0,363.17,46,33,3,36,10,False,ok,0,0.3939393939393939
Svea_Hovraett_etc_export_job_4502445_845640_Svea_Hovraett_-_Advokatfiskalen_Jaemtlands_laen__1702__3-6edbb12a/0040_DSC_0422/r2l22,161.0,103.0,100.04,13,6,0,6,7,False,ok,0,0.8333333333333334
Svea_Hovraett_etc_export_job_4502445_845640_Svea_Hovraett_-_Advokatfiskalen_Jaemtlands_laen__1702__3-6edbb12a/0041_DSC_0423/r1l1,681.0,149.0,292.51,37,33,1,34,3,False,ok,0,0.8181818181818182
Svea_Hovraett_etc_export_job_4502445_845640_Svea_Hovraett_-_Advokatfiskalen_Jaemtlands_laen__1702__3-6edbb12a/0041_DSC_0423/r1l2,686.0,140.0,313.6,40,30,2,32,8,False,ok,0,0.9333333333333333
Svea_Hovraett_etc_export_job_4502445_845640_Svea_Hovraett_-_Advokatfiskalen_Jaemtlands_laen__1702__3-6edbb12a/0041_DSC_0423/r1l3,694.0,142.0,312.79,40,35,1,36,4,False,ok,0,0.8285714285714286
Svea_Hovraett_etc_export_job_4502445_845640_Svea_Hovraett_-_Advokatfiskalen_Jaemtlands_laen__1702__3-6edbb12a/0041_DSC_0423/r1l4,702.0,128.0,351.0,44,35,1,36,8,False,ok,0,0.7714285714285715
Svea_Hovraett_etc_export_job_4502445_845640_Svea_Hovraett_-_Advokatfiskalen_Jaemtlands_laen__1702__3-6edbb12a/0041_DSC_0423/r1l5,703.0,131.0,343.45,43,31,0,31,12,False,ok,0,0.8064516129032258
Svea_Hovraett_etc_export_job_4502445_845640_Svea_Hovraett_-_Advokatfiskalen_Jaemtlands_laen__1702__3-6edbb12a/0041_DSC_0423/r1l6,703.0,133.0,338.29,43,30,0,30,13,False,ok,0,0.6
Svea_Hovraett_etc_export_job_4502445_845640_Svea_Hovraett_-_Advokatfiskalen_Jaemtlands_laen__1702__3-6edbb12a/0041_DSC_0423/r1l7,710.0,114.0,398.6,50,36,0,36,14,False,ok,0,0.3611111111111111
Svea_Hovraett_etc_export_job_4502445_845640_Svea_Hovraett_-_Advokatfiskalen_Jaemtlands_laen__1702__3-6edbb12a/0041_DSC_0423/r1l8,720.0,114.0,404.21,51,35,2,37,14,False,ok,0,0.45714285714285713
Svea_Hovraett_etc_export_job_4502445_845640_Svea_Hovraett_-_Advokatfiskalen_Jaemtlands_laen__1702__3-6edbb12a/0041_DSC_0423/r1l9,746.0,109.0,438.02,55,34,0,34,21,False,ok,0,0.29411764705882354
Svea_Hovraett_etc_export_job_4502445_845640_Svea_Hovraett_-_Advokatfiskalen_Jaemtlands_laen__1702__3-6edbb12a/0041_DSC_0423/r1l10,723.0,99.0,467.39,59,38,2,40,19,False,ok,0,0.3157894736842105
Svea_Hovraett_etc_export_job_4502445_845640_Svea_Hovraett_-_Advokatfiskalen_Jaemtlands_laen__1702__3-6edbb12a/0041_DSC_0423/r1l11,726.0,110.0,422.4,53,35,1,36,17,False,ok,0,0.2857142857142857
Svea_Hovraett_etc_export_job_4502445_845640_Svea_Hovraett_-_Advokatfiskalen_Jaemtlands_laen__1702__3-6edbb12a/0041_DSC_0423/r1l12,729.0,82.0,568.98,72,31,0,31,41,False,ok,0,0.0967741935483871
Svea_Hovraett_etc_export_job_4502445_845640_Svea_Hovraett_-_Advokatfiskalen_Jaemtlands_laen__1702__3-6edbb12a/0041_DSC_0423/r1l13,732.0,106.0,441.96,56,34,0,34,22,False,ok,0,0.23529411764705882
Svea_Hovraett_etc_export_job_4502445_845640_Svea_Hovraett_-_Advokatfiskalen_Jaemtlands_laen__1702__3-6edbb12a/0041_DSC_0423/r1l14,742.0,83.0,572.14,72,34,1,35,37,False,ok,0,0.23529411764705882
Svea_Hovraett_etc_export_job_4502445_845640_Svea_Hovraett_-_Advokatfiskalen_Jaemtlands_laen__1702__3-6edbb12a/0041_DSC_0423/r1l15,730.0,83.0,562.89,71,32,0,32,39,False,ok,0,0.21875
Svea_Hovraett_etc_export_job_4502445_845640_Svea_Hovraett_-_Advokatfiskalen_Jaemtlands_laen__1702__3-6edbb12a/0041_DSC_0423/r1l16,712.0,81.0,562.57,71,36,2,38,33,False,ok,0,0.2222222222222222
Svea_Hovraett_etc_export_job_4502445_845640_Svea_Hovraett_-_Advokatfiskalen_Jaemtlands_laen__1702__3-6edbb12a/0041_DSC_0423/r1l17,734.0,104.0,451.69,57,40,0,40,17,False,ok,0,0.3
Svea_Hovraett_etc_export_job_4502445_845640_Svea_Hovraett_-_Advokatfiskalen_Jaemtlands_laen__1702__3-6edbb12a/0041_DSC_0423/r1l18,752.0,106.0,454.04,57,33,0,33,24,False,ok,0,0.30303030303030304
Svea_Hovraett_etc_export_job_4502445_845640_Svea_Hovraett_-_Advokatfiskalen_Jaemtlands_laen__1702__3-6edbb12a/0041_DSC_0423/r1l19,729.0,76.0,613.89,77,29,2,31,46,False,ok,0,0.034482758620689655
Svea_Hovraett_etc_export_job_4502445_845640_Svea_Hovraett_-_Advokatfiskalen_Jaemtlands_laen__1702__3-6edbb12a/0041_DSC_0423/r1l20,767.0,109.0,450.35,57,32,2,34,23,False,ok,0,0.25
Svea_Hovraett_etc_export_job_4502445_845640_Svea_Hovraett_-_Advokatfiskalen_Jaemtlands_laen__1702__3-6edbb12a/0041_DSC_0423/r1l21,753.0,107.0,450.39,57,30,1,31,26,False,ok,0,0.06666666666666667
Svea_Hovraett_etc_export_job_4502445_845640_Svea_Hovraett_-_Advokatfiskalen_Jaemtlands_laen__1702__3-6edbb12a/0041_DSC_0423/r1l22,64.0,63.0,65.02,9,3,0,3,6,False,empty,1,1.0
Svea_Hovraett_etc_export_job_4502445_845640_Svea_Hovraett_-_Advokatfiskalen_Jaemtlands_laen__1702__3-6edbb12a/0041_DSC_0423/r3l1,605.0,154.0,251.43,32,40,2,42,-10,True,ok,0,0.825
Svea_Hovraett_etc_export_job_4502445_845640_Svea_Hovraett_-_Advokatfiskalen_Jaemtlands_laen__1702__3-6edbb12a/0041_DSC_0423/r3l2,638.0,126.0,324.06,41,38,2,40,1,False,ok,0,0.5
Svea_Hovraett_etc_export_job_4502445_845640_Svea_Hovraett_-_Advokatfiskalen_Jaemtlands_laen__1702__3-6edbb12a/0041_DSC_0423/r3l3,629.0,131.0,307.3,39,33,2,35,4,False,ok,0,0.8484848484848485
Svea_Hovraett_etc_export_job_4502445_845640_Svea_Hovraett_-_Advokatfiskalen_Jaemtlands_laen__1702__3-6edbb12a/0041_DSC_0423/r3l4,625.0,115.0,347.83,44,33,1,34,10,False,ok,0,0.7272727272727273
Svea_Hovraett_etc_export_job_4502445_845640_Svea_Hovraett_-_Advokatfiskalen_Jaemtlands_laen__1702__3-6edbb12a/0041_DSC_0423/r3l5,625.0,109.0,366.97,46,45,3,48,-2,True,ok,0,0.5111111111111111
Svea_Hovraett_etc_export_job_4502445_845640_Svea_Hovraett_-_Advokatfiskalen_Jaemtlands_laen__1702__3-6edbb12a/0041_DSC_0423/r3l6,646.0,112.0,369.14,47,35,2,37,10,False,ok,0,0.7428571428571429
Svea_Hovraett_etc_export_job_4502445_845640_Svea_Hovraett_-_Advokatfiskalen_Jaemtlands_laen__1702__3-6edbb12a/0041_DSC_0423/r3l7,635.0,103.0,394.56,50,33,0,33,17,False,ok,0,0.3939393939393939
Svea_Hovraett_etc_export_job_4502445_845640_Svea_Hovraett_-_Advokatfiskalen_Jaemtlands_laen__1702__3-6edbb12a/0041_DSC_0423/r3l8,631.0,110.0,367.13,46,45,1,46,0,False,ok,0,0.6444444444444445
Svea_Hovraett_etc_export_job_4502445_845640_Svea_Hovraett_-_Advokatfiskalen_Jaemtlands_laen__1702__3-6edbb12a/0041_DSC_0423/r3l9,645.0,99.0,416.97,53,37,0,37,16,False,ok,0,0.1891891891891892
Svea_Hovraett_etc_export_job_4502445_845640_Svea_Hovraett_-_Advokatfiskalen_Jaemtlands_laen__1702__3-6edbb12a/0041_DSC_0423/r3l10,638.0,102.0,400.31,51,29,1,30,21,False,ok,0,0.27586206896551724
Svea_Hovraett_etc_export_job_4502445_845640_Svea_Hovraett_-_Advokatfiskalen_Jaemtlands_laen__1702__3-6edbb12a/0041_DSC_0423/r3l11,679.0,103.0,421.9,53,46,3,49,4,False,ok,0,0.3695652173913043
Svea_Hovraett_etc_export_job_4502445_845640_Svea_Hovraett_-_Advokatfiskalen_Jaemtlands_laen__1702__3-6edbb12a/0041_DSC_0423/r3l12,668.0,91.0,469.8,59,47,2,49,10,False,ok,0,0.46808510638297873
Svea_Hovraett_etc_export_job_4502445_845640_Svea_Hovraett_-_Advokatfiskalen_Jaemtlands_laen__1702__3-6edbb12a/0041_DSC_0423/r3l13,674.0,100.0,431.36,54,38,1,39,15,False,ok,0,0.34210526315789475
Svea_Hovraett_etc_export_job_4502445_845640_Svea_Hovraett_-_Advokatfiskalen_Jaemtlands_laen__1702__3-6edbb12a/0041_DSC_0423/r3l14,656.0,96.0,437.33,55,37,0,37,18,False,ok,0,0.32432432432432434
Svea_Hovraett_etc_export_job_4502445_845640_Svea_Hovraett_-_Advokatfiskalen_Jaemtlands_laen__1702__3-6edbb12a/0041_DSC_0423/r3l15,695.0,90.0,494.22,62,35,1,36,26,False,ok,0,0.2
Svea_Hovraett_etc_export_job_4502445_845640_Svea_Hovraett_-_Advokatfiskalen_Jaemtlands_laen__1702__3-6edbb12a/0041_DSC_0423/r3l16,673.0,78.0,552.21,70,33,1,34,36,False,ok,0,0.12121212121212122
Svea_Hovraett_etc_export_job_4502445_845640_Svea_Hovraett_-_Advokatfiskalen_Jaemtlands_laen__1702__3-6edbb12a/0041_DSC_0423/r3l18,723.0,88.0,525.82,66,33,1,34,32,False,ok,0,0.18181818181818182
Svea_Hovraett_etc_export_job_4502445_845640_Svea_Hovraett_-_Advokatfiskalen_Jaemtlands_laen__1702__3-6edbb12a/0041_DSC_0423/r3l19,668.0,106.0,403.32,51,28,0,28,23,False,ok,0,0.21428571428571427
Svea_Hovraett_etc_export_job_4502445_845640_Svea_Hovraett_-_Advokatfiskalen_Jaemtlands_laen__1702__3-6edbb12a/0041_DSC_0423/r3l20,734.0,90.0,521.96,66,31,2,33,33,False,ok,0,0.1935483870967742
Svea_Hovraett_etc_export_job_4502445_845640_Svea_Hovraett_-_Advokatfiskalen_Jaemtlands_laen__1702__3-6edbb12a/0041_DSC_0423/r3l21,701.0,93.0,482.41,61,37,2,39,22,False,ok,0,0.1891891891891892
Svea_Hovraett_etc_export_job_4502445_845640_Svea_Hovraett_-_Advokatfiskalen_Jaemtlands_laen__1702__3-6edbb12a/0041_DSC_0423/r3l22,711.0,100.0,455.04,57,40,3,43,14,False,ok,0,0.3
Svea_Hovraett_etc_export_job_4502445_845640_Svea_Hovraett_-_Advokatfiskalen_Jaemtlands_laen__1702__3-6edbb12a/0041_DSC_0423/r3l23,645.0,101.0,408.71,52,29,0,29,23,False,ok,0,0.1724137931034483
Svea_Hovraett_etc_export_job_4502445_845640_Svea_Hovraett_-_Advokatfiskalen_Jaemtlands_laen__1702__3-6edbb12a/0041_DSC_0423/r3l24,148.0,75.0,126.29,16,5,0,5,11,False,ok,0,0.8
Svea_Hovraett_etc_export_job_4502445_845640_Svea_Hovraett_-_Advokatfiskalen_Jaemtlands_laen__1702__3-6edbb12a/0041_DSC_0423/r4l2,77.0,59.0,83.53,11,4,0,4,7,False,ok,0,0.5
Svea_Hovraett_etc_export_job_4502445_845640_Svea_Hovraett_-_Advokatfiskalen_Jaemtlands_laen__1702__3-6edbb12a/0042_DSC_0424/r3l1,806.0,131.0,393.77,50,35,2,37,13,False,ok,0,0.6
Svea_Hovraett_etc_export_job_4502445_845640_Svea_Hovraett_-_Advokatfiskalen_Jaemtlands_laen__1702__3-6edbb12a/0042_DSC_0424/r3l2,679.0,109.0,398.68,50,35,2,37,13,False,ok,0,0.7142857142857143
Svea_Hovraett_etc_export_job_4502445_845640_Svea_Hovraett_-_Advokatfiskalen_Jaemtlands_laen__1702__3-6edbb12a/0042_DSC_0424/r3l3,686.0,117.0,375.25,47,35,2,37,10,False,ok,0,0.5142857142857142
Svea_Hovraett_etc_export_job_4502445_845640_Svea_Hovraett_-_Advokatfiskalen_Jaemtlands_laen__1702__3-6edbb12a/0042_DSC_0424/r3l4,676.0,91.0,475.43,60,31,1,32,28,False,ok,0,0.41935483870967744
Svea_Hovraett_etc_export_job_4502445_845640_Svea_Hovraett_-_Advokatfiskalen_Jaemtlands_laen__1702__3-6edbb12a/0042_DSC_0424/r3l5,695.0,93.0,478.28,60,32,3,35,25,False,ok,0,0.3125
Svea_Hovraett_etc_export_job_4502445_845640_Svea_Hovraett_-_Advokatfiskalen_Jaemtlands_laen__1702__3-6edbb12a/0042_DSC_0424/r3l6,708.0,92.0,492.52,62,34,2,36,26,False,ok,0,0.35294117647058826
Svea_Hovraett_etc_export_job_4502445_845640_Svea_Hovraett_-_Advokatfiskalen_Jaemtlands_laen__1702__3-6edbb12a/0042_DSC_0424/r3l7,712.0,87.0,523.77,66,34,1,35,31,False,ok,0,0.23529411764705882
Svea_Hovraett_etc_export_job_4502445_845640_Svea_Hovraett_-_Advokatfiskalen_Jaemtlands_laen__1702__3-6edbb12a/0042_DSC_0424/r3l8,725.0,93.0,498.92,63,34,3,37,26,False,ok,0,0.11764705882352941
Svea_Hovraett_etc_export_job_4502445_845640_Svea_Hovraett_-_Advokatfiskalen_Jaemtlands_laen__1702__3-6edbb12a/0042_DSC_0424/r3l9,730.0,90.0,519.11,65,44,0,44,21,False,ok,0,0.36363636363636365
Svea_Hovraett_etc_export_job_4502445_845640_Svea_Hovraett_-_Advokatfiskalen_Jaemtlands_laen__1702__3-6edbb12a/0042_DSC_0424/r3l10,741.0,102.0,464.94,59,33,1,34,25,False,ok,0,0.12121212121212122
Svea_Hovraett_etc_export_job_4502445_845640_Svea_Hovraett_-_Advokatfiskalen_Jaemtlands_laen__1702__3-6edbb12a/0042_DSC_0424/r3l11,732.0,88.0,532.36,67,42,1,43,24,False,ok,0,0.14285714285714285
Svea_Hovraett_etc_export_job_4502445_845640_Svea_Hovraett_-_Advokatfiskalen_Jaemtlands_laen__1702__3-6edbb12a/0042_DSC_0424/r3l12,100.0,32.0,200.0,25,3,0,3,22,False,ok,0,0.6666666666666666
Svea_Hovraett_etc_export_job_4502445_845640_Svea_Hovraett_-_Advokatfiskalen_Jaemtlands_laen__1702__3-6edbb12a/0042_DSC_0424/r3l13,739.0,111.0,426.09,54,40,1,41,13,False,ok,0,0.425
Svea_Hovraett_etc_export_job_4502445_845640_Svea_Hovraett_-_Advokatfiskalen_Jaemtlands_laen__1702__3-6edbb12a/0042_DSC_0424/r3l14,747.0,87.0,549.52,69,29,2,31,38,False,ok,0,0.2413793103448276
Svea_Hovraett_etc_export_job_4502445_845640_Svea_Hovraett_-_Advokatfiskalen_Jaemtlands_laen__1702__3-6edbb12a/0042_DSC_0424/r3l15,749.0,85.0,563.95,71,34,0,34,37,False,ok,0,0.35294117647058826
Svea_Hovraett_etc_export_job_4502445_845640_Svea_Hovraett_-_Advokatfiskalen_Jaemtlands_laen__1702__3-6edbb12a/0042_DSC_0424/r3l16,736.0,95.0,495.83,62,40,1,41,21,False,ok,0,0.35
Svea_Hovraett_etc_export_job_4502445_845640_Svea_Hovraett_-_Advokatfiskalen_Jaemtlands_laen__1702__3-6edbb12a/0042_DSC_0424/r3l17,750.0,86.0,558.14,70,35,1,36,34,False,ok,0,0.2571428571428571
Svea_Hovraett_etc_export_job_4502445_845640_Svea_Hovraett_-_Advokatfiskalen_Jaemtlands_laen__1702__3-6edbb12a/0042_DSC_0424/r3l18,760.0,93.0,523.01,66,34,3,37,29,False,ok,0,0.29411764705882354
Svea_Hovraett_etc_export_job_4502445_845640_Svea_Hovraett_-_Advokatfiskalen_Jaemtlands_laen__1702__3-6edbb12a/0042_DSC_0424/r3l19,755.0,110.0,439.27,55,36,3,39,16,False,ok,0,0.2222222222222222
Svea_Hovraett_etc_export_job_4502445_845640_Svea_Hovraett_-_Advokatfiskalen_Jaemtlands_laen__1702__3-6edbb12a/0042_DSC_0424/r3l20,774.0,105.0,471.77,59,35,1,36,23,False,ok,0,0.2571428571428571
Svea_Hovraett_etc_export_job_4502445_845640_Svea_Hovraett_-_Advokatfiskalen_Jaemtlands_laen__1702__3-6edbb12a/0042_DSC_0424/r3l21,774.0,113.0,438.37,55,29,0,29,26,False,ok,0,0.10344827586206896
Svea_Hovraett_etc_export_job_4502445_845640_Svea_Hovraett_-_Advokatfiskalen_Jaemtlands_laen__1702__3-6edbb12a/0042_DSC_0424/r3l22,106.0,52.0,130.46,17,3,0,3,14,False,ok,0,1.0
Svea_Hovraett_etc_export_job_4502445_845640_Svea_Hovraett_-_Advokatfiskalen_Jaemtlands_laen__1702__3-6edbb12a/0042_DSC_0424/r4l1,695.0,129.0,344.81,44,37,1,38,6,False,ok,0,0.8648648648648649
Svea_Hovraett_etc_export_job_4502445_845640_Svea_Hovraett_-_Advokatfiskalen_Jaemtlands_laen__1702__3-6edbb12a/0042_DSC_0424/r4l2,611.0,153.0,255.58,32,35,3,38,-6,True,ok,0,0.8571428571428571
Svea_Hovraett_etc_export_job_4502445_845640_Svea_Hovraett_-_Advokatfiskalen_Jaemtlands_laen__1702__3-6edbb12a/0042_DSC_0424/r4l3,593.0,139.0,273.04,35,36,1,37,-2,True,ok,0,0.8333333333333334
Svea_Hovraett_etc_export_job_4502445_845640_Svea_Hovraett_-_Advokatfiskalen_Jaemtlands_laen__1702__3-6edbb12a/0042_DSC_0424/r4l4,648.0,156.0,265.85,34,32,1,33,1,False,ok,0,0.875
Svea_Hovraett_etc_export_job_4502445_845640_Svea_Hovraett_-_Advokatfiskalen_Jaemtlands_laen__1702__3-6edbb12a/0042_DSC_0424/r4l5,633.0,145.0,279.39,35,35,0,35,0,False,ok,0,0.8857142857142857
Svea_Hovraett_etc_export_job_4502445_845640_Svea_Hovraett_-_Advokatfiskalen_Jaemtlands_laen__1702__3-6edbb12a/0042_DSC_0424/r4l6,625.0,148.0,270.27,34,34,0,34,0,False,ok,0,0.8235294117647058
Svea_Hovraett_etc_export_job_4502445_845640_Svea_Hovraett_-_Advokatfiskalen_Jaemtlands_laen__1702__3-6edbb12a/0042_DSC_0424/r4l7,635.0,132.0,307.88,39,39,0,39,0,False,ok,0,0.7435897435897436
Svea_Hovraett_etc_export_job_4502445_845640_Svea_Hovraett_-_Advokatfiskalen_Jaemtlands_laen__1702__3-6edbb12a/0042_DSC_0424/r4l8,635.0,117.0,347.35,44,34,0,34,10,False,ok,0,0.47058823529411764
Svea_Hovraett_etc_export_job_4502445_845640_Svea_Hovraett_-_Advokatfiskalen_Jaemtlands_laen__1702__3-6edbb12a/0042_DSC_0424/line_1638871915645_192,649.0,124.0,334.97,42,37,1,38,4,False,ok,0,0.7567567567567568
Svea_Hovraett_etc_export_job_4502445_845640_Svea_Hovraett_-_Advokatfiskalen_Jaemtlands_laen__1702__3-6edbb12a/0042_DSC_0424/line_1638871942173_202,679.0,109.0,398.68,50,34,1,35,15,False,ok,0,0.6176470588235294
Svea_Hovraett_etc_export_job_4502445_845640_Svea_Hovraett_-_Advokatfiskalen_Jaemtlands_laen__1702__3-6edbb12a/0042_DSC_0424/line_1638871956148_207,690.0,120.0,368.0,46,51,1,52,-6,True,ok,0,0.8431372549019608
Svea_Hovraett_etc_export_job_4502445_845640_Svea_Hovraett_-_Advokatfiskalen_Jaemtlands_laen__1702__3-6edbb12a/0042_DSC_0424/r4l15,275.0,65.0,270.77,34,18,0,18,16,False,ok,0,0.1111111111111111
Svea_Hovraett_etc_export_job_4502445_845640_Svea_Hovraett_-_Advokatfiskalen_Jaemtlands_laen__1702__3-6edbb12a/0042_DSC_0424/line_1638872056779_218,610.0,91.0,429.01,54,38,0,38,16,False,ok,0,0.5263157894736842
Svea_Hovraett_etc_export_job_4502445_845640_Svea_Hovraett_-_Advokatfiskalen_Jaemtlands_laen__1702__3-6edbb12a/0042_DSC_0424/r4l19,337.0,62.0,347.87,44,21,1,22,22,False,ok,0,0.3333333333333333
Svea_Hovraett_etc_export_job_4502445_845640_Svea_Hovraett_-_Advokatfiskalen_Jaemtlands_laen__1702__3-6edbb12a/0042_DSC_0424/r4l20,91.0,51.0,114.2,15,10,0,10,5,False,ok,0,0.5
Svea_Hovraett_etc_export_job_4502445_845640_Svea_Hovraett_-_Advokatfiskalen_Jaemtlands_laen__1702__3-6edbb12a/0042_DSC_0424/r4l21,130.0,67.0,124.18,16,10,0,10,6,False,ok,0,0.2
Svea_Hovraett_etc_export_job_4502445_845640_Svea_Hovraett_-_Advokatfiskalen_Jaemtlands_laen__1702__3-6edbb12a/0042_DSC_0424/r4l22,672.0,115.0,373.98,47,42,1,43,4,False,ok,0,0.35714285714285715
Svea_Hovraett_etc_export_job_4502445_845640_Svea_Hovraett_-_Advokatfiskalen_Jaemtlands_laen__1702__3-6edbb12a/0042_DSC_0424/r4l23,664.0,99.0,429.25,54,35,1,36,18,False,ok,0,0.2571428571428571
Svea_Hovraett_etc_export_job_4502445_845640_Svea_Hovraett_-_Advokatfiskalen_Jaemtlands_laen__1702__3-6edbb12a/0042_DSC_0424/r4l24,674.0,101.0,427.09,54,36,3,39,15,False,ok,0,0.4166666666666667
Svea_Hovraett_etc_export_job_4502445_845640_Svea_Hovraett_-_Advokatfiskalen_Jaemtlands_laen__1702__3-6edbb12a/0042_DSC_0424/r4l25,318.0,111.0,183.35,23,21,2,23,0,False,ok,0,0.42857142857142855
Svea_Hovraett_etc_export_job_4502445_845640_Svea_Hovraett_-_Advokatfiskalen_Jaemtlands_laen__1702__3-6edbb12a/0042_DSC_0424/r4l27,792.0,136.0,372.71,47,39,2,41,6,False,ok,0,0.46153846153846156
Svea_Hovraett_etc_export_job_4502445_845640_Svea_Hovraett_-_Advokatfiskalen_Jaemtlands_laen__1702__3-6edbb12a/0042_DSC_0424/r4l28,705.0,138.0,326.96,41,33,2,35,6,False,ok,0,0.6060606060606061
Svea_Hovraett_etc_export_job_4502445_845640_Svea_Hovraett_-_Advokatfiskalen_Jaemtlands_laen__1702__3-6edbb12a/0042_DSC_0424/r4l29,740.0,103.0,459.81,58,39,3,42,16,False,ok,0,0.41025641025641024
Svea_Hovraett_etc_export_job_4502445_845640_Svea_Hovraett_-_Advokatfiskalen_Jaemtlands_laen__1702__3-6edbb12a/0042_DSC_0424/r4l30,150.0,106.0,90.57,12,6,1,7,5,False,ok,0,0.3333333333333333
Svea_Hovraett_etc_export_job_4502445_845640_Svea_Hovraett_-_Advokatfiskalen_Jaemtlands_laen__1702__3-6edbb12a/0043_DSC_0425/r1l2,656.0,113.0,371.54,47,36,1,37,10,False,ok,0,0.6944444444444444
Svea_Hovraett_etc_export_job_4502445_845640_Svea_Hovraett_-_Advokatfiskalen_Jaemtlands_laen__1702__3-6edbb12a/0043_DSC_0425/r1l4,649.0,99.0,419.56,53,35,1,36,17,False,ok,0,0.37142857142857144
Svea_Hovraett_etc_export_job_4502445_845640_Svea_Hovraett_-_Advokatfiskalen_Jaemtlands_laen__1702__3-6edbb12a/0043_DSC_0425/r1l6,445.0,92.0,309.57,39,20,1,21,18,False,ok,0,0.25
Svea_Hovraett_etc_export_job_4502445_845640_Svea_Hovraett_-_Advokatfiskalen_Jaemtlands_laen__1702__3-6edbb12a/0043_DSC_0425/r1l9,770.0,131.0,376.18,48,40,3,43,5,False,ok,0,0.675
Svea_Hovraett_etc_export_job_4502445_845640_Svea_Hovraett_-_Advokatfiskalen_Jaemtlands_laen__1702__3-6edbb12a/0043_DSC_0425/r1l10,665.0,88.0,483.64,61,35,0,35,26,False,ok,0,0.34285714285714286
Svea_Hovraett_etc_export_job_4502445_845640_Svea_Hovraett_-_Advokatfiskalen_Jaemtlands_laen__1702__3-6edbb12a/0043_DSC_0425/r1l13,677.0,105.0,412.65,52,33,1,34,18,False,ok,0,0.48484848484848486
Svea_Hovraett_etc_export_job_4502445_845640_Svea_Hovraett_-_Advokatfiskalen_Jaemtlands_laen__1702__3-6edbb12a/0043_DSC_0425/r1l14,682.0,95.0,459.45,58,31,1,32,26,False,ok,0,0.22580645161290322
Svea_Hovraett_etc_export_job_4502445_845640_Svea_Hovraett_-_Advokatfiskalen_Jaemtlands_laen__1702__3-6edbb12a/0043_DSC_0425/r1l16,688.0,101.0,435.96,55,35,0,35,20,False,ok,0,0.2
Svea_Hovraett_etc_export_job_4502445_845640_Svea_Hovraett_-_Advokatfiskalen_Jaemtlands_laen__1702__3-6edbb12a/0043_DSC_0425/r1l18,692.0,105.0,421.79,53,51,1,52,1,False,ok,0,0.5294117647058824
Svea_Hovraett_etc_export_job_4502445_845640_Svea_Hovraett_-_Advokatfiskalen_Jaemtlands_laen__1702__3-6edbb12a/0043_DSC_0425/r1l20,689.0,100.0,440.96,56,55,1,56,0,False,ok,0,0.6
Svea_Hovraett_etc_export_job_4502445_845640_Svea_Hovraett_-_Advokatfiskalen_Jaemtlands_laen__1702__3-6edbb12a/0043_DSC_0425/r1l22,697.0,88.0,506.91,64,42,1,43,21,False,ok,0,0.30952380952380953
Svea_Hovraett_etc_export_job_4502445_845640_Svea_Hovraett_-_Advokatfiskalen_Jaemtlands_laen__1702__3-6edbb12a/0043_DSC_0425/r1l24,713.0,89.0,512.72,65,34,1,35,30,False,ok,0,0.17647058823529413
Svea_Hovraett_etc_export_job_4502445_845640_Svea_Hovraett_-_Advokatfiskalen_Jaemtlands_laen__1702__3-6edbb12a/0043_DSC_0425/r1l26,708.0,95.0,476.97,60,36,0,36,24,False,ok,0,0.2222222222222222
Svea_Hovraett_etc_export_job_4502445_845640_Svea_Hovraett_-_Advokatfiskalen_Jaemtlands_laen__1702__3-6edbb12a/0043_DSC_0425/r1l28,715.0,100.0,457.6,58,33,1,34,24,False,ok,0,0.18181818181818182
Svea_Hovraett_etc_export_job_4502445_845640_Svea_Hovraett_-_Advokatfiskalen_Jaemtlands_laen__1702__3-6edbb12a/0043_DSC_0425/r1l30,713.0,97.0,470.43,59,32,0,32,27,False,ok,0,0.15625
Svea_Hovraett_etc_export_job_4502445_845640_Svea_Hovraett_-_Advokatfiskalen_Jaemtlands_laen__1702__3-6edbb12a/0043_DSC_0425/r1l32,714.0,66.0,692.36,87,30,1,31,56,False,ok,0,0.16666666666666666
Svea_Hovraett_etc_export_job_4502445_845640_Svea_Hovraett_-_Advokatfiskalen_Jaemtlands_laen__1702__3-6edbb12a/0043_DSC_0425/line_1638872134126_255,752.0,102.0,471.84,59,37,2,39,20,False,ok,0,0.21621621621621623
Svea_Hovraett_etc_export_job_4502445_845640_Svea_Hovraett_-_Advokatfiskalen_Jaemtlands_laen__1702__3-6edbb12a/0043_DSC_0425/line_1638872134128_257,735.0,65.0,723.69,91,39,0,39,52,False,ok,0,0.05128205128205128
Svea_Hovraett_etc_export_job_4502445_845640_Svea_Hovraett_-_Advokatfiskalen_Jaemtlands_laen__1702__3-6edbb12a/0043_DSC_0425/line_1638872134130_259,755.0,79.0,611.65,77,43,3,46,31,False,ok,0,0.18604651162790697
Svea_Hovraett_etc_export_job_4502445_845640_Svea_Hovraett_-_Advokatfiskalen_Jaemtlands_laen__1702__3-6edbb12a/0043_DSC_0425/line_1638872134133_263,757.0,94.0,515.4,65,37,0,37,28,False,ok,0,0.32432432432432434
Svea_Hovraett_etc_export_job_4502445_845640_Svea_Hovraett_-_Advokatfiskalen_Jaemtlands_laen__1702__3-6edbb12a/0043_DSC_0425/line_1638872134135_265,752.0,84.0,572.95,72,43,0,43,29,False,ok,0,0.20930232558139536
Svea_Hovraett_etc_export_job_4502445_845640_Svea_Hovraett_-_Advokatfiskalen_Jaemtlands_laen__1702__3-6edbb12a/0043_DSC_0425/r1l39,108.0,53.0,130.42,17,5,0,5,12,False,ok,0,1.0
Svea_Hovraett_etc_export_job_4502445_845640_Svea_Hovraett_-_Advokatfiskalen_Jaemtlands_laen__1702__3-6edbb12a/0043_DSC_0425/r2l2,86.0,57.0,96.56,13,3,0,3,10,False,empty,1,1.0
Svea_Hovraett_etc_export_job_4502445_845640_Svea_Hovraett_-_Advokatfiskalen_Jaemtlands_laen__1702__3-6edbb12a/0043_DSC_0425/r1l1,576.0,176.0,209.45,27,36,1,37,-10,True,ok,0,0.9722222222222222
Svea_Hovraett_etc_export_job_4502445_845640_Svea_Hovraett_-_Advokatfiskalen_Jaemtlands_laen__1702__3-6edbb12a/0043_DSC_0425/r1l3,564.0,154.0,234.39,30,34,0,34,-4,True,ok,0,0.8235294117647058
Svea_Hovraett_etc_export_job_4502445_845640_Svea_Hovraett_-_Advokatfiskalen_Jaemtlands_laen__1702__3-6edbb12a/0043_DSC_0425/r1l5,587.0,157.0,239.29,30,32,0,32,-2,True,ok,0,0.875
Svea_Hovraett_etc_export_job_4502445_845640_Svea_Hovraett_-_Advokatfiskalen_Jaemtlands_laen__1702__3-6edbb12a/0043_DSC_0425/r1l7,609.0,132.0,295.27,37,32,3,35,2,False,ok,0,0.8125
Svea_Hovraett_etc_export_job_4502445_845640_Svea_Hovraett_-_Advokatfiskalen_Jaemtlands_laen__1702__3-6edbb12a/0043_DSC_0425/r1l8,633.0,146.0,277.48,35,34,1,35,0,False,ok,0,0.9117647058823529
Svea_Hovraett_etc_export_job_4502445_845640_Svea_Hovraett_-_Advokatfiskalen_Jaemtlands_laen__1702__3-6edbb12a/0043_DSC_0425/r1l11,589.0,132.0,285.58,36,38,1,39,-3,True,ok,0,0.8421052631578947
Svea_Hovraett_etc_export_job_4502445_845640_Svea_Hovraett_-_Advokatfiskalen_Jaemtlands_laen__1702__3-6edbb12a/0043_DSC_0425/r1l12,612.0,123.0,318.44,40,31,1,32,8,False,ok,0,0.6451612903225806
Svea_Hovraett_etc_export_job_4502445_845640_Svea_Hovraett_-_Advokatfiskalen_Jaemtlands_laen__1702__3-6edbb12a/0043_DSC_0425/r1l15,634.0,121.0,335.34,42,36,0,36,6,False,ok,0,0.5555555555555556
Svea_Hovraett_etc_export_job_4502445_845640_Svea_Hovraett_-_Advokatfiskalen_Jaemtlands_laen__1702__3-6edbb12a/0043_DSC_0425/r1l17,616.0,117.0,336.96,43,32,2,34,9,False,ok,0,0.34375
Svea_Hovraett_etc_export_job_4502445_845640_Svea_Hovraett_-_Advokatfiskalen_Jaemtlands_laen__1702__3-6edbb12a/0043_DSC_0425/r1l19,645.0,123.0,335.61,42,38,1,39,3,False,ok,0,0.5
Svea_Hovraett_etc_export_job_4502445_845640_Svea_Hovraett_-_Advokatfiskalen_Jaemtlands_laen__1702__3-6edbb12a/0043_DSC_0425/r1l21,641.0,125.0,328.19,42,40,0,40,2,False,ok,0,0.4
Svea_Hovraett_etc_export_job_4502445_845640_Svea_Hovraett_-_Advokatfiskalen_Jaemtlands_laen__1702__3-6edbb12a/0043_DSC_0425/r1l23,647.0,118.0,350.92,44,32,0,32,12,False,ok,0,0.34375
Svea_Hovraett_etc_export_job_4502445_845640_Svea_Hovraett_-_Advokatfiskalen_Jaemtlands_laen__1702__3-6edbb12a/0043_DSC_0425/r1l25,675.0,103.0,419.42,53,35,1,36,17,False,ok,0,0.2857142857142857
Svea_Hovraett_etc_export_job_4502445_845640_Svea_Hovraett_-_Advokatfiskalen_Jaemtlands_laen__1702__3-6edbb12a/0043_DSC_0425/r1l27,677.0,114.0,380.07,48,35,1,36,12,False,ok,0,0.34285714285714286
Svea_Hovraett_etc_export_job_4502445_845640_Svea_Hovraett_-_Advokatfiskalen_Jaemtlands_laen__1702__3-6edbb12a/0043_DSC_0425/r1l29,647.0,112.0,369.71,47,33,1,34,13,False,ok,0,0.42424242424242425
Svea_Hovraett_etc_export_job_4502445_845640_Svea_Hovraett_-_Advokatfiskalen_Jaemtlands_laen__1702__3-6edbb12a/0043_DSC_0425/line_1638872134123_252,653.0,107.0,390.58,49,36,0,36,13,False,ok,0,0.3055555555555556
Svea_Hovraett_etc_export_job_4502445_845640_Svea_Hovraett_-_Advokatfiskalen_Jaemtlands_laen__1702__3-6edbb12a/0043_DSC_0425/line_1638872134125_254,658.0,102.0,412.86,52,33,0,33,19,False,ok,0,0.21212121212121213
Svea_Hovraett_etc_export_job_4502445_845640_Svea_Hovraett_-_Advokatfiskalen_Jaemtlands_laen__1702__3-6edbb12a/0043_DSC_0425/line_1638872134128_256,665.0,100.0,425.6,54,31,0,31,23,False,ok,0,0.41935483870967744
Svea_Hovraett_etc_export_job_4502445_845640_Svea_Hovraett_-_Advokatfiskalen_Jaemtlands_laen__1702__3-6edbb12a/0043_DSC_0425/line_1638872134129_258,682.0,93.0,469.33,59,35,1,36,23,False,ok,0,0.6571428571428571
Svea_Hovraett_etc_export_job_4502445_845640_Svea_Hovraett_-_Advokatfiskalen_Jaemtlands_laen__1702__3-6edbb12a/0043_DSC_0425/line_1638872134131_260,654.0,112.0,373.71,47,32,0,32,15,False,ok,0,0.5
Svea_Hovraett_etc_export_job_4502445_845640_Svea_Hovraett_-_Advokatfiskalen_Jaemtlands_laen__1702__3-6edbb12a/0043_DSC_0425/line_1638872134135_264,688.0,98.0,449.31,57,31,1,32,25,False,ok,0,0.3548387096774194
Svea_Hovraett_etc_export_job_4502445_845640_Svea_Hovraett_-_Advokatfiskalen_Jaemtlands_laen__1702__3-6edbb12a/0043_DSC_0425/r1l40,142.0,113.0,80.42,11,4,0,4,7,False,ok,0,0.5
Svea_Hovraett_etc_export_job_4502445_845640_Svea_Hovraett_-_Advokatfiskalen_Jaemtlands_laen__1702__3-6edbb12a/0044_DSC_0426/r1l1,682.0,122.0,357.77,45,35,1,36,9,False,ok,0,0.6571428571428571
Svea_Hovraett_etc_export_job_4502445_845640_Svea_Hovraett_-_Advokatfiskalen_Jaemtlands_laen__1702__3-6edbb12a/0044_DSC_0426/r1l2,674.0,109.0,395.74,50,40,2,42,8,False,ok,0,0.85
Svea_Hovraett_etc_export_job_4502445_845640_Svea_Hovraett_-_Advokatfiskalen_Jaemtlands_laen__1702__3-6edbb12a/0044_DSC_0426/r1l3,675.0,116.0,372.41,47,43,2,45,2,False,ok,0,0.8372093023255814
Svea_Hovraett_etc_export_job_4502445_845640_Svea_Hovraett_-_Advokatfiskalen_Jaemtlands_laen__1702__3-6edbb12a/0044_DSC_0426/r1l4,696.0,117.0,380.72,48,39,3,42,6,False,ok,0,0.5128205128205128
Svea_Hovraett_etc_export_job_4502445_845640_Svea_Hovraett_-_Advokatfiskalen_Jaemtlands_laen__1702__3-6edbb12a/0044_DSC_0426/r1l5,703.0,118.0,381.29,48,36,0,36,12,False,ok,0,0.3611111111111111
Svea_Hovraett_etc_export_job_4502445_845640_Svea_Hovraett_-_Advokatfiskalen_Jaemtlands_laen__1702__3-6edbb12a/0044_DSC_0426/r1l6,693.0,115.0,385.67,49,32,1,33,16,False,ok,0,0.375
Svea_Hovraett_etc_export_job_4502445_845640_Svea_Hovraett_-_Advokatfiskalen_Jaemtlands_laen__1702__3-6edbb12a/0044_DSC_0426/r1l7,704.0,109.0,413.36,52,33,2,35,17,False,ok,0,0.18181818181818182
Svea_Hovraett_etc_export_job_4502445_845640_Svea_Hovraett_-_Advokatfiskalen_Jaemtlands_laen__1702__3-6edbb12a/0044_DSC_0426/r1l8,709.0,115.0,394.57,50,31,2,33,17,False,ok,0,0.5161290322580645
Svea_Hovraett_etc_export_job_4502445_845640_Svea_Hovraett_-_Advokatfiskalen_Jaemtlands_laen__1702__3-6edbb12a/0044_DSC_0426/r1l9,721.0,119.0,387.76,49,32,0,32,17,False,ok,0,0.6875
Svea_Hovraett_etc_export_job_4502445_845640_Svea_Hovraett_-_Advokatfiskalen_Jaemtlands_laen__1702__3-6edbb12a/0044_DSC_0426/r1l10,725.0,124.0,374.19,47,29,0,29,18,False,ok,0,0.41379310344827586
Svea_Hovraett_etc_export_job_4502445_845640_Svea_Hovraett_-_Advokatfiskalen_Jaemtlands_laen__1702__3-6edbb12a/0044_DSC_0426/r1l11,730.0,103.0,453.59,57,27,0,27,30,False,ok,0,0.2222222222222222
Svea_Hovraett_etc_export_job_4502445_845640_Svea_Hovraett_-_Advokatfiskalen_Jaemtlands_laen__1702__3-6edbb12a/0044_DSC_0426/r1l12,364.0,92.0,253.22,32,12,1,13,19,False,ok,0,0.08333333333333333
Svea_Hovraett_etc_export_job_4502445_845640_Svea_Hovraett_-_Advokatfiskalen_Jaemtlands_laen__1702__3-6edbb12a/0044_DSC_0426/r1l13,732.0,106.0,441.96,56,32,0,32,24,False,ok,0,0.1875
Svea_Hovraett_etc_export_job_4502445_845640_Svea_Hovraett_-_Advokatfiskalen_Jaemtlands_laen__1702__3-6edbb12a/0044_DSC_0426/r1l14,732.0,109.0,429.8,54,34,2,36,18,False,ok,0,0.23529411764705882
Svea_Hovraett_etc_export_job_4502445_845640_Svea_Hovraett_-_Advokatfiskalen_Jaemtlands_laen__1702__3-6edbb12a/0044_DSC_0426/r1l15,726.0,99.0,469.33,59,33,1,34,25,False,ok,0,0.18181818181818182
Svea_Hovraett_etc_export_job_4502445_845640_Svea_Hovraett_-_Advokatfiskalen_Jaemtlands_laen__1702__3-6edbb12a/0044_DSC_0426/r1l16,739.0,74.0,639.14,80,29,0,29,51,False,ok,0,0.034482758620689655
Svea_Hovraett_etc_export_job_4502445_845640_Svea_Hovraett_-_Advokatfiskalen_Jaemtlands_laen__1702__3-6edbb12a/0044_DSC_0426/r1l17,742.0,75.0,633.17,80,37,2,39,41,False,ok,0,0.2702702702702703
Svea_Hovraett_etc_export_job_4502445_845640_Svea_Hovraett_-_Advokatfiskalen_Jaemtlands_laen__1702__3-6edbb12a/0044_DSC_0426/r1l18,757.0,100.0,484.48,61,35,1,36,25,False,ok,0,0.11428571428571428
Svea_Hovraett_etc_export_job_4502445_845640_Svea_Hovraett_-_Advokatfiskalen_Jaemtlands_laen__1702__3-6edbb12a/0044_DSC_0426/r1l19,759.0,103.0,471.61,59,32,2,34,25,False,ok,0,0.09375
Svea_Hovraett_etc_export_job_4502445_845640_Svea_Hovraett_-_Advokatfiskalen_Jaemtlands_laen__1702__3-6edbb12a/0044_DSC_0426/r1l22,762.0,87.0,560.55,71,38,1,39,32,False,ok,0,0.21052631578947367
Svea_Hovraett_etc_export_job_4502445_845640_Svea_Hovraett_-_Advokatfiskalen_Jaemtlands_laen__1702__3-6edbb12a/0044_DSC_0426/r1l23,763.0,114.0,428.35,54,35,1,36,18,False,ok,0,0.17142857142857143
Svea_Hovraett_etc_export_job_4502445_845640_Svea_Hovraett_-_Advokatfiskalen_Jaemtlands_laen__1702__3-6edbb12a/0044_DSC_0426/r1l24,68.0,70.0,62.17,8,5,0,5,3,False,ok,0,1.0
Svea_Hovraett_etc_export_job_4502445_845640_Svea_Hovraett_-_Advokatfiskalen_Jaemtlands_laen__1702__3-6edbb12a/0044_DSC_0426/r3l1,76.0,61.0,79.74,10,3,0,3,7,False,ok,0,0.6666666666666666
Svea_Hovraett_etc_export_job_4502445_845640_Svea_Hovraett_-_Advokatfiskalen_Jaemtlands_laen__1702__3-6edbb12a/0044_DSC_0426/r2l1,598.0,157.0,243.77,31,31,0,31,0,False,ok,0,0.9032258064516129
Svea_Hovraett_etc_export_job_4502445_845640_Svea_Hovraett_-_Advokatfiskalen_Jaemtlands_laen__1702__3-6edbb12a/0044_DSC_0426/r2l2,592.0,141.0,268.71,34,33,0,33,1,False,ok,0,0.8484848484848485
Svea_Hovraett_etc_export_job_4502445_845640_Svea_Hovraett_-_Advokatfiskalen_Jaemtlands_laen__1702__3-6edbb12a/0044_DSC_0426/r2l3,607.0,147.0,264.27,34,34,0,34,0,False,ok,0,0.9411764705882353
Svea_Hovraett_etc_export_job_4502445_845640_Svea_Hovraett_-_Advokatfiskalen_Jaemtlands_laen__1702__3-6edbb12a/0044_DSC_0426/r2l4,608.0,132.0,294.79,37,35,2,37,0,False,ok,0,0.7428571428571429
Svea_Hovraett_etc_export_job_4502445_845640_Svea_Hovraett_-_Advokatfiskalen_Jaemtlands_laen__1702__3-6edbb12a/0044_DSC_0426/r2l5,639.0,127.0,322.02,41,37,3,40,1,False,ok,0,0.8648648648648649
Svea_Hovraett_etc_export_job_4502445_845640_Svea_Hovraett_-_Advokatfiskalen_Jaemtlands_laen__1702__3-6edbb12a/0044_DSC_0426/r2l6,619.0,119.0,332.91,42,35,1,36,6,False,ok,0,0.4
Svea_Hovraett_etc_export_job_4502445_845640_Svea_Hovraett_-_Advokatfiskalen_Jaemtlands_laen__1702__3-6edbb12a/0044_DSC_0426/r2l7,651.0,120.0,347.2,44,34,2,36,8,False,ok,0,0.6176470588235294
Svea_Hovraett_etc_export_job_4502445_845640_Svea_Hovraett_-_Advokatfiskalen_Jaemtlands_laen__1702__3-6edbb12a/0044_DSC_0426/r2l8,649.0,125.0,332.29,42,34,1,35,7,False,ok,0,0.5882352941176471
Svea_Hovraett_etc_export_job_4502445_845640_Svea_Hovraett_-_Advokatfiskalen_Jaemtlands_laen__1702__3-6edbb12a/0044_DSC_0426/r2l9,632.0,112.0,361.14,46,35,3,38,8,False,ok,0,0.4857142857142857
Svea_Hovraett_etc_export_job_4502445_845640_Svea_Hovraett_-_Advokatfiskalen_Jaemtlands_laen__1702__3-6edbb12a/0044_DSC_0426/r2l10,643.0,117.0,351.73,44,28,0,28,16,False,ok,0,0.35714285714285715
Svea_Hovraett_etc_export_job_4502445_845640_Svea_Hovraett_-_Advokatfiskalen_Jaemtlands_laen__1702__3-6edbb12a/0044_DSC_0426/r2l11,645.0,120.0,344.0,43,33,0,33,10,False,ok,0,0.21212121212121213
Svea_Hovraett_etc_export_job_4502445_845640_Svea_Hovraett_-_Advokatfiskalen_Jaemtlands_laen__1702__3-6edbb12a/0044_DSC_0426/r2l12,675.0,118.0,366.1,46,39,1,40,6,False,ok,0,0.5641025641025641
Svea_Hovraett_etc_export_job_4502445_845640_Svea_Hovraett_-_Advokatfiskalen_Jaemtlands_laen__1702__3-6edbb12a/0044_DSC_0426/r2l13,676.0,104.0,416.0,52,32,2,34,18,False,ok,0,0.09375
Svea_Hovraett_etc_export_job_4502445_845640_Svea_Hovraett_-_Advokatfiskalen_Jaemtlands_laen__1702__3-6edbb12a/0044_DSC_0426/r2l14,667.0,105.0,406.55,51,31,3,34,17,False,ok,0,0.3870967741935484
Svea_Hovraett_etc_export_job_4502445_845640_Svea_Hovraett_-_Advokatfiskalen_Jaemtlands_laen__1702__3-6edbb12a/0044_DSC_0426/r2l15,689.0,108.0,408.3,52,29,2,31,21,False,ok,0,0.2413793103448276
Svea_Hovraett_etc_export_job_4502445_845640_Svea_Hovraett_-_Advokatfiskalen_Jaemtlands_laen__1702__3-6edbb12a/0044_DSC_0426/r2l16,628.0,111.0,362.09,46,32,2,34,12,False,ok,0,0.1875
Svea_Hovraett_etc_export_job_4502445_845640_Svea_Hovraett_-_Advokatfiskalen_Jaemtlands_laen__1702__3-6edbb12a/0044_DSC_0426/r2l17,675.0,104.0,415.38,52,32,0,32,20,False,ok,0,0.1875
Svea_Hovraett_etc_export_job_4502445_845640_Svea_Hovraett_-_Advokatfiskalen_Jaemtlands_laen__1702__3-6edbb12a/0044_DSC_0426/r2l18,377.0,98.0,246.2,31,19,0,19,12,False,ok,0,0.47368421052631576
Svea_Hovraett_etc_export_job_4502445_845640_Svea_Hovraett_-_Advokatfiskalen_Jaemtlands_laen__1702__3-6edbb12a/0044_DSC_0426/r2l19,607.0,107.0,363.07,46,27,0,27,19,False,ok,0,0.37037037037037035
Svea_Hovraett_etc_export_job_4502445_845640_Svea_Hovraett_-_Advokatfiskalen_Jaemtlands_laen__1702__3-6edbb12a/0044_DSC_0426/r2l20,394.0,114.0,221.19,28,20,0,20,8,False,ok,0,0.3
Svea_Hovraett_etc_export_job_4502445_845640_Svea_Hovraett_-_Advokatfiskalen_Jaemtlands_laen__1702__3-6edbb12a/0045_DSC_0427/r1l1,621.0,116.0,342.62,43,29,0,29,14,False,ok,0,0.4827586206896552
Svea_Hovraett_etc_export_job_4502445_845640_Svea_Hovraett_-_Advokatfiskalen_Jaemtlands_laen__1702__3-6edbb12a/0045_DSC_0427/r1l2,600.0,93.0,412.9,52,33,0,33,19,False,ok,0,0.3333333333333333
Svea_Hovraett_etc_export_job_4502445_845640_Svea_Hovraett_-_Advokatfiskalen_Jaemtlands_laen__1702__3-6edbb12a/0045_DSC_0427/r1l3,628.0,97.0,414.35,52,33,0,33,19,False,ok,0,0.36363636363636365
Svea_Hovraett_etc_export_job_4502445_845640_Svea_Hovraett_-_Advokatfiskalen_Jaemtlands_laen__1702__3-6edbb12a/0045_DSC_0427/r1l4,640.0,113.0,362.48,46,33,1,34,12,False,ok,0,0.7575757575757576
Svea_Hovraett_etc_export_job_4502445_845640_Svea_Hovraett_-_Advokatfiskalen_Jaemtlands_laen__1702__3-6edbb12a/0045_DSC_0427/r1l5,649.0,124.0,334.97,42,34,2,36,6,False,ok,0,0.7941176470588235
Svea_Hovraett_etc_export_job_4502445_845640_Svea_Hovraett_-_Advokatfiskalen_Jaemtlands_laen__1702__3-6edbb12a/0045_DSC_0427/r1l6,659.0,112.0,376.57,48,25,1,26,22,False,ok,0,0.52
Svea_Hovraett_etc_export_job_4502445_845640_Svea_Hovraett_-_Advokatfiskalen_Jaemtlands_laen__1702__3-6edbb12a/0045_DSC_0427/r1l7,681.0,124.0,351.48,44,38,1,39,5,False,ok,0,0.7368421052631579
Svea_Hovraett_etc_export_job_4502445_845640_Svea_Hovraett_-_Advokatfiskalen_Jaemtlands_laen__1702__3-6edbb12a/0045_DSC_0427/r1l9,660.0,125.0,337.92,43,30,0,30,13,False,ok,0,0.7
Svea_Hovraett_etc_export_job_4502445_845640_Svea_Hovraett_-_Advokatfiskalen_Jaemtlands_laen__1702__3-6edbb12a/0045_DSC_0427/r1l10,685.0,102.0,429.8,54,32,0,32,22,False,ok,0,0.21875
Svea_Hovraett_etc_export_job_4502445_845640_Svea_Hovraett_-_Advokatfiskalen_Jaemtlands_laen__1702__3-6edbb12a/0045_DSC_0427/r1l11,677.0,116.0,373.52,47,41,1,42,5,False,ok,0,0.4146341463414634
Svea_Hovraett_etc_export_job_4502445_845640_Svea_Hovraett_-_Advokatfiskalen_Jaemtlands_laen__1702__3-6edbb12a/0045_DSC_0427/r1l12,683.0,107.0,408.52,52,32,2,34,18,False,ok,0,0.53125
Svea_Hovraett_etc_export_job_4502445_845640_Svea_Hovraett_-_Advokatfiskalen_Jaemtlands_laen__1702__3-6edbb12a/0045_DSC_0427/r1l13,678.0,113.0,384.0,48,36,0,36,12,False,ok,0,0.1388888888888889
Svea_Hovraett_etc_export_job_4502445_845640_Svea_Hovraett_-_Advokatfiskalen_Jaemtlands_laen__1702__3-6edbb12a/0045_DSC_0427/r1l14,688.0,106.0,415.4,52,33,2,35,17,False,ok,0,0.09090909090909091
Svea_Hovraett_etc_export_job_4502445_845640_Svea_Hovraett_-_Advokatfiskalen_Jaemtlands_laen__1702__3-6edbb12a/0045_DSC_0427/r1l15,699.0,101.0,442.93,56,38,2,40,16,False,ok,0,0.34210526315789475
Svea_Hovraett_etc_export_job_4502445_845640_Svea_Hovraett_-_Advokatfiskalen_Jaemtlands_laen__1702__3-6edbb12a/0045_DSC_0427/r1l16,714.0,113.0,404.39,51,34,3,37,14,False,ok,0,0.3235294117647059
Svea_Hovraett_etc_export_job_4502445_845640_Svea_Hovraett_-_Advokatfiskalen_Jaemtlands_laen__1702__3-6edbb12a/0045_DSC_0427/r1l17,720.0,102.0,451.76,57,31,1,32,25,False,ok,0,0.0967741935483871
Svea_Hovraett_etc_export_job_4502445_845640_Svea_Hovraett_-_Advokatfiskalen_Jaemtlands_laen__1702__3-6edbb12a/0045_DSC_0427/r1l18,713.0,98.0,465.63,59,32,3,35,24,False,ok,0,0.03125
Svea_Hovraett_etc_export_job_4502445_845640_Svea_Hovraett_-_Advokatfiskalen_Jaemtlands_laen__1702__3-6edbb12a/0045_DSC_0427/r1l19,701.0,105.0,427.28,54,29,1,30,24,False,ok,0,0.034482758620689655
Svea_Hovraett_etc_export_job_4502445_845640_Svea_Hovraett_-_Advokatfiskalen_Jaemtlands_laen__1702__3-6edbb12a/0045_DSC_0427/r1l20,724.0,81.0,572.05,72,32,1,33,39,False,ok,0,0.03125
Svea_Hovraett_etc_export_job_4502445_845640_Svea_Hovraett_-_Advokatfiskalen_Jaemtlands_laen__1702__3-6edbb12a/0045_DSC_0427/r1l21,730.0,103.0,453.59,57,32,1,33,24,False,ok,0,0.15625
Svea_Hovraett_etc_export_job_4502445_845640_Svea_Hovraett_-_Advokatfiskalen_Jaemtlands_laen__1702__3-6edbb12a/0045_DSC_0427/r1l22,736.0,96.0,490.67,62,31,0,31,31,False,ok,0,0.25806451612903225
Svea_Hovraett_etc_export_job_4502445_845640_Svea_Hovraett_-_Advokatfiskalen_Jaemtlands_laen__1702__3-6edbb12a/0045_DSC_0427/r1l23,58.0,71.0,52.28,7,5,0,5,2,False,empty,1,1.0
Svea_Hovraett_etc_export_job_4502445_845640_Svea_Hovraett_-_Advokatfiskalen_Jaemtlands_laen__1702__3-6edbb12a/0045_DSC_0427/r2l2,78.0,51.0,97.88,13,3,0,3,10,False,ok,0,1.0
Svea_Hovraett_etc_export_job_4502445_845640_Svea_Hovraett_-_Advokatfiskalen_Jaemtlands_laen__1702__3-6edbb12a/0045_DSC_0427/r2l3,587.0,160.0,234.8,30,35,1,36,-6,True,ok,0,0.8285714285714286
Svea_Hovraett_etc_export_job_4502445_845640_Svea_Hovraett_-_Advokatfiskalen_Jaemtlands_laen__1702__3-6edbb12a/0045_DSC_0427/r2l4,604.0,131.0,295.08,37,34,1,35,2,False,ok,0,0.6470588235294118
Svea_Hovraett_etc_export_job_4502445_845640_Svea_Hovraett_-_Advokatfiskalen_Jaemtlands_laen__1702__3-6edbb12a/0045_DSC_0427/r2l5,627.0,129.0,311.07,39,41,3,44,-5,True,ok,0,0.6829268292682927
Svea_Hovraett_etc_export_job_4502445_845640_Svea_Hovraett_-_Advokatfiskalen_Jaemtlands_laen__1702__3-6edbb12a/0045_DSC_0427/r2l6,625.0,128.0,312.5,40,34,1,35,5,False,ok,0,0.7941176470588235
Svea_Hovraett_etc_export_job_4502445_845640_Svea_Hovraett_-_Advokatfiskalen_Jaemtlands_laen__1702__3-6edbb12a/0045_DSC_0427/r2l7,632.0,107.0,378.02,48,35,2,37,11,False,ok,0,0.3142857142857143
Svea_Hovraett_etc_export_job_4502445_845640_Svea_Hovraett_-_Advokatfiskalen_Jaemtlands_laen__1702__3-6edbb12a/0045_DSC_0427/r2l8,629.0,118.0,341.15,43,36,1,37,6,False,ok,0,0.5277777777777778
Svea_Hovraett_etc_export_job_4502445_845640_Svea_Hovraett_-_Advokatfiskalen_Jaemtlands_laen__1702__3-6edbb12a/0045_DSC_0427/r2l9,631.0,109.0,370.5,47,41,1,42,5,False,ok,0,0.3902439024390244
Svea_Hovraett_etc_export_job_4502445_845640_Svea_Hovraett_-_Advokatfiskalen_Jaemtlands_laen__1702__3-6edbb12a/0045_DSC_0427/r2l10,638.0,100.0,408.32,52,36,0,36,16,False,ok,0,0.3888888888888889
Svea_Hovraett_etc_export_job_4502445_845640_Svea_Hovraett_-_Advokatfiskalen_Jaemtlands_laen__1702__3-6edbb12a/0045_DSC_0427/r2l11,646.0,118.0,350.37,44,37,1,38,6,False,ok,0,0.43243243243243246
Svea_Hovraett_etc_export_job_4502445_845640_Svea_Hovraett_-_Advokatfiskalen_Jaemtlands_laen__1702__3-6edbb12a/0045_DSC_0427/r2l12,656.0,104.0,403.69,51,40,2,42,9,False,ok,0,0.25
Svea_Hovraett_etc_export_job_4502445_845640_Svea_Hovraett_-_Advokatfiskalen_Jaemtlands_laen__1702__3-6edbb12a/0045_DSC_0427/r2l13,633.0,87.0,465.66,59,36,3,39,20,False,ok,0,0.25
Svea_Hovraett_etc_export_job_4502445_845640_Svea_Hovraett_-_Advokatfiskalen_Jaemtlands_laen__1702__3-6edbb12a/0045_DSC_0427/r2l14,658.0,108.0,389.93,49,42,4,46,3,False,ok,0,0.2857142857142857
Svea_Hovraett_etc_export_job_4502445_845640_Svea_Hovraett_-_Advokatfiskalen_Jaemtlands_laen__1702__3-6edbb12a/0045_DSC_0427/r2l15,659.0,100.0,421.76,53,41,1,42,11,False,ok,0,0.2926829268292683
Svea_Hovraett_etc_export_job_4502445_845640_Svea_Hovraett_-_Advokatfiskalen_Jaemtlands_laen__1702__3-6edbb12a/0045_DSC_0427/r2l16,698.0,104.0,429.54,54,39,0,39,15,False,ok,0,0.20512820512820512
Svea_Hovraett_etc_export_job_4502445_845640_Svea_Hovraett_-_Advokatfiskalen_Jaemtlands_laen__1702__3-6edbb12a/0045_DSC_0427/r2l17,674.0,89.0,484.67,61,37,0,37,24,False,ok,0,0.32432432432432434
Svea_Hovraett_etc_export_job_4502445_845640_Svea_Hovraett_-_Advokatfiskalen_Jaemtlands_laen__1702__3-6edbb12a/0045_DSC_0427/r2l18,654.0,103.0,406.37,51,32,0,32,19,False,ok,0,0.125
Svea_Hovraett_etc_export_job_4502445_845640_Svea_Hovraett_-_Advokatfiskalen_Jaemtlands_laen__1702__3-6edbb12a/0045_DSC_0427/r2l19,657.0,108.0,389.33,49,31,1,32,17,False,ok,0,0.1935483870967742
Svea_Hovraett_etc_export_job_4502445_845640_Svea_Hovraett_-_Advokatfiskalen_Jaemtlands_laen__1702__3-6edbb12a/0045_DSC_0427/r2l20,677.0,109.0,397.5,50,36,3,39,11,False,ok,0,0.3055555555555556
Svea_Hovraett_etc_export_job_4502445_845640_Svea_Hovraett_-_Advokatfiskalen_Jaemtlands_laen__1702__3-6edbb12a/0045_DSC_0427/r2l21,683.0,106.0,412.38,52,35,1,36,16,False,ok,0,0.4
Svea_Hovraett_etc_export_job_4502445_845640_Svea_Hovraett_-_Advokatfiskalen_Jaemtlands_laen__1702__3-6edbb12a/0045_DSC_0427/r2l22,696.0,86.0,517.95,65,35,4,39,26,False,ok,0,0.14285714285714285
Svea_Hovraett_etc_export_job_4502445_845640_Svea_Hovraett_-_Advokatfiskalen_Jaemtlands_laen__1702__3-6edbb12a/0045_DSC_0427/r2l23,393.0,84.0,299.43,38,19,0,19,19,False,ok,0,0.21052631578947367
Svea_Hovraett_etc_export_job_4502445_845640_Svea_Hovraett_-_Advokatfiskalen_Jaemtlands_laen__1702__3-6edbb12a/0045_DSC_0427/r2l24,146.0,115.0,81.25,11,5,0,5,6,False,ok,0,0.8
Svea_Hovraett_etc_export_job_4502445_845640_Svea_Hovraett_-_Advokatfiskalen_Jaemtlands_laen__1702__3-6edbb12a/0046_DSC_0428/r1l1,646.0,103.0,401.4,51,31,0,31,20,False,ok,0,0.3870967741935484
Svea_Hovraett_etc_export_job_4502445_845640_Svea_Hovraett_-_Advokatfiskalen_Jaemtlands_laen__1702__3-6edbb12a/0046_DSC_0428/r1l2,638.0,92.0,443.83,56,37,2,39,17,False,ok,0,0.32432432432432434
Svea_Hovraett_etc_export_job_4502445_845640_Svea_Hovraett_-_Advokatfiskalen_Jaemtlands_laen__1702__3-6edbb12a/0046_DSC_0428/r1l3,645.0,86.0,480.0,60,33,0,33,27,False,ok,0,0.24242424242424243
Svea_Hovraett_etc_export_job_4502445_845640_Svea_Hovraett_-_Advokatfiskalen_Jaemtlands_laen__1702__3-6edbb12a/0046_DSC_0428/r1l4,656.0,102.0,411.61,52,34,4,38,14,False,ok,0,0.35294117647058826
Svea_Hovraett_etc_export_job_4502445_845640_Svea_Hovraett_-_Advokatfiskalen_Jaemtlands_laen__1702__3-6edbb12a/0046_DSC_0428/r1l5,660.0,81.0,521.48,66,37,1,38,28,False,ok,0,0.21621621621621623
Svea_Hovraett_etc_export_job_4502445_845640_Svea_Hovraett_-_Advokatfiskalen_Jaemtlands_laen__1702__3-6edbb12a/0046_DSC_0428/r1l6,658.0,86.0,489.67,62,31,1,32,30,False,ok,0,0.22580645161290322
Svea_Hovraett_etc_export_job_4502445_845640_Svea_Hovraett_-_Advokatfiskalen_Jaemtlands_laen__1702__3-6edbb12a/0046_DSC_0428/r1l7,651.0,93.0,448.0,56,33,1,34,22,False,ok,0,0.15151515151515152
Svea_Hovraett_etc_export_job_4502445_845640_Svea_Hovraett_-_Advokatfiskalen_Jaemtlands_laen__1702__3-6edbb12a/0046_DSC_0428/r1l8,664.0,83.0,512.0,64,35,1,36,28,False,ok,0,0.22857142857142856
Svea_Hovraett_etc_export_job_4502445_845640_Svea_Hovraett_-_Advokatfiskalen_Jaemtlands_laen__1702__3-6edbb12a/0046_DSC_0428/r1l9,650.0,93.0,447.31,56,29,1,30,26,False,ok,0,0.06896551724137931
Svea_Hovraett_etc_export_job_4502445_845640_Svea_Hovraett_-_Advokatfiskalen_Jaemtlands_laen__1702__3-6edbb12a/0046_DSC_0428/r1l10,700.0,89.0,503.37,63,31,3,34,29,False,ok,0,0.12903225806451613
Svea_Hovraett_etc_export_job_4502445_845640_Svea_Hovraett_-_Advokatfiskalen_Jaemtlands_laen__1702__3-6edbb12a/0046_DSC_0428/r1l11,694.0,99.0,448.65,57,32,0,32,25,False,ok,0,0.125
Svea_Hovraett_etc_export_job_4502445_845640_Svea_Hovraett_-_Advokatfiskalen_Jaemtlands_laen__1702__3-6edbb12a/0046_DSC_0428/r1l12,685.0,77.0,569.35,72,32,0,32,40,False,ok,0,0.125
Svea_Hovraett_etc_export_job_4502445_845640_Svea_Hovraett_-_Advokatfiskalen_Jaemtlands_laen__1702__3-6edbb12a/0046_DSC_0428/r1l13,699.0,96.0,466.0,59,41,3,44,15,False,ok,0,0.17073170731707318
Svea_Hovraett_etc_export_job_4502445_845640_Svea_Hovraett_-_Advokatfiskalen_Jaemtlands_laen__1702__3-6edbb12a/0046_DSC_0428/r1l14,696.0,83.0,536.67,68,32,0,32,36,False,ok,0,0.1875
Svea_Hovraett_etc_export_job_4502445_845640_Svea_Hovraett_-_Advokatfiskalen_Jaemtlands_laen__1702__3-6edbb12a/0046_DSC_0428/r1l15,691.0,99.0,446.71,56,37,1,38,18,False,ok,0,0.08108108108108109
Svea_Hovraett_etc_export_job_4502445_845640_Svea_Hovraett_-_Advokatfiskalen_Jaemtlands_laen__1702__3-6edbb12a/0046_DSC_0428/r1l16,695.0,99.0,449.29,57,37,1,38,19,False,ok,0,0.24324324324324326
Svea_Hovraett_etc_export_job_4502445_845640_Svea_Hovraett_-_Advokatfiskalen_Jaemtlands_laen__1702__3-6edbb12a/0046_DSC_0428/r1l18,657.0,92.0,457.04,58,30,2,32,26,False,ok,0,0.03333333333333333
Svea_Hovraett_etc_export_job_4502445_845640_Svea_Hovraett_-_Advokatfiskalen_Jaemtlands_laen__1702__3-6edbb12a/0046_DSC_0428/r1l19,713.0,99.0,460.93,58,32,1,33,25,False,ok,0,0.09375
Svea_Hovraett_etc_export_job_4502445_845640_Svea_Hovraett_-_Advokatfiskalen_Jaemtlands_laen__1702__3-6edbb12a/0046_DSC_0428/r1l20,714.0,86.0,531.35,67,34,1,35,32,False,ok,0,0.23529411764705882
Svea_Hovraett_etc_export_job_4502445_845640_Svea_Hovraett_-_Advokatfiskalen_Jaemtlands_laen__1702__3-6edbb12a/0046_DSC_0428/r1l21,749.0,113.0,424.21,54,39,1,40,14,False,ok,0,0.41025641025641024
Svea_Hovraett_etc_export_job_4502445_845640_Svea_Hovraett_-_Advokatfiskalen_Jaemtlands_laen__1702__3-6edbb12a/0046_DSC_0428/line_1638873339761_636,78.0,58.0,86.07,11,3,1,4,7,False,ok,0,0.6666666666666666
Svea_Hovraett_etc_export_job_4502445_845640_Svea_Hovraett_-_Advokatfiskalen_Jaemtlands_laen__1702__3-6edbb12a/0046_DSC_0428/line_1638873327057_631,723.0,137.0,337.75,43,40,3,43,0,False,ok,0,0.8
Svea_Hovraett_etc_export_job_4502445_845640_Svea_Hovraett_-_Advokatfiskalen_Jaemtlands_laen__1702__3-6edbb12a/0046_DSC_0428/r2l4,625.0,123.0,325.2,41,34,2,36,5,False,ok,0,0.7941176470588235
Svea_Hovraett_etc_export_job_4502445_845640_Svea_Hovraett_-_Advokatfiskalen_Jaemtlands_laen__1702__3-6edbb12a/0046_DSC_0428/r2l5,642.0,130.0,316.06,40,39,3,42,-2,True,ok,0,0.7948717948717948
Svea_Hovraett_etc_export_job_4502445_845640_Svea_Hovraett_-_Advokatfiskalen_Jaemtlands_laen__1702__3-6edbb12a/0046_DSC_0428/r2l6,646.0,112.0,369.14,47,38,1,39,8,False,ok,0,0.5263157894736842
Svea_Hovraett_etc_export_job_4502445_845640_Svea_Hovraett_-_Advokatfiskalen_Jaemtlands_laen__1702__3-6edbb12a/0046_DSC_0428/r2l7,650.0,112.0,371.43,47,31,1,32,15,False,ok,0,0.45161290322580644
Svea_Hovraett_etc_export_job_4502445_845640_Svea_Hovraett_-_Advokatfiskalen_Jaemtlands_laen__1702__3-6edbb12a/0046_DSC_0428/r2l8,634.0,99.0,409.86,52,34,1,35,17,False,ok,0,0.3235294117647059
Svea_Hovraett_etc_export_job_4502445_845640_Svea_Hovraett_-_Advokatfiskalen_Jaemtlands_laen__1702__3-6edbb12a/0046_DSC_0428/r2l9,649.0,125.0,332.29,42,45,2,47,-5,True,ok,0,0.8222222222222222
Svea_Hovraett_etc_export_job_4502445_845640_Svea_Hovraett_-_Advokatfiskalen_Jaemtlands_laen__1702__3-6edbb12a/0046_DSC_0428/r2l10,676.0,95.0,455.41,57,41,1,42,15,False,ok,0,0.3170731707317073
Svea_Hovraett_etc_export_job_4502445_845640_Svea_Hovraett_-_Advokatfiskalen_Jaemtlands_laen__1702__3-6edbb12a/0046_DSC_0428/r2l11,658.0,102.0,412.86,52,39,1,40,12,False,ok,0,0.23076923076923078
Svea_Hovraett_etc_export_job_4502445_845640_Svea_Hovraett_-_Advokatfiskalen_Jaemtlands_laen__1702__3-6edbb12a/0046_DSC_0428/line_1638873215563_608,629.0,108.0,372.74,47,37,2,39,8,False,ok,0,0.24324324324324326
Svea_Hovraett_etc_export_job_4502445_845640_Svea_Hovraett_-_Advokatfiskalen_Jaemtlands_laen__1702__3-6edbb12a/0046_DSC_0428/r2l14,660.0,81.0,521.48,66,39,0,39,27,False,ok,0,0.28205128205128205
Svea_Hovraett_etc_export_job_4502445_845640_Svea_Hovraett_-_Advokatfiskalen_Jaemtlands_laen__1702__3-6edbb12a/0046_DSC_0428/r2l15,658.0,103.0,408.85,52,35,1,36,16,False,ok,0,0.3142857142857143
Svea_Hovraett_etc_export_job_4502445_845640_Svea_Hovraett_-_Advokatfiskalen_Jaemtlands_laen__1702__3-6edbb12a/0046_DSC_0428/r2l16,679.0,89.0,488.27,62,32,0,32,30,False,ok,0,0.1875
Svea_Hovraett_etc_export_job_4502445_845640_Svea_Hovraett_-_Advokatfiskalen_Jaemtlands_laen__1702__3-6edbb12a/0046_DSC_0428/r2l17,680.0,94.0,462.98,58,37,2,39,19,False,ok,0,0.1891891891891892
Svea_Hovraett_etc_export_job_4502445_845640_Svea_Hovraett_-_Advokatfiskalen_Jaemtlands_laen__1702__3-6edbb12a/0046_DSC_0428/r2l18,651.0,79.0,527.39,66,35,1,36,30,False,ok,0,0.42857142857142855
Svea_Hovraett_etc_export_job_4502445_845640_Svea_Hovraett_-_Advokatfiskalen_Jaemtlands_laen__1702__3-6edbb12a/0046_DSC_0428/r2l19,696.0,94.0,473.87,60,39,1,40,20,False,ok,0,0.2564102564102564
Svea_Hovraett_etc_export_job_4502445_845640_Svea_Hovraett_-_Advokatfiskalen_Jaemtlands_laen__1702__3-6edbb12a/0046_DSC_0428/r2l20,691.0,73.0,605.81,76,33,3,36,40,False,ok,0,0.15151515151515152
Svea_Hovraett_etc_export_job_4502445_845640_Svea_Hovraett_-_Advokatfiskalen_Jaemtlands_laen__1702__3-6edbb12a/0046_DSC_0428/r2l21,701.0,114.0,393.54,50,35,0,35,15,False,ok,0,0.4
Svea_Hovraett_etc_export_job_4502445_845640_Svea_Hovraett_-_Advokatfiskalen_Jaemtlands_laen__1702__3-6edbb12a/0046_DSC_0428/r2l22,719.0,81.0,568.1,72,35,1,36,36,False,ok,0,0.2571428571428571
Svea_Hovraett_etc_export_job_4502445_845640_Svea_Hovraett_-_Advokatfiskalen_Jaemtlands_laen__1702__3-6edbb12a/0046_DSC_0428/r2l23,711.0,107.0,425.27,54,39,1,40,14,False,ok,0,0.1794871794871795
Svea_Hovraett_etc_export_job_4502445_845640_Svea_Hovraett_-_Advokatfiskalen_Jaemtlands_laen__1702__3-6edbb12a/0046_DSC_0428/r2l25,723.0,115.0,402.37,51,40,1,41,10,False,ok,0,0.325
Svea_Hovraett_etc_export_job_4502445_845640_Svea_Hovraett_-_Advokatfiskalen_Jaemtlands_laen__1702__3-6edbb12a/0046_DSC_0428/r2l28,110.0,87.0,80.92,11,4,0,4,7,False,empty,1,1.0
Svea_Hovraett_etc_export_job_4502445_845640_Svea_Hovraett_-_Advokatfiskalen_Jaemtlands_laen__1702__3-6edbb12a/0047_DSC_0429/r1l1,687.0,105.0,418.74,53,40,3,43,10,False,ok,0,0.675
Svea_Hovraett_etc_export_job_4502445_845640_Svea_Hovraett_-_Advokatfiskalen_Jaemtlands_laen__1702__3-6edbb12a/0047_DSC_0429/r1l2,679.0,96.0,452.67,57,40,3,43,14,False,ok,0,0.4
Svea_Hovraett_etc_export_job_4502445_845640_Svea_Hovraett_-_Advokatfiskalen_Jaemtlands_laen__1702__3-6edbb12a/0047_DSC_0429/r1l3,689.0,98.0,449.96,57,38,2,40,17,False,ok,0,0.5
Svea_Hovraett_etc_export_job_4502445_845640_Svea_Hovraett_-_Advokatfiskalen_Jaemtlands_laen__1702__3-6edbb12a/0047_DSC_0429/r1l4,702.0,96.0,468.0,59,37,0,37,22,False,ok,0,0.43243243243243246
Svea_Hovraett_etc_export_job_4502445_845640_Svea_Hovraett_-_Advokatfiskalen_Jaemtlands_laen__1702__3-6edbb12a/0047_DSC_0429/r1l5,711.0,89.0,511.28,64,40,3,43,21,False,ok,0,0.25
Svea_Hovraett_etc_export_job_4502445_845640_Svea_Hovraett_-_Advokatfiskalen_Jaemtlands_laen__1702__3-6edbb12a/0047_DSC_0429/r1l6,686.0,105.0,418.13,53,34,2,36,17,False,ok,0,0.23529411764705882
Svea_Hovraett_etc_export_job_4502445_845640_Svea_Hovraett_-_Advokatfiskalen_Jaemtlands_laen__1702__3-6edbb12a/0047_DSC_0429/r1l7,823.0,128.0,411.5,52,46,3,49,3,False,ok,0,0.5
Svea_Hovraett_etc_export_job_4502445_845640_Svea_Hovraett_-_Advokatfiskalen_Jaemtlands_laen__1702__3-6edbb12a/0047_DSC_0429/r1l8,711.0,87.0,523.03,66,33,1,34,32,False,ok,0,0.24242424242424243
Svea_Hovraett_etc_export_job_4502445_845640_Svea_Hovraett_-_Advokatfiskalen_Jaemtlands_laen__1702__3-6edbb12a/0047_DSC_0429/r1l9,725.0,104.0,446.15,56,42,2,44,12,False,ok,0,0.16666666666666666
Svea_Hovraett_etc_export_job_4502445_845640_Svea_Hovraett_-_Advokatfiskalen_Jaemtlands_laen__1702__3-6edbb12a/0047_DSC_0429/r1l10,727.0,91.0,511.3,64,36,2,38,26,False,ok,0,0.1388888888888889
Svea_Hovraett_etc_export_job_4502445_845640_Svea_Hovraett_-_Advokatfiskalen_Jaemtlands_laen__1702__3-6edbb12a/0047_DSC_0429/r1l11,726.0,100.0,464.64,59,37,1,38,21,False,ok,0,0.10810810810810811
Svea_Hovraett_etc_export_job_4502445_845640_Svea_Hovraett_-_Advokatfiskalen_Jaemtlands_laen__1702__3-6edbb12a/0047_DSC_0429/r1l12,725.0,90.0,515.56,65,47,1,48,17,False,ok,0,0.1702127659574468
Svea_Hovraett_etc_export_job_4502445_845640_Svea_Hovraett_-_Advokatfiskalen_Jaemtlands_laen__1702__3-6edbb12a/0047_DSC_0429/r1l13,738.0,103.0,458.56,58,38,3,41,17,False,ok,0,0.2894736842105263
Svea_Hovraett_etc_export_job_4502445_845640_Svea_Hovraett_-_Advokatfiskalen_Jaemtlands_laen__1702__3-6edbb12a/0047_DSC_0429/r1l14,741.0,82.0,578.34,73,42,1,43,30,False,ok,0,0.19047619047619047
Svea_Hovraett_etc_export_job_4502445_845640_Svea_Hovraett_-_Advokatfiskalen_Jaemtlands_laen__1702__3-6edbb12a/0047_DSC_0429/r1l15,761.0,92.0,529.39,67,37,2,39,28,False,ok,0,0.21621621621621623
Svea_Hovraett_etc_export_job_4502445_845640_Svea_Hovraett_-_Advokatfiskalen_Jaemtlands_laen__1702__3-6edbb12a/0047_DSC_0429/r1l16,766.0,102.0,480.63,61,36,1,37,24,False,ok,0,0.19444444444444445
Svea_Hovraett_etc_export_job_4502445_845640_Svea_Hovraett_-_Advokatfiskalen_Jaemtlands_laen__1702__3-6edbb12a/0047_DSC_0429/r1l17,727.0,104.0,447.38,56,36,1,37,19,False,ok,0,0.1388888888888889
Svea_Hovraett_etc_export_job_4502445_845640_Svea_Hovraett_-_Advokatfiskalen_Jaemtlands_laen__1702__3-6edbb12a/0047_DSC_0429/r1l18,746.0,114.0,418.81,53,36,0,36,17,False,ok,0,0.25
Svea_Hovraett_etc_export_job_4502445_845640_Svea_Hovraett_-_Advokatfiskalen_Jaemtlands_laen__1702__3-6edbb12a/0047_DSC_0429/r1l19,745.0,101.0,472.08,60,29,1,30,30,False,ok,0,0.06896551724137931
Svea_Hovraett_etc_export_job_4502445_845640_Svea_Hovraett_-_Advokatfiskalen_Jaemtlands_laen__1702__3-6edbb12a/0047_DSC_0429/r1l20,751.0,114.0,421.61,53,32,0,32,21,False,ok,0,0.1875
Svea_Hovraett_etc_export_job_4502445_845640_Svea_Hovraett_-_Advokatfiskalen_Jaemtlands_laen__1702__3-6edbb12a/0047_DSC_0429/r1l21,98.0,98.0,64.0,8,4,1,5,3,False,ok,0,1.0
Svea_Hovraett_etc_export_job_4502445_845640_Svea_Hovraett_-_Advokatfiskalen_Jaemtlands_laen__1702__3-6edbb12a/0047_DSC_0429/r2l1,682.0,156.0,279.79,35,38,5,43,-8,True,ok,0,0.8421052631578947
Svea_Hovraett_etc_export_job_4502445_845640_Svea_Hovraett_-_Advokatfiskalen_Jaemtlands_laen__1702__3-6edbb12a/0047_DSC_0429/r2l2,680.0,151.0,288.21,37,36,2,38,-1,True,ok,0,0.8055555555555556
Svea_Hovraett_etc_export_job_4502445_845640_Svea_Hovraett_-_Advokatfiskalen_Jaemtlands_laen__1702__3-6edbb12a/0047_DSC_0429/r2l3,697.0,155.0,287.79,36,37,1,38,-2,True,ok,0,0.6486486486486487
Svea_Hovraett_etc_export_job_4502445_845640_Svea_Hovraett_-_Advokatfiskalen_Jaemtlands_laen__1702__3-6edbb12a/0047_DSC_0429/r2l4,625.0,163.0,245.4,31,33,1,34,-3,True,ok,0,0.8181818181818182
Svea_Hovraett_etc_export_job_4502445_845640_Svea_Hovraett_-_Advokatfiskalen_Jaemtlands_laen__1702__3-6edbb12a/0047_DSC_0429/r2l5,770.0,160.0,308.0,39,38,1,39,0,False,ok,0,0.5789473684210527
Svea_Hovraett_etc_export_job_4502445_845640_Svea_Hovraett_-_Advokatfiskalen_Jaemtlands_laen__1702__3-6edbb12a/0047_DSC_0429/r2l6,684.0,138.0,317.22,40,34,1,35,5,False,ok,0,0.6176470588235294
Svea_Hovraett_etc_export_job_4502445_845640_Svea_Hovraett_-_Advokatfiskalen_Jaemtlands_laen__1702__3-6edbb12a/0047_DSC_0429/r2l7,701.0,132.0,339.88,43,38,2,40,3,False,ok,0,0.7368421052631579
Svea_Hovraett_etc_export_job_4502445_845640_Svea_Hovraett_-_Advokatfiskalen_Jaemtlands_laen__1702__3-6edbb12a/0047_DSC_0429/r2l8,731.0,120.0,389.87,49,39,1,40,9,False,ok,0,0.5384615384615384
Svea_Hovraett_etc_export_job_4502445_845640_Svea_Hovraett_-_Advokatfiskalen_Jaemtlands_laen__1702__3-6edbb12a/0047_DSC_0429/r2l9,713.0,131.0,348.34,44,44,1,45,-1,True,ok,0,0.5681818181818182
Svea_Hovraett_etc_export_job_4502445_845640_Svea_Hovraett_-_Advokatfiskalen_Jaemtlands_laen__1702__3-6edbb12a/0047_DSC_0429/r2l10,680.0,106.0,410.57,52,33,2,35,17,False,ok,0,0.3939393939393939
Svea_Hovraett_etc_export_job_4502445_845640_Svea_Hovraett_-_Advokatfiskalen_Jaemtlands_laen__1702__3-6edbb12a/0047_DSC_0429/r2l11,712.0,122.0,373.51,47,36,1,37,10,False,ok,0,0.3888888888888889
Svea_Hovraett_etc_export_job_4502445_845640_Svea_Hovraett_-_Advokatfiskalen_Jaemtlands_laen__1702__3-6edbb12a/0047_DSC_0429/r2l12,728.0,100.0,465.92,59,38,2,40,19,False,ok,0,0.21052631578947367
Svea_Hovraett_etc_export_job_4502445_845640_Svea_Hovraett_-_Advokatfiskalen_Jaemtlands_laen__1702__3-6edbb12a/0047_DSC_0429/r2l13,715.0,96.0,476.67,60,34,2,36,24,False,ok,0,0.35294117647058826
Svea_Hovraett_etc_export_job_4502445_845640_Svea_Hovraett_-_Advokatfiskalen_Jaemtlands_laen__1702__3-6edbb12a/0047_DSC_0429/r2l14,722.0,97.0,476.37,60,31,1,32,28,False,ok,0,0.16129032258064516
Svea_Hovraett_etc_export_job_4502445_845640_Svea_Hovraett_-_Advokatfiskalen_Jaemtlands_laen__1702__3-6edbb12a/0047_DSC_0429/r2l15,735.0,103.0,456.7,58,38,1,39,19,False,ok,0,0.18421052631578946
Svea_Hovraett_etc_export_job_4502445_845640_Svea_Hovraett_-_Advokatfiskalen_Jaemtlands_laen__1702__3-6edbb12a/0047_DSC_0429/r2l16,733.0,108.0,434.37,55,33,1,34,21,False,ok,0,0.18181818181818182
Svea_Hovraett_etc_export_job_4502445_845640_Svea_Hovraett_-_Advokatfiskalen_Jaemtlands_laen__1702__3-6edbb12a/0047_DSC_0429/r2l17,747.0,89.0,537.17,68,29,2,31,37,False,ok,0,0.20689655172413793
Svea_Hovraett_etc_export_job_4502445_845640_Svea_Hovraett_-_Advokatfiskalen_Jaemtlands_laen__1702__3-6edbb12a/0047_DSC_0429/r2l18,758.0,101.0,480.32,61,36,0,36,25,False,ok,0,0.2777777777777778
Svea_Hovraett_etc_export_job_4502445_845640_Svea_Hovraett_-_Advokatfiskalen_Jaemtlands_laen__1702__3-6edbb12a/0047_DSC_0429/r2l19,760.0,121.0,401.98,51,34,3,37,14,False,ok,0,0.29411764705882354
Svea_Hovraett_etc_export_job_4502445_845640_Svea_Hovraett_-_Advokatfiskalen_Jaemtlands_laen__1702__3-6edbb12a/0047_DSC_0429/r2l20,754.0,127.0,379.97,48,34,1,35,13,False,ok,0,0.3235294117647059
Svea_Hovraett_etc_export_job_4502445_845640_Svea_Hovraett_-_Advokatfiskalen_Jaemtlands_laen__1702__3-6edbb12a/0047_DSC_0429/r2l21,111.0,102.0,69.65,9,3,1,4,5,False,empty,1,1.0
Svea_Hovraett_etc_export_job_4502445_845640_Svea_Hovraett_-_Advokatfiskalen_Jaemtlands_laen__1702__3-6edbb12a/0048_DSC_0430/r1l1,659.0,134.0,314.75,40,34,3,37,3,False,ok,0,0.5294117647058824
Svea_Hovraett_etc_export_job_4502445_845640_Svea_Hovraett_-_Advokatfiskalen_Jaemtlands_laen__1702__3-6edbb12a/0048_DSC_0430/r1l2,651.0,118.0,353.08,45,33,2,35,10,False,ok,0,0.8181818181818182
Svea_Hovraett_etc_export_job_4502445_845640_Svea_Hovraett_-_Advokatfiskalen_Jaemtlands_laen__1702__3-6edbb12a/0048_DSC_0430/r1l3,662.0,138.0,307.01,39,41,3,44,-5,True,ok,0,0.9024390243902439
Svea_Hovraett_etc_export_job_4502445_845640_Svea_Hovraett_-_Advokatfiskalen_Jaemtlands_laen__1702__3-6edbb12a/0048_DSC_0430/r1l4,644.0,133.0,309.89,39,34,0,34,5,False,ok,0,0.7058823529411765
Svea_Hovraett_etc_export_job_4502445_845640_Svea_Hovraett_-_Advokatfiskalen_Jaemtlands_laen__1702__3-6edbb12a/0048_DSC_0430/r1l5,641.0,133.0,308.45,39,33,0,33,6,False,ok,0,0.8484848484848485
Svea_Hovraett_etc_export_job_4502445_845640_Svea_Hovraett_-_Advokatfiskalen_Jaemtlands_laen__1702__3-6edbb12a/0048_DSC_0430/r1l6,668.0,128.0,334.0,42,44,1,45,-3,True,ok,0,0.7727272727272727
Svea_Hovraett_etc_export_job_4502445_845640_Svea_Hovraett_-_Advokatfiskalen_Jaemtlands_laen__1702__3-6edbb12a/0048_DSC_0430/r1l7,664.0,123.0,345.5,44,36,1,37,7,False,ok,0,0.4444444444444444
Svea_Hovraett_etc_export_job_4502445_845640_Svea_Hovraett_-_Advokatfiskalen_Jaemtlands_laen__1702__3-6edbb12a/0048_DSC_0430/r1l8,685.0,114.0,384.56,49,37,1,38,11,False,ok,0,0.4864864864864865
Svea_Hovraett_etc_export_job_4502445_845640_Svea_Hovraett_-_Advokatfiskalen_Jaemtlands_laen__1702__3-6edbb12a/0048_DSC_0430/r1l9,679.0,99.0,438.95,55,31,2,33,22,False,ok,0,0.3548387096774194
Svea_Hovraett_etc_export_job_4502445_845640_Svea_Hovraett_-_Advokatfiskalen_Jaemtlands_laen__1702__3-6edbb12a/0048_DSC_0430/r1l10,694.0,112.0,396.57,50,41,1,42,8,False,ok,0,0.43902439024390244
Svea_Hovraett_etc_export_job_4502445_845640_Svea_Hovraett_-_Advokatfiskalen_Jaemtlands_laen__1702__3-6edbb12a/0048_DSC_0430/r1l11,688.0,120.0,366.93,46,37,3,40,6,False,ok,0,0.3783783783783784
Svea_Hovraett_etc_export_job_4502445_845640_Svea_Hovraett_-_Advokatfiskalen_Jaemtlands_laen__1702__3-6edbb12a/0048_DSC_0430/r1l12,692.0,111.0,398.99,50,37,2,39,11,False,ok,0,0.2702702702702703
Svea_Hovraett_etc_export_job_4502445_845640_Svea_Hovraett_-_Advokatfiskalen_Jaemtlands_laen__1702__3-6edbb12a/0048_DSC_0430/r1l13,695.0,91.0,488.79,62,36,0,36,26,False,ok,0,0.25
Svea_Hovraett_etc_export_job_4502445_845640_Svea_Hovraett_-_Advokatfiskalen_Jaemtlands_laen__1702__3-6edbb12a/0048_DSC_0430/r1l14,704.0,116.0,388.41,49,39,1,40,9,False,ok,0,0.48717948717948717
Svea_Hovraett_etc_export_job_4502445_845640_Svea_Hovraett_-_Advokatfiskalen_Jaemtlands_laen__1702__3-6edbb12a/0048_DSC_0430/r1l15,702.0,98.0,458.45,58,39,0,39,19,False,ok,0,0.2564102564102564
Svea_Hovraett_etc_export_job_4502445_845640_Svea_Hovraett_-_Advokatfiskalen_Jaemtlands_laen__1702__3-6edbb12a/0048_DSC_0430/r1l16,711.0,98.0,464.33,59,45,2,47,12,False,ok,0,0.3333333333333333
Svea_Hovraett_etc_export_job_4502445_845640_Svea_Hovraett_-_Advokatfiskalen_Jaemtlands_laen__1702__3-6edbb12a/0048_DSC_0430/r1l17,715.0,101.0,453.07,57,34,0,34,23,False,ok,0,0.20588235294117646
Svea_Hovraett_etc_export_job_4502445_845640_Svea_Hovraett_-_Advokatfiskalen_Jaemtlands_laen__1702__3-6edbb12a/0048_DSC_0430/r1l18,720.0,109.0,422.75,53,35,1,36,17,False,ok,0,0.17142857142857143
Svea_Hovraett_etc_export_job_4502445_845640_Svea_Hovraett_-_Advokatfiskalen_Jaemtlands_laen__1702__3-6edbb12a/0048_DSC_0430/r1l19,718.0,80.0,574.4,72,35,2,37,35,False,ok,0,0.2
Svea_Hovraett_etc_export_job_4502445_845640_Svea_Hovraett_-_Advokatfiskalen_Jaemtlands_laen__1702__3-6edbb12a/0048_DSC_0430/r1l20,715.0,104.0,440.0,55,38,1,39,16,False,ok,0,0.2631578947368421
Svea_Hovraett_etc_export_job_4502445_845640_Svea_Hovraett_-_Advokatfiskalen_Jaemtlands_laen__1702__3-6edbb12a/0048_DSC_0430/r1l21,721.0,105.0,439.47,55,41,3,44,11,False,ok,0,0.17073170731707318
Svea_Hovraett_etc_export_job_4502445_845640_Svea_Hovraett_-_Advokatfiskalen_Jaemtlands_laen__1702__3-6edbb12a/0048_DSC_0430/r1l22,55.0,48.0,73.33,10,3,0,3,7,False,ok,0,1.0
Svea_Hovraett_etc_export_job_4502445_845640_Svea_Hovraett_-_Advokatfiskalen_Jaemtlands_laen__1702__3-6edbb12a/0048_DSC_0430/r2l2,61.0,77.0,50.7,7,3,0,3,4,False,ok,0,0.6666666666666666
Svea_Hovraett_etc_export_job_4502445_845640_Svea_Hovraett_-_Advokatfiskalen_Jaemtlands_laen__1702__3-6edbb12a/0048_DSC_0430/r2l3,617.0,157.0,251.52,32,40,0,40,-8,True,ok,0,0.875
Svea_Hovraett_etc_export_job_4502445_845640_Svea_Hovraett_-_Advokatfiskalen_Jaemtlands_laen__1702__3-6edbb12a/0048_DSC_0430/r2l4,636.0,147.0,276.9,35,31,0,31,4,False,ok,0,0.8064516129032258
Svea_Hovraett_etc_export_job_4502445_845640_Svea_Hovraett_-_Advokatfiskalen_Jaemtlands_laen__1702__3-6edbb12a/0048_DSC_0430/r2l5,644.0,119.0,346.35,44,33,1,34,10,False,ok,0,0.5454545454545454
Svea_Hovraett_etc_export_job_4502445_845640_Svea_Hovraett_-_Advokatfiskalen_Jaemtlands_laen__1702__3-6edbb12a/0048_DSC_0430/r2l6,657.0,123.0,341.85,43,39,1,40,3,False,ok,0,0.8205128205128205
Svea_Hovraett_etc_export_job_4502445_845640_Svea_Hovraett_-_Advokatfiskalen_Jaemtlands_laen__1702__3-6edbb12a/0048_DSC_0430/r2l7,678.0,134.0,323.82,41,37,0,37,4,False,ok,0,0.7567567567567568
Svea_Hovraett_etc_export_job_4502445_845640_Svea_Hovraett_-_Advokatfiskalen_Jaemtlands_laen__1702__3-6edbb12a/0048_DSC_0430/r2l8,647.0,123.0,336.65,43,35,2,37,6,False,ok,0,0.42857142857142855
Svea_Hovraett_etc_export_job_4502445_845640_Svea_Hovraett_-_Advokatfiskalen_Jaemtlands_laen__1702__3-6edbb12a/0048_DSC_0430/r2l9,305.0,117.0,166.84,21,17,1,18,3,False,ok,0,0.23529411764705882
Svea_Hovraett_etc_export_job_4502445_845640_Svea_Hovraett_-_Advokatfiskalen_Jaemtlands_laen__1702__3-6edbb12a/0048_DSC_0430/line_1638873861887_778,756.0,133.0,363.79,46,40,2,42,4,False,ok,0,0.4
Svea_Hovraett_etc_export_job_4502445_845640_Svea_Hovraett_-_Advokatfiskalen_Jaemtlands_laen__1702__3-6edbb12a/0048_DSC_0430/r2l12,671.0,119.0,360.87,46,32,0,32,14,False,ok,0,0.3125
Svea_Hovraett_etc_export_job_4502445_845640_Svea_Hovraett_-_Advokatfiskalen_Jaemtlands_laen__1702__3-6edbb12a/0048_DSC_0430/r2l13,695.0,100.0,444.8,56,36,1,37,19,False,ok,0,0.1388888888888889
Svea_Hovraett_etc_export_job_4502445_845640_Svea_Hovraett_-_Advokatfiskalen_Jaemtlands_laen__1702__3-6edbb12a/0048_DSC_0430/r2l14,685.0,94.0,466.38,59,31,0,31,28,False,ok,0,0.1935483870967742
Svea_Hovraett_etc_export_job_4502445_845640_Svea_Hovraett_-_Advokatfiskalen_Jaemtlands_laen__1702__3-6edbb12a/0048_DSC_0430/r2l15,667.0,128.0,333.5,42,33,3,36,6,False,ok,0,0.24242424242424243
Svea_Hovraett_etc_export_job_4502445_845640_Svea_Hovraett_-_Advokatfiskalen_Jaemtlands_laen__1702__3-6edbb12a/0048_DSC_0430/r2l16,696.0,89.0,500.49,63,33,0,33,30,False,ok,0,0.12121212121212122
Svea_Hovraett_etc_export_job_4502445_845640_Svea_Hovraett_-_Advokatfiskalen_Jaemtlands_laen__1702__3-6edbb12a/0048_DSC_0430/r2l17,712.0,96.0,474.67,60,35,3,38,22,False,ok,0,0.11428571428571428
Svea_Hovraett_etc_export_job_4502445_845640_Svea_Hovraett_-_Advokatfiskalen_Jaemtlands_laen__1702__3-6edbb12a/0048_DSC_0430/r2l18,86.0,57.0,96.56,13,6,0,6,7,False,ok,0,0.8333333333333334
Svea_Hovraett_etc_export_job_4502445_845640_Svea_Hovraett_-_Advokatfiskalen_Jaemtlands_laen__1702__3-6edbb12a/0048_DSC_0430/r2l19,791.0,95.0,532.88,67,43,3,46,21,False,ok,0,0.2558139534883721
Svea_Hovraett_etc_export_job_4502445_845640_Svea_Hovraett_-_Advokatfiskalen_Jaemtlands_laen__1702__3-6edbb12a/0048_DSC_0430/r2l20,681.0,94.0,463.66,58,38,1,39,19,False,ok,0,0.2631578947368421
Svea_Hovraett_etc_export_job_4502445_845640_Svea_Hovraett_-_Advokatfiskalen_Jaemtlands_laen__1702__3-6edbb12a/0048_DSC_0430/r2l21,704.0,94.0,479.32,60,35,2,37,23,False,ok,0,0.17142857142857143
Svea_Hovraett_etc_export_job_4502445_845640_Svea_Hovraett_-_Advokatfiskalen_Jaemtlands_laen__1702__3-6edbb12a/0048_DSC_0430/r2l22,707.0,97.0,466.47,59,33,1,34,25,False,ok,0,0.18181818181818182
Svea_Hovraett_etc_export_job_4502445_845640_Svea_Hovraett_-_Advokatfiskalen_Jaemtlands_laen__1702__3-6edbb12a/0048_DSC_0430/r2l23,439.0,90.0,312.18,40,27,1,28,12,False,ok,0,0.18518518518518517
Svea_Hovraett_etc_export_job_4502445_845640_Svea_Hovraett_-_Advokatfiskalen_Jaemtlands_laen__1702__3-6edbb12a/0048_DSC_0430/r2l24,107.0,102.0,67.14,9,1,0,1,8,False,ok,0,1.0
Svea_Hovraett_etc_export_job_4502445_845640_Svea_Hovraett_-_Advokatfiskalen_Jaemtlands_laen__1702__3-6edbb12a/0049_DSC_0432/r1l1,751.0,140.0,343.31,43,44,1,45,-2,True,ok,0,0.7727272727272727
Svea_Hovraett_etc_export_job_4502445_845640_Svea_Hovraett_-_Advokatfiskalen_Jaemtlands_laen__1702__3-6edbb12a/0049_DSC_0432/r1l2,668.0,125.0,342.02,43,40,1,41,2,False,ok,0,0.875
Svea_Hovraett_etc_export_job_4502445_845640_Svea_Hovraett_-_Advokatfiskalen_Jaemtlands_laen__1702__3-6edbb12a/0049_DSC_0432/r1l3,675.0,116.0,372.41,47,38,1,39,8,False,ok,0,0.6052631578947368
Svea_Hovraett_etc_export_job_4502445_845640_Svea_Hovraett_-_Advokatfiskalen_Jaemtlands_laen__1702__3-6edbb12a/0049_DSC_0432/r1l4,663.0,134.0,316.66,40,32,3,35,5,False,ok,0,0.84375
Svea_Hovraett_etc_export_job_4502445_845640_Svea_Hovraett_-_Advokatfiskalen_Jaemtlands_laen__1702__3-6edbb12a/0049_DSC_0432/r1l5,654.0,122.0,343.08,43,30,2,32,11,False,ok,0,0.7
Svea_Hovraett_etc_export_job_4502445_845640_Svea_Hovraett_-_Advokatfiskalen_Jaemtlands_laen__1702__3-6edbb12a/0049_DSC_0432/r1l6,676.0,113.0,382.87,48,35,3,38,10,False,ok,0,0.4
Svea_Hovraett_etc_export_job_4502445_845640_Svea_Hovraett_-_Advokatfiskalen_Jaemtlands_laen__1702__3-6edbb12a/0049_DSC_0432/line_1638866051832_19,690.0,121.0,364.96,46,35,1,36,10,False,ok,0,0.37142857142857144
Svea_Hovraett_etc_export_job_4502445_845640_Svea_Hovraett_-_Advokatfiskalen_Jaemtlands_laen__1702__3-6edbb12a/0049_DSC_0432/r1l9,679.0,109.0,398.68,50,32,1,33,17,False,ok,0,0.1875
Svea_Hovraett_etc_export_job_4502445_845640_Svea_Hovraett_-_Advokatfiskalen_Jaemtlands_laen__1702__3-6edbb12a/0049_DSC_0432/r1l10,666.0,107.0,398.36,50,31,1,32,18,False,ok,0,0.16129032258064516
Svea_Hovraett_etc_export_job_4502445_845640_Svea_Hovraett_-_Advokatfiskalen_Jaemtlands_laen__1702__3-6edbb12a/0049_DSC_0432/r1l12,686.0,109.0,402.79,51,30,2,32,19,False,ok,0,0.03333333333333333
Svea_Hovraett_etc_export_job_4502445_845640_Svea_Hovraett_-_Advokatfiskalen_Jaemtlands_laen__1702__3-6edbb12a/0049_DSC_0432/r1l13,687.0,112.0,392.57,50,33,3,36,14,False,ok,0,0.18181818181818182
Svea_Hovraett_etc_export_job_4502445_845640_Svea_Hovraett_-_Advokatfiskalen_Jaemtlands_laen__1702__3-6edbb12a/0049_DSC_0432/r1l14,696.0,92.0,484.17,61,33,1,34,27,False,ok,0,0.21212121212121213
Svea_Hovraett_etc_export_job_4502445_845640_Svea_Hovraett_-_Advokatfiskalen_Jaemtlands_laen__1702__3-6edbb12a/0049_DSC_0432/r1l15,707.0,83.0,545.16,69,31,4,35,34,False,ok,0,0.25806451612903225
Svea_Hovraett_etc_export_job_4502445_845640_Svea_Hovraett_-_Advokatfiskalen_Jaemtlands_laen__1702__3-6edbb12a/0049_DSC_0432/r1l16,692.0,100.0,442.88,56,30,0,30,26,False,ok,0,0.1
Svea_Hovraett_etc_export_job_4502445_845640_Svea_Hovraett_-_Advokatfiskalen_Jaemtlands_laen__1702__3-6edbb12a/0049_DSC_0432/r1l17,701.0,115.0,390.12,49,32,2,34,15,False,ok,0,0.3125
Svea_Hovraett_etc_export_job_4502445_845640_Svea_Hovraett_-_Advokatfiskalen_Jaemtlands_laen__1702__3-6edbb12a/0049_DSC_0432/r1l18,709.0,88.0,515.64,65,34,1,35,30,False,ok,0,0.17647058823529413
Svea_Hovraett_etc_export_job_4502445_845640_Svea_Hovraett_-_Advokatfiskalen_Jaemtlands_laen__1702__3-6edbb12a/0049_DSC_0432/r1l19,691.0,97.0,455.92,57,35,1,36,21,False,ok,0,0.2571428571428571
Svea_Hovraett_etc_export_job_4502445_845640_Svea_Hovraett_-_Advokatfiskalen_Jaemtlands_laen__1702__3-6edbb12a/0049_DSC_0432/r1l20,693.0,89.0,498.34,63,29,1,30,33,False,ok,0,0.4482758620689655
Svea_Hovraett_etc_export_job_4502445_845640_Svea_Hovraett_-_Advokatfiskalen_Jaemtlands_laen__1702__3-6edbb12a/0049_DSC_0432/r1l21,690.0,100.0,441.6,56,40,0,40,16,False,ok,0,0.25
Svea_Hovraett_etc_export_job_4502445_845640_Svea_Hovraett_-_Advokatfiskalen_Jaemtlands_laen__1702__3-6edbb12a/0049_DSC_0432/r1l22,701.0,94.0,477.28,60,36,1,37,23,False,ok,0,0.16666666666666666
Svea_Hovraett_etc_export_job_4502445_845640_Svea_Hovraett_-_Advokatfiskalen_Jaemtlands_laen__1702__3-6edbb12a/0049_DSC_0432/r1l23,84.0,51.0,105.41,14,5,0,5,9,False,ok,0,0.8
Svea_Hovraett_etc_export_job_4502445_845640_Svea_Hovraett_-_Advokatfiskalen_Jaemtlands_laen__1702__3-6edbb12a/0049_DSC_0432/r2l1,70.0,51.0,87.84,11,3,1,4,7,False,ok,0,0.3333333333333333
Svea_Hovraett_etc_export_job_4502445_845640_Svea_Hovraett_-_Advokatfiskalen_Jaemtlands_laen__1702__3-6edbb12a/0049_DSC_0432/r2l2,658.0,125.0,336.9,43,33,1,34,9,False,ok,0,0.6060606060606061
Svea_Hovraett_etc_export_job_4502445_845640_Svea_Hovraett_-_Advokatfiskalen_Jaemtlands_laen__1702__3-6edbb12a/0049_DSC_0432/r2l3,666.0,122.0,349.38,44,39,3,42,2,False,ok,0,0.8205128205128205
Svea_Hovraett_etc_export_job_4502445_845640_Svea_Hovraett_-_Advokatfiskalen_Jaemtlands_laen__1702__3-6edbb12a/0049_DSC_0432/r2l4,644.0,107.0,385.2,49,34,3,37,12,False,ok,0,0.4117647058823529
Svea_Hovraett_etc_export_job_4502445_845640_Svea_Hovraett_-_Advokatfiskalen_Jaemtlands_laen__1702__3-6edbb12a/0049_DSC_0432/r2l5,692.0,114.0,388.49,49,36,0,36,13,False,ok,0,0.3333333333333333
Svea_Hovraett_etc_export_job_4502445_845640_Svea_Hovraett_-_Advokatfiskalen_Jaemtlands_laen__1702__3-6edbb12a/0049_DSC_0432/r2l6,685.0,120.0,365.33,46,37,3,40,6,False,ok,0,0.3783783783783784
Svea_Hovraett_etc_export_job_4502445_845640_Svea_Hovraett_-_Advokatfiskalen_Jaemtlands_laen__1702__3-6edbb12a/0049_DSC_0432/r2l7,679.0,103.0,421.9,53,37,1,38,15,False,ok,0,0.32432432432432434
Svea_Hovraett_etc_export_job_4502445_845640_Svea_Hovraett_-_Advokatfiskalen_Jaemtlands_laen__1702__3-6edbb12a/0049_DSC_0432/r2l8,686.0,95.0,462.15,58,33,2,35,23,False,ok,0,0.12121212121212122
Svea_Hovraett_etc_export_job_4502445_845640_Svea_Hovraett_-_Advokatfiskalen_Jaemtlands_laen__1702__3-6edbb12a/0049_DSC_0432/r2l9,691.0,106.0,417.21,53,40,0,40,13,False,ok,0,0.25
Svea_Hovraett_etc_export_job_4502445_845640_Svea_Hovraett_-_Advokatfiskalen_Jaemtlands_laen__1702__3-6edbb12a/0049_DSC_0432/r2l10,686.0,109.0,402.79,51,30,1,31,20,False,ok,0,0.26666666666666666
Svea_Hovraett_etc_export_job_4502445_845640_Svea_Hovraett_-_Advokatfiskalen_Jaemtlands_laen__1702__3-6edbb12a/0049_DSC_0432/r2l11,691.0,114.0,387.93,49,33,0,33,16,False,ok,0,0.36363636363636365
Svea_Hovraett_etc_export_job_4502445_845640_Svea_Hovraett_-_Advokatfiskalen_Jaemtlands_laen__1702__3-6edbb12a/0049_DSC_0432/r2l12,678.0,115.0,377.32,48,36,2,38,10,False,ok,0,0.4444444444444444
Svea_Hovraett_etc_export_job_4502445_845640_Svea_Hovraett_-_Advokatfiskalen_Jaemtlands_laen__1702__3-6edbb12a/0049_DSC_0432/r2l13,689.0,104.0,424.0,53,31,2,33,20,False,ok,0,0.41935483870967744
Svea_Hovraett_etc_export_job_4502445_845640_Svea_Hovraett_-_Advokatfiskalen_Jaemtlands_laen__1702__3-6edbb12a/0049_DSC_0432/r2l15,207.0,63.0,210.29,27,13,0,13,14,False,ok,0,0.23076923076923078
Svea_Hovraett_etc_export_job_4502445_845640_Svea_Hovraett_-_Advokatfiskalen_Jaemtlands_laen__1702__3-6edbb12a/0049_DSC_0432/r2l16,742.0,96.0,494.67,62,32,3,35,27,False,ok,0,0.34375
Svea_Hovraett_etc_export_job_4502445_845640_Svea_Hovraett_-_Advokatfiskalen_Jaemtlands_laen__1702__3-6edbb12a/0049_DSC_0432/r2l17,716.0,104.0,440.62,56,30,1,31,25,False,ok,0,0.13333333333333333
Svea_Hovraett_etc_export_job_4502445_845640_Svea_Hovraett_-_Advokatfiskalen_Jaemtlands_laen__1702__3-6edbb12a/0049_DSC_0432/r2l18,705.0,99.0,455.76,57,31,1,32,25,False,ok,0,0.0967741935483871
Svea_Hovraett_etc_export_job_4502445_845640_Svea_Hovraett_-_Advokatfiskalen_Jaemtlands_laen__1702__3-6edbb12a/0049_DSC_0432/r2l19,703.0,101.0,445.47,56,28,1,29,27,False,ok,0,0.32142857142857145
Svea_Hovraett_etc_export_job_4502445_845640_Svea_Hovraett_-_Advokatfiskalen_Jaemtlands_laen__1702__3-6edbb12a/0049_DSC_0432/r2l20,729.0,101.0,461.94,58,31,2,33,25,False,ok,0,0.0967741935483871
Svea_Hovraett_etc_export_job_4502445_845640_Svea_Hovraett_-_Advokatfiskalen_Jaemtlands_laen__1702__3-6edbb12a/0049_DSC_0432/r2l21,745.0,92.0,518.26,65,34,1,35,30,False,ok,0,0.058823529411764705
Svea_Hovraett_etc_export_job_4502445_845640_Svea_Hovraett_-_Advokatfiskalen_Jaemtlands_laen__1702__3-6edbb12a/0049_DSC_0432/r2l22,751.0,103.0,466.64,59,44,4,48,11,False,ok,0,0.38636363636363635
Svea_Hovraett_etc_export_job_4502446_842250_Svea_Hovraett_-_Advokatfiskalens_Jaemtlands_laen__1702__-7a829e7f/0001_DSC_0332/r2l1,86.0,67.0,82.15,11,3,0,3,8,False,ok,0,1.0
Svea_Hovraett_etc_export_job_4502446_842250_Svea_Hovraett_-_Advokatfiskalens_Jaemtlands_laen__1702__-7a829e7f/0001_DSC_0332/r2l2,604.0,161.0,240.1,31,29,2,31,0,False,ok,0,0.5862068965517241
Svea_Hovraett_etc_export_job_4502446_842250_Svea_Hovraett_-_Advokatfiskalens_Jaemtlands_laen__1702__-7a829e7f/0001_DSC_0332/r2l3,563.0,123.0,292.94,37,34,0,34,3,False,ok,0,0.4117647058823529
Svea_Hovraett_etc_export_job_4502446_842250_Svea_Hovraett_-_Advokatfiskalens_Jaemtlands_laen__1702__-7a829e7f/0001_DSC_0332/r2l4,591.0,105.0,360.23,46,29,1,30,16,False,ok,0,0.20689655172413793
Svea_Hovraett_etc_export_job_4502446_842250_Svea_Hovraett_-_Advokatfiskalens_Jaemtlands_laen__1702__-7a829e7f/0001_DSC_0332/r2l5,580.0,92.0,403.48,51,26,0,26,25,False,ok,0,0.11538461538461539
Svea_Hovraett_etc_export_job_4502446_842250_Svea_Hovraett_-_Advokatfiskalens_Jaemtlands_laen__1702__-7a829e7f/0001_DSC_0332/r2l6,573.0,92.0,398.61,50,24,0,24,26,False,ok,0,0.08333333333333333
Svea_Hovraett_etc_export_job_4502446_842250_Svea_Hovraett_-_Advokatfiskalens_Jaemtlands_laen__1702__-7a829e7f/0001_DSC_0332/r2l7,541.0,114.0,303.72,38,24,0,24,14,False,ok,0,0.3333333333333333
Svea_Hovraett_etc_export_job_4502446_842250_Svea_Hovraett_-_Advokatfiskalens_Jaemtlands_laen__1702__-7a829e7f/0001_DSC_0332/r2l9,820.0,132.0,397.58,50,36,1,37,13,False,ok,0,0.3611111111111111
Svea_Hovraett_etc_export_job_4502446_842250_Svea_Hovraett_-_Advokatfiskalens_Jaemtlands_laen__1702__-7a829e7f/0001_DSC_0332/r2l10,275.0,80.0,220.0,28,12,0,12,16,False,ok,0,0.4166666666666667
Svea_Hovraett_etc_export_job_4502446_842250_Svea_Hovraett_-_Advokatfiskalens_Jaemtlands_laen__1702__-7a829e7f/0001_DSC_0332/r2l11,820.0,120.0,437.33,55,43,2,45,10,False,ok,0,0.3023255813953488
Svea_Hovraett_etc_export_job_4502446_842250_Svea_Hovraett_-_Advokatfiskalens_Jaemtlands_laen__1702__-7a829e7f/0001_DSC_0332/r2l12,752.0,125.0,385.02,49,38,1,39,10,False,ok,0,0.21052631578947367
Svea_Hovraett_etc_export_job_4502446_842250_Svea_Hovraett_-_Advokatfiskalens_Jaemtlands_laen__1702__-7a829e7f/0001_DSC_0332/r2l13,545.0,93.0,375.05,47,23,0,23,24,False,ok,0,0.34782608695652173
Svea_Hovraett_etc_export_job_4502446_842250_Svea_Hovraett_-_Advokatfiskalens_Jaemtlands_laen__1702__-7a829e7f/0001_DSC_0332/r2l14,645.0,79.0,522.53,66,31,0,31,35,False,ok,0,0.12903225806451613
Svea_Hovraett_etc_export_job_4502446_842250_Svea_Hovraett_-_Advokatfiskalens_Jaemtlands_laen__1702__-7a829e7f/0001_DSC_0332/r2l15,590.0,106.0,356.23,45,27,0,27,18,False,ok,0,0.2962962962962963
Svea_Hovraett_etc_export_job_4502446_842250_Svea_Hovraett_-_Advokatfiskalens_Jaemtlands_laen__1702__-7a829e7f/0001_DSC_0332/r2l17,770.0,125.0,394.24,50,33,0,33,17,False,ok,0,0.30303030303030304
Svea_Hovraett_etc_export_job_4502446_842250_Svea_Hovraett_-_Advokatfiskalens_Jaemtlands_laen__1702__-7a829e7f/0001_DSC_0332/r2l18,568.0,68.0,534.59,67,25,0,25,42,False,ok,0,0.12
Svea_Hovraett_etc_export_job_4502446_842250_Svea_Hovraett_-_Advokatfiskalens_Jaemtlands_laen__1702__-7a829e7f/0001_DSC_0332/r2l19,875.0,143.0,391.61,49,40,2,42,7,False,ok,0,0.575
Svea_Hovraett_etc_export_job_4502446_842250_Svea_Hovraett_-_Advokatfiskalens_Jaemtlands_laen__1702__-7a829e7f/0001_DSC_0332/r2l20,790.0,119.0,424.87,54,37,1,38,16,False,ok,0,0.3783783783783784
Svea_Hovraett_etc_export_job_4502446_842250_Svea_Hovraett_-_Advokatfiskalens_Jaemtlands_laen__1702__-7a829e7f/0001_DSC_0332/r2l21,810.0,95.0,545.68,69,33,1,34,35,False,ok,0,0.3333333333333333
Svea_Hovraett_etc_export_job_4502446_842250_Svea_Hovraett_-_Advokatfiskalens_Jaemtlands_laen__1702__-7a829e7f/0001_DSC_0332/r2l22,92.0,65.0,90.58,12,3,0,3,9,False,empty,1,1.0
Svea_Hovraett_etc_export_job_4502446_842250_Svea_Hovraett_-_Advokatfiskalens_Jaemtlands_laen__1702__-7a829e7f/0002_DSC_0333/r2l1,656.0,132.0,318.06,40,30,0,30,10,False,ok,0,0.5333333333333333
Svea_Hovraett_etc_export_job_4502446_842250_Svea_Hovraett_-_Advokatfiskalens_Jaemtlands_laen__1702__-7a829e7f/0002_DSC_0333/r2l2,621.0,121.0,328.46,42,35,2,37,5,False,ok,0,0.4857142857142857
Svea_Hovraett_etc_export_job_4502446_842250_Svea_Hovraett_-_Advokatfiskalens_Jaemtlands_laen__1702__-7a829e7f/0002_DSC_0333/r2l3,633.0,104.0,389.54,49,35,1,36,13,False,ok,0,0.42857142857142855
Svea_Hovraett_etc_export_job_4502446_842250_Svea_Hovraett_-_Advokatfiskalens_Jaemtlands_laen__1702__-7a829e7f/0002_DSC_0333/r2l4,663.0,92.0,461.22,58,40,2,42,16,False,ok,0,0.425
Svea_Hovraett_etc_export_job_4502446_842250_Svea_Hovraett_-_Advokatfiskalens_Jaemtlands_laen__1702__-7a829e7f/0002_DSC_0333/r2l5,647.0,112.0,369.71,47,34,1,35,12,False,ok,0,0.20588235294117646
Svea_Hovraett_etc_export_job_4502446_842250_Svea_Hovraett_-_Advokatfiskalens_Jaemtlands_laen__1702__-7a829e7f/0002_DSC_0333/r2l6,668.0,102.0,419.14,53,36,1,37,16,False,ok,0,0.3888888888888889
Svea_Hovraett_etc_export_job_4502446_842250_Svea_Hovraett_-_Advokatfiskalens_Jaemtlands_laen__1702__-7a829e7f/0002_DSC_0333/r2l7,662.0,113.0,374.94,47,38,3,41,6,False,ok,0,0.3684210526315789
Svea_Hovraett_etc_export_job_4502446_842250_Svea_Hovraett_-_Advokatfiskalens_Jaemtlands_laen__1702__-7a829e7f/0002_DSC_0333/r2l8,667.0,127.0,336.13,43,36,1,37,6,False,ok,0,0.3888888888888889
Svea_Hovraett_etc_export_job_4502446_842250_Svea_Hovraett_-_Advokatfiskalens_Jaemtlands_laen__1702__-7a829e7f/0002_DSC_0333/r2l9,694.0,93.0,477.59,60,39,3,42,18,False,ok,0,0.15384615384615385
Svea_Hovraett_etc_export_job_4502446_842250_Svea_Hovraett_-_Advokatfiskalens_Jaemtlands_laen__1702__-7a829e7f/0002_DSC_0333/r2l10,691.0,106.0,417.21,53,38,2,40,13,False,ok,0,0.34210526315789475
Svea_Hovraett_etc_export_job_4502446_842250_Svea_Hovraett_-_Advokatfiskalens_Jaemtlands_laen__1702__-7a829e7f/0002_DSC_0333/r2l11,683.0,84.0,520.38,66,40,3,43,23,False,ok,0,0.2
Svea_Hovraett_etc_export_job_4502446_842250_Svea_Hovraett_-_Advokatfiskalens_Jaemtlands_laen__1702__-7a829e7f/0002_DSC_0333/r2l12,689.0,106.0,416.0,52,37,2,39,13,False,ok,0,0.21621621621621623
Svea_Hovraett_etc_export_job_4502446_842250_Svea_Hovraett_-_Advokatfiskalens_Jaemtlands_laen__1702__-7a829e7f/0002_DSC_0333/r2l13,705.0,98.0,460.41,58,35,2,37,21,False,ok,0,0.22857142857142856
Svea_Hovraett_etc_export_job_4502446_842250_Svea_Hovraett_-_Advokatfiskalens_Jaemtlands_laen__1702__-7a829e7f/0002_DSC_0333/r2l14,694.0,78.0,569.44,72,39,1,40,32,False,ok,0,0.1282051282051282
Svea_Hovraett_etc_export_job_4502446_842250_Svea_Hovraett_-_Advokatfiskalens_Jaemtlands_laen__1702__-7a829e7f/0002_DSC_0333/r2l15,700.0,100.0,448.0,56,39,2,41,15,False,ok,0,0.1282051282051282
Svea_Hovraett_etc_export_job_4502446_842250_Svea_Hovraett_-_Advokatfiskalens_Jaemtlands_laen__1702__-7a829e7f/0002_DSC_0333/r2l16,581.0,107.0,347.51,44,26,0,26,18,False,ok,0,0.11538461538461539
Svea_Hovraett_etc_export_job_4502446_842250_Svea_Hovraett_-_Advokatfiskalens_Jaemtlands_laen__1702__-7a829e7f/0002_DSC_0333/r2l17,716.0,128.0,358.0,45,40,1,41,4,False,ok,0,0.525
Svea_Hovraett_etc_export_job_4502446_842250_Svea_Hovraett_-_Advokatfiskalens_Jaemtlands_laen__1702__-7a829e7f/0002_DSC_0333/r2l18,713.0,120.0,380.27,48,33,0,33,15,False,ok,0,0.5151515151515151
Svea_Hovraett_etc_export_job_4502446_842250_Svea_Hovraett_-_Advokatfiskalens_Jaemtlands_laen__1702__-7a829e7f/0002_DSC_0333/r2l19,738.0,132.0,357.82,45,41,2,43,2,False,ok,0,0.3170731707317073
Svea_Hovraett_etc_export_job_4502446_842250_Svea_Hovraett_-_Advokatfiskalens_Jaemtlands_laen__1702__-7a829e7f/0002_DSC_0333/r2l20,147.0,135.0,69.69,9,7,0,7,2,False,ok,0,0.8571428571428571
Svea_Hovraett_etc_export_job_4502446_842250_Svea_Hovraett_-_Advokatfiskalens_Jaemtlands_laen__1702__-7a829e7f/0002_DSC_0333/r3l1,86.0,53.0,103.85,13,4,0,4,9,False,empty,1,1.0
Svea_Hovraett_etc_export_job_4502446_842250_Svea_Hovraett_-_Advokatfiskalens_Jaemtlands_laen__1702__-7a829e7f/0002_DSC_0333/r3l2,689.0,123.0,358.5,45,34,0,34,11,False,ok,0,0.2647058823529412
Svea_Hovraett_etc_export_job_4502446_842250_Svea_Hovraett_-_Advokatfiskalens_Jaemtlands_laen__1702__-7a829e7f/0002_DSC_0333/r3l3,697.0,124.0,359.74,45,38,1,39,6,False,ok,0,0.42105263157894735
Svea_Hovraett_etc_export_job_4502446_842250_Svea_Hovraett_-_Advokatfiskalens_Jaemtlands_laen__1702__-7a829e7f/0002_DSC_0333/r3l4,709.0,92.0,493.22,62,38,4,42,20,False,ok,0,0.2631578947368421
Svea_Hovraett_etc_export_job_4502446_842250_Svea_Hovraett_-_Advokatfiskalens_Jaemtlands_laen__1702__-7a829e7f/0002_DSC_0333/r3l5,701.0,95.0,472.25,60,33,0,33,27,False,ok,0,0.21212121212121213
Svea_Hovraett_etc_export_job_4502446_842250_Svea_Hovraett_-_Advokatfiskalens_Jaemtlands_laen__1702__-7a829e7f/0002_DSC_0333/r3l6,721.0,96.0,480.67,61,34,3,37,24,False,ok,0,0.08823529411764706
Svea_Hovraett_etc_export_job_4502446_842250_Svea_Hovraett_-_Advokatfiskalens_Jaemtlands_laen__1702__-7a829e7f/0002_DSC_0333/r3l7,727.0,92.0,505.74,64,32,0,32,32,False,ok,0,0.125
Svea_Hovraett_etc_export_job_4502446_842250_Svea_Hovraett_-_Advokatfiskalens_Jaemtlands_laen__1702__-7a829e7f/0002_DSC_0333/r3l8,745.0,97.0,491.55,62,36,1,37,25,False,ok,0,0.25
Svea_Hovraett_etc_export_job_4502446_842250_Svea_Hovraett_-_Advokatfiskalens_Jaemtlands_laen__1702__-7a829e7f/0002_DSC_0333/r3l9,743.0,96.0,495.33,62,36,1,37,25,False,ok,0,0.1111111111111111
Svea_Hovraett_etc_export_job_4502446_842250_Svea_Hovraett_-_Advokatfiskalens_Jaemtlands_laen__1702__-7a829e7f/0002_DSC_0333/r3l10,747.0,98.0,487.84,61,37,3,40,21,False,ok,0,0.05405405405405406
Svea_Hovraett_etc_export_job_4502446_842250_Svea_Hovraett_-_Advokatfiskalens_Jaemtlands_laen__1702__-7a829e7f/0002_DSC_0333/r3l11,752.0,108.0,445.63,56,37,1,38,18,False,ok,0,0.08108108108108109
Svea_Hovraett_etc_export_job_4502446_842250_Svea_Hovraett_-_Advokatfiskalens_Jaemtlands_laen__1702__-7a829e7f/0002_DSC_0333/r3l12,777.0,112.0,444.0,56,33,1,34,22,False,ok,0,0.030303030303030304
Svea_Hovraett_etc_export_job_4502446_842250_Svea_Hovraett_-_Advokatfiskalens_Jaemtlands_laen__1702__-7a829e7f/0002_DSC_0333/r3l13,791.0,105.0,482.13,61,36,1,37,24,False,ok,0,0.19444444444444445
Svea_Hovraett_etc_export_job_4502446_842250_Svea_Hovraett_-_Advokatfiskalens_Jaemtlands_laen__1702__-7a829e7f/0002_DSC_0333/r3l14,761.0,106.0,459.47,58,33,1,34,24,False,ok,0,0.21212121212121213
Svea_Hovraett_etc_export_job_4502446_842250_Svea_Hovraett_-_Advokatfiskalens_Jaemtlands_laen__1702__-7a829e7f/0002_DSC_0333/r3l15,784.0,84.0,597.33,75,35,2,37,38,False,ok,0,0.08571428571428572
Svea_Hovraett_etc_export_job_4502446_842250_Svea_Hovraett_-_Advokatfiskalens_Jaemtlands_laen__1702__-7a829e7f/0002_DSC_0333/r3l16,791.0,93.0,544.34,69,36,3,39,30,False,ok,0,0.1111111111111111
Svea_Hovraett_etc_export_job_4502446_842250_Svea_Hovraett_-_Advokatfiskalens_Jaemtlands_laen__1702__-7a829e7f/0002_DSC_0333/r3l17,750.0,79.0,607.59,76,30,2,32,44,False,ok,0,0.13333333333333333
Svea_Hovraett_etc_export_job_4502446_842250_Svea_Hovraett_-_Advokatfiskalens_Jaemtlands_laen__1702__-7a829e7f/0002_DSC_0333/r3l18,768.0,109.0,450.94,57,36,4,40,17,False,ok,0,0.25
Svea_Hovraett_etc_export_job_4502446_842250_Svea_Hovraett_-_Advokatfiskalens_Jaemtlands_laen__1702__-7a829e7f/0002_DSC_0333/r3l19,797.0,104.0,490.46,62,34,1,35,27,False,ok,0,0.058823529411764705
Svea_Hovraett_etc_export_job_4502446_842250_Svea_Hovraett_-_Advokatfiskalens_Jaemtlands_laen__1702__-7a829e7f/0002_DSC_0333/r3l20,761.0,102.0,477.49,60,30,2,32,28,False,ok,0,0.0
Svea_Hovraett_etc_export_job_4502446_842250_Svea_Hovraett_-_Advokatfiskalens_Jaemtlands_laen__1702__-7a829e7f/0002_DSC_0333/r3l21,760.0,107.0,454.58,57,29,0,29,28,False,ok,0,0.06896551724137931
Svea_Hovraett_etc_export_job_4502446_842250_Svea_Hovraett_-_Advokatfiskalens_Jaemtlands_laen__1702__-7a829e7f/0002_DSC_0333/r3l22,248.0,67.0,236.9,30,6,1,7,23,False,ok,0,0.5
Svea_Hovraett_etc_export_job_4502446_842250_Svea_Hovraett_-_Advokatfiskalens_Jaemtlands_laen__1702__-7a829e7f/0003_DSC_0335/r1l1,631.0,143.0,282.41,36,35,2,37,-1,True,ok,0,0.6857142857142857
Svea_Hovraett_etc_export_job_4502446_842250_Svea_Hovraett_-_Advokatfiskalens_Jaemtlands_laen__1702__-7a829e7f/0003_DSC_0335/r1l2,618.0,87.0,454.62,57,37,1,38,19,False,ok,0,0.2972972972972973
Svea_Hovraett_etc_export_job_4502446_842250_Svea_Hovraett_-_Advokatfiskalens_Jaemtlands_laen__1702__-7a829e7f/0003_DSC_0335/r1l3,663.0,122.0,347.8,44,38,2,40,4,False,ok,0,0.5
Svea_Hovraett_etc_export_job_4502446_842250_Svea_Hovraett_-_Advokatfiskalens_Jaemtlands_laen__1702__-7a829e7f/0003_DSC_0335/r1l4,716.0,95.0,482.36,61,38,1,39,22,False,ok,0,0.2631578947368421
Svea_Hovraett_etc_export_job_4502446_842250_Svea_Hovraett_-_Advokatfiskalens_Jaemtlands_laen__1702__-7a829e7f/0003_DSC_0335/r1l5,650.0,97.0,428.87,54,35,2,37,17,False,ok,0,0.3142857142857143
Svea_Hovraett_etc_export_job_4502446_842250_Svea_Hovraett_-_Advokatfiskalens_Jaemtlands_laen__1702__-7a829e7f/0003_DSC_0335/r1l6,659.0,90.0,468.62,59,35,0,35,24,False,ok,0,0.2857142857142857
Svea_Hovraett_etc_export_job_4502446_842250_Svea_Hovraett_-_Advokatfiskalens_Jaemtlands_laen__1702__-7a829e7f/0003_DSC_0335/r1l7,660.0,97.0,435.46,55,31,1,32,23,False,ok,0,0.22580645161290322
Svea_Hovraett_etc_export_job_4502446_842250_Svea_Hovraett_-_Advokatfiskalens_Jaemtlands_laen__1702__-7a829e7f/0003_DSC_0335/r1l8,645.0,106.0,389.43,49,36,2,38,11,False,ok,0,0.16666666666666666
Svea_Hovraett_etc_export_job_4502446_842250_Svea_Hovraett_-_Advokatfiskalens_Jaemtlands_laen__1702__-7a829e7f/0003_DSC_0335/r1l9,662.0,103.0,411.34,52,36,3,39,13,False,ok,0,0.3333333333333333
Svea_Hovraett_etc_export_job_4502446_842250_Svea_Hovraett_-_Advokatfiskalens_Jaemtlands_laen__1702__-7a829e7f/0003_DSC_0335/r1l10,669.0,101.0,423.92,53,34,1,35,18,False,ok,0,0.14705882352941177
Svea_Hovraett_etc_export_job_4502446_842250_Svea_Hovraett_-_Advokatfiskalens_Jaemtlands_laen__1702__-7a829e7f/0003_DSC_0335/r1l11,680.0,78.0,557.95,70,38,1,39,31,False,ok,0,0.10526315789473684
Svea_Hovraett_etc_export_job_4502446_842250_Svea_Hovraett_-_Advokatfiskalens_Jaemtlands_laen__1702__-7a829e7f/0003_DSC_0335/r1l12,673.0,105.0,410.21,52,37,4,41,11,False,ok,0,0.2702702702702703
Svea_Hovraett_etc_export_job_4502446_842250_Svea_Hovraett_-_Advokatfiskalens_Jaemtlands_laen__1702__-7a829e7f/0003_DSC_0335/r1l13,667.0,79.0,540.35,68,29,1,30,38,False,ok,0,0.06896551724137931
Svea_Hovraett_etc_export_job_4502446_842250_Svea_Hovraett_-_Advokatfiskalens_Jaemtlands_laen__1702__-7a829e7f/0003_DSC_0335/r1l14,670.0,105.0,408.38,52,34,0,34,18,False,ok,0,0.17647058823529413
Svea_Hovraett_etc_export_job_4502446_842250_Svea_Hovraett_-_Advokatfiskalens_Jaemtlands_laen__1702__-7a829e7f/0003_DSC_0335/r1l15,667.0,81.0,527.01,66,37,1,38,28,False,ok,0,0.16216216216216217
Svea_Hovraett_etc_export_job_4502446_842250_Svea_Hovraett_-_Advokatfiskalens_Jaemtlands_laen__1702__-7a829e7f/0003_DSC_0335/r1l16,696.0,101.0,441.03,56,35,1,36,20,False,ok,0,0.14285714285714285
Svea_Hovraett_etc_export_job_4502446_842250_Svea_Hovraett_-_Advokatfiskalens_Jaemtlands_laen__1702__-7a829e7f/0003_DSC_0335/r1l17,700.0,109.0,411.01,52,40,5,45,7,False,ok,0,0.275
Svea_Hovraett_etc_export_job_4502446_842250_Svea_Hovraett_-_Advokatfiskalens_Jaemtlands_laen__1702__-7a829e7f/0003_DSC_0335/r1l18,694.0,118.0,376.41,48,36,1,37,11,False,ok,0,0.3055555555555556
Svea_Hovraett_etc_export_job_4502446_842250_Svea_Hovraett_-_Advokatfiskalens_Jaemtlands_laen__1702__-7a829e7f/0003_DSC_0335/r1l19,173.0,64.0,173.0,22,5,1,6,16,False,ok,0,0.2
Svea_Hovraett_etc_export_job_4502446_842250_Svea_Hovraett_-_Advokatfiskalens_Jaemtlands_laen__1702__-7a829e7f/0003_DSC_0335/r2l1,673.0,113.0,381.17,48,33,1,34,14,False,ok,0,0.3333333333333333
Svea_Hovraett_etc_export_job_4502446_842250_Svea_Hovraett_-_Advokatfiskalens_Jaemtlands_laen__1702__-7a829e7f/0003_DSC_0335/r2l2,670.0,115.0,372.87,47,39,2,41,6,False,ok,0,0.41025641025641024
Svea_Hovraett_etc_export_job_4502446_842250_Svea_Hovraett_-_Advokatfiskalens_Jaemtlands_laen__1702__-7a829e7f/0003_DSC_0335/r2l3,687.0,111.0,396.11,50,35,0,35,15,False,ok,0,0.3142857142857143
Svea_Hovraett_etc_export_job_4502446_842250_Svea_Hovraett_-_Advokatfiskalens_Jaemtlands_laen__1702__-7a829e7f/0003_DSC_0335/r2l4,628.0,92.0,436.87,55,31,1,32,23,False,ok,0,0.2903225806451613
Svea_Hovraett_etc_export_job_4502446_842250_Svea_Hovraett_-_Advokatfiskalens_Jaemtlands_laen__1702__-7a829e7f/0003_DSC_0335/r2l5,686.0,119.0,368.94,47,35,1,36,11,False,ok,0,0.42857142857142855
Svea_Hovraett_etc_export_job_4502446_842250_Svea_Hovraett_-_Advokatfiskalens_Jaemtlands_laen__1702__-7a829e7f/0003_DSC_0335/r2l6,684.0,99.0,442.18,56,35,3,38,18,False,ok,0,0.2857142857142857
Svea_Hovraett_etc_export_job_4502446_842250_Svea_Hovraett_-_Advokatfiskalens_Jaemtlands_laen__1702__-7a829e7f/0003_DSC_0335/r2l7,702.0,108.0,416.0,52,36,1,37,15,False,ok,0,0.1388888888888889
Svea_Hovraett_etc_export_job_4502446_842250_Svea_Hovraett_-_Advokatfiskalens_Jaemtlands_laen__1702__-7a829e7f/0003_DSC_0335/r2l8,709.0,89.0,509.84,64,34,0,34,30,False,ok,0,0.08823529411764706
Svea_Hovraett_etc_export_job_4502446_842250_Svea_Hovraett_-_Advokatfiskalens_Jaemtlands_laen__1702__-7a829e7f/0003_DSC_0335/r2l9,721.0,100.0,461.44,58,37,1,38,20,False,ok,0,0.5135135135135135
Svea_Hovraett_etc_export_job_4502446_842250_Svea_Hovraett_-_Advokatfiskalens_Jaemtlands_laen__1702__-7a829e7f/0003_DSC_0335/r2l10,751.0,104.0,462.15,58,33,1,34,24,False,ok,0,0.18181818181818182
Svea_Hovraett_etc_export_job_4502446_842250_Svea_Hovraett_-_Advokatfiskalens_Jaemtlands_laen__1702__-7a829e7f/0003_DSC_0335/r2l11,749.0,103.0,465.4,59,38,1,39,20,False,ok,0,0.2631578947368421
Svea_Hovraett_etc_export_job_4502446_842250_Svea_Hovraett_-_Advokatfiskalens_Jaemtlands_laen__1702__-7a829e7f/0003_DSC_0335/r2l12,724.0,91.0,509.19,64,35,1,36,28,False,ok,0,0.11428571428571428
Svea_Hovraett_etc_export_job_4502446_842250_Svea_Hovraett_-_Advokatfiskalens_Jaemtlands_laen__1702__-7a829e7f/0003_DSC_0335/r2l13,720.0,99.0,465.45,59,38,0,38,21,False,ok,0,0.05263157894736842
Svea_Hovraett_etc_export_job_4502446_842250_Svea_Hovraett_-_Advokatfiskalens_Jaemtlands_laen__1702__-7a829e7f/0003_DSC_0335/r2l14,762.0,86.0,567.07,71,41,1,42,29,False,ok,0,0.24390243902439024
Svea_Hovraett_etc_export_job_4502446_842250_Svea_Hovraett_-_Advokatfiskalens_Jaemtlands_laen__1702__-7a829e7f/0003_DSC_0335/r2l15,749.0,95.0,504.59,64,38,1,39,25,False,ok,0,0.15789473684210525
Svea_Hovraett_etc_export_job_4502446_842250_Svea_Hovraett_-_Advokatfiskalens_Jaemtlands_laen__1702__-7a829e7f/0003_DSC_0335/r2l16,734.0,90.0,521.96,66,33,0,33,33,False,ok,0,0.12121212121212122
Svea_Hovraett_etc_export_job_4502446_842250_Svea_Hovraett_-_Advokatfiskalens_Jaemtlands_laen__1702__-7a829e7f/0003_DSC_0335/r2l17,764.0,95.0,514.69,65,34,2,36,29,False,ok,0,0.058823529411764705
Svea_Hovraett_etc_export_job_4502446_842250_Svea_Hovraett_-_Advokatfiskalens_Jaemtlands_laen__1702__-7a829e7f/0003_DSC_0335/r2l18,754.0,97.0,497.48,63,35,1,36,27,False,ok,0,0.14285714285714285
Svea_Hovraett_etc_export_job_4502446_842250_Svea_Hovraett_-_Advokatfiskalens_Jaemtlands_laen__1702__-7a829e7f/0003_DSC_0335/r2l19,781.0,104.0,480.62,61,30,0,30,31,False,ok,0,0.06666666666666667
Svea_Hovraett_etc_export_job_4502446_842250_Svea_Hovraett_-_Advokatfiskalens_Jaemtlands_laen__1702__-7a829e7f/0003_DSC_0335/r2l20,797.0,113.0,451.4,57,38,0,38,19,False,ok,0,0.2631578947368421
Svea_Hovraett_etc_export_job_4502446_842250_Svea_Hovraett_-_Advokatfiskalens_Jaemtlands_laen__1702__-7a829e7f/0003_DSC_0335/r2l21,152.0,74.0,131.46,17,6,0,6,11,False,ok,0,0.16666666666666666
Svea_Hovraett_etc_export_job_4502446_842250_Svea_Hovraett_-_Advokatfiskalens_Jaemtlands_laen__1702__-7a829e7f/0003_DSC_0335/r3l1,77.0,71.0,69.41,9,3,0,3,6,False,ok,0,0.6666666666666666
Svea_Hovraett_etc_export_job_4502446_842250_Svea_Hovraett_-_Advokatfiskalens_Jaemtlands_laen__1702__-7a829e7f/0004_DSC_0336/r1l1,655.0,114.0,367.72,46,41,1,42,4,False,ok,0,0.34146341463414637
Svea_Hovraett_etc_export_job_4502446_842250_Svea_Hovraett_-_Advokatfiskalens_Jaemtlands_laen__1702__-7a829e7f/0004_DSC_0336/r1l2,693.0,112.0,396.0,50,38,2,40,10,False,ok,0,0.47368421052631576
Svea_Hovraett_etc_export_job_4502446_842250_Svea_Hovraett_-_Advokatfiskalens_Jaemtlands_laen__1702__-7a829e7f/0004_DSC_0336/r1l3,687.0,108.0,407.11,51,35,0,35,16,False,ok,0,0.6571428571428571
Svea_Hovraett_etc_export_job_4502446_842250_Svea_Hovraett_-_Advokatfiskalens_Jaemtlands_laen__1702__-7a829e7f/0004_DSC_0336/r1l4,700.0,92.0,486.96,61,35,3,38,23,False,ok,0,0.17142857142857143
Svea_Hovraett_etc_export_job_4502446_842250_Svea_Hovraett_-_Advokatfiskalens_Jaemtlands_laen__1702__-7a829e7f/0004_DSC_0336/r1l5,688.0,78.0,564.51,71,36,2,38,33,False,ok,0,0.19444444444444445
Svea_Hovraett_etc_export_job_4502446_842250_Svea_Hovraett_-_Advokatfiskalens_Jaemtlands_laen__1702__-7a829e7f/0004_DSC_0336/r1l6,655.0,85.0,493.18,62,35,4,39,23,False,ok,0,0.14285714285714285
Svea_Hovraett_etc_export_job_4502446_842250_Svea_Hovraett_-_Advokatfiskalens_Jaemtlands_laen__1702__-7a829e7f/0004_DSC_0336/r1l7,665.0,96.0,443.33,56,35,1,36,20,False,ok,0,0.08571428571428572
Svea_Hovraett_etc_export_job_4502446_842250_Svea_Hovraett_-_Advokatfiskalens_Jaemtlands_laen__1702__-7a829e7f/0004_DSC_0336/r1l8,670.0,109.0,393.39,50,39,1,40,10,False,ok,0,0.3076923076923077
Svea_Hovraett_etc_export_job_4502446_842250_Svea_Hovraett_-_Advokatfiskalens_Jaemtlands_laen__1702__-7a829e7f/0004_DSC_0336/r1l9,673.0,101.0,426.46,54,33,1,34,20,False,ok,0,0.12121212121212122
Svea_Hovraett_etc_export_job_4502446_842250_Svea_Hovraett_-_Advokatfiskalens_Jaemtlands_laen__1702__-7a829e7f/0004_DSC_0336/r1l10,695.0,100.0,444.8,56,33,0,33,23,False,ok,0,0.030303030303030304
Svea_Hovraett_etc_export_job_4502446_842250_Svea_Hovraett_-_Advokatfiskalens_Jaemtlands_laen__1702__-7a829e7f/0004_DSC_0336/r1l11,692.0,102.0,434.2,55,35,1,36,19,False,ok,0,0.17142857142857143
Svea_Hovraett_etc_export_job_4502446_842250_Svea_Hovraett_-_Advokatfiskalens_Jaemtlands_laen__1702__-7a829e7f/0004_DSC_0336/r1l12,696.0,103.0,432.47,55,36,0,36,19,False,ok,0,0.16666666666666666
Svea_Hovraett_etc_export_job_4502446_842250_Svea_Hovraett_-_Advokatfiskalens_Jaemtlands_laen__1702__-7a829e7f/0004_DSC_0336/r1l13,668.0,103.0,415.07,52,26,1,27,25,False,ok,0,0.038461538461538464
Svea_Hovraett_etc_export_job_4502446_842250_Svea_Hovraett_-_Advokatfiskalens_Jaemtlands_laen__1702__-7a829e7f/0004_DSC_0336/r1l14,170.0,90.0,120.89,16,9,1,10,6,False,ok,0,0.3333333333333333
Svea_Hovraett_etc_export_job_4502446_842250_Svea_Hovraett_-_Advokatfiskalens_Jaemtlands_laen__1702__-7a829e7f/0004_DSC_0336/r1l15,689.0,104.0,424.0,53,34,1,35,18,False,ok,0,0.14705882352941177
Svea_Hovraett_etc_export_job_4502446_842250_Svea_Hovraett_-_Advokatfiskalens_Jaemtlands_laen__1702__-7a829e7f/0004_DSC_0336/r1l16,689.0,106.0,416.0,52,33,0,33,19,False,ok,0,0.18181818181818182
Svea_Hovraett_etc_export_job_4502446_842250_Svea_Hovraett_-_Advokatfiskalens_Jaemtlands_laen__1702__-7a829e7f/0004_DSC_0336/r1l17,722.0,91.0,507.78,64,33,1,34,30,False,ok,0,0.030303030303030304
Svea_Hovraett_etc_export_job_4502446_842250_Svea_Hovraett_-_Advokatfiskalens_Jaemtlands_laen__1702__-7a829e7f/0004_DSC_0336/r1l18,709.0,104.0,436.31,55,42,0,42,13,False,ok,0,0.30952380952380953
Svea_Hovraett_etc_export_job_4502446_842250_Svea_Hovraett_-_Advokatfiskalens_Jaemtlands_laen__1702__-7a829e7f/0004_DSC_0336/r1l19,730.0,101.0,462.57,58,36,2,38,20,False,ok,0,0.3888888888888889
Svea_Hovraett_etc_export_job_4502446_842250_Svea_Hovraett_-_Advokatfiskalens_Jaemtlands_laen__1702__-7a829e7f/0004_DSC_0336/r1l20,729.0,114.0,409.26,52,38,2,40,12,False,ok,0,0.3684210526315789
Svea_Hovraett_etc_export_job_4502446_842250_Svea_Hovraett_-_Advokatfiskalens_Jaemtlands_laen__1702__-7a829e7f/0004_DSC_0336/r1l21,182.0,84.0,138.67,18,5,1,6,12,False,ok,0,0.0
Svea_Hovraett_etc_export_job_4502446_842250_Svea_Hovraett_-_Advokatfiskalens_Jaemtlands_laen__1702__-7a829e7f/0004_DSC_0336/r2l1,89.0,51.0,111.69,14,4,0,4,10,False,ok,0,0.5
Svea_Hovraett_etc_export_job_4502446_842250_Svea_Hovraett_-_Advokatfiskalens_Jaemtlands_laen__1702__-7a829e7f/0004_DSC_0336/r2l2,668.0,124.0,344.77,44,38,3,41,3,False,ok,0,0.6052631578947368
Svea_Hovraett_etc_export_job_4502446_842250_Svea_Hovraett_-_Advokatfiskalens_Jaemtlands_laen__1702__-7a829e7f/0004_DSC_0336/r2l3,643.0,108.0,381.04,48,33,1,34,14,False,ok,0,0.42424242424242425
Svea_Hovraett_etc_export_job_4502446_842250_Svea_Hovraett_-_Advokatfiskalens_Jaemtlands_laen__1702__-7a829e7f/0004_DSC_0336/r2l4,649.0,105.0,395.58,50,36,3,39,11,False,ok,0,0.25
Svea_Hovraett_etc_export_job_4502446_842250_Svea_Hovraett_-_Advokatfiskalens_Jaemtlands_laen__1702__-7a829e7f/0004_DSC_0336/r2l5,687.0,133.0,330.59,42,36,2,38,4,False,ok,0,0.6111111111111112
Svea_Hovraett_etc_export_job_4502446_842250_Svea_Hovraett_-_Advokatfiskalens_Jaemtlands_laen__1702__-7a829e7f/0004_DSC_0336/r2l6,677.0,98.0,442.12,56,35,2,37,19,False,ok,0,0.14285714285714285
Svea_Hovraett_etc_export_job_4502446_842250_Svea_Hovraett_-_Advokatfiskalens_Jaemtlands_laen__1702__-7a829e7f/0004_DSC_0336/r2l7,672.0,103.0,417.55,53,37,0,37,16,False,ok,0,0.1891891891891892
Svea_Hovraett_etc_export_job_4502446_842250_Svea_Hovraett_-_Advokatfiskalens_Jaemtlands_laen__1702__-7a829e7f/0004_DSC_0336/r2l8,697.0,113.0,394.76,50,34,2,36,14,False,ok,0,0.23529411764705882
Svea_Hovraett_etc_export_job_4502446_842250_Svea_Hovraett_-_Advokatfiskalens_Jaemtlands_laen__1702__-7a829e7f/0004_DSC_0336/r2l9,691.0,116.0,381.24,48,38,3,41,7,False,ok,0,0.10526315789473684
Svea_Hovraett_etc_export_job_4502446_842250_Svea_Hovraett_-_Advokatfiskalens_Jaemtlands_laen__1702__-7a829e7f/0004_DSC_0336/r2l10,726.0,104.0,446.77,56,38,1,39,17,False,ok,0,0.07894736842105263
Svea_Hovraett_etc_export_job_4502446_842250_Svea_Hovraett_-_Advokatfiskalens_Jaemtlands_laen__1702__-7a829e7f/0004_DSC_0336/r2l11,727.0,90.0,516.98,65,38,3,41,24,False,ok,0,0.2894736842105263
Svea_Hovraett_etc_export_job_4502446_842250_Svea_Hovraett_-_Advokatfiskalens_Jaemtlands_laen__1702__-7a829e7f/0004_DSC_0336/r2l12,722.0,91.0,507.78,64,32,0,32,32,False,ok,0,0.125
Svea_Hovraett_etc_export_job_4502446_842250_Svea_Hovraett_-_Advokatfiskalens_Jaemtlands_laen__1702__-7a829e7f/0004_DSC_0336/r2l13,747.0,81.0,590.22,74,34,0,34,40,False,ok,0,0.23529411764705882
Svea_Hovraett_etc_export_job_4502446_842250_Svea_Hovraett_-_Advokatfiskalens_Jaemtlands_laen__1702__-7a829e7f/0004_DSC_0336/r2l14,720.0,97.0,475.05,60,33,1,34,26,False,ok,0,0.18181818181818182
Svea_Hovraett_etc_export_job_4502446_842250_Svea_Hovraett_-_Advokatfiskalens_Jaemtlands_laen__1702__-7a829e7f/0004_DSC_0336/r2l15,737.0,92.0,512.7,65,34,1,35,30,False,ok,0,0.08823529411764706
Svea_Hovraett_etc_export_job_4502446_842250_Svea_Hovraett_-_Advokatfiskalens_Jaemtlands_laen__1702__-7a829e7f/0004_DSC_0336/r2l16,744.0,98.0,485.88,61,35,0,35,26,False,ok,0,0.11428571428571428
Svea_Hovraett_etc_export_job_4502446_842250_Svea_Hovraett_-_Advokatfiskalens_Jaemtlands_laen__1702__-7a829e7f/0004_DSC_0336/r2l17,746.0,77.0,620.05,78,35,1,36,42,False,ok,0,0.08571428571428572
Svea_Hovraett_etc_export_job_4502446_842250_Svea_Hovraett_-_Advokatfiskalens_Jaemtlands_laen__1702__-7a829e7f/0004_DSC_0336/r2l18,779.0,99.0,503.6,63,37,2,39,24,False,ok,0,0.16216216216216217
Svea_Hovraett_etc_export_job_4502446_842250_Svea_Hovraett_-_Advokatfiskalens_Jaemtlands_laen__1702__-7a829e7f/0004_DSC_0336/r2l19,799.0,102.0,501.33,63,37,3,40,23,False,ok,0,0.16216216216216217
Svea_Hovraett_etc_export_job_4502446_842250_Svea_Hovraett_-_Advokatfiskalens_Jaemtlands_laen__1702__-7a829e7f/0004_DSC_0336/r2l20,779.0,102.0,488.78,62,33,1,34,28,False,ok,0,0.3333333333333333
Svea_Hovraett_etc_export_job_4502446_842250_Svea_Hovraett_-_Advokatfiskalens_Jaemtlands_laen__1702__-7a829e7f/0004_DSC_0336/r2l21,814.0,118.0,441.49,56,38,0,38,18,False,ok,0,0.3157894736842105
Svea_Hovraett_etc_export_job_4502446_842250_Svea_Hovraett_-_Advokatfiskalens_Jaemtlands_laen__1702__-7a829e7f/0004_DSC_0336/r2l22,163.0,63.0,165.59,21,5,1,6,15,False,ok,0,0.8
Svea_Hovraett_etc_export_job_4502446_842250_Svea_Hovraett_-_Advokatfiskalens_Jaemtlands_laen__1702__-7a829e7f/0005_DSC_0337/r1l1,661.0,109.0,388.11,49,40,2,42,7,False,ok,0,0.35
Svea_Hovraett_etc_export_job_4502446_842250_Svea_Hovraett_-_Advokatfiskalens_Jaemtlands_laen__1702__-7a829e7f/0005_DSC_0337/r1l2,663.0,94.0,451.4,57,30,2,32,25,False,ok,0,0.06666666666666667
Svea_Hovraett_etc_export_job_4502446_842250_Svea_Hovraett_-_Advokatfiskalens_Jaemtlands_laen__1702__-7a829e7f/0005_DSC_0337/r1l3,659.0,80.0,527.2,66,32,1,33,33,False,ok,0,0.125
Svea_Hovraett_etc_export_job_4502446_842250_Svea_Hovraett_-_Advokatfiskalens_Jaemtlands_laen__1702__-7a829e7f/0005_DSC_0337/r1l4,661.0,87.0,486.25,61,29,1,30,31,False,ok,0,0.27586206896551724
Svea_Hovraett_etc_export_job_4502446_842250_Svea_Hovraett_-_Advokatfiskalens_Jaemtlands_laen__1702__-7a829e7f/0005_DSC_0337/r1l5,674.0,127.0,339.65,43,35,2,37,6,False,ok,0,0.7428571428571429
Svea_Hovraett_etc_export_job_4502446_842250_Svea_Hovraett_-_Advokatfiskalens_Jaemtlands_laen__1702__-7a829e7f/0005_DSC_0337/r1l6,691.0,105.0,421.18,53,35,2,37,16,False,ok,0,0.14285714285714285
Svea_Hovraett_etc_export_job_4502446_842250_Svea_Hovraett_-_Advokatfiskalens_Jaemtlands_laen__1702__-7a829e7f/0005_DSC_0337/r1l7,684.0,115.0,380.66,48,34,0,34,14,False,ok,0,0.17647058823529413
Svea_Hovraett_etc_export_job_4502446_842250_Svea_Hovraett_-_Advokatfiskalens_Jaemtlands_laen__1702__-7a829e7f/0005_DSC_0337/r1l8,702.0,94.0,477.96,60,36,1,37,23,False,ok,0,0.19444444444444445
Svea_Hovraett_etc_export_job_4502446_842250_Svea_Hovraett_-_Advokatfiskalens_Jaemtlands_laen__1702__-7a829e7f/0005_DSC_0337/r1l9,683.0,113.0,386.83,49,33,0,33,16,False,ok,0,0.18181818181818182
Svea_Hovraett_etc_export_job_4502446_842250_Svea_Hovraett_-_Advokatfiskalens_Jaemtlands_laen__1702__-7a829e7f/0005_DSC_0337/r1l10,722.0,100.0,462.08,58,30,1,31,27,False,ok,0,0.23333333333333334
Svea_Hovraett_etc_export_job_4502446_842250_Svea_Hovraett_-_Advokatfiskalens_Jaemtlands_laen__1702__-7a829e7f/0005_DSC_0337/r1l11,711.0,99.0,459.64,58,35,3,38,20,False,ok,0,0.17142857142857143
Svea_Hovraett_etc_export_job_4502446_842250_Svea_Hovraett_-_Advokatfiskalens_Jaemtlands_laen__1702__-7a829e7f/0005_DSC_0337/r1l12,703.0,102.0,441.1,56,31,0,31,25,False,ok,0,0.0
Svea_Hovraett_etc_export_job_4502446_842250_Svea_Hovraett_-_Advokatfiskalens_Jaemtlands_laen__1702__-7a829e7f/0005_DSC_0337/r1l13,707.0,95.0,476.29,60,36,2,38,22,False,ok,0,0.2222222222222222
Svea_Hovraett_etc_export_job_4502446_842250_Svea_Hovraett_-_Advokatfiskalens_Jaemtlands_laen__1702__-7a829e7f/0005_DSC_0337/r1l14,702.0,114.0,394.11,50,37,1,38,12,False,ok,0,0.1891891891891892
Svea_Hovraett_etc_export_job_4502446_842250_Svea_Hovraett_-_Advokatfiskalens_Jaemtlands_laen__1702__-7a829e7f/0005_DSC_0337/r1l15,178.0,70.0,162.74,21,9,0,9,12,False,ok,0,0.2222222222222222
Svea_Hovraett_etc_export_job_4502446_842250_Svea_Hovraett_-_Advokatfiskalens_Jaemtlands_laen__1702__-7a829e7f/0005_DSC_0337/r1l16,683.0,110.0,397.38,50,28,0,28,22,False,ok,0,0.2857142857142857
Svea_Hovraett_etc_export_job_4502446_842250_Svea_Hovraett_-_Advokatfiskalens_Jaemtlands_laen__1702__-7a829e7f/0005_DSC_0337/r1l17,722.0,114.0,405.33,51,33,0,33,18,False,ok,0,0.15151515151515152
Svea_Hovraett_etc_export_job_4502446_842250_Svea_Hovraett_-_Advokatfiskalens_Jaemtlands_laen__1702__-7a829e7f/0005_DSC_0337/r1l18,735.0,106.0,443.77,56,33,0,33,23,False,ok,0,0.12121212121212122
Svea_Hovraett_etc_export_job_4502446_842250_Svea_Hovraett_-_Advokatfiskalens_Jaemtlands_laen__1702__-7a829e7f/0005_DSC_0337/r1l19,725.0,91.0,509.89,64,30,0,30,34,False,ok,0,0.1
Svea_Hovraett_etc_export_job_4502446_842250_Svea_Hovraett_-_Advokatfiskalens_Jaemtlands_laen__1702__-7a829e7f/0005_DSC_0337/r1l20,747.0,113.0,423.08,53,37,2,39,14,False,ok,0,0.2972972972972973
Svea_Hovraett_etc_export_job_4502446_842250_Svea_Hovraett_-_Advokatfiskalens_Jaemtlands_laen__1702__-7a829e7f/0005_DSC_0337/r1l21,114.0,64.0,114.0,15,3,0,3,12,False,ok,0,1.0
Svea_Hovraett_etc_export_job_4502446_842250_Svea_Hovraett_-_Advokatfiskalens_Jaemtlands_laen__1702__-7a829e7f/0005_DSC_0337/r2l1,90.0,62.0,92.9,12,3,0,3,9,False,ok,0,0.6666666666666666
Svea_Hovraett_etc_export_job_4502446_842250_Svea_Hovraett_-_Advokatfiskalens_Jaemtlands_laen__1702__-7a829e7f/0005_DSC_0337/r2l2,668.0,139.0,307.57,39,38,3,41,-2,True,ok,0,0.7894736842105263
Svea_Hovraett_etc_export_job_4502446_842250_Svea_Hovraett_-_Advokatfiskalens_Jaemtlands_laen__1702__-7a829e7f/0005_DSC_0337/r2l3,652.0,140.0,298.06,38,34,0,34,4,False,ok,0,0.7058823529411765
Svea_Hovraett_etc_export_job_4502446_842250_Svea_Hovraett_-_Advokatfiskalens_Jaemtlands_laen__1702__-7a829e7f/0005_DSC_0337/r2l4,673.0,95.0,453.39,57,28,0,28,29,False,ok,0,0.14285714285714285
Svea_Hovraett_etc_export_job_4502446_842250_Svea_Hovraett_-_Advokatfiskalens_Jaemtlands_laen__1702__-7a829e7f/0005_DSC_0337/r2l5,704.0,123.0,366.31,46,38,3,41,5,False,ok,0,0.5
Svea_Hovraett_etc_export_job_4502446_842250_Svea_Hovraett_-_Advokatfiskalens_Jaemtlands_laen__1702__-7a829e7f/0005_DSC_0337/r2l6,699.0,130.0,344.12,44,35,1,36,8,False,ok,0,0.45714285714285713
Svea_Hovraett_etc_export_job_4502446_842250_Svea_Hovraett_-_Advokatfiskalens_Jaemtlands_laen__1702__-7a829e7f/0005_DSC_0337/r2l7,695.0,97.0,458.56,58,33,2,35,23,False,ok,0,0.18181818181818182
Svea_Hovraett_etc_export_job_4502446_842250_Svea_Hovraett_-_Advokatfiskalens_Jaemtlands_laen__1702__-7a829e7f/0005_DSC_0337/r2l8,701.0,119.0,377.01,48,31,0,31,17,False,ok,0,0.16129032258064516
Svea_Hovraett_etc_export_job_4502446_842250_Svea_Hovraett_-_Advokatfiskalens_Jaemtlands_laen__1702__-7a829e7f/0005_DSC_0337/r2l9,701.0,100.0,448.64,57,31,0,31,26,False,ok,0,0.1935483870967742
Svea_Hovraett_etc_export_job_4502446_842250_Svea_Hovraett_-_Advokatfiskalens_Jaemtlands_laen__1702__-7a829e7f/0005_DSC_0337/r2l10,704.0,89.0,506.25,64,31,0,31,33,False,ok,0,0.0967741935483871
Svea_Hovraett_etc_export_job_4502446_842250_Svea_Hovraett_-_Advokatfiskalens_Jaemtlands_laen__1702__-7a829e7f/0005_DSC_0337/r2l11,730.0,121.0,386.12,49,30,1,31,18,False,ok,0,0.5333333333333333
Svea_Hovraett_etc_export_job_4502446_842250_Svea_Hovraett_-_Advokatfiskalens_Jaemtlands_laen__1702__-7a829e7f/0005_DSC_0337/r2l12,766.0,99.0,495.19,62,37,1,38,24,False,ok,0,0.08108108108108109
Svea_Hovraett_etc_export_job_4502446_842250_Svea_Hovraett_-_Advokatfiskalens_Jaemtlands_laen__1702__-7a829e7f/0005_DSC_0337/r2l13,751.0,97.0,495.51,62,33,4,37,25,False,ok,0,0.09090909090909091
Svea_Hovraett_etc_export_job_4502446_842250_Svea_Hovraett_-_Advokatfiskalens_Jaemtlands_laen__1702__-7a829e7f/0005_DSC_0337/r2l14,742.0,98.0,484.57,61,35,1,36,25,False,ok,0,0.08571428571428572
Svea_Hovraett_etc_export_job_4502446_842250_Svea_Hovraett_-_Advokatfiskalens_Jaemtlands_laen__1702__-7a829e7f/0005_DSC_0337/r2l15,750.0,100.0,480.0,60,37,2,39,21,False,ok,0,0.08108108108108109
Svea_Hovraett_etc_export_job_4502446_842250_Svea_Hovraett_-_Advokatfiskalens_Jaemtlands_laen__1702__-7a829e7f/0005_DSC_0337/r2l16,769.0,100.0,492.16,62,33,2,35,27,False,ok,0,0.06060606060606061
Svea_Hovraett_etc_export_job_4502446_842250_Svea_Hovraett_-_Advokatfiskalens_Jaemtlands_laen__1702__-7a829e7f/0005_DSC_0337/r2l17,764.0,102.0,479.37,60,34,1,35,25,False,ok,0,0.14705882352941177
Svea_Hovraett_etc_export_job_4502446_842250_Svea_Hovraett_-_Advokatfiskalens_Jaemtlands_laen__1702__-7a829e7f/0005_DSC_0337/r2l18,733.0,114.0,411.51,52,30,0,30,22,False,ok,0,0.13333333333333333
Svea_Hovraett_etc_export_job_4502446_842250_Svea_Hovraett_-_Advokatfiskalens_Jaemtlands_laen__1702__-7a829e7f/0005_DSC_0337/r2l19,812.0,106.0,490.26,62,29,0,29,33,False,ok,0,0.10344827586206896
Svea_Hovraett_etc_export_job_4502446_842250_Svea_Hovraett_-_Advokatfiskalens_Jaemtlands_laen__1702__-7a829e7f/0005_DSC_0337/r2l20,508.0,78.0,416.82,53,21,0,21,32,False,ok,0,0.19047619047619047
Svea_Hovraett_etc_export_job_4502446_842250_Svea_Hovraett_-_Advokatfiskalens_Jaemtlands_laen__1702__-7a829e7f/0005_DSC_0337/r2l21,825.0,110.0,480.0,60,32,2,34,26,False,ok,0,0.28125
Svea_Hovraett_etc_export_job_4502446_842250_Svea_Hovraett_-_Advokatfiskalens_Jaemtlands_laen__1702__-7a829e7f/0005_DSC_0337/r2l23,174.0,89.0,125.12,16,6,1,7,9,False,ok,0,0.3333333333333333
Svea_Hovraett_etc_export_job_4502446_842250_Svea_Hovraett_-_Advokatfiskalens_Jaemtlands_laen__1702__-7a829e7f/0006_DSC_0339/r1l1,605.0,103.0,375.92,47,31,1,32,15,False,ok,0,0.22580645161290322
Svea_Hovraett_etc_export_job_4502446_842250_Svea_Hovraett_-_Advokatfiskalens_Jaemtlands_laen__1702__-7a829e7f/0006_DSC_0339/r1l2,598.0,101.0,378.93,48,33,1,34,14,False,ok,0,0.24242424242424243
Svea_Hovraett_etc_export_job_4502446_842250_Svea_Hovraett_-_Advokatfiskalens_Jaemtlands_laen__1702__-7a829e7f/0006_DSC_0339/r1l3,614.0,113.0,347.75,44,34,0,34,10,False,ok,0,0.5294117647058824
Svea_Hovraett_etc_export_job_4502446_842250_Svea_Hovraett_-_Advokatfiskalens_Jaemtlands_laen__1702__-7a829e7f/0006_DSC_0339/r1l4,612.0,101.0,387.8,49,32,0,32,17,False,ok,0,0.25
Svea_Hovraett_etc_export_job_4502446_842250_Svea_Hovraett_-_Advokatfiskalens_Jaemtlands_laen__1702__-7a829e7f/0006_DSC_0339/r1l5,608.0,110.0,353.75,45,33,1,34,11,False,ok,0,0.5151515151515151
Svea_Hovraett_etc_export_job_4502446_842250_Svea_Hovraett_-_Advokatfiskalens_Jaemtlands_laen__1702__-7a829e7f/0006_DSC_0339/r1l6,602.0,127.0,303.37,38,29,1,30,8,False,ok,0,0.5172413793103449
Svea_Hovraett_etc_export_job_4502446_842250_Svea_Hovraett_-_Advokatfiskalens_Jaemtlands_laen__1702__-7a829e7f/0006_DSC_0339/r1l7,622.0,105.0,379.12,48,28,1,29,19,False,ok,0,0.14285714285714285
Svea_Hovraett_etc_export_job_4502446_842250_Svea_Hovraett_-_Advokatfiskalens_Jaemtlands_laen__1702__-7a829e7f/0006_DSC_0339/r1l8,606.0,86.0,450.98,57,31,4,35,22,False,ok,0,0.25806451612903225
Svea_Hovraett_etc_export_job_4502446_842250_Svea_Hovraett_-_Advokatfiskalens_Jaemtlands_laen__1702__-7a829e7f/0006_DSC_0339/r1l9,644.0,80.0,515.2,65,28,2,30,35,False,ok,0,0.07142857142857142
Svea_Hovraett_etc_export_job_4502446_842250_Svea_Hovraett_-_Advokatfiskalens_Jaemtlands_laen__1702__-7a829e7f/0006_DSC_0339/r1l10,626.0,110.0,364.22,46,28,2,30,16,False,ok,0,0.17857142857142858
Svea_Hovraett_etc_export_job_4502446_842250_Svea_Hovraett_-_Advokatfiskalens_Jaemtlands_laen__1702__-7a829e7f/0006_DSC_0339/r1l11,634.0,113.0,359.08,45,28,1,29,16,False,ok,0,0.14285714285714285
Svea_Hovraett_etc_export_job_4502446_842250_Svea_Hovraett_-_Advokatfiskalens_Jaemtlands_laen__1702__-7a829e7f/0006_DSC_0339/r1l12,634.0,102.0,397.8,50,30,1,31,19,False,ok,0,0.1
Svea_Hovraett_etc_export_job_4502446_842250_Svea_Hovraett_-_Advokatfiskalens_Jaemtlands_laen__1702__-7a829e7f/0006_DSC_0339/r1l13,190.0,65.0,187.08,24,9,0,9,15,False,ok,0,0.1111111111111111
Svea_Hovraett_etc_export_job_4502446_842250_Svea_Hovraett_-_Advokatfiskalens_Jaemtlands_laen__1702__-7a829e7f/0006_DSC_0339/r1l14,655.0,101.0,415.05,52,34,1,35,17,False,ok,0,0.14705882352941177
Svea_Hovraett_etc_export_job_4502446_842250_Svea_Hovraett_-_Advokatfiskalens_Jaemtlands_laen__1702__-7a829e7f/0006_DSC_0339/r1l15,676.0,104.0,416.0,52,33,1,34,18,False,ok,0,0.18181818181818182
Svea_Hovraett_etc_export_job_4502446_842250_Svea_Hovraett_-_Advokatfiskalens_Jaemtlands_laen__1702__-7a829e7f/0006_DSC_0339/r1l16,669.0,98.0,436.9,55,33,2,35,20,False,ok,0,0.12121212121212122
Svea_Hovraett_etc_export_job_4502446_842250_Svea_Hovraett_-_Advokatfiskalens_Jaemtlands_laen__1702__-7a829e7f/0006_DSC_0339/r1l17,638.0,108.0,378.07,48,31,0,31,17,False,ok,0,0.2903225806451613
Svea_Hovraett_etc_export_job_4502446_842250_Svea_Hovraett_-_Advokatfiskalens_Jaemtlands_laen__1702__-7a829e7f/0006_DSC_0339/r1l18,668.0,108.0,395.85,50,34,2,36,14,False,ok,0,0.2647058823529412
Svea_Hovraett_etc_export_job_4502446_842250_Svea_Hovraett_-_Advokatfiskalens_Jaemtlands_laen__1702__-7a829e7f/0006_DSC_0339/r1l19,655.0,104.0,403.08,51,33,1,34,17,False,ok,0,0.30303030303030304
Svea_Hovraett_etc_export_job_4502446_842250_Svea_Hovraett_-_Advokatfiskalens_Jaemtlands_laen__1702__-7a829e7f/0006_DSC_0339/r1l20,695.0,92.0,483.48,61,35,1,36,25,False,ok,0,0.3142857142857143
Svea_Hovraett_etc_export_job_4502446_842250_Svea_Hovraett_-_Advokatfiskalens_Jaemtlands_laen__1702__-7a829e7f/0006_DSC_0339/r1l21,141.0,76.0,118.74,15,2,0,2,13,False,ok,0,1.5
Svea_Hovraett_etc_export_job_4502446_842250_Svea_Hovraett_-_Advokatfiskalens_Jaemtlands_laen__1702__-7a829e7f/0006_DSC_0339/r2l1,104.0,61.0,109.11,14,3,0,3,11,False,empty,1,1.0
Svea_Hovraett_etc_export_job_4502446_842250_Svea_Hovraett_-_Advokatfiskalens_Jaemtlands_laen__1702__-7a829e7f/0006_DSC_0339/r2l2,564.0,88.0,410.18,52,31,1,32,20,False,ok,0,0.25806451612903225
Svea_Hovraett_etc_export_job_4502446_842250_Svea_Hovraett_-_Advokatfiskalens_Jaemtlands_laen__1702__-7a829e7f/0006_DSC_0339/r2l3,567.0,101.0,359.29,45,36,2,38,7,False,ok,0,0.3888888888888889
Svea_Hovraett_etc_export_job_4502446_842250_Svea_Hovraett_-_Advokatfiskalens_Jaemtlands_laen__1702__-7a829e7f/0006_DSC_0339/line_1637849707058_571,663.0,127.0,334.11,42,41,1,42,0,False,ok,0,0.5853658536585366
Svea_Hovraett_etc_export_job_4502446_842250_Svea_Hovraett_-_Advokatfiskalens_Jaemtlands_laen__1702__-7a829e7f/0006_DSC_0339/r2l6,637.0,119.0,342.59,43,30,0,30,13,False,ok,0,0.3
Svea_Hovraett_etc_export_job_4502446_842250_Svea_Hovraett_-_Advokatfiskalens_Jaemtlands_laen__1702__-7a829e7f/0006_DSC_0339/r2l7,448.0,104.0,275.69,35,21,0,21,14,False,ok,0,0.23809523809523808
Svea_Hovraett_etc_export_job_4502446_842250_Svea_Hovraett_-_Advokatfiskalens_Jaemtlands_laen__1702__-7a829e7f/0006_DSC_0339/r2l8,724.0,132.0,351.03,44,39,3,42,2,False,ok,0,0.5128205128205128
Svea_Hovraett_etc_export_job_4502446_842250_Svea_Hovraett_-_Advokatfiskalens_Jaemtlands_laen__1702__-7a829e7f/0006_DSC_0339/r2l9,669.0,124.0,345.29,44,40,2,42,2,False,ok,0,0.7
Svea_Hovraett_etc_export_job_4502446_842250_Svea_Hovraett_-_Advokatfiskalens_Jaemtlands_laen__1702__-7a829e7f/0006_DSC_0339/r2l10,673.0,95.0,453.39,57,38,4,42,15,False,ok,0,0.39473684210526316
Svea_Hovraett_etc_export_job_4502446_842250_Svea_Hovraett_-_Advokatfiskalens_Jaemtlands_laen__1702__-7a829e7f/0006_DSC_0339/r2l11,705.0,103.0,438.06,55,41,2,43,12,False,ok,0,0.14634146341463414
Svea_Hovraett_etc_export_job_4502446_842250_Svea_Hovraett_-_Advokatfiskalens_Jaemtlands_laen__1702__-7a829e7f/0006_DSC_0339/r2l12,656.0,106.0,396.08,50,39,0,39,11,False,ok,0,0.1794871794871795
Svea_Hovraett_etc_export_job_4502446_842250_Svea_Hovraett_-_Advokatfiskalens_Jaemtlands_laen__1702__-7a829e7f/0006_DSC_0339/line_1637849691823_565,775.0,130.0,381.54,48,43,1,44,4,False,ok,0,0.3953488372093023
Svea_Hovraett_etc_export_job_4502446_842250_Svea_Hovraett_-_Advokatfiskalens_Jaemtlands_laen__1702__-7a829e7f/0006_DSC_0339/r2l15,725.0,115.0,403.48,51,38,1,39,12,False,ok,0,0.2631578947368421
Svea_Hovraett_etc_export_job_4502446_842250_Svea_Hovraett_-_Advokatfiskalens_Jaemtlands_laen__1702__-7a829e7f/0006_DSC_0339/r2l16,744.0,98.0,485.88,61,36,3,39,22,False,ok,0,0.16666666666666666
Svea_Hovraett_etc_export_job_4502446_842250_Svea_Hovraett_-_Advokatfiskalens_Jaemtlands_laen__1702__-7a829e7f/0006_DSC_0339/r2l17,707.0,112.0,404.0,51,38,1,39,12,False,ok,0,0.3684210526315789
Svea_Hovraett_etc_export_job_4502446_842250_Svea_Hovraett_-_Advokatfiskalens_Jaemtlands_laen__1702__-7a829e7f/0006_DSC_0339/r2l18,737.0,110.0,428.8,54,37,0,37,17,False,ok,0,0.21621621621621623
Svea_Hovraett_etc_export_job_4502446_842250_Svea_Hovraett_-_Advokatfiskalens_Jaemtlands_laen__1702__-7a829e7f/0006_DSC_0339/r2l19,741.0,111.0,427.24,54,38,2,40,14,False,ok,0,0.21052631578947367
Svea_Hovraett_etc_export_job_4502446_842250_Svea_Hovraett_-_Advokatfiskalens_Jaemtlands_laen__1702__-7a829e7f/0006_DSC_0339/r2l20,744.0,85.0,560.19,71,29,0,29,42,False,ok,0,0.1724137931034483
Svea_Hovraett_etc_export_job_4502446_842250_Svea_Hovraett_-_Advokatfiskalens_Jaemtlands_laen__1702__-7a829e7f/0006_DSC_0339/r2l21,738.0,129.0,366.14,46,36,1,37,9,False,ok,0,0.3333333333333333
Svea_Hovraett_etc_export_job_4502446_842250_Svea_Hovraett_-_Advokatfiskalens_Jaemtlands_laen__1702__-7a829e7f/0006_DSC_0339/r2l22,145.0,75.0,123.73,16,5,0,5,11,False,ok,0,0.2
Svea_Hovraett_etc_export_job_4502446_842250_Svea_Hovraett_-_Advokatfiskalens_Jaemtlands_laen__1702__-7a829e7f/0007_DSC_0340/r1l1,657.0,89.0,472.45,60,33,1,34,26,False,ok,0,0.24242424242424243
Svea_Hovraett_etc_export_job_4502446_842250_Svea_Hovraett_-_Advokatfiskalens_Jaemtlands_laen__1702__-7a829e7f/0007_DSC_0340/r1l2,668.0,105.0,407.16,51,35,3,38,13,False,ok,0,0.4
Svea_Hovraett_etc_export_job_4502446_842250_Svea_Hovraett_-_Advokatfiskalens_Jaemtlands_laen__1702__-7a829e7f/0007_DSC_0340/r1l3,663.0,86.0,493.4,62,33,0,33,29,False,ok,0,0.24242424242424243
Svea_Hovraett_etc_export_job_4502446_842250_Svea_Hovraett_-_Advokatfiskalens_Jaemtlands_laen__1702__-7a829e7f/0007_DSC_0340/r1l4,668.0,94.0,454.81,57,37,1,38,19,False,ok,0,0.24324324324324326
Svea_Hovraett_etc_export_job_4502446_842250_Svea_Hovraett_-_Advokatfiskalens_Jaemtlands_laen__1702__-7a829e7f/0007_DSC_0340/r1l5,690.0,108.0,408.89,52,38,1,39,13,False,ok,0,0.2894736842105263
Svea_Hovraett_etc_export_job_4502446_842250_Svea_Hovraett_-_Advokatfiskalens_Jaemtlands_laen__1702__-7a829e7f/0007_DSC_0340/r1l6,679.0,97.0,448.0,56,31,1,32,24,False,ok,0,0.2903225806451613
Svea_Hovraett_etc_export_job_4502446_842250_Svea_Hovraett_-_Advokatfiskalens_Jaemtlands_laen__1702__-7a829e7f/0007_DSC_0340/r1l7,694.0,101.0,439.76,55,34,1,35,20,False,ok,0,0.23529411764705882
Svea_Hovraett_etc_export_job_4502446_842250_Svea_Hovraett_-_Advokatfiskalens_Jaemtlands_laen__1702__-7a829e7f/0007_DSC_0340/r1l8,696.0,124.0,359.23,45,35,0,35,10,False,ok,0,0.42857142857142855
Svea_Hovraett_etc_export_job_4502446_842250_Svea_Hovraett_-_Advokatfiskalens_Jaemtlands_laen__1702__-7a829e7f/0007_DSC_0340/r1l9,696.0,100.0,445.44,56,32,2,34,22,False,ok,0,0.21875
Svea_Hovraett_etc_export_job_4502446_842250_Svea_Hovraett_-_Advokatfiskalens_Jaemtlands_laen__1702__-7a829e7f/0007_DSC_0340/r1l10,695.0,109.0,408.07,52,33,1,34,18,False,ok,0,0.3333333333333333
Svea_Hovraett_etc_export_job_4502446_842250_Svea_Hovraett_-_Advokatfiskalens_Jaemtlands_laen__1702__-7a829e7f/0007_DSC_0340/r1l11,703.0,110.0,409.02,52,36,0,36,16,False,ok,0,0.19444444444444445
Svea_Hovraett_etc_export_job_4502446_842250_Svea_Hovraett_-_Advokatfiskalens_Jaemtlands_laen__1702__-7a829e7f/0007_DSC_0340/r1l12,719.0,108.0,426.07,54,35,3,38,16,False,ok,0,0.42857142857142855
Svea_Hovraett_etc_export_job_4502446_842250_Svea_Hovraett_-_Advokatfiskalens_Jaemtlands_laen__1702__-7a829e7f/0007_DSC_0340/r1l13,720.0,92.0,500.87,63,34,0,34,29,False,ok,0,0.29411764705882354
Svea_Hovraett_etc_export_job_4502446_842250_Svea_Hovraett_-_Advokatfiskalens_Jaemtlands_laen__1702__-7a829e7f/0007_DSC_0340/r1l14,726.0,92.0,505.04,64,28,2,30,34,False,ok,0,0.03571428571428571
Svea_Hovraett_etc_export_job_4502446_842250_Svea_Hovraett_-_Advokatfiskalens_Jaemtlands_laen__1702__-7a829e7f/0007_DSC_0340/r1l15,736.0,119.0,395.83,50,33,4,37,13,False,ok,0,0.5151515151515151
Svea_Hovraett_etc_export_job_4502446_842250_Svea_Hovraett_-_Advokatfiskalens_Jaemtlands_laen__1702__-7a829e7f/0007_DSC_0340/r1l16,387.0,93.0,266.32,34,12,2,14,20,False,ok,0,0.0
Svea_Hovraett_etc_export_job_4502446_842250_Svea_Hovraett_-_Advokatfiskalens_Jaemtlands_laen__1702__-7a829e7f/0007_DSC_0340/r1l17,756.0,98.0,493.71,62,39,2,41,21,False,ok,0,0.1282051282051282
Svea_Hovraett_etc_export_job_4502446_842250_Svea_Hovraett_-_Advokatfiskalens_Jaemtlands_laen__1702__-7a829e7f/0007_DSC_0340/r1l18,751.0,97.0,495.51,62,33,2,35,27,False,ok,0,0.06060606060606061
Svea_Hovraett_etc_export_job_4502446_842250_Svea_Hovraett_-_Advokatfiskalens_Jaemtlands_laen__1702__-7a829e7f/0007_DSC_0340/r1l19,718.0,115.0,399.58,50,32,2,34,16,False,ok,0,0.3125
Svea_Hovraett_etc_export_job_4502446_842250_Svea_Hovraett_-_Advokatfiskalens_Jaemtlands_laen__1702__-7a829e7f/0007_DSC_0340/r1l20,773.0,102.0,485.02,61,36,1,37,24,False,ok,0,0.1388888888888889
Svea_Hovraett_etc_export_job_4502446_842250_Svea_Hovraett_-_Advokatfiskalens_Jaemtlands_laen__1702__-7a829e7f/0007_DSC_0340/r1l21,174.0,88.0,126.55,16,7,0,7,9,False,ok,0,0.2857142857142857
Svea_Hovraett_etc_export_job_4502446_842250_Svea_Hovraett_-_Advokatfiskalens_Jaemtlands_laen__1702__-7a829e7f/0007_DSC_0340/r2l1,654.0,132.0,317.09,40,43,1,44,-4,True,ok,0,0.7209302325581395
Svea_Hovraett_etc_export_job_4502446_842250_Svea_Hovraett_-_Advokatfiskalens_Jaemtlands_laen__1702__-7a829e7f/0007_DSC_0340/r2l2,633.0,102.0,397.18,50,36,2,38,12,False,ok,0,0.3888888888888889
Svea_Hovraett_etc_export_job_4502446_842250_Svea_Hovraett_-_Advokatfiskalens_Jaemtlands_laen__1702__-7a829e7f/0007_DSC_0340/r2l3,646.0,106.0,390.04,49,38,0,38,11,False,ok,0,0.4473684210526316
Svea_Hovraett_etc_export_job_4502446_842250_Svea_Hovraett_-_Advokatfiskalens_Jaemtlands_laen__1702__-7a829e7f/0007_DSC_0340/r2l4,651.0,99.0,420.85,53,38,0,38,15,False,ok,0,0.21052631578947367
Svea_Hovraett_etc_export_job_4502446_842250_Svea_Hovraett_-_Advokatfiskalens_Jaemtlands_laen__1702__-7a829e7f/0007_DSC_0340/r2l5,680.0,94.0,462.98,58,34,0,34,24,False,ok,0,0.2647058823529412
Svea_Hovraett_etc_export_job_4502446_842250_Svea_Hovraett_-_Advokatfiskalens_Jaemtlands_laen__1702__-7a829e7f/0007_DSC_0340/r2l6,683.0,107.0,408.52,52,35,0,35,17,False,ok,0,0.3142857142857143
Svea_Hovraett_etc_export_job_4502446_842250_Svea_Hovraett_-_Advokatfiskalens_Jaemtlands_laen__1702__-7a829e7f/0007_DSC_0340/r2l7,684.0,101.0,433.43,55,35,2,37,18,False,ok,0,0.17142857142857143
Svea_Hovraett_etc_export_job_4502446_842250_Svea_Hovraett_-_Advokatfiskalens_Jaemtlands_laen__1702__-7a829e7f/0007_DSC_0340/r2l8,697.0,92.0,484.87,61,34,1,35,26,False,ok,0,0.29411764705882354
Svea_Hovraett_etc_export_job_4502446_842250_Svea_Hovraett_-_Advokatfiskalens_Jaemtlands_laen__1702__-7a829e7f/0007_DSC_0340/r2l9,694.0,86.0,516.47,65,40,1,41,24,False,ok,0,0.275
Svea_Hovraett_etc_export_job_4502446_842250_Svea_Hovraett_-_Advokatfiskalens_Jaemtlands_laen__1702__-7a829e7f/0007_DSC_0340/r2l10,688.0,100.0,440.32,56,34,3,37,19,False,ok,0,0.29411764705882354
Svea_Hovraett_etc_export_job_4502446_842250_Svea_Hovraett_-_Advokatfiskalens_Jaemtlands_laen__1702__-7a829e7f/0007_DSC_0340/r2l11,716.0,78.0,587.49,74,39,3,42,32,False,ok,0,0.1282051282051282
Svea_Hovraett_etc_export_job_4502446_842250_Svea_Hovraett_-_Advokatfiskalens_Jaemtlands_laen__1702__-7a829e7f/0007_DSC_0340/r2l12,686.0,107.0,410.32,52,31,2,33,19,False,ok,0,0.3225806451612903
Svea_Hovraett_etc_export_job_4502446_842250_Svea_Hovraett_-_Advokatfiskalens_Jaemtlands_laen__1702__-7a829e7f/0007_DSC_0340/r2l13,737.0,88.0,536.0,67,36,2,38,29,False,ok,0,0.08333333333333333
Svea_Hovraett_etc_export_job_4502446_842250_Svea_Hovraett_-_Advokatfiskalens_Jaemtlands_laen__1702__-7a829e7f/0007_DSC_0340/r2l14,725.0,99.0,468.69,59,36,1,37,22,False,ok,0,0.2777777777777778
Svea_Hovraett_etc_export_job_4502446_842250_Svea_Hovraett_-_Advokatfiskalens_Jaemtlands_laen__1702__-7a829e7f/0007_DSC_0340/r2l15,736.0,90.0,523.38,66,36,1,37,29,False,ok,0,0.1388888888888889
Svea_Hovraett_etc_export_job_4502446_842250_Svea_Hovraett_-_Advokatfiskalens_Jaemtlands_laen__1702__-7a829e7f/0007_DSC_0340/r2l16,540.0,102.0,338.82,43,23,1,24,19,False,ok,0,0.13043478260869565
Svea_Hovraett_etc_export_job_4502446_842250_Svea_Hovraett_-_Advokatfiskalens_Jaemtlands_laen__1702__-7a829e7f/0007_DSC_0340/r2l17,766.0,109.0,449.76,57,35,1,36,21,False,ok,0,0.17142857142857143
Svea_Hovraett_etc_export_job_4502446_842250_Svea_Hovraett_-_Advokatfiskalens_Jaemtlands_laen__1702__-7a829e7f/0007_DSC_0340/r2l18,725.0,86.0,539.53,68,36,2,38,30,False,ok,0,0.25
Svea_Hovraett_etc_export_job_4502446_842250_Svea_Hovraett_-_Advokatfiskalens_Jaemtlands_laen__1702__-7a829e7f/0007_DSC_0340/r2l19,717.0,87.0,527.45,66,32,1,33,33,False,ok,0,0.15625
Svea_Hovraett_etc_export_job_4502446_842250_Svea_Hovraett_-_Advokatfiskalens_Jaemtlands_laen__1702__-7a829e7f/0007_DSC_0340/r2l20,763.0,113.0,432.14,55,31,1,32,23,False,ok,0,0.3548387096774194
Svea_Hovraett_etc_export_job_4502446_842250_Svea_Hovraett_-_Advokatfiskalens_Jaemtlands_laen__1702__-7a829e7f/0007_DSC_0340/r2l21,163.0,58.0,179.86,23,3,0,3,20,False,ok,0,0.6666666666666666
Svea_Hovraett_etc_export_job_4502446_842250_Svea_Hovraett_-_Advokatfiskalens_Jaemtlands_laen__1702__-7a829e7f/0007_DSC_0340/r3l1,83.0,67.0,79.28,10,3,0,3,7,False,empty,1,1.0
Svea_Hovraett_etc_export_job_4502446_842250_Svea_Hovraett_-_Advokatfiskalens_Jaemtlands_laen__1702__-7a829e7f/0008_DSC_0341/r1l1,634.0,81.0,500.94,63,31,1,32,31,False,ok,0,0.0967741935483871
Svea_Hovraett_etc_export_job_4502446_842250_Svea_Hovraett_-_Advokatfiskalens_Jaemtlands_laen__1702__-7a829e7f/0008_DSC_0341/r1l2,640.0,95.0,431.16,54,35,1,36,18,False,ok,0,0.11428571428571428
Svea_Hovraett_etc_export_job_4502446_842250_Svea_Hovraett_-_Advokatfiskalens_Jaemtlands_laen__1702__-7a829e7f/0008_DSC_0341/r1l3,653.0,71.0,588.62,74,40,1,41,33,False,ok,0,0.35
Svea_Hovraett_etc_export_job_4502446_842250_Svea_Hovraett_-_Advokatfiskalens_Jaemtlands_laen__1702__-7a829e7f/0008_DSC_0341/r1l4,667.0,97.0,440.08,56,36,1,37,19,False,ok,0,0.25
Svea_Hovraett_etc_export_job_4502446_842250_Svea_Hovraett_-_Advokatfiskalens_Jaemtlands_laen__1702__-7a829e7f/0008_DSC_0341/r1l5,674.0,101.0,427.09,54,34,1,35,19,False,ok,0,0.08823529411764706
Svea_Hovraett_etc_export_job_4502446_842250_Svea_Hovraett_-_Advokatfiskalens_Jaemtlands_laen__1702__-7a829e7f/0008_DSC_0341/r1l6,585.0,82.0,456.59,58,31,1,32,26,False,ok,0,0.06451612903225806
Svea_Hovraett_etc_export_job_4502446_842250_Svea_Hovraett_-_Advokatfiskalens_Jaemtlands_laen__1702__-7a829e7f/0008_DSC_0341/r1l7,677.0,103.0,420.66,53,33,1,34,19,False,ok,0,0.24242424242424243
Svea_Hovraett_etc_export_job_4502446_842250_Svea_Hovraett_-_Advokatfiskalens_Jaemtlands_laen__1702__-7a829e7f/0008_DSC_0341/r1l8,697.0,105.0,424.84,54,30,0,30,24,False,ok,0,0.36666666666666664
Svea_Hovraett_etc_export_job_4502446_842250_Svea_Hovraett_-_Advokatfiskalens_Jaemtlands_laen__1702__-7a829e7f/0008_DSC_0341/r1l9,688.0,82.0,536.98,68,31,3,34,34,False,ok,0,0.06451612903225806
Svea_Hovraett_etc_export_job_4502446_842250_Svea_Hovraett_-_Advokatfiskalens_Jaemtlands_laen__1702__-7a829e7f/0008_DSC_0341/r1l10,680.0,94.0,462.98,58,32,0,32,26,False,ok,0,0.0625
Svea_Hovraett_etc_export_job_4502446_842250_Svea_Hovraett_-_Advokatfiskalens_Jaemtlands_laen__1702__-7a829e7f/0008_DSC_0341/r1l11,672.0,104.0,413.54,52,33,1,34,18,False,ok,0,0.2727272727272727
Svea_Hovraett_etc_export_job_4502446_842250_Svea_Hovraett_-_Advokatfiskalens_Jaemtlands_laen__1702__-7a829e7f/0008_DSC_0341/r1l12,690.0,88.0,501.82,63,33,2,35,28,False,ok,0,0.15151515151515152
Svea_Hovraett_etc_export_job_4502446_842250_Svea_Hovraett_-_Advokatfiskalens_Jaemtlands_laen__1702__-7a829e7f/0008_DSC_0341/r1l13,700.0,93.0,481.72,61,35,1,36,25,False,ok,0,0.2
Svea_Hovraett_etc_export_job_4502446_842250_Svea_Hovraett_-_Advokatfiskalens_Jaemtlands_laen__1702__-7a829e7f/0008_DSC_0341/r1l14,693.0,104.0,426.46,54,36,0,36,18,False,ok,0,0.1388888888888889
Svea_Hovraett_etc_export_job_4502446_842250_Svea_Hovraett_-_Advokatfiskalens_Jaemtlands_laen__1702__-7a829e7f/0008_DSC_0341/r1l15,701.0,104.0,431.38,54,37,1,38,16,False,ok,0,0.2702702702702703
Svea_Hovraett_etc_export_job_4502446_842250_Svea_Hovraett_-_Advokatfiskalens_Jaemtlands_laen__1702__-7a829e7f/0008_DSC_0341/r1l16,677.0,97.0,446.68,56,29,0,29,27,False,ok,0,0.034482758620689655
Svea_Hovraett_etc_export_job_4502446_842250_Svea_Hovraett_-_Advokatfiskalens_Jaemtlands_laen__1702__-7a829e7f/0008_DSC_0341/r1l17,714.0,101.0,452.44,57,36,3,39,18,False,ok,0,0.08333333333333333
Svea_Hovraett_etc_export_job_4502446_842250_Svea_Hovraett_-_Advokatfiskalens_Jaemtlands_laen__1702__-7a829e7f/0008_DSC_0341/r1l18,717.0,114.0,402.53,51,36,1,37,14,False,ok,0,0.3055555555555556
Svea_Hovraett_etc_export_job_4502446_842250_Svea_Hovraett_-_Advokatfiskalens_Jaemtlands_laen__1702__-7a829e7f/0008_DSC_0341/r1l19,714.0,114.0,400.84,51,22,0,22,29,False,ok,0,0.4090909090909091
Svea_Hovraett_etc_export_job_4502446_842250_Svea_Hovraett_-_Advokatfiskalens_Jaemtlands_laen__1702__-7a829e7f/0008_DSC_0341/r1l20,721.0,101.0,456.87,58,30,0,30,28,False,ok,0,0.03333333333333333
Svea_Hovraett_etc_export_job_4502446_842250_Svea_Hovraett_-_Advokatfiskalens_Jaemtlands_laen__1702__-7a829e7f/0008_DSC_0341/r1l21,137.0,68.0,128.94,17,3,0,3,14,False,ok,0,0.0
Svea_Hovraett_etc_export_job_4502446_842250_Svea_Hovraett_-_Advokatfiskalens_Jaemtlands_laen__1702__-7a829e7f/0008_DSC_0341/r2l1,103.0,63.0,104.63,14,3,0,3,11,False,ok,0,1.0
Svea_Hovraett_etc_export_job_4502446_842250_Svea_Hovraett_-_Advokatfiskalens_Jaemtlands_laen__1702__-7a829e7f/0008_DSC_0341/r2l2,662.0,123.0,344.46,44,35,1,36,8,False,ok,0,0.2571428571428571
Svea_Hovraett_etc_export_job_4502446_842250_Svea_Hovraett_-_Advokatfiskalens_Jaemtlands_laen__1702__-7a829e7f/0008_DSC_0341/r2l3,679.0,133.0,326.74,41,36,1,37,4,False,ok,0,0.8055555555555556
Svea_Hovraett_etc_export_job_4502446_842250_Svea_Hovraett_-_Advokatfiskalens_Jaemtlands_laen__1702__-7a829e7f/0008_DSC_0341/r2l4,661.0,108.0,391.7,49,35,1,36,13,False,ok,0,0.22857142857142856
Svea_Hovraett_etc_export_job_4502446_842250_Svea_Hovraett_-_Advokatfiskalens_Jaemtlands_laen__1702__-7a829e7f/0008_DSC_0341/r2l5,697.0,109.0,409.25,52,34,0,34,18,False,ok,0,0.29411764705882354
Svea_Hovraett_etc_export_job_4502446_842250_Svea_Hovraett_-_Advokatfiskalens_Jaemtlands_laen__1702__-7a829e7f/0008_DSC_0341/r2l6,682.0,104.0,419.69,53,39,2,41,12,False,ok,0,0.358974358974359
Svea_Hovraett_etc_export_job_4502446_842250_Svea_Hovraett_-_Advokatfiskalens_Jaemtlands_laen__1702__-7a829e7f/0008_DSC_0341/r2l7,667.0,103.0,414.45,52,32,1,33,19,False,ok,0,0.09375
Svea_Hovraett_etc_export_job_4502446_842250_Svea_Hovraett_-_Advokatfiskalens_Jaemtlands_laen__1702__-7a829e7f/0008_DSC_0341/r2l8,497.0,125.0,254.46,32,24,2,26,6,False,ok,0,0.2916666666666667
Svea_Hovraett_etc_export_job_4502446_842250_Svea_Hovraett_-_Advokatfiskalens_Jaemtlands_laen__1702__-7a829e7f/0008_DSC_0341/r2l9,699.0,106.0,422.04,53,33,1,34,19,False,ok,0,0.30303030303030304
Svea_Hovraett_etc_export_job_4502446_842250_Svea_Hovraett_-_Advokatfiskalens_Jaemtlands_laen__1702__-7a829e7f/0008_DSC_0341/r2l10,717.0,100.0,458.88,58,27,0,27,31,False,ok,0,0.2962962962962963
Svea_Hovraett_etc_export_job_4502446_842250_Svea_Hovraett_-_Advokatfiskalens_Jaemtlands_laen__1702__-7a829e7f/0008_DSC_0341/r2l11,723.0,107.0,432.45,55,33,4,37,18,False,ok,0,0.21212121212121213
Svea_Hovraett_etc_export_job_4502446_842250_Svea_Hovraett_-_Advokatfiskalens_Jaemtlands_laen__1702__-7a829e7f/0008_DSC_0341/r2l12,700.0,90.0,497.78,63,32,1,33,30,False,ok,0,0.15625
Svea_Hovraett_etc_export_job_4502446_842250_Svea_Hovraett_-_Advokatfiskalens_Jaemtlands_laen__1702__-7a829e7f/0008_DSC_0341/r2l13,751.0,108.0,445.04,56,34,2,36,20,False,ok,0,0.08823529411764706
Svea_Hovraett_etc_export_job_4502446_842250_Svea_Hovraett_-_Advokatfiskalens_Jaemtlands_laen__1702__-7a829e7f/0008_DSC_0341/r2l14,701.0,87.0,515.68,65,31,2,33,32,False,ok,0,0.0967741935483871
Svea_Hovraett_etc_export_job_4502446_842250_Svea_Hovraett_-_Advokatfiskalens_Jaemtlands_laen__1702__-7a829e7f/0008_DSC_0341/r2l15,715.0,96.0,476.67,60,30,1,31,29,False,ok,0,0.06666666666666667
Svea_Hovraett_etc_export_job_4502446_842250_Svea_Hovraett_-_Advokatfiskalens_Jaemtlands_laen__1702__-7a829e7f/0008_DSC_0341/r2l16,724.0,104.0,445.54,56,33,3,36,20,False,ok,0,0.18181818181818182
Svea_Hovraett_etc_export_job_4502446_842250_Svea_Hovraett_-_Advokatfiskalens_Jaemtlands_laen__1702__-7a829e7f/0008_DSC_0341/r2l17,731.0,81.0,577.58,73,35,1,36,37,False,ok,0,0.05714285714285714
Svea_Hovraett_etc_export_job_4502446_842250_Svea_Hovraett_-_Advokatfiskalens_Jaemtlands_laen__1702__-7a829e7f/0008_DSC_0341/r2l18,745.0,96.0,496.67,63,31,2,33,30,False,ok,0,0.12903225806451613
Svea_Hovraett_etc_export_job_4502446_842250_Svea_Hovraett_-_Advokatfiskalens_Jaemtlands_laen__1702__-7a829e7f/0008_DSC_0341/r2l19,754.0,96.0,502.67,63,32,0,32,31,False,ok,0,0.21875
Svea_Hovraett_etc_export_job_4502446_842250_Svea_Hovraett_-_Advokatfiskalens_Jaemtlands_laen__1702__-7a829e7f/0008_DSC_0341/r2l20,752.0,98.0,491.1,62,34,2,36,26,False,ok,0,0.17647058823529413
Svea_Hovraett_etc_export_job_4502446_842250_Svea_Hovraett_-_Advokatfiskalens_Jaemtlands_laen__1702__-7a829e7f/0008_DSC_0341/r2l21,761.0,98.0,496.98,63,38,2,40,23,False,ok,0,0.21052631578947367
Svea_Hovraett_etc_export_job_4502446_842250_Svea_Hovraett_-_Advokatfiskalens_Jaemtlands_laen__1702__-7a829e7f/0008_DSC_0341/r2l22,173.0,81.0,136.69,18,6,1,7,11,False,ok,0,0.16666666666666666
Svea_Hovraett_etc_export_job_4502446_842250_Svea_Hovraett_-_Advokatfiskalens_Jaemtlands_laen__1702__-7a829e7f/0009_DSC_0342/r1l1,660.0,113.0,373.81,47,31,1,32,15,False,ok,0,0.3225806451612903
Svea_Hovraett_etc_export_job_4502446_842250_Svea_Hovraett_-_Advokatfiskalens_Jaemtlands_laen__1702__-7a829e7f/0009_DSC_0342/r1l2,669.0,99.0,432.48,55,33,1,34,21,False,ok,0,0.18181818181818182
Svea_Hovraett_etc_export_job_4502446_842250_Svea_Hovraett_-_Advokatfiskalens_Jaemtlands_laen__1702__-7a829e7f/0009_DSC_0342/r1l3,678.0,91.0,476.84,60,31,1,32,28,False,ok,0,0.3225806451612903
Svea_Hovraett_etc_export_job_4502446_842250_Svea_Hovraett_-_Advokatfiskalens_Jaemtlands_laen__1702__-7a829e7f/0009_DSC_0342/r1l4,680.0,113.0,385.13,49,31,1,32,17,False,ok,0,0.16129032258064516
Svea_Hovraett_etc_export_job_4502446_842250_Svea_Hovraett_-_Advokatfiskalens_Jaemtlands_laen__1702__-7a829e7f/0009_DSC_0342/r1l5,668.0,78.0,548.1,69,36,0,36,33,False,ok,0,0.1111111111111111
Svea_Hovraett_etc_export_job_4502446_842250_Svea_Hovraett_-_Advokatfiskalens_Jaemtlands_laen__1702__-7a829e7f/0009_DSC_0342/r1l6,696.0,82.0,543.22,68,31,0,31,37,False,ok,0,0.06451612903225806
Svea_Hovraett_etc_export_job_4502446_842250_Svea_Hovraett_-_Advokatfiskalens_Jaemtlands_laen__1702__-7a829e7f/0009_DSC_0342/r1l7,715.0,99.0,462.22,58,40,1,41,17,False,ok,0,0.4
Svea_Hovraett_etc_export_job_4502446_842250_Svea_Hovraett_-_Advokatfiskalens_Jaemtlands_laen__1702__-7a829e7f/0009_DSC_0342/r1l8,716.0,113.0,405.52,51,34,0,34,17,False,ok,0,0.4117647058823529
Svea_Hovraett_etc_export_job_4502446_842250_Svea_Hovraett_-_Advokatfiskalens_Jaemtlands_laen__1702__-7a829e7f/0009_DSC_0342/r1l9,706.0,113.0,399.86,50,35,1,36,14,False,ok,0,0.2571428571428571
Svea_Hovraett_etc_export_job_4502446_842250_Svea_Hovraett_-_Advokatfiskalens_Jaemtlands_laen__1702__-7a829e7f/0009_DSC_0342/r1l10,705.0,93.0,485.16,61,34,0,34,27,False,ok,0,0.17647058823529413
Svea_Hovraett_etc_export_job_4502446_842250_Svea_Hovraett_-_Advokatfiskalens_Jaemtlands_laen__1702__-7a829e7f/0009_DSC_0342/r1l11,714.0,118.0,387.25,49,30,1,31,18,False,ok,0,0.13333333333333333
Svea_Hovraett_etc_export_job_4502446_842250_Svea_Hovraett_-_Advokatfiskalens_Jaemtlands_laen__1702__-7a829e7f/0009_DSC_0342/r1l12,728.0,102.0,456.78,58,35,2,37,21,False,ok,0,0.08571428571428572
Svea_Hovraett_etc_export_job_4502446_842250_Svea_Hovraett_-_Advokatfiskalens_Jaemtlands_laen__1702__-7a829e7f/0009_DSC_0342/r1l13,734.0,91.0,516.22,65,35,0,35,30,False,ok,0,0.14285714285714285
Svea_Hovraett_etc_export_job_4502446_842250_Svea_Hovraett_-_Advokatfiskalens_Jaemtlands_laen__1702__-7a829e7f/0009_DSC_0342/r1l14,751.0,115.0,417.95,53,40,2,42,11,False,ok,0,0.425
Svea_Hovraett_etc_export_job_4502446_842250_Svea_Hovraett_-_Advokatfiskalens_Jaemtlands_laen__1702__-7a829e7f/0009_DSC_0342/r1l15,748.0,117.0,409.16,52,33,1,34,18,False,ok,0,0.15151515151515152
Svea_Hovraett_etc_export_job_4502446_842250_Svea_Hovraett_-_Advokatfiskalens_Jaemtlands_laen__1702__-7a829e7f/0009_DSC_0342/r1l16,745.0,105.0,454.1,57,32,2,34,23,False,ok,0,0.125
Svea_Hovraett_etc_export_job_4502446_842250_Svea_Hovraett_-_Advokatfiskalens_Jaemtlands_laen__1702__-7a829e7f/0009_DSC_0342/r1l17,753.0,108.0,446.22,56,38,2,40,16,False,ok,0,0.23684210526315788
Svea_Hovraett_etc_export_job_4502446_842250_Svea_Hovraett_-_Advokatfiskalens_Jaemtlands_laen__1702__-7a829e7f/0009_DSC_0342/r1l18,747.0,101.0,473.35,60,33,2,35,25,False,ok,0,0.09090909090909091
Svea_Hovraett_etc_export_job_4502446_842250_Svea_Hovraett_-_Advokatfiskalens_Jaemtlands_laen__1702__-7a829e7f/0009_DSC_0342/r1l19,767.0,111.0,442.23,56,31,1,32,24,False,ok,0,0.03225806451612903
Svea_Hovraett_etc_export_job_4502446_842250_Svea_Hovraett_-_Advokatfiskalens_Jaemtlands_laen__1702__-7a829e7f/0009_DSC_0342/r1l20,800.0,107.0,478.5,60,35,1,36,24,False,ok,0,0.08571428571428572
Svea_Hovraett_etc_export_job_4502446_842250_Svea_Hovraett_-_Advokatfiskalens_Jaemtlands_laen__1702__-7a829e7f/0009_DSC_0342/r1l21,132.0,97.0,87.09,11,6,0,6,5,False,ok,0,0.5
Svea_Hovraett_etc_export_job_4502446_842250_Svea_Hovraett_-_Advokatfiskalens_Jaemtlands_laen__1702__-7a829e7f/0009_DSC_0342/r2l1,91.0,63.0,92.44,12,3,0,3,9,False,ok,0,0.6666666666666666
Svea_Hovraett_etc_export_job_4502446_842250_Svea_Hovraett_-_Advokatfiskalens_Jaemtlands_laen__1702__-7a829e7f/0009_DSC_0342/r2l2,643.0,119.0,345.82,44,38,0,38,6,False,ok,0,0.5263157894736842
Svea_Hovraett_etc_export_job_4502446_842250_Svea_Hovraett_-_Advokatfiskalens_Jaemtlands_laen__1702__-7a829e7f/0009_DSC_0342/r2l3,671.0,124.0,346.32,44,38,2,40,4,False,ok,0,0.6578947368421053
Svea_Hovraett_etc_export_job_4502446_842250_Svea_Hovraett_-_Advokatfiskalens_Jaemtlands_laen__1702__-7a829e7f/0009_DSC_0342/r2l4,684.0,107.0,409.12,52,36,2,38,14,False,ok,0,0.4444444444444444
Svea_Hovraett_etc_export_job_4502446_842250_Svea_Hovraett_-_Advokatfiskalens_Jaemtlands_laen__1702__-7a829e7f/0009_DSC_0342/r2l5,690.0,107.0,412.71,52,35,1,36,16,False,ok,0,0.42857142857142855
Svea_Hovraett_etc_export_job_4502446_842250_Svea_Hovraett_-_Advokatfiskalens_Jaemtlands_laen__1702__-7a829e7f/0009_DSC_0342/r2l6,677.0,116.0,373.52,47,32,1,33,14,False,ok,0,0.25
Svea_Hovraett_etc_export_job_4502446_842250_Svea_Hovraett_-_Advokatfiskalens_Jaemtlands_laen__1702__-7a829e7f/0009_DSC_0342/r2l7,644.0,107.0,385.2,49,32,2,34,15,False,ok,0,0.25
Svea_Hovraett_etc_export_job_4502446_842250_Svea_Hovraett_-_Advokatfiskalens_Jaemtlands_laen__1702__-7a829e7f/0009_DSC_0342/r2l8,693.0,99.0,448.0,56,37,2,39,17,False,ok,0,0.21621621621621623
Svea_Hovraett_etc_export_job_4502446_842250_Svea_Hovraett_-_Advokatfiskalens_Jaemtlands_laen__1702__-7a829e7f/0009_DSC_0342/r2l9,721.0,105.0,439.47,55,36,2,38,17,False,ok,0,0.19444444444444445
Svea_Hovraett_etc_export_job_4502446_842250_Svea_Hovraett_-_Advokatfiskalens_Jaemtlands_laen__1702__-7a829e7f/0009_DSC_0342/r2l10,751.0,109.0,440.95,56,36,2,38,18,False,ok,0,0.16666666666666666
Svea_Hovraett_etc_export_job_4502446_842250_Svea_Hovraett_-_Advokatfiskalens_Jaemtlands_laen__1702__-7a829e7f/0009_DSC_0342/r2l11,716.0,112.0,409.14,52,34,2,36,16,False,ok,0,0.17647058823529413
Svea_Hovraett_etc_export_job_4502446_842250_Svea_Hovraett_-_Advokatfiskalens_Jaemtlands_laen__1702__-7a829e7f/0009_DSC_0342/r2l12,516.0,100.0,330.24,42,27,0,27,15,False,ok,0,0.2222222222222222
Svea_Hovraett_etc_export_job_4502446_842250_Svea_Hovraett_-_Advokatfiskalens_Jaemtlands_laen__1702__-7a829e7f/0009_DSC_0342/r2l13,728.0,88.0,529.45,67,34,3,37,30,False,ok,0,0.23529411764705882
Svea_Hovraett_etc_export_job_4502446_842250_Svea_Hovraett_-_Advokatfiskalens_Jaemtlands_laen__1702__-7a829e7f/0009_DSC_0342/r2l14,722.0,109.0,423.93,53,39,0,39,14,False,ok,0,0.20512820512820512
Svea_Hovraett_etc_export_job_4502446_842250_Svea_Hovraett_-_Advokatfiskalens_Jaemtlands_laen__1702__-7a829e7f/0009_DSC_0342/r2l15,726.0,87.0,534.07,67,28,0,28,39,False,ok,0,0.03571428571428571
Svea_Hovraett_etc_export_job_4502446_842250_Svea_Hovraett_-_Advokatfiskalens_Jaemtlands_laen__1702__-7a829e7f/0009_DSC_0342/r2l16,735.0,68.0,691.76,87,34,3,37,50,False,ok,0,0.20588235294117646
Svea_Hovraett_etc_export_job_4502446_842250_Svea_Hovraett_-_Advokatfiskalens_Jaemtlands_laen__1702__-7a829e7f/0009_DSC_0342/r2l17,734.0,83.0,565.98,71,32,1,33,38,False,ok,0,0.125
Svea_Hovraett_etc_export_job_4502446_842250_Svea_Hovraett_-_Advokatfiskalens_Jaemtlands_laen__1702__-7a829e7f/0009_DSC_0342/r2l18,749.0,84.0,570.67,72,34,0,34,38,False,ok,0,0.08823529411764706
Svea_Hovraett_etc_export_job_4502446_842250_Svea_Hovraett_-_Advokatfiskalens_Jaemtlands_laen__1702__-7a829e7f/0009_DSC_0342/r2l19,786.0,101.0,498.06,63,32,1,33,30,False,ok,0,0.0
Svea_Hovraett_etc_export_job_4502446_842250_Svea_Hovraett_-_Advokatfiskalens_Jaemtlands_laen__1702__-7a829e7f/0009_DSC_0342/r2l20,617.0,86.0,459.16,58,25,1,26,32,False,ok,0,0.24
Svea_Hovraett_etc_export_job_4502446_842250_Svea_Hovraett_-_Advokatfiskalens_Jaemtlands_laen__1702__-7a829e7f/0009_DSC_0342/line_1637850057890_726,770.0,127.0,388.03,49,31,2,33,16,False,ok,0,0.2903225806451613
Svea_Hovraett_etc_export_job_4502446_842250_Svea_Hovraett_-_Advokatfiskalens_Jaemtlands_laen__1702__-7a829e7f/0009_DSC_0342/r2l23,187.0,69.0,173.45,22,5,0,5,17,False,ok,0,0.8
Svea_Hovraett_etc_export_job_4502446_842250_Svea_Hovraett_-_Advokatfiskalens_Jaemtlands_laen__1702__-7a829e7f/0010_DSC_0343/r1l1,628.0,107.0,375.63,47,41,3,44,3,False,ok,0,0.43902439024390244
Svea_Hovraett_etc_export_job_4502446_842250_Svea_Hovraett_-_Advokatfiskalens_Jaemtlands_laen__1702__-7a829e7f/0010_DSC_0343/r1l2,641.0,91.0,450.81,57,43,2,45,12,False,ok,0,0.4418604651162791
Svea_Hovraett_etc_export_job_4502446_842250_Svea_Hovraett_-_Advokatfiskalens_Jaemtlands_laen__1702__-7a829e7f/0010_DSC_0343/r1l3,646.0,91.0,454.33,57,34,2,36,21,False,ok,0,0.2647058823529412
Svea_Hovraett_etc_export_job_4502446_842250_Svea_Hovraett_-_Advokatfiskalens_Jaemtlands_laen__1702__-7a829e7f/0010_DSC_0343/r1l4,650.0,87.0,478.16,60,33,2,35,25,False,ok,0,0.15151515151515152
Svea_Hovraett_etc_export_job_4502446_842250_Svea_Hovraett_-_Advokatfiskalens_Jaemtlands_laen__1702__-7a829e7f/0010_DSC_0343/r1l5,667.0,94.0,454.13,57,33,1,34,23,False,ok,0,0.21212121212121213
Svea_Hovraett_etc_export_job_4502446_842250_Svea_Hovraett_-_Advokatfiskalens_Jaemtlands_laen__1702__-7a829e7f/0010_DSC_0343/r1l6,668.0,83.0,515.08,65,36,4,40,25,False,ok,0,0.2222222222222222
Svea_Hovraett_etc_export_job_4502446_842250_Svea_Hovraett_-_Advokatfiskalens_Jaemtlands_laen__1702__-7a829e7f/0010_DSC_0343/r1l7,668.0,100.0,427.52,54,38,0,38,16,False,ok,0,0.2894736842105263
Svea_Hovraett_etc_export_job_4502446_842250_Svea_Hovraett_-_Advokatfiskalens_Jaemtlands_laen__1702__-7a829e7f/0010_DSC_0343/r1l8,677.0,101.0,428.99,54,30,2,32,22,False,ok,0,0.16666666666666666
Svea_Hovraett_etc_export_job_4502446_842250_Svea_Hovraett_-_Advokatfiskalens_Jaemtlands_laen__1702__-7a829e7f/0010_DSC_0343/r1l9,683.0,101.0,432.79,55,35,2,37,18,False,ok,0,0.11428571428571428
Svea_Hovraett_etc_export_job_4502446_842250_Svea_Hovraett_-_Advokatfiskalens_Jaemtlands_laen__1702__-7a829e7f/0010_DSC_0343/r1l10,667.0,93.0,459.01,58,31,0,31,27,False,ok,0,0.22580645161290322
Svea_Hovraett_etc_export_job_4502446_842250_Svea_Hovraett_-_Advokatfiskalens_Jaemtlands_laen__1702__-7a829e7f/0010_DSC_0343/r1l11,670.0,80.0,536.0,67,31,1,32,35,False,ok,0,0.2903225806451613
Svea_Hovraett_etc_export_job_4502446_842250_Svea_Hovraett_-_Advokatfiskalens_Jaemtlands_laen__1702__-7a829e7f/0010_DSC_0343/r1l12,678.0,99.0,438.3,55,38,1,39,16,False,ok,0,0.21052631578947367
Svea_Hovraett_etc_export_job_4502446_842250_Svea_Hovraett_-_Advokatfiskalens_Jaemtlands_laen__1702__-7a829e7f/0010_DSC_0343/r1l13,677.0,99.0,437.66,55,30,2,32,23,False,ok,0,0.03333333333333333
Svea_Hovraett_etc_export_job_4502446_842250_Svea_Hovraett_-_Advokatfiskalens_Jaemtlands_laen__1702__-7a829e7f/0010_DSC_0343/r1l14,702.0,75.0,599.04,75,31,1,32,43,False,ok,0,0.03225806451612903
Svea_Hovraett_etc_export_job_4502446_842250_Svea_Hovraett_-_Advokatfiskalens_Jaemtlands_laen__1702__-7a829e7f/0010_DSC_0343/r1l15,709.0,97.0,467.79,59,33,1,34,25,False,ok,0,0.18181818181818182
Svea_Hovraett_etc_export_job_4502446_842250_Svea_Hovraett_-_Advokatfiskalens_Jaemtlands_laen__1702__-7a829e7f/0010_DSC_0343/r1l16,725.0,94.0,493.62,62,35,1,36,26,False,ok,0,0.11428571428571428
Svea_Hovraett_etc_export_job_4502446_842250_Svea_Hovraett_-_Advokatfiskalens_Jaemtlands_laen__1702__-7a829e7f/0010_DSC_0343/r1l17,711.0,110.0,413.67,52,28,0,28,24,False,ok,0,0.25
Svea_Hovraett_etc_export_job_4502446_842250_Svea_Hovraett_-_Advokatfiskalens_Jaemtlands_laen__1702__-7a829e7f/0010_DSC_0343/r1l18,728.0,115.0,405.15,51,37,2,39,12,False,ok,0,0.35135135135135137
Svea_Hovraett_etc_export_job_4502446_842250_Svea_Hovraett_-_Advokatfiskalens_Jaemtlands_laen__1702__-7a829e7f/0010_DSC_0343/r1l19,721.0,85.0,542.87,68,30,0,30,38,False,ok,0,0.13333333333333333
Svea_Hovraett_etc_export_job_4502446_842250_Svea_Hovraett_-_Advokatfiskalens_Jaemtlands_laen__1702__-7a829e7f/0010_DSC_0343/r1l20,745.0,111.0,429.55,54,33,1,34,20,False,ok,0,0.15151515151515152
Svea_Hovraett_etc_export_job_4502446_842250_Svea_Hovraett_-_Advokatfiskalens_Jaemtlands_laen__1702__-7a829e7f/0010_DSC_0343/r1l21,169.0,90.0,120.18,16,4,1,5,11,False,ok,0,0.75
Svea_Hovraett_etc_export_job_4502446_842250_Svea_Hovraett_-_Advokatfiskalens_Jaemtlands_laen__1702__-7a829e7f/0010_DSC_0343/r2l1,94.0,51.0,117.96,15,3,0,3,12,False,ok,0,0.3333333333333333
Svea_Hovraett_etc_export_job_4502446_842250_Svea_Hovraett_-_Advokatfiskalens_Jaemtlands_laen__1702__-7a829e7f/0010_DSC_0343/r2l2,686.0,156.0,281.44,36,43,2,45,-9,True,ok,0,0.8372093023255814
Svea_Hovraett_etc_export_job_4502446_842250_Svea_Hovraett_-_Advokatfiskalens_Jaemtlands_laen__1702__-7a829e7f/0010_DSC_0343/r2l3,685.0,113.0,387.96,49,35,1,36,13,False,ok,0,0.6
Svea_Hovraett_etc_export_job_4502446_842250_Svea_Hovraett_-_Advokatfiskalens_Jaemtlands_laen__1702__-7a829e7f/0010_DSC_0343/r2l4,686.0,108.0,406.52,51,39,2,41,10,False,ok,0,0.358974358974359
Svea_Hovraett_etc_export_job_4502446_842250_Svea_Hovraett_-_Advokatfiskalens_Jaemtlands_laen__1702__-7a829e7f/0010_DSC_0343/r2l5,697.0,119.0,374.86,47,37,3,40,7,False,ok,0,0.43243243243243246
Svea_Hovraett_etc_export_job_4502446_842250_Svea_Hovraett_-_Advokatfiskalens_Jaemtlands_laen__1702__-7a829e7f/0010_DSC_0343/r2l6,667.0,113.0,377.77,48,34,1,35,13,False,ok,0,0.23529411764705882
Svea_Hovraett_etc_export_job_4502446_842250_Svea_Hovraett_-_Advokatfiskalens_Jaemtlands_laen__1702__-7a829e7f/0010_DSC_0343/r2l7,703.0,116.0,387.86,49,34,1,35,14,False,ok,0,0.5
Svea_Hovraett_etc_export_job_4502446_842250_Svea_Hovraett_-_Advokatfiskalens_Jaemtlands_laen__1702__-7a829e7f/0010_DSC_0343/r2l8,702.0,131.0,342.96,43,41,0,41,2,False,ok,0,0.5365853658536586
Svea_Hovraett_etc_export_job_4502446_842250_Svea_Hovraett_-_Advokatfiskalens_Jaemtlands_laen__1702__-7a829e7f/0010_DSC_0343/r2l9,684.0,105.0,416.91,53,33,1,34,19,False,ok,0,0.21212121212121213
Svea_Hovraett_etc_export_job_4502446_842250_Svea_Hovraett_-_Advokatfiskalens_Jaemtlands_laen__1702__-7a829e7f/0010_DSC_0343/r2l10,722.0,111.0,416.29,53,41,2,43,10,False,ok,0,0.2926829268292683
Svea_Hovraett_etc_export_job_4502446_842250_Svea_Hovraett_-_Advokatfiskalens_Jaemtlands_laen__1702__-7a829e7f/0010_DSC_0343/r2l11,704.0,107.0,421.08,53,35,1,36,17,False,ok,0,0.08571428571428572
Svea_Hovraett_etc_export_job_4502446_842250_Svea_Hovraett_-_Advokatfiskalens_Jaemtlands_laen__1702__-7a829e7f/0010_DSC_0343/r2l12,704.0,80.0,563.2,71,36,2,38,33,False,ok,0,0.2222222222222222
Svea_Hovraett_etc_export_job_4502446_842250_Svea_Hovraett_-_Advokatfiskalens_Jaemtlands_laen__1702__-7a829e7f/0010_DSC_0343/r2l13,696.0,100.0,445.44,56,37,2,39,17,False,ok,0,0.1891891891891892
Svea_Hovraett_etc_export_job_4502446_842250_Svea_Hovraett_-_Advokatfiskalens_Jaemtlands_laen__1702__-7a829e7f/0010_DSC_0343/r2l14,724.0,83.0,558.27,70,35,1,36,34,False,ok,0,0.14285714285714285
Svea_Hovraett_etc_export_job_4502446_842250_Svea_Hovraett_-_Advokatfiskalens_Jaemtlands_laen__1702__-7a829e7f/0010_DSC_0343/r2l15,735.0,101.0,465.74,59,35,1,36,23,False,ok,0,0.17142857142857143
Svea_Hovraett_etc_export_job_4502446_842250_Svea_Hovraett_-_Advokatfiskalens_Jaemtlands_laen__1702__-7a829e7f/0010_DSC_0343/r2l16,726.0,83.0,559.81,70,30,1,31,39,False,ok,0,0.1
Svea_Hovraett_etc_export_job_4502446_842250_Svea_Hovraett_-_Advokatfiskalens_Jaemtlands_laen__1702__-7a829e7f/0010_DSC_0343/r2l17,724.0,98.0,472.82,60,33,1,34,26,False,ok,0,0.21212121212121213
Svea_Hovraett_etc_export_job_4502446_842250_Svea_Hovraett_-_Advokatfiskalens_Jaemtlands_laen__1702__-7a829e7f/0010_DSC_0343/r2l18,730.0,104.0,449.23,57,34,0,34,23,False,ok,0,0.17647058823529413
Svea_Hovraett_etc_export_job_4502446_842250_Svea_Hovraett_-_Advokatfiskalens_Jaemtlands_laen__1702__-7a829e7f/0010_DSC_0343/r2l19,217.0,65.0,213.66,27,10,0,10,17,False,ok,0,0.1
Svea_Hovraett_etc_export_job_4502446_842250_Svea_Hovraett_-_Advokatfiskalens_Jaemtlands_laen__1702__-7a829e7f/0010_DSC_0343/r2l20,761.0,80.0,608.8,77,33,1,34,43,False,ok,0,0.15151515151515152
Svea_Hovraett_etc_export_job_4502446_842250_Svea_Hovraett_-_Advokatfiskalens_Jaemtlands_laen__1702__-7a829e7f/0010_DSC_0343/r2l21,748.0,106.0,451.62,57,33,0,33,24,False,ok,0,0.2727272727272727
Svea_Hovraett_etc_export_job_4502446_842250_Svea_Hovraett_-_Advokatfiskalens_Jaemtlands_laen__1702__-7a829e7f/0010_DSC_0343/r2l22,161.0,94.0,109.62,14,3,0,3,11,False,ok,0,0.6666666666666666
Svea_Hovraett_etc_export_job_4502446_842250_Svea_Hovraett_-_Advokatfiskalens_Jaemtlands_laen__1702__-7a829e7f/0011_DSC_0344/r1l2,636.0,125.0,325.63,41,32,1,33,8,False,ok,0,0.53125
Svea_Hovraett_etc_export_job_4502446_842250_Svea_Hovraett_-_Advokatfiskalens_Jaemtlands_laen__1702__-7a829e7f/0011_DSC_0344/r1l3,659.0,98.0,430.37,54,35,2,37,17,False,ok,0,0.45714285714285713
Svea_Hovraett_etc_export_job_4502446_842250_Svea_Hovraett_-_Advokatfiskalens_Jaemtlands_laen__1702__-7a829e7f/0011_DSC_0344/line_1637850448458_865,675.0,95.0,454.74,57,33,1,34,23,False,ok,0,0.5454545454545454
Svea_Hovraett_etc_export_job_4502446_842250_Svea_Hovraett_-_Advokatfiskalens_Jaemtlands_laen__1702__-7a829e7f/0011_DSC_0344/r1l6,649.0,94.0,441.87,56,36,1,37,19,False,ok,0,0.4444444444444444
Svea_Hovraett_etc_export_job_4502446_842250_Svea_Hovraett_-_Advokatfiskalens_Jaemtlands_laen__1702__-7a829e7f/0011_DSC_0344/r1l7,686.0,116.0,378.48,48,33,1,34,14,False,ok,0,0.6060606060606061
Svea_Hovraett_etc_export_job_4502446_842250_Svea_Hovraett_-_Advokatfiskalens_Jaemtlands_laen__1702__-7a829e7f/0011_DSC_0344/r1l8,662.0,120.0,353.07,45,33,0,33,12,False,ok,0,0.5454545454545454
Svea_Hovraett_etc_export_job_4502446_842250_Svea_Hovraett_-_Advokatfiskalens_Jaemtlands_laen__1702__-7a829e7f/0011_DSC_0344/r1l9,691.0,97.0,455.92,57,30,2,32,25,False,ok,0,0.1
Svea_Hovraett_etc_export_job_4502446_842250_Svea_Hovraett_-_Advokatfiskalens_Jaemtlands_laen__1702__-7a829e7f/0011_DSC_0344/r1l10,688.0,99.0,444.77,56,35,0,35,21,False,ok,0,0.22857142857142856
Svea_Hovraett_etc_export_job_4502446_842250_Svea_Hovraett_-_Advokatfiskalens_Jaemtlands_laen__1702__-7a829e7f/0011_DSC_0344/r1l11,704.0,93.0,484.47,61,35,1,36,25,False,ok,0,0.17142857142857143
Svea_Hovraett_etc_export_job_4502446_842250_Svea_Hovraett_-_Advokatfiskalens_Jaemtlands_laen__1702__-7a829e7f/0011_DSC_0344/r1l12,690.0,118.0,374.24,47,37,1,38,9,False,ok,0,0.4864864864864865
Svea_Hovraett_etc_export_job_4502446_842250_Svea_Hovraett_-_Advokatfiskalens_Jaemtlands_laen__1702__-7a829e7f/0011_DSC_0344/r1l13,702.0,122.0,368.26,47,31,2,33,14,False,ok,0,0.5806451612903226
Svea_Hovraett_etc_export_job_4502446_842250_Svea_Hovraett_-_Advokatfiskalens_Jaemtlands_laen__1702__-7a829e7f/0011_DSC_0344/r1l14,720.0,118.0,390.51,49,32,1,33,16,False,ok,0,0.21875
Svea_Hovraett_etc_export_job_4502446_842250_Svea_Hovraett_-_Advokatfiskalens_Jaemtlands_laen__1702__-7a829e7f/0011_DSC_0344/r1l15,714.0,88.0,519.27,65,35,0,35,30,False,ok,0,0.2857142857142857
Svea_Hovraett_etc_export_job_4502446_842250_Svea_Hovraett_-_Advokatfiskalens_Jaemtlands_laen__1702__-7a829e7f/0011_DSC_0344/r1l16,713.0,102.0,447.37,56,36,2,38,18,False,ok,0,0.19444444444444445
Svea_Hovraett_etc_export_job_4502446_842250_Svea_Hovraett_-_Advokatfiskalens_Jaemtlands_laen__1702__-7a829e7f/0011_DSC_0344/r1l17,702.0,83.0,541.3,68,34,1,35,33,False,ok,0,0.20588235294117646
Svea_Hovraett_etc_export_job_4502446_842250_Svea_Hovraett_-_Advokatfiskalens_Jaemtlands_laen__1702__-7a829e7f/0011_DSC_0344/r1l18,728.0,107.0,435.44,55,30,2,32,23,False,ok,0,0.26666666666666666
Svea_Hovraett_etc_export_job_4502446_842250_Svea_Hovraett_-_Advokatfiskalens_Jaemtlands_laen__1702__-7a829e7f/0011_DSC_0344/r1l19,743.0,90.0,528.36,67,30,1,31,36,False,ok,0,0.26666666666666666
Svea_Hovraett_etc_export_job_4502446_842250_Svea_Hovraett_-_Advokatfiskalens_Jaemtlands_laen__1702__-7a829e7f/0011_DSC_0344/r1l20,742.0,89.0,533.57,67,38,1,39,28,False,ok,0,0.18421052631578946
Svea_Hovraett_etc_export_job_4502446_842250_Svea_Hovraett_-_Advokatfiskalens_Jaemtlands_laen__1702__-7a829e7f/0011_DSC_0344/r1l21,746.0,105.0,454.7,57,34,0,34,23,False,ok,0,0.17647058823529413
Svea_Hovraett_etc_export_job_4502446_842250_Svea_Hovraett_-_Advokatfiskalens_Jaemtlands_laen__1702__-7a829e7f/0011_DSC_0344/r1l22,740.0,91.0,520.44,66,30,0,30,36,False,ok,0,0.1
Svea_Hovraett_etc_export_job_4502446_842250_Svea_Hovraett_-_Advokatfiskalens_Jaemtlands_laen__1702__-7a829e7f/0011_DSC_0344/r1l23,132.0,105.0,80.46,11,4,0,4,7,False,ok,0,0.75
Svea_Hovraett_etc_export_job_4502446_842250_Svea_Hovraett_-_Advokatfiskalens_Jaemtlands_laen__1702__-7a829e7f/0011_DSC_0344/r2l2,88.0,75.0,75.09,10,3,1,4,6,False,ok,0,1.0
Svea_Hovraett_etc_export_job_4502446_842250_Svea_Hovraett_-_Advokatfiskalens_Jaemtlands_laen__1702__-7a829e7f/0011_DSC_0344/r2l3,650.0,156.0,266.67,34,29,0,29,5,False,ok,0,0.7586206896551724
Svea_Hovraett_etc_export_job_4502446_842250_Svea_Hovraett_-_Advokatfiskalens_Jaemtlands_laen__1702__-7a829e7f/0011_DSC_0344/r2l4,654.0,124.0,337.55,43,35,0,35,8,False,ok,0,0.8285714285714286
Svea_Hovraett_etc_export_job_4502446_842250_Svea_Hovraett_-_Advokatfiskalens_Jaemtlands_laen__1702__-7a829e7f/0011_DSC_0344/r2l5,671.0,119.0,360.87,46,37,2,39,7,False,ok,0,0.6756756756756757
Svea_Hovraett_etc_export_job_4502446_842250_Svea_Hovraett_-_Advokatfiskalens_Jaemtlands_laen__1702__-7a829e7f/0011_DSC_0344/r2l6,580.0,143.0,259.58,33,31,0,31,2,False,ok,0,0.5483870967741935
Svea_Hovraett_etc_export_job_4502446_842250_Svea_Hovraett_-_Advokatfiskalens_Jaemtlands_laen__1702__-7a829e7f/0011_DSC_0344/r2l7,727.0,154.0,302.13,38,40,2,42,-4,True,ok,0,0.65
Svea_Hovraett_etc_export_job_4502446_842250_Svea_Hovraett_-_Advokatfiskalens_Jaemtlands_laen__1702__-7a829e7f/0011_DSC_0344/r2l8,661.0,104.0,406.77,51,37,2,39,12,False,ok,0,0.32432432432432434
Svea_Hovraett_etc_export_job_4502446_842250_Svea_Hovraett_-_Advokatfiskalens_Jaemtlands_laen__1702__-7a829e7f/0011_DSC_0344/r2l9,662.0,98.0,432.33,55,33,2,35,20,False,ok,0,0.21212121212121213
Svea_Hovraett_etc_export_job_4502446_842250_Svea_Hovraett_-_Advokatfiskalens_Jaemtlands_laen__1702__-7a829e7f/0011_DSC_0344/r2l10,689.0,100.0,440.96,56,36,2,38,18,False,ok,0,0.3055555555555556
Svea_Hovraett_etc_export_job_4502446_842250_Svea_Hovraett_-_Advokatfiskalens_Jaemtlands_laen__1702__-7a829e7f/0011_DSC_0344/r2l11,675.0,106.0,407.55,51,35,2,37,14,False,ok,0,0.34285714285714286
Svea_Hovraett_etc_export_job_4502446_842250_Svea_Hovraett_-_Advokatfiskalens_Jaemtlands_laen__1702__-7a829e7f/0011_DSC_0344/r2l12,668.0,102.0,419.14,53,33,1,34,19,False,ok,0,0.2727272727272727
Svea_Hovraett_etc_export_job_4502446_842250_Svea_Hovraett_-_Advokatfiskalens_Jaemtlands_laen__1702__-7a829e7f/0011_DSC_0344/r2l13,706.0,94.0,480.68,61,33,0,33,28,False,ok,0,0.15151515151515152
Svea_Hovraett_etc_export_job_4502446_842250_Svea_Hovraett_-_Advokatfiskalens_Jaemtlands_laen__1702__-7a829e7f/0011_DSC_0344/r2l14,726.0,94.0,494.3,62,32,1,33,29,False,ok,0,0.0625
Svea_Hovraett_etc_export_job_4502446_842250_Svea_Hovraett_-_Advokatfiskalens_Jaemtlands_laen__1702__-7a829e7f/0011_DSC_0344/r2l15,712.0,100.0,455.68,57,37,1,38,19,False,ok,0,0.21621621621621623
Svea_Hovraett_etc_export_job_4502446_842250_Svea_Hovraett_-_Advokatfiskalens_Jaemtlands_laen__1702__-7a829e7f/0011_DSC_0344/r2l16,705.0,76.0,593.68,75,36,3,39,36,False,ok,0,0.19444444444444445
Svea_Hovraett_etc_export_job_4502446_842250_Svea_Hovraett_-_Advokatfiskalens_Jaemtlands_laen__1702__-7a829e7f/0011_DSC_0344/r2l17,681.0,98.0,444.73,56,33,1,34,22,False,ok,0,0.12121212121212122
Svea_Hovraett_etc_export_job_4502446_842250_Svea_Hovraett_-_Advokatfiskalens_Jaemtlands_laen__1702__-7a829e7f/0011_DSC_0344/r2l18,504.0,89.0,362.43,46,19,1,20,26,False,ok,0,0.3157894736842105
Svea_Hovraett_etc_export_job_4502446_842250_Svea_Hovraett_-_Advokatfiskalens_Jaemtlands_laen__1702__-7a829e7f/0011_DSC_0344/r2l19,785.0,130.0,386.46,49,36,3,39,10,False,ok,0,0.3333333333333333
Svea_Hovraett_etc_export_job_4502446_842250_Svea_Hovraett_-_Advokatfiskalens_Jaemtlands_laen__1702__-7a829e7f/0011_DSC_0344/r2l20,689.0,108.0,408.3,52,31,0,31,21,False,ok,0,0.25806451612903225
Svea_Hovraett_etc_export_job_4502446_842250_Svea_Hovraett_-_Advokatfiskalens_Jaemtlands_laen__1702__-7a829e7f/0011_DSC_0344/r2l21,139.0,85.0,104.66,14,7,0,7,7,False,ok,0,0.7142857142857143
Svea_Hovraett_etc_export_job_4502446_842250_Svea_Hovraett_-_Advokatfiskalens_Jaemtlands_laen__1702__-7a829e7f/0012_DSC_0345/r2l1,654.0,94.0,445.28,56,34,0,34,22,False,ok,0,0.35294117647058826
Svea_Hovraett_etc_export_job_4502446_842250_Svea_Hovraett_-_Advokatfiskalens_Jaemtlands_laen__1702__-7a829e7f/0012_DSC_0345/r2l2,662.0,108.0,392.3,50,42,2,44,6,False,ok,0,0.35714285714285715
Svea_Hovraett_etc_export_job_4502446_842250_Svea_Hovraett_-_Advokatfiskalens_Jaemtlands_laen__1702__-7a829e7f/0012_DSC_0345/r2l4,665.0,103.0,413.2,52,34,1,35,17,False,ok,0,0.20588235294117646
Svea_Hovraett_etc_export_job_4502446_842250_Svea_Hovraett_-_Advokatfiskalens_Jaemtlands_laen__1702__-7a829e7f/0012_DSC_0345/r2l5,672.0,96.0,448.0,56,29,1,30,26,False,ok,0,0.3103448275862069
Svea_Hovraett_etc_export_job_4502446_842250_Svea_Hovraett_-_Advokatfiskalens_Jaemtlands_laen__1702__-7a829e7f/0012_DSC_0345/r2l6,144.0,93.0,99.1,13,5,0,5,8,False,ok,0,0.4
Svea_Hovraett_etc_export_job_4502446_842250_Svea_Hovraett_-_Advokatfiskalens_Jaemtlands_laen__1702__-7a829e7f/0012_DSC_0345/r2l7,781.0,132.0,378.67,48,35,1,36,12,False,ok,0,0.14285714285714285
Svea_Hovraett_etc_export_job_4502446_842250_Svea_Hovraett_-_Advokatfiskalens_Jaemtlands_laen__1702__-7a829e7f/0012_DSC_0345/r2l9,700.0,101.0,443.56,56,33,1,34,22,False,ok,0,0.15151515151515152
Svea_Hovraett_etc_export_job_4502446_842250_Svea_Hovraett_-_Advokatfiskalens_Jaemtlands_laen__1702__-7a829e7f/0012_DSC_0345/r2l10,690.0,105.0,420.57,53,34,1,35,18,False,ok,0,0.20588235294117646
Svea_Hovraett_etc_export_job_4502446_842250_Svea_Hovraett_-_Advokatfiskalens_Jaemtlands_laen__1702__-7a829e7f/0012_DSC_0345/r2l11,706.0,88.0,513.45,65,35,2,37,28,False,ok,0,0.17142857142857143
Svea_Hovraett_etc_export_job_4502446_842250_Svea_Hovraett_-_Advokatfiskalens_Jaemtlands_laen__1702__-7a829e7f/0012_DSC_0345/r2l12,701.0,105.0,427.28,54,36,1,37,17,False,ok,0,0.25
Svea_Hovraett_etc_export_job_4502446_842250_Svea_Hovraett_-_Advokatfiskalens_Jaemtlands_laen__1702__-7a829e7f/0012_DSC_0345/r2l13,709.0,108.0,420.15,53,44,4,48,5,False,ok,0,0.20454545454545456
Svea_Hovraett_etc_export_job_4502446_842250_Svea_Hovraett_-_Advokatfiskalens_Jaemtlands_laen__1702__-7a829e7f/0012_DSC_0345/r2l14,722.0,106.0,435.92,55,36,2,38,17,False,ok,0,0.3888888888888889
Svea_Hovraett_etc_export_job_4502446_842250_Svea_Hovraett_-_Advokatfiskalens_Jaemtlands_laen__1702__-7a829e7f/0012_DSC_0345/r2l15,720.0,99.0,465.45,59,33,0,33,26,False,ok,0,0.2727272727272727
Svea_Hovraett_etc_export_job_4502446_842250_Svea_Hovraett_-_Advokatfiskalens_Jaemtlands_laen__1702__-7a829e7f/0012_DSC_0345/r2l16,735.0,103.0,456.7,58,38,0,38,20,False,ok,0,0.15789473684210525
Svea_Hovraett_etc_export_job_4502446_842250_Svea_Hovraett_-_Advokatfiskalens_Jaemtlands_laen__1702__-7a829e7f/0012_DSC_0345/r2l17,620.0,93.0,426.67,54,23,1,24,30,False,ok,0,0.08695652173913043
Svea_Hovraett_etc_export_job_4502446_842250_Svea_Hovraett_-_Advokatfiskalens_Jaemtlands_laen__1702__-7a829e7f/0012_DSC_0345/r2l18,834.0,104.0,513.23,65,34,2,36,29,False,ok,0,0.058823529411764705
Svea_Hovraett_etc_export_job_4502446_842250_Svea_Hovraett_-_Advokatfiskalens_Jaemtlands_laen__1702__-7a829e7f/0012_DSC_0345/r2l19,749.0,109.0,439.78,55,30,0,30,25,False,ok,0,0.13333333333333333
Svea_Hovraett_etc_export_job_4502446_842250_Svea_Hovraett_-_Advokatfiskalens_Jaemtlands_laen__1702__-7a829e7f/0012_DSC_0345/r2l20,161.0,57.0,180.77,23,3,0,3,20,False,ok,0,1.0
Svea_Hovraett_etc_export_job_4502446_842250_Svea_Hovraett_-_Advokatfiskalens_Jaemtlands_laen__1702__-7a829e7f/0012_DSC_0345/r3l1,106.0,56.0,121.14,16,3,0,3,13,False,ok,0,0.6666666666666666
Svea_Hovraett_etc_export_job_4502446_842250_Svea_Hovraett_-_Advokatfiskalens_Jaemtlands_laen__1702__-7a829e7f/0012_DSC_0345/r3l2,659.0,122.0,345.7,44,30,1,31,13,False,ok,0,0.3
Svea_Hovraett_etc_export_job_4502446_842250_Svea_Hovraett_-_Advokatfiskalens_Jaemtlands_laen__1702__-7a829e7f/0012_DSC_0345/r3l3,651.0,116.0,359.17,45,33,0,33,12,False,ok,0,0.7878787878787878
Svea_Hovraett_etc_export_job_4502446_842250_Svea_Hovraett_-_Advokatfiskalens_Jaemtlands_laen__1702__-7a829e7f/0012_DSC_0345/r3l4,673.0,106.0,406.34,51,35,1,36,15,False,ok,0,0.2
Svea_Hovraett_etc_export_job_4502446_842250_Svea_Hovraett_-_Advokatfiskalens_Jaemtlands_laen__1702__-7a829e7f/0012_DSC_0345/r3l5,697.0,100.0,446.08,56,29,1,30,26,False,ok,0,0.13793103448275862
Svea_Hovraett_etc_export_job_4502446_842250_Svea_Hovraett_-_Advokatfiskalens_Jaemtlands_laen__1702__-7a829e7f/0012_DSC_0345/r3l6,685.0,99.0,442.83,56,39,4,43,13,False,ok,0,0.3076923076923077
Svea_Hovraett_etc_export_job_4502446_842250_Svea_Hovraett_-_Advokatfiskalens_Jaemtlands_laen__1702__-7a829e7f/0012_DSC_0345/r3l7,670.0,103.0,416.31,53,33,1,34,19,False,ok,0,0.18181818181818182
Svea_Hovraett_etc_export_job_4502446_842250_Svea_Hovraett_-_Advokatfiskalens_Jaemtlands_laen__1702__-7a829e7f/0012_DSC_0345/r3l8,634.0,109.0,372.26,47,34,0,34,13,False,ok,0,0.35294117647058826
Svea_Hovraett_etc_export_job_4502446_842250_Svea_Hovraett_-_Advokatfiskalens_Jaemtlands_laen__1702__-7a829e7f/0012_DSC_0345/r3l9,807.0,145.0,356.19,45,36,2,38,7,False,ok,0,0.5
Svea_Hovraett_etc_export_job_4502446_842250_Svea_Hovraett_-_Advokatfiskalens_Jaemtlands_laen__1702__-7a829e7f/0012_DSC_0345/r3l10,719.0,112.0,410.86,52,36,0,36,16,False,ok,0,0.1111111111111111
Svea_Hovraett_etc_export_job_4502446_842250_Svea_Hovraett_-_Advokatfiskalens_Jaemtlands_laen__1702__-7a829e7f/0012_DSC_0345/r3l11,723.0,80.0,578.4,73,29,0,29,44,False,ok,0,0.1724137931034483
Svea_Hovraett_etc_export_job_4502446_842250_Svea_Hovraett_-_Advokatfiskalens_Jaemtlands_laen__1702__-7a829e7f/0012_DSC_0345/r3l12,736.0,105.0,448.61,57,33,2,35,22,False,ok,0,0.18181818181818182
Svea_Hovraett_etc_export_job_4502446_842250_Svea_Hovraett_-_Advokatfiskalens_Jaemtlands_laen__1702__-7a829e7f/0012_DSC_0345/r3l13,722.0,92.0,502.26,63,27,1,28,35,False,ok,0,0.14814814814814814
Svea_Hovraett_etc_export_job_4502446_842250_Svea_Hovraett_-_Advokatfiskalens_Jaemtlands_laen__1702__-7a829e7f/0012_DSC_0345/r3l14,730.0,102.0,458.04,58,29,0,29,29,False,ok,0,0.13793103448275862
Svea_Hovraett_etc_export_job_4502446_842250_Svea_Hovraett_-_Advokatfiskalens_Jaemtlands_laen__1702__-7a829e7f/0012_DSC_0345/r3l15,724.0,113.0,410.05,52,33,1,34,18,False,ok,0,0.45454545454545453
Svea_Hovraett_etc_export_job_4502446_842250_Svea_Hovraett_-_Advokatfiskalens_Jaemtlands_laen__1702__-7a829e7f/0012_DSC_0345/r3l17,762.0,91.0,535.91,67,34,0,34,33,False,ok,0,0.14705882352941177
Svea_Hovraett_etc_export_job_4502446_842250_Svea_Hovraett_-_Advokatfiskalens_Jaemtlands_laen__1702__-7a829e7f/0012_DSC_0345/r3l18,743.0,111.0,428.4,54,34,2,36,18,False,ok,0,0.029411764705882353
Svea_Hovraett_etc_export_job_4502446_842250_Svea_Hovraett_-_Advokatfiskalens_Jaemtlands_laen__1702__-7a829e7f/0012_DSC_0345/r3l19,758.0,112.0,433.14,55,36,1,37,18,False,ok,0,0.3055555555555556
Svea_Hovraett_etc_export_job_4502446_842250_Svea_Hovraett_-_Advokatfiskalens_Jaemtlands_laen__1702__-7a829e7f/0012_DSC_0345/r3l20,761.0,104.0,468.31,59,36,1,37,22,False,ok,0,0.05555555555555555
Svea_Hovraett_etc_export_job_4502446_842250_Svea_Hovraett_-_Advokatfiskalens_Jaemtlands_laen__1702__-7a829e7f/0012_DSC_0345/r3l21,766.0,100.0,490.24,62,32,0,32,30,False,ok,0,0.125
Svea_Hovraett_etc_export_job_4502446_842250_Svea_Hovraett_-_Advokatfiskalens_Jaemtlands_laen__1702__-7a829e7f/0012_DSC_0345/r3l22,119.0,71.0,107.27,14,3,0,3,11,False,ok,0,1.0
Svea_Hovraett_etc_export_job_4502446_842250_Svea_Hovraett_-_Advokatfiskalens_Jaemtlands_laen__1702__-7a829e7f/0013_DSC_0346/r1l2,642.0,112.0,366.86,46,34,0,34,12,False,ok,0,0.23529411764705882
Svea_Hovraett_etc_export_job_4502446_842250_Svea_Hovraett_-_Advokatfiskalens_Jaemtlands_laen__1702__-7a829e7f/0013_DSC_0346/r1l3,653.0,97.0,430.85,54,35,0,35,19,False,ok,0,0.17142857142857143
Svea_Hovraett_etc_export_job_4502446_842250_Svea_Hovraett_-_Advokatfiskalens_Jaemtlands_laen__1702__-7a829e7f/0013_DSC_0346/r1l4,650.0,110.0,378.18,48,36,2,38,10,False,ok,0,0.6111111111111112
Svea_Hovraett_etc_export_job_4502446_842250_Svea_Hovraett_-_Advokatfiskalens_Jaemtlands_laen__1702__-7a829e7f/0013_DSC_0346/r1l5,655.0,93.0,450.75,57,26,1,27,30,False,ok,0,0.15384615384615385
Svea_Hovraett_etc_export_job_4502446_842250_Svea_Hovraett_-_Advokatfiskalens_Jaemtlands_laen__1702__-7a829e7f/0013_DSC_0346/r1l6,664.0,98.0,433.63,55,34,2,36,19,False,ok,0,0.08823529411764706
Svea_Hovraett_etc_export_job_4502446_842250_Svea_Hovraett_-_Advokatfiskalens_Jaemtlands_laen__1702__-7a829e7f/0013_DSC_0346/r1l8,661.0,97.0,436.12,55,32,0,32,23,False,ok,0,0.125
Svea_Hovraett_etc_export_job_4502446_842250_Svea_Hovraett_-_Advokatfiskalens_Jaemtlands_laen__1702__-7a829e7f/0013_DSC_0346/r1l9,668.0,79.0,541.16,68,28,2,30,38,False,ok,0,0.07142857142857142
Svea_Hovraett_etc_export_job_4502446_842250_Svea_Hovraett_-_Advokatfiskalens_Jaemtlands_laen__1702__-7a829e7f/0013_DSC_0346/r1l10,670.0,85.0,504.47,64,40,2,42,22,False,ok,0,0.3
Svea_Hovraett_etc_export_job_4502446_842250_Svea_Hovraett_-_Advokatfiskalens_Jaemtlands_laen__1702__-7a829e7f/0013_DSC_0346/r1l11,655.0,99.0,423.43,53,34,1,35,18,False,ok,0,0.08823529411764706
Svea_Hovraett_etc_export_job_4502446_842250_Svea_Hovraett_-_Advokatfiskalens_Jaemtlands_laen__1702__-7a829e7f/0013_DSC_0346/r1l12,685.0,97.0,451.96,57,36,0,36,21,False,ok,0,0.25
Svea_Hovraett_etc_export_job_4502446_842250_Svea_Hovraett_-_Advokatfiskalens_Jaemtlands_laen__1702__-7a829e7f/0013_DSC_0346/r1l13,683.0,90.0,485.69,61,36,1,37,24,False,ok,0,0.19444444444444445
Svea_Hovraett_etc_export_job_4502446_842250_Svea_Hovraett_-_Advokatfiskalens_Jaemtlands_laen__1702__-7a829e7f/0013_DSC_0346/r1l14,685.0,98.0,447.35,56,34,1,35,21,False,ok,0,0.23529411764705882
Svea_Hovraett_etc_export_job_4502446_842250_Svea_Hovraett_-_Advokatfiskalens_Jaemtlands_laen__1702__-7a829e7f/0013_DSC_0346/r1l15,689.0,100.0,440.96,56,32,1,33,23,False,ok,0,0.09375
Svea_Hovraett_etc_export_job_4502446_842250_Svea_Hovraett_-_Advokatfiskalens_Jaemtlands_laen__1702__-7a829e7f/0013_DSC_0346/r1l16,693.0,91.0,487.38,61,41,0,41,20,False,ok,0,0.34146341463414637
Svea_Hovraett_etc_export_job_4502446_842250_Svea_Hovraett_-_Advokatfiskalens_Jaemtlands_laen__1702__-7a829e7f/0013_DSC_0346/r1l17,702.0,99.0,453.82,57,34,0,34,23,False,ok,0,0.20588235294117646
Svea_Hovraett_etc_export_job_4502446_842250_Svea_Hovraett_-_Advokatfiskalens_Jaemtlands_laen__1702__-7a829e7f/0013_DSC_0346/r1l18,551.0,101.0,349.15,44,22,2,24,20,False,ok,0,0.045454545454545456
Svea_Hovraett_etc_export_job_4502446_842250_Svea_Hovraett_-_Advokatfiskalens_Jaemtlands_laen__1702__-7a829e7f/0013_DSC_0346/r1l19,722.0,97.0,476.37,60,32,1,33,27,False,ok,0,0.15625
Svea_Hovraett_etc_export_job_4502446_842250_Svea_Hovraett_-_Advokatfiskalens_Jaemtlands_laen__1702__-7a829e7f/0013_DSC_0346/r1l20,704.0,108.0,417.19,53,30,1,31,22,False,ok,0,0.06666666666666667
Svea_Hovraett_etc_export_job_4502446_842250_Svea_Hovraett_-_Advokatfiskalens_Jaemtlands_laen__1702__-7a829e7f/0013_DSC_0346/r1l21,716.0,83.0,552.1,70,31,1,32,38,False,ok,0,0.25806451612903225
Svea_Hovraett_etc_export_job_4502446_842250_Svea_Hovraett_-_Advokatfiskalens_Jaemtlands_laen__1702__-7a829e7f/0013_DSC_0346/r1l22,749.0,90.0,532.62,67,32,0,32,35,False,ok,0,0.15625
Svea_Hovraett_etc_export_job_4502446_842250_Svea_Hovraett_-_Advokatfiskalens_Jaemtlands_laen__1702__-7a829e7f/0013_DSC_0346/r1l23,158.0,84.0,120.38,16,4,0,4,12,False,ok,0,0.75
Svea_Hovraett_etc_export_job_4502446_842250_Svea_Hovraett_-_Advokatfiskalens_Jaemtlands_laen__1702__-7a829e7f/0013_DSC_0346/r2l1,86.0,53.0,103.85,13,3,0,3,10,False,ok,0,0.6666666666666666
Svea_Hovraett_etc_export_job_4502446_842250_Svea_Hovraett_-_Advokatfiskalens_Jaemtlands_laen__1702__-7a829e7f/0013_DSC_0346/r2l2,649.0,127.0,327.06,41,34,2,36,5,False,ok,0,0.7058823529411765
Svea_Hovraett_etc_export_job_4502446_842250_Svea_Hovraett_-_Advokatfiskalens_Jaemtlands_laen__1702__-7a829e7f/0013_DSC_0346/r2l3,666.0,98.0,434.94,55,39,2,41,14,False,ok,0,0.3076923076923077
Svea_Hovraett_etc_export_job_4502446_842250_Svea_Hovraett_-_Advokatfiskalens_Jaemtlands_laen__1702__-7a829e7f/0013_DSC_0346/r2l4,674.0,120.0,359.47,45,35,0,35,10,False,ok,0,0.6
Svea_Hovraett_etc_export_job_4502446_842250_Svea_Hovraett_-_Advokatfiskalens_Jaemtlands_laen__1702__-7a829e7f/0013_DSC_0346/r2l5,675.0,112.0,385.71,49,36,0,36,13,False,ok,0,0.2777777777777778
Svea_Hovraett_etc_export_job_4502446_842250_Svea_Hovraett_-_Advokatfiskalens_Jaemtlands_laen__1702__-7a829e7f/0013_DSC_0346/r2l6,700.0,102.0,439.22,55,40,3,43,12,False,ok,0,0.275
Svea_Hovraett_etc_export_job_4502446_842250_Svea_Hovraett_-_Advokatfiskalens_Jaemtlands_laen__1702__-7a829e7f/0013_DSC_0346/r2l7,705.0,101.0,446.73,56,40,1,41,15,False,ok,0,0.25
Svea_Hovraett_etc_export_job_4502446_842250_Svea_Hovraett_-_Advokatfiskalens_Jaemtlands_laen__1702__-7a829e7f/0013_DSC_0346/r2l8,708.0,113.0,400.99,51,35,1,36,15,False,ok,0,0.2571428571428571
Svea_Hovraett_etc_export_job_4502446_842250_Svea_Hovraett_-_Advokatfiskalens_Jaemtlands_laen__1702__-7a829e7f/0013_DSC_0346/r2l9,702.0,110.0,408.44,52,37,1,38,14,False,ok,0,0.32432432432432434
Svea_Hovraett_etc_export_job_4502446_842250_Svea_Hovraett_-_Advokatfiskalens_Jaemtlands_laen__1702__-7a829e7f/0013_DSC_0346/r2l10,729.0,89.0,524.22,66,38,2,40,26,False,ok,0,0.3157894736842105
Svea_Hovraett_etc_export_job_4502446_842250_Svea_Hovraett_-_Advokatfiskalens_Jaemtlands_laen__1702__-7a829e7f/0013_DSC_0346/r2l11,740.0,108.0,438.52,55,40,4,44,11,False,ok,0,0.4
Svea_Hovraett_etc_export_job_4502446_842250_Svea_Hovraett_-_Advokatfiskalens_Jaemtlands_laen__1702__-7a829e7f/0013_DSC_0346/r2l12,697.0,98.0,455.18,57,36,1,37,20,False,ok,0,0.19444444444444445
Svea_Hovraett_etc_export_job_4502446_842250_Svea_Hovraett_-_Advokatfiskalens_Jaemtlands_laen__1702__-7a829e7f/0013_DSC_0346/r2l14,762.0,69.0,706.78,89,35,1,36,53,False,ok,0,0.2571428571428571
Svea_Hovraett_etc_export_job_4502446_842250_Svea_Hovraett_-_Advokatfiskalens_Jaemtlands_laen__1702__-7a829e7f/0013_DSC_0346/r2l16,750.0,88.0,545.45,69,36,2,38,31,False,ok,0,0.16666666666666666
Svea_Hovraett_etc_export_job_4502446_842250_Svea_Hovraett_-_Advokatfiskalens_Jaemtlands_laen__1702__-7a829e7f/0013_DSC_0346/r2l17,730.0,107.0,436.64,55,35,2,37,18,False,ok,0,0.14285714285714285
Svea_Hovraett_etc_export_job_4502446_842250_Svea_Hovraett_-_Advokatfiskalens_Jaemtlands_laen__1702__-7a829e7f/0013_DSC_0346/r2l18,787.0,88.0,572.36,72,42,1,43,29,False,ok,0,0.3333333333333333
Svea_Hovraett_etc_export_job_4502446_842250_Svea_Hovraett_-_Advokatfiskalens_Jaemtlands_laen__1702__-7a829e7f/0013_DSC_0346/r2l19,770.0,96.0,513.33,65,37,1,38,27,False,ok,0,0.1891891891891892
Svea_Hovraett_etc_export_job_4502446_842250_Svea_Hovraett_-_Advokatfiskalens_Jaemtlands_laen__1702__-7a829e7f/0013_DSC_0346/r2l20,753.0,92.0,523.83,66,31,0,31,35,False,ok,0,0.06451612903225806
Svea_Hovraett_etc_export_job_4502446_842250_Svea_Hovraett_-_Advokatfiskalens_Jaemtlands_laen__1702__-7a829e7f/0013_DSC_0346/r2l21,769.0,112.0,439.43,55,34,2,36,19,False,ok,0,0.17647058823529413
Svea_Hovraett_etc_export_job_4502446_842250_Svea_Hovraett_-_Advokatfiskalens_Jaemtlands_laen__1702__-7a829e7f/0013_DSC_0346/r2l22,800.0,124.0,412.9,52,49,2,51,1,False,ok,0,0.4897959183673469
Svea_Hovraett_etc_export_job_4502446_842250_Svea_Hovraett_-_Advokatfiskalens_Jaemtlands_laen__1702__-7a829e7f/0013_DSC_0346/r2l23,152.0,99.0,98.26,13,5,1,6,7,False,empty,1,1.0
Svea_Hovraett_etc_export_job_4502446_842250_Svea_Hovraett_-_Advokatfiskalens_Jaemtlands_laen__1702__-7a829e7f/0014_DSC_0347/r1l1,592.0,97.0,390.6,49,34,2,36,13,False,ok,0,0.20588235294117646
Svea_Hovraett_etc_export_job_4502446_842250_Svea_Hovraett_-_Advokatfiskalens_Jaemtlands_laen__1702__-7a829e7f/0014_DSC_0347/r1l2,609.0,81.0,481.19,61,34,1,35,26,False,ok,0,0.38235294117647056
Svea_Hovraett_etc_export_job_4502446_842250_Svea_Hovraett_-_Advokatfiskalens_Jaemtlands_laen__1702__-7a829e7f/0014_DSC_0347/r1l3,626.0,93.0,430.8,54,36,0,36,18,False,ok,0,0.3055555555555556
Svea_Hovraett_etc_export_job_4502446_842250_Svea_Hovraett_-_Advokatfiskalens_Jaemtlands_laen__1702__-7a829e7f/0014_DSC_0347/r1l4,629.0,91.0,442.37,56,36,2,38,18,False,ok,0,0.16666666666666666
Svea_Hovraett_etc_export_job_4502446_842250_Svea_Hovraett_-_Advokatfiskalens_Jaemtlands_laen__1702__-7a829e7f/0014_DSC_0347/r1l5,627.0,84.0,477.71,60,32,1,33,27,False,ok,0,0.15625
Svea_Hovraett_etc_export_job_4502446_842250_Svea_Hovraett_-_Advokatfiskalens_Jaemtlands_laen__1702__-7a829e7f/0014_DSC_0347/r1l6,644.0,98.0,420.57,53,29,0,29,24,False,ok,0,0.1724137931034483
Svea_Hovraett_etc_export_job_4502446_842250_Svea_Hovraett_-_Advokatfiskalens_Jaemtlands_laen__1702__-7a829e7f/0014_DSC_0347/r1l7,665.0,82.0,519.02,65,38,2,40,25,False,ok,0,0.15789473684210525
Svea_Hovraett_etc_export_job_4502446_842250_Svea_Hovraett_-_Advokatfiskalens_Jaemtlands_laen__1702__-7a829e7f/0014_DSC_0347/r1l8,85.0,65.0,83.69,11,10,0,10,1,False,ok,0,0.8
Svea_Hovraett_etc_export_job_4502446_842250_Svea_Hovraett_-_Advokatfiskalens_Jaemtlands_laen__1702__-7a829e7f/0014_DSC_0347/r1l9,640.0,107.0,382.8,48,38,2,40,8,False,ok,0,0.4473684210526316
Svea_Hovraett_etc_export_job_4502446_842250_Svea_Hovraett_-_Advokatfiskalens_Jaemtlands_laen__1702__-7a829e7f/0014_DSC_0347/r1l10,657.0,94.0,447.32,56,34,1,35,21,False,ok,0,0.35294117647058826
Svea_Hovraett_etc_export_job_4502446_842250_Svea_Hovraett_-_Advokatfiskalens_Jaemtlands_laen__1702__-7a829e7f/0014_DSC_0347/r1l11,669.0,88.0,486.55,61,32,1,33,28,False,ok,0,0.0625
Svea_Hovraett_etc_export_job_4502446_842250_Svea_Hovraett_-_Advokatfiskalens_Jaemtlands_laen__1702__-7a829e7f/0014_DSC_0347/r1l12,671.0,80.0,536.8,68,32,2,34,34,False,ok,0,0.3125
Svea_Hovraett_etc_export_job_4502446_842250_Svea_Hovraett_-_Advokatfiskalens_Jaemtlands_laen__1702__-7a829e7f/0014_DSC_0347/r1l13,670.0,102.0,420.39,53,30,2,32,21,False,ok,0,0.1
Svea_Hovraett_etc_export_job_4502446_842250_Svea_Hovraett_-_Advokatfiskalens_Jaemtlands_laen__1702__-7a829e7f/0014_DSC_0347/r1l14,662.0,95.0,445.98,56,32,1,33,23,False,ok,0,0.15625
Svea_Hovraett_etc_export_job_4502446_842250_Svea_Hovraett_-_Advokatfiskalens_Jaemtlands_laen__1702__-7a829e7f/0014_DSC_0347/r1l15,673.0,105.0,410.21,52,34,0,34,18,False,ok,0,0.08823529411764706
Svea_Hovraett_etc_export_job_4502446_842250_Svea_Hovraett_-_Advokatfiskalens_Jaemtlands_laen__1702__-7a829e7f/0014_DSC_0347/r1l16,693.0,105.0,422.4,53,32,1,33,20,False,ok,0,0.1875
Svea_Hovraett_etc_export_job_4502446_842250_Svea_Hovraett_-_Advokatfiskalens_Jaemtlands_laen__1702__-7a829e7f/0014_DSC_0347/r1l17,687.0,95.0,462.82,58,42,3,45,13,False,ok,0,0.21428571428571427
Svea_Hovraett_etc_export_job_4502446_842250_Svea_Hovraett_-_Advokatfiskalens_Jaemtlands_laen__1702__-7a829e7f/0014_DSC_0347/r1l18,704.0,93.0,484.47,61,36,0,36,25,False,ok,0,0.19444444444444445
Svea_Hovraett_etc_export_job_4502446_842250_Svea_Hovraett_-_Advokatfiskalens_Jaemtlands_laen__1702__-7a829e7f/0014_DSC_0347/r1l19,678.0,103.0,421.28,53,28,0,28,25,False,ok,0,0.32142857142857145
Svea_Hovraett_etc_export_job_4502446_842250_Svea_Hovraett_-_Advokatfiskalens_Jaemtlands_laen__1702__-7a829e7f/0014_DSC_0347/r1l20,709.0,118.0,384.54,49,31,0,31,18,False,ok,0,0.25806451612903225
Svea_Hovraett_etc_export_job_4502446_842250_Svea_Hovraett_-_Advokatfiskalens_Jaemtlands_laen__1702__-7a829e7f/0014_DSC_0347/r1l21,180.0,118.0,97.63,13,7,1,8,5,False,ok,0,0.7142857142857143
Svea_Hovraett_etc_export_job_4502446_842250_Svea_Hovraett_-_Advokatfiskalens_Jaemtlands_laen__1702__-7a829e7f/0014_DSC_0347/r2l1,70.0,78.0,57.44,8,3,0,3,5,False,ok,0,0.3333333333333333
Svea_Hovraett_etc_export_job_4502446_842250_Svea_Hovraett_-_Advokatfiskalens_Jaemtlands_laen__1702__-7a829e7f/0014_DSC_0347/r2l2,630.0,118.0,341.69,43,38,4,42,1,False,ok,0,0.6578947368421053
Svea_Hovraett_etc_export_job_4502446_842250_Svea_Hovraett_-_Advokatfiskalens_Jaemtlands_laen__1702__-7a829e7f/0014_DSC_0347/r2l3,659.0,121.0,348.56,44,37,2,39,5,False,ok,0,0.8378378378378378
Svea_Hovraett_etc_export_job_4502446_842250_Svea_Hovraett_-_Advokatfiskalens_Jaemtlands_laen__1702__-7a829e7f/0014_DSC_0347/line_1637851075429_1103,686.0,142.0,309.18,39,38,0,38,1,False,ok,0,0.7894736842105263
Svea_Hovraett_etc_export_job_4502446_842250_Svea_Hovraett_-_Advokatfiskalens_Jaemtlands_laen__1702__-7a829e7f/0014_DSC_0347/r2l6,676.0,115.0,376.21,48,35,1,36,12,False,ok,0,0.5714285714285714
Svea_Hovraett_etc_export_job_4502446_842250_Svea_Hovraett_-_Advokatfiskalens_Jaemtlands_laen__1702__-7a829e7f/0014_DSC_0347/r2l7,663.0,103.0,411.96,52,35,2,37,15,False,ok,0,0.34285714285714286
Svea_Hovraett_etc_export_job_4502446_842250_Svea_Hovraett_-_Advokatfiskalens_Jaemtlands_laen__1702__-7a829e7f/0014_DSC_0347/r2l8,697.0,114.0,391.3,49,35,1,36,13,False,ok,0,0.22857142857142856
Svea_Hovraett_etc_export_job_4502446_842250_Svea_Hovraett_-_Advokatfiskalens_Jaemtlands_laen__1702__-7a829e7f/0014_DSC_0347/r2l9,268.0,81.0,211.75,27,15,0,15,12,False,ok,0,0.6
Svea_Hovraett_etc_export_job_4502446_842250_Svea_Hovraett_-_Advokatfiskalens_Jaemtlands_laen__1702__-7a829e7f/0014_DSC_0347/r2l10,704.0,122.0,369.31,47,40,2,42,5,False,ok,0,0.625
Svea_Hovraett_etc_export_job_4502446_842250_Svea_Hovraett_-_Advokatfiskalens_Jaemtlands_laen__1702__-7a829e7f/0014_DSC_0347/r2l11,711.0,91.0,500.04,63,38,4,42,21,False,ok,0,0.3157894736842105
Svea_Hovraett_etc_export_job_4502446_842250_Svea_Hovraett_-_Advokatfiskalens_Jaemtlands_laen__1702__-7a829e7f/0014_DSC_0347/r2l12,581.0,91.0,408.62,52,32,1,33,19,False,ok,0,0.125
Svea_Hovraett_etc_export_job_4502446_842250_Svea_Hovraett_-_Advokatfiskalens_Jaemtlands_laen__1702__-7a829e7f/0014_DSC_0347/r2l13,716.0,110.0,416.58,53,39,3,42,11,False,ok,0,0.41025641025641024
Svea_Hovraett_etc_export_job_4502446_842250_Svea_Hovraett_-_Advokatfiskalens_Jaemtlands_laen__1702__-7a829e7f/0014_DSC_0347/r2l14,699.0,81.0,552.3,70,31,1,32,38,False,ok,0,0.16129032258064516
Svea_Hovraett_etc_export_job_4502446_842250_Svea_Hovraett_-_Advokatfiskalens_Jaemtlands_laen__1702__-7a829e7f/0014_DSC_0347/r2l15,707.0,105.0,430.93,54,39,1,40,14,False,ok,0,0.2564102564102564
Svea_Hovraett_etc_export_job_4502446_842250_Svea_Hovraett_-_Advokatfiskalens_Jaemtlands_laen__1702__-7a829e7f/0014_DSC_0347/r2l16,713.0,97.0,470.43,59,37,1,38,21,False,ok,0,0.21621621621621623
Svea_Hovraett_etc_export_job_4502446_842250_Svea_Hovraett_-_Advokatfiskalens_Jaemtlands_laen__1702__-7a829e7f/0014_DSC_0347/r2l18,455.0,84.0,346.67,44,19,1,20,24,False,ok,0,0.05263157894736842
Svea_Hovraett_etc_export_job_4502446_842250_Svea_Hovraett_-_Advokatfiskalens_Jaemtlands_laen__1702__-7a829e7f/0014_DSC_0347/r2l19,736.0,99.0,475.8,60,35,2,37,23,False,ok,0,0.11428571428571428
Svea_Hovraett_etc_export_job_4502446_842250_Svea_Hovraett_-_Advokatfiskalens_Jaemtlands_laen__1702__-7a829e7f/0014_DSC_0347/r2l20,710.0,104.0,436.92,55,33,2,35,20,False,ok,0,0.21212121212121213
Svea_Hovraett_etc_export_job_4502446_842250_Svea_Hovraett_-_Advokatfiskalens_Jaemtlands_laen__1702__-7a829e7f/0014_DSC_0347/r2l21,763.0,106.0,460.68,58,36,2,38,20,False,ok,0,0.16666666666666666
Svea_Hovraett_etc_export_job_4502446_842250_Svea_Hovraett_-_Advokatfiskalens_Jaemtlands_laen__1702__-7a829e7f/0014_DSC_0347/r2l22,736.0,105.0,448.61,57,33,0,33,24,False,ok,0,0.15151515151515152
Svea_Hovraett_etc_export_job_4502446_842250_Svea_Hovraett_-_Advokatfiskalens_Jaemtlands_laen__1702__-7a829e7f/0014_DSC_0347/r2l23,772.0,92.0,537.04,68,32,0,32,36,False,ok,0,0.125
Svea_Hovraett_etc_export_job_4502446_842250_Svea_Hovraett_-_Advokatfiskalens_Jaemtlands_laen__1702__-7a829e7f/0014_DSC_0347/r2l24,154.0,101.0,97.58,13,3,0,3,10,False,ok,0,0.6666666666666666
Svea_Hovraett_etc_export_job_4502446_842250_Svea_Hovraett_-_Advokatfiskalens_Jaemtlands_laen__1702__-7a829e7f/0015_DSC_0348/r1l1,613.0,89.0,440.81,56,33,1,34,22,False,ok,0,0.30303030303030304
Svea_Hovraett_etc_export_job_4502446_842250_Svea_Hovraett_-_Advokatfiskalens_Jaemtlands_laen__1702__-7a829e7f/0015_DSC_0348/r1l2,618.0,76.0,520.42,66,33,1,34,32,False,ok,0,0.18181818181818182
Svea_Hovraett_etc_export_job_4502446_842250_Svea_Hovraett_-_Advokatfiskalens_Jaemtlands_laen__1702__-7a829e7f/0015_DSC_0348/r1l3,643.0,83.0,495.81,62,37,1,38,24,False,ok,0,0.32432432432432434
Svea_Hovraett_etc_export_job_4502446_842250_Svea_Hovraett_-_Advokatfiskalens_Jaemtlands_laen__1702__-7a829e7f/0015_DSC_0348/r1l4,625.0,65.0,615.38,77,34,0,34,43,False,ok,0,0.20588235294117646
Svea_Hovraett_etc_export_job_4502446_842250_Svea_Hovraett_-_Advokatfiskalens_Jaemtlands_laen__1702__-7a829e7f/0015_DSC_0348/r1l5,632.0,79.0,512.0,64,33,2,35,29,False,ok,0,0.15151515151515152
Svea_Hovraett_etc_export_job_4502446_842250_Svea_Hovraett_-_Advokatfiskalens_Jaemtlands_laen__1702__-7a829e7f/0015_DSC_0348/r1l6,634.0,92.0,441.04,56,29,0,29,27,False,ok,0,0.3793103448275862
Svea_Hovraett_etc_export_job_4502446_842250_Svea_Hovraett_-_Advokatfiskalens_Jaemtlands_laen__1702__-7a829e7f/0015_DSC_0348/r1l7,202.0,88.0,146.91,19,11,0,11,8,False,ok,0,0.09090909090909091
Svea_Hovraett_etc_export_job_4502446_842250_Svea_Hovraett_-_Advokatfiskalens_Jaemtlands_laen__1702__-7a829e7f/0015_DSC_0348/r1l8,643.0,103.0,399.53,50,31,0,31,19,False,ok,0,0.2903225806451613
Svea_Hovraett_etc_export_job_4502446_842250_Svea_Hovraett_-_Advokatfiskalens_Jaemtlands_laen__1702__-7a829e7f/0015_DSC_0348/r1l9,657.0,86.0,488.93,62,31,3,34,28,False,ok,0,0.3870967741935484
Svea_Hovraett_etc_export_job_4502446_842250_Svea_Hovraett_-_Advokatfiskalens_Jaemtlands_laen__1702__-7a829e7f/0015_DSC_0348/r1l10,658.0,82.0,513.56,65,32,3,35,30,False,ok,0,0.0625
Svea_Hovraett_etc_export_job_4502446_842250_Svea_Hovraett_-_Advokatfiskalens_Jaemtlands_laen__1702__-7a829e7f/0015_DSC_0348/r1l11,663.0,92.0,461.22,58,28,0,28,30,False,ok,0,0.17857142857142858
Svea_Hovraett_etc_export_job_4502446_842250_Svea_Hovraett_-_Advokatfiskalens_Jaemtlands_laen__1702__-7a829e7f/0015_DSC_0348/r1l12,667.0,67.0,637.13,80,31,2,33,47,False,ok,0,0.12903225806451613
Svea_Hovraett_etc_export_job_4502446_842250_Svea_Hovraett_-_Advokatfiskalens_Jaemtlands_laen__1702__-7a829e7f/0015_DSC_0348/r1l13,667.0,96.0,444.67,56,31,1,32,24,False,ok,0,0.2903225806451613
Svea_Hovraett_etc_export_job_4502446_842250_Svea_Hovraett_-_Advokatfiskalens_Jaemtlands_laen__1702__-7a829e7f/0015_DSC_0348/r1l14,675.0,107.0,403.74,51,34,1,35,16,False,ok,0,0.17647058823529413
Svea_Hovraett_etc_export_job_4502446_842250_Svea_Hovraett_-_Advokatfiskalens_Jaemtlands_laen__1702__-7a829e7f/0015_DSC_0348/r1l15,682.0,104.0,419.69,53,32,1,33,20,False,ok,0,0.125
Svea_Hovraett_etc_export_job_4502446_842250_Svea_Hovraett_-_Advokatfiskalens_Jaemtlands_laen__1702__-7a829e7f/0015_DSC_0348/r1l16,703.0,85.0,529.32,67,36,2,38,29,False,ok,0,0.2222222222222222
Svea_Hovraett_etc_export_job_4502446_842250_Svea_Hovraett_-_Advokatfiskalens_Jaemtlands_laen__1702__-7a829e7f/0015_DSC_0348/r1l17,689.0,101.0,436.59,55,33,2,35,20,False,ok,0,0.42424242424242425
Svea_Hovraett_etc_export_job_4502446_842250_Svea_Hovraett_-_Advokatfiskalens_Jaemtlands_laen__1702__-7a829e7f/0015_DSC_0348/r1l18,695.0,105.0,423.62,53,32,2,34,19,False,ok,0,0.25
Svea_Hovraett_etc_export_job_4502446_842250_Svea_Hovraett_-_Advokatfiskalens_Jaemtlands_laen__1702__-7a829e7f/0015_DSC_0348/r1l19,704.0,101.0,446.1,56,36,3,39,17,False,ok,0,0.3888888888888889
Svea_Hovraett_etc_export_job_4502446_842250_Svea_Hovraett_-_Advokatfiskalens_Jaemtlands_laen__1702__-7a829e7f/0015_DSC_0348/r1l20,743.0,129.0,368.62,47,36,3,39,8,False,ok,0,0.5
Svea_Hovraett_etc_export_job_4502446_842250_Svea_Hovraett_-_Advokatfiskalens_Jaemtlands_laen__1702__-7a829e7f/0015_DSC_0348/r1l21,143.0,102.0,89.73,12,2,0,2,10,False,ok,0,0.5
Svea_Hovraett_etc_export_job_4502446_842250_Svea_Hovraett_-_Advokatfiskalens_Jaemtlands_laen__1702__-7a829e7f/0015_DSC_0348/r2l1,81.0,60.0,86.4,11,3,0,3,8,False,ok,0,0.6666666666666666
Svea_Hovraett_etc_export_job_4502446_842250_Svea_Hovraett_-_Advokatfiskalens_Jaemtlands_laen__1702__-7a829e7f/0015_DSC_0348/r2l2,619.0,101.0,392.24,50,35,0,35,15,False,ok,0,0.4
Svea_Hovraett_etc_export_job_4502446_842250_Svea_Hovraett_-_Advokatfiskalens_Jaemtlands_laen__1702__-7a829e7f/0015_DSC_0348/r2l3,649.0,88.0,472.0,59,36,2,38,21,False,ok,0,0.3888888888888889
Svea_Hovraett_etc_export_job_4502446_842250_Svea_Hovraett_-_Advokatfiskalens_Jaemtlands_laen__1702__-7a829e7f/0015_DSC_0348/r2l4,634.0,101.0,401.74,51,36,0,36,15,False,ok,0,0.25
Svea_Hovraett_etc_export_job_4502446_842250_Svea_Hovraett_-_Advokatfiskalens_Jaemtlands_laen__1702__-7a829e7f/0015_DSC_0348/r2l5,653.0,86.0,485.95,61,33,0,33,28,False,ok,0,0.24242424242424243
Svea_Hovraett_etc_export_job_4502446_842250_Svea_Hovraett_-_Advokatfiskalens_Jaemtlands_laen__1702__-7a829e7f/0015_DSC_0348/r2l6,652.0,96.0,434.67,55,34,1,35,20,False,ok,0,0.4117647058823529
Svea_Hovraett_etc_export_job_4502446_842250_Svea_Hovraett_-_Advokatfiskalens_Jaemtlands_laen__1702__-7a829e7f/0015_DSC_0348/r2l7,665.0,113.0,376.64,48,37,2,39,9,False,ok,0,0.6216216216216216
Svea_Hovraett_etc_export_job_4502446_842250_Svea_Hovraett_-_Advokatfiskalens_Jaemtlands_laen__1702__-7a829e7f/0015_DSC_0348/r2l8,675.0,104.0,415.38,52,38,3,41,11,False,ok,0,0.4473684210526316
Svea_Hovraett_etc_export_job_4502446_842250_Svea_Hovraett_-_Advokatfiskalens_Jaemtlands_laen__1702__-7a829e7f/0015_DSC_0348/r2l9,467.0,94.0,317.96,40,24,0,24,16,False,ok,0,0.041666666666666664
Svea_Hovraett_etc_export_job_4502446_842250_Svea_Hovraett_-_Advokatfiskalens_Jaemtlands_laen__1702__-7a829e7f/0015_DSC_0348/r2l10,699.0,101.0,442.93,56,36,1,37,19,False,ok,0,0.1388888888888889
Svea_Hovraett_etc_export_job_4502446_842250_Svea_Hovraett_-_Advokatfiskalens_Jaemtlands_laen__1702__-7a829e7f/0015_DSC_0348/r2l11,692.0,106.0,417.81,53,31,0,31,22,False,ok,0,0.2903225806451613
Svea_Hovraett_etc_export_job_4502446_842250_Svea_Hovraett_-_Advokatfiskalens_Jaemtlands_laen__1702__-7a829e7f/0015_DSC_0348/r2l12,698.0,94.0,475.23,60,28,3,31,29,False,ok,0,0.21428571428571427
Svea_Hovraett_etc_export_job_4502446_842250_Svea_Hovraett_-_Advokatfiskalens_Jaemtlands_laen__1702__-7a829e7f/0015_DSC_0348/r2l13,710.0,101.0,449.9,57,33,1,34,23,False,ok,0,0.18181818181818182
Svea_Hovraett_etc_export_job_4502446_842250_Svea_Hovraett_-_Advokatfiskalens_Jaemtlands_laen__1702__-7a829e7f/0015_DSC_0348/r2l14,711.0,80.0,568.8,72,30,1,31,41,False,ok,0,0.0
Svea_Hovraett_etc_export_job_4502446_842250_Svea_Hovraett_-_Advokatfiskalens_Jaemtlands_laen__1702__-7a829e7f/0015_DSC_0348/r2l15,179.0,90.0,127.29,16,10,1,11,5,False,ok,0,0.1
Svea_Hovraett_etc_export_job_4502446_842250_Svea_Hovraett_-_Advokatfiskalens_Jaemtlands_laen__1702__-7a829e7f/0015_DSC_0348/r2l16,755.0,72.0,671.11,84,29,3,32,52,False,ok,0,0.10344827586206896
Svea_Hovraett_etc_export_job_4502446_842250_Svea_Hovraett_-_Advokatfiskalens_Jaemtlands_laen__1702__-7a829e7f/0015_DSC_0348/r2l17,718.0,86.0,534.33,67,33,3,36,31,False,ok,0,0.12121212121212122
Svea_Hovraett_etc_export_job_4502446_842250_Svea_Hovraett_-_Advokatfiskalens_Jaemtlands_laen__1702__-7a829e7f/0015_DSC_0348/r2l18,741.0,88.0,538.91,68,32,3,35,33,False,ok,0,0.15625
Svea_Hovraett_etc_export_job_4502446_842250_Svea_Hovraett_-_Advokatfiskalens_Jaemtlands_laen__1702__-7a829e7f/0015_DSC_0348/r2l19,732.0,91.0,514.81,65,33,0,33,32,False,ok,0,0.12121212121212122
Svea_Hovraett_etc_export_job_4502446_842250_Svea_Hovraett_-_Advokatfiskalens_Jaemtlands_laen__1702__-7a829e7f/0015_DSC_0348/r2l20,737.0,125.0,377.34,48,35,2,37,11,False,ok,0,0.45714285714285713
Svea_Hovraett_etc_export_job_4502446_842250_Svea_Hovraett_-_Advokatfiskalens_Jaemtlands_laen__1702__-7a829e7f/0015_DSC_0348/r2l21,748.0,102.0,469.33,59,32,1,33,26,False,ok,0,0.21875
Svea_Hovraett_etc_export_job_4502446_842250_Svea_Hovraett_-_Advokatfiskalens_Jaemtlands_laen__1702__-7a829e7f/0015_DSC_0348/r2l22,124.0,122.0,65.05,9,3,0,3,6,False,empty,1,1.0
Svea_Hovraett_etc_export_job_4502446_842250_Svea_Hovraett_-_Advokatfiskalens_Jaemtlands_laen__1702__-7a829e7f/0016_DSC_0349/r2l1,653.0,125.0,334.34,42,32,2,34,8,False,ok,0,0.25
Svea_Hovraett_etc_export_job_4502446_842250_Svea_Hovraett_-_Advokatfiskalens_Jaemtlands_laen__1702__-7a829e7f/0016_DSC_0349/r2l2,661.0,96.0,440.67,56,35,2,37,19,False,ok,0,0.11428571428571428
Svea_Hovraett_etc_export_job_4502446_842250_Svea_Hovraett_-_Advokatfiskalens_Jaemtlands_laen__1702__-7a829e7f/0016_DSC_0349/r2l3,672.0,85.0,505.98,64,34,0,34,30,False,ok,0,0.14705882352941177
Svea_Hovraett_etc_export_job_4502446_842250_Svea_Hovraett_-_Advokatfiskalens_Jaemtlands_laen__1702__-7a829e7f/0016_DSC_0349/r2l4,652.0,92.0,453.57,57,36,1,37,20,False,ok,0,0.25
Svea_Hovraett_etc_export_job_4502446_842250_Svea_Hovraett_-_Advokatfiskalens_Jaemtlands_laen__1702__-7a829e7f/0016_DSC_0349/r2l5,654.0,75.0,558.08,70,31,2,33,37,False,ok,0,0.16129032258064516
Svea_Hovraett_etc_export_job_4502446_842250_Svea_Hovraett_-_Advokatfiskalens_Jaemtlands_laen__1702__-7a829e7f/0016_DSC_0349/r2l6,665.0,98.0,434.29,55,37,2,39,16,False,ok,0,0.05405405405405406
Svea_Hovraett_etc_export_job_4502446_842250_Svea_Hovraett_-_Advokatfiskalens_Jaemtlands_laen__1702__-7a829e7f/0016_DSC_0349/r2l7,676.0,102.0,424.16,54,32,1,33,21,False,ok,0,0.15625
Svea_Hovraett_etc_export_job_4502446_842250_Svea_Hovraett_-_Advokatfiskalens_Jaemtlands_laen__1702__-7a829e7f/0016_DSC_0349/r2l8,703.0,82.0,548.68,69,28,1,29,40,False,ok,0,0.14285714285714285
Svea_Hovraett_etc_export_job_4502446_842250_Svea_Hovraett_-_Advokatfiskalens_Jaemtlands_laen__1702__-7a829e7f/0016_DSC_0349/r2l9,694.0,107.0,415.1,52,28,0,28,24,False,ok,0,0.17857142857142858
Svea_Hovraett_etc_export_job_4502446_842250_Svea_Hovraett_-_Advokatfiskalens_Jaemtlands_laen__1702__-7a829e7f/0016_DSC_0349/r2l10,709.0,110.0,412.51,52,34,2,36,16,False,ok,0,0.08823529411764706
Svea_Hovraett_etc_export_job_4502446_842250_Svea_Hovraett_-_Advokatfiskalens_Jaemtlands_laen__1702__-7a829e7f/0016_DSC_0349/r2l11,320.0,72.0,284.44,36,13,0,13,23,False,ok,0,0.3076923076923077
Svea_Hovraett_etc_export_job_4502446_842250_Svea_Hovraett_-_Advokatfiskalens_Jaemtlands_laen__1702__-7a829e7f/0016_DSC_0349/r2l12,774.0,138.0,358.96,45,36,0,36,9,False,ok,0,0.5277777777777778
Svea_Hovraett_etc_export_job_4502446_842250_Svea_Hovraett_-_Advokatfiskalens_Jaemtlands_laen__1702__-7a829e7f/0016_DSC_0349/r2l13,727.0,85.0,547.39,69,35,1,36,33,False,ok,0,0.22857142857142856
Svea_Hovraett_etc_export_job_4502446_842250_Svea_Hovraett_-_Advokatfiskalens_Jaemtlands_laen__1702__-7a829e7f/0016_DSC_0349/r2l14,719.0,99.0,464.81,59,35,1,36,23,False,ok,0,0.08571428571428572
Svea_Hovraett_etc_export_job_4502446_842250_Svea_Hovraett_-_Advokatfiskalens_Jaemtlands_laen__1702__-7a829e7f/0016_DSC_0349/r2l15,245.0,59.0,265.76,34,10,0,10,24,False,ok,0,0.0
Svea_Hovraett_etc_export_job_4502446_842250_Svea_Hovraett_-_Advokatfiskalens_Jaemtlands_laen__1702__-7a829e7f/0016_DSC_0349/r2l16,809.0,150.0,345.17,44,35,1,36,8,False,ok,0,0.5142857142857142
Svea_Hovraett_etc_export_job_4502446_842250_Svea_Hovraett_-_Advokatfiskalens_Jaemtlands_laen__1702__-7a829e7f/0016_DSC_0349/r2l17,742.0,88.0,539.64,68,30,0,30,38,False,ok,0,0.2
Svea_Hovraett_etc_export_job_4502446_842250_Svea_Hovraett_-_Advokatfiskalens_Jaemtlands_laen__1702__-7a829e7f/0016_DSC_0349/r2l18,745.0,92.0,518.26,65,32,2,34,31,False,ok,0,0.15625
Svea_Hovraett_etc_export_job_4502446_842250_Svea_Hovraett_-_Advokatfiskalens_Jaemtlands_laen__1702__-7a829e7f/0016_DSC_0349/r2l19,154.0,104.0,94.77,12,5,0,5,7,False,ok,0,0.0
Svea_Hovraett_etc_export_job_4502446_842250_Svea_Hovraett_-_Advokatfiskalens_Jaemtlands_laen__1702__-7a829e7f/0016_DSC_0349/r3l1,96.0,61.0,100.72,13,3,0,3,10,False,ok,0,0.0
Svea_Hovraett_etc_export_job_4502446_842250_Svea_Hovraett_-_Advokatfiskalens_Jaemtlands_laen__1702__-7a829e7f/0016_DSC_0349/r3l2,619.0,117.0,338.6,43,33,0,33,10,False,ok,0,0.5757575757575758
Svea_Hovraett_etc_export_job_4502446_842250_Svea_Hovraett_-_Advokatfiskalens_Jaemtlands_laen__1702__-7a829e7f/0016_DSC_0349/r3l3,641.0,138.0,297.28,38,30,1,31,7,False,ok,0,0.7666666666666667
Svea_Hovraett_etc_export_job_4502446_842250_Svea_Hovraett_-_Advokatfiskalens_Jaemtlands_laen__1702__-7a829e7f/0016_DSC_0349/r3l4,680.0,112.0,388.57,49,38,2,40,9,False,ok,0,0.47368421052631576
Svea_Hovraett_etc_export_job_4502446_842250_Svea_Hovraett_-_Advokatfiskalens_Jaemtlands_laen__1702__-7a829e7f/0016_DSC_0349/r3l5,683.0,133.0,328.66,42,34,3,37,5,False,ok,0,0.6764705882352942
Svea_Hovraett_etc_export_job_4502446_842250_Svea_Hovraett_-_Advokatfiskalens_Jaemtlands_laen__1702__-7a829e7f/0016_DSC_0349/r3l6,674.0,98.0,440.16,56,35,1,36,20,False,ok,0,0.3142857142857143
Svea_Hovraett_etc_export_job_4502446_842250_Svea_Hovraett_-_Advokatfiskalens_Jaemtlands_laen__1702__-7a829e7f/0016_DSC_0349/r3l7,708.0,111.0,408.22,52,31,1,32,20,False,ok,0,0.2903225806451613
Svea_Hovraett_etc_export_job_4502446_842250_Svea_Hovraett_-_Advokatfiskalens_Jaemtlands_laen__1702__-7a829e7f/0016_DSC_0349/r3l10,709.0,94.0,482.72,61,32,1,33,28,False,ok,0,0.21875
Svea_Hovraett_etc_export_job_4502446_842250_Svea_Hovraett_-_Advokatfiskalens_Jaemtlands_laen__1702__-7a829e7f/0016_DSC_0349/r3l11,724.0,98.0,472.82,60,29,1,30,30,False,ok,0,0.10344827586206896
Svea_Hovraett_etc_export_job_4502446_842250_Svea_Hovraett_-_Advokatfiskalens_Jaemtlands_laen__1702__-7a829e7f/0016_DSC_0349/r3l12,724.0,96.0,482.67,61,36,2,38,23,False,ok,0,0.2222222222222222
Svea_Hovraett_etc_export_job_4502446_842250_Svea_Hovraett_-_Advokatfiskalens_Jaemtlands_laen__1702__-7a829e7f/0016_DSC_0349/r3l13,723.0,87.0,531.86,67,43,1,44,23,False,ok,0,0.32558139534883723
Svea_Hovraett_etc_export_job_4502446_842250_Svea_Hovraett_-_Advokatfiskalens_Jaemtlands_laen__1702__-7a829e7f/0016_DSC_0349/r3l14,701.0,84.0,534.1,67,31,3,34,33,False,ok,0,0.0967741935483871
Svea_Hovraett_etc_export_job_4502446_842250_Svea_Hovraett_-_Advokatfiskalens_Jaemtlands_laen__1702__-7a829e7f/0016_DSC_0349/r3l15,709.0,106.0,428.08,54,29,0,29,25,False,ok,0,0.13793103448275862
Svea_Hovraett_etc_export_job_4502446_842250_Svea_Hovraett_-_Advokatfiskalens_Jaemtlands_laen__1702__-7a829e7f/0016_DSC_0349/r3l16,321.0,100.0,205.44,26,12,1,13,13,False,ok,0,0.4166666666666667
Svea_Hovraett_etc_export_job_4502446_842250_Svea_Hovraett_-_Advokatfiskalens_Jaemtlands_laen__1702__-7a829e7f/0016_DSC_0349/r3l17,824.0,114.0,462.6,58,35,0,35,23,False,ok,0,0.37142857142857144
Svea_Hovraett_etc_export_job_4502446_842250_Svea_Hovraett_-_Advokatfiskalens_Jaemtlands_laen__1702__-7a829e7f/0016_DSC_0349/r3l18,739.0,100.0,472.96,60,32,0,32,28,False,ok,0,0.09375
Svea_Hovraett_etc_export_job_4502446_842250_Svea_Hovraett_-_Advokatfiskalens_Jaemtlands_laen__1702__-7a829e7f/0016_DSC_0349/r3l19,763.0,93.0,525.08,66,37,2,39,27,False,ok,0,0.10810810810810811
Svea_Hovraett_etc_export_job_4502446_842250_Svea_Hovraett_-_Advokatfiskalens_Jaemtlands_laen__1702__-7a829e7f/0016_DSC_0349/r3l20,723.0,90.0,514.13,65,35,1,36,29,False,ok,0,0.17142857142857143
Svea_Hovraett_etc_export_job_4502446_842250_Svea_Hovraett_-_Advokatfiskalens_Jaemtlands_laen__1702__-7a829e7f/0016_DSC_0349/r3l21,735.0,87.0,540.69,68,35,1,36,32,False,ok,0,0.34285714285714286
Svea_Hovraett_etc_export_job_4502446_842250_Svea_Hovraett_-_Advokatfiskalens_Jaemtlands_laen__1702__-7a829e7f/0016_DSC_0349/r3l22,762.0,118.0,413.29,52,33,0,33,19,False,ok,0,0.30303030303030304
Svea_Hovraett_etc_export_job_4502446_842250_Svea_Hovraett_-_Advokatfiskalens_Jaemtlands_laen__1702__-7a829e7f/0016_DSC_0349/r3l23,144.0,113.0,81.56,11,3,0,3,8,False,ok,0,1.3333333333333333
Svea_Hovraett_etc_export_job_4502446_842250_Svea_Hovraett_-_Advokatfiskalens_Jaemtlands_laen__1702__-7a829e7f/0017_DSC_0350/r2l1,681.0,107.0,407.33,51,31,0,31,20,False,ok,0,0.1935483870967742
Svea_Hovraett_etc_export_job_4502446_842250_Svea_Hovraett_-_Advokatfiskalens_Jaemtlands_laen__1702__-7a829e7f/0017_DSC_0350/r2l2,655.0,92.0,455.65,57,33,2,35,22,False,ok,0,0.15151515151515152
Svea_Hovraett_etc_export_job_4502446_842250_Svea_Hovraett_-_Advokatfiskalens_Jaemtlands_laen__1702__-7a829e7f/0017_DSC_0350/r2l3,671.0,107.0,401.35,51,37,3,40,11,False,ok,0,0.4864864864864865
Svea_Hovraett_etc_export_job_4502446_842250_Svea_Hovraett_-_Advokatfiskalens_Jaemtlands_laen__1702__-7a829e7f/0017_DSC_0350/r2l4,88.0,58.0,97.1,13,4,0,4,9,False,ok,0,0.75
Svea_Hovraett_etc_export_job_4502446_842250_Svea_Hovraett_-_Advokatfiskalens_Jaemtlands_laen__1702__-7a829e7f/0017_DSC_0350/r2l5,759.0,121.0,401.45,51,36,2,38,13,False,ok,0,0.3611111111111111
Svea_Hovraett_etc_export_job_4502446_842250_Svea_Hovraett_-_Advokatfiskalens_Jaemtlands_laen__1702__-7a829e7f/0017_DSC_0350/r2l6,658.0,101.0,416.95,53,35,3,38,15,False,ok,0,0.34285714285714286
Svea_Hovraett_etc_export_job_4502446_842250_Svea_Hovraett_-_Advokatfiskalens_Jaemtlands_laen__1702__-7a829e7f/0017_DSC_0350/r2l7,688.0,107.0,411.51,52,34,2,36,16,False,ok,0,0.38235294117647056
Svea_Hovraett_etc_export_job_4502446_842250_Svea_Hovraett_-_Advokatfiskalens_Jaemtlands_laen__1702__-7a829e7f/0017_DSC_0350/r2l8,697.0,91.0,490.2,62,28,1,29,33,False,ok,0,0.21428571428571427
Svea_Hovraett_etc_export_job_4502446_842250_Svea_Hovraett_-_Advokatfiskalens_Jaemtlands_laen__1702__-7a829e7f/0017_DSC_0350/r2l9,691.0,82.0,539.32,68,34,0,34,34,False,ok,0,0.23529411764705882
Svea_Hovraett_etc_export_job_4502446_842250_Svea_Hovraett_-_Advokatfiskalens_Jaemtlands_laen__1702__-7a829e7f/0017_DSC_0350/r2l10,672.0,88.0,488.73,62,29,0,29,33,False,ok,0,0.20689655172413793
Svea_Hovraett_etc_export_job_4502446_842250_Svea_Hovraett_-_Advokatfiskalens_Jaemtlands_laen__1702__-7a829e7f/0017_DSC_0350/r2l11,702.0,101.0,444.83,56,37,3,40,16,False,ok,0,0.16216216216216217
Svea_Hovraett_etc_export_job_4502446_842250_Svea_Hovraett_-_Advokatfiskalens_Jaemtlands_laen__1702__-7a829e7f/0017_DSC_0350/r2l12,689.0,99.0,445.41,56,34,0,34,22,False,ok,0,0.058823529411764705
Svea_Hovraett_etc_export_job_4502446_842250_Svea_Hovraett_-_Advokatfiskalens_Jaemtlands_laen__1702__-7a829e7f/0017_DSC_0350/r2l13,707.0,92.0,491.83,62,36,3,39,23,False,ok,0,0.05555555555555555
Svea_Hovraett_etc_export_job_4502446_842250_Svea_Hovraett_-_Advokatfiskalens_Jaemtlands_laen__1702__-7a829e7f/0017_DSC_0350/r2l14,712.0,95.0,479.66,60,35,3,38,22,False,ok,0,0.2
Svea_Hovraett_etc_export_job_4502446_842250_Svea_Hovraett_-_Advokatfiskalens_Jaemtlands_laen__1702__-7a829e7f/0017_DSC_0350/r2l15,723.0,85.0,544.38,69,35,1,36,33,False,ok,0,0.05714285714285714
Svea_Hovraett_etc_export_job_4502446_842250_Svea_Hovraett_-_Advokatfiskalens_Jaemtlands_laen__1702__-7a829e7f/0017_DSC_0350/r2l16,731.0,98.0,477.39,60,33,1,34,26,False,ok,0,0.30303030303030304
Svea_Hovraett_etc_export_job_4502446_842250_Svea_Hovraett_-_Advokatfiskalens_Jaemtlands_laen__1702__-7a829e7f/0017_DSC_0350/r2l17,739.0,98.0,482.61,61,38,0,38,23,False,ok,0,0.15789473684210525
Svea_Hovraett_etc_export_job_4502446_842250_Svea_Hovraett_-_Advokatfiskalens_Jaemtlands_laen__1702__-7a829e7f/0017_DSC_0350/r2l18,704.0,85.0,530.07,67,30,1,31,36,False,ok,0,0.06666666666666667
Svea_Hovraett_etc_export_job_4502446_842250_Svea_Hovraett_-_Advokatfiskalens_Jaemtlands_laen__1702__-7a829e7f/0017_DSC_0350/r2l19,719.0,99.0,464.81,59,32,1,33,26,False,ok,0,0.1875
Svea_Hovraett_etc_export_job_4502446_842250_Svea_Hovraett_-_Advokatfiskalens_Jaemtlands_laen__1702__-7a829e7f/0017_DSC_0350/r2l20,181.0,112.0,103.43,13,7,0,7,6,False,ok,0,0.42857142857142855
Svea_Hovraett_etc_export_job_4502446_842250_Svea_Hovraett_-_Advokatfiskalens_Jaemtlands_laen__1702__-7a829e7f/0017_DSC_0350/r3l1,75.0,65.0,73.85,10,3,0,3,7,False,ok,0,0.6666666666666666
Svea_Hovraett_etc_export_job_4502446_842250_Svea_Hovraett_-_Advokatfiskalens_Jaemtlands_laen__1702__-7a829e7f/0017_DSC_0350/r3l2,683.0,133.0,328.66,42,33,0,33,9,False,ok,0,0.6666666666666666
Svea_Hovraett_etc_export_job_4502446_842250_Svea_Hovraett_-_Advokatfiskalens_Jaemtlands_laen__1702__-7a829e7f/0017_DSC_0350/r3l3,647.0,113.0,366.44,46,33,1,34,12,False,ok,0,0.2727272727272727
Svea_Hovraett_etc_export_job_4502446_842250_Svea_Hovraett_-_Advokatfiskalens_Jaemtlands_laen__1702__-7a829e7f/0017_DSC_0350/r3l4,647.0,110.0,376.44,48,40,1,41,7,False,ok,0,0.525
Svea_Hovraett_etc_export_job_4502446_842250_Svea_Hovraett_-_Advokatfiskalens_Jaemtlands_laen__1702__-7a829e7f/0017_DSC_0350/r3l5,683.0,109.0,401.03,51,38,1,39,12,False,ok,0,0.34210526315789475
Svea_Hovraett_etc_export_job_4502446_842250_Svea_Hovraett_-_Advokatfiskalens_Jaemtlands_laen__1702__-7a829e7f/0017_DSC_0350/r3l6,691.0,103.0,429.36,54,35,2,37,17,False,ok,0,0.14285714285714285
Svea_Hovraett_etc_export_job_4502446_842250_Svea_Hovraett_-_Advokatfiskalens_Jaemtlands_laen__1702__-7a829e7f/0017_DSC_0350/r3l7,708.0,109.0,415.71,52,33,2,35,17,False,ok,0,0.2727272727272727
Svea_Hovraett_etc_export_job_4502446_842250_Svea_Hovraett_-_Advokatfiskalens_Jaemtlands_laen__1702__-7a829e7f/0017_DSC_0350/r3l8,715.0,114.0,401.4,51,34,3,37,14,False,ok,0,0.17647058823529413
Svea_Hovraett_etc_export_job_4502446_842250_Svea_Hovraett_-_Advokatfiskalens_Jaemtlands_laen__1702__-7a829e7f/0017_DSC_0350/r3l9,721.0,88.0,524.36,66,28,2,30,36,False,ok,0,0.0
Svea_Hovraett_etc_export_job_4502446_842250_Svea_Hovraett_-_Advokatfiskalens_Jaemtlands_laen__1702__-7a829e7f/0017_DSC_0350/r3l10,738.0,85.0,555.67,70,34,1,35,35,False,ok,0,0.17647058823529413
Svea_Hovraett_etc_export_job_4502446_842250_Svea_Hovraett_-_Advokatfiskalens_Jaemtlands_laen__1702__-7a829e7f/0017_DSC_0350/r3l11,721.0,107.0,431.25,54,37,2,39,15,False,ok,0,0.21621621621621623
Svea_Hovraett_etc_export_job_4502446_842250_Svea_Hovraett_-_Advokatfiskalens_Jaemtlands_laen__1702__-7a829e7f/0017_DSC_0350/r3l12,680.0,106.0,410.57,52,34,2,36,16,False,ok,0,0.14705882352941177
Svea_Hovraett_etc_export_job_4502446_842250_Svea_Hovraett_-_Advokatfiskalens_Jaemtlands_laen__1702__-7a829e7f/0017_DSC_0350/r3l13,747.0,111.0,430.7,54,33,1,34,20,False,ok,0,0.06060606060606061
Svea_Hovraett_etc_export_job_4502446_842250_Svea_Hovraett_-_Advokatfiskalens_Jaemtlands_laen__1702__-7a829e7f/0017_DSC_0350/r3l15,738.0,86.0,549.21,69,30,2,32,37,False,ok,0,0.13333333333333333
Svea_Hovraett_etc_export_job_4502446_842250_Svea_Hovraett_-_Advokatfiskalens_Jaemtlands_laen__1702__-7a829e7f/0017_DSC_0350/r3l16,752.0,83.0,579.86,73,33,0,33,40,False,ok,0,0.06060606060606061
Svea_Hovraett_etc_export_job_4502446_842250_Svea_Hovraett_-_Advokatfiskalens_Jaemtlands_laen__1702__-7a829e7f/0017_DSC_0350/r3l17,739.0,104.0,454.77,57,30,1,31,26,False,ok,0,0.16666666666666666
Svea_Hovraett_etc_export_job_4502446_842250_Svea_Hovraett_-_Advokatfiskalens_Jaemtlands_laen__1702__-7a829e7f/0017_DSC_0350/r3l18,746.0,117.0,408.07,52,32,1,33,19,False,ok,0,0.28125
Svea_Hovraett_etc_export_job_4502446_842250_Svea_Hovraett_-_Advokatfiskalens_Jaemtlands_laen__1702__-7a829e7f/0017_DSC_0350/r3l19,755.0,103.0,469.13,59,32,1,33,26,False,ok,0,0.09375
Svea_Hovraett_etc_export_job_4502446_842250_Svea_Hovraett_-_Advokatfiskalens_Jaemtlands_laen__1702__-7a829e7f/0017_DSC_0350/r3l21,742.0,112.0,424.0,53,33,1,34,19,False,ok,0,0.30303030303030304
Svea_Hovraett_etc_export_job_4502446_842250_Svea_Hovraett_-_Advokatfiskalens_Jaemtlands_laen__1702__-7a829e7f/0017_DSC_0350/r3l22,799.0,130.0,393.35,50,34,2,36,14,False,ok,0,0.4117647058823529
Svea_Hovraett_etc_export_job_4502446_842250_Svea_Hovraett_-_Advokatfiskalens_Jaemtlands_laen__1702__-7a829e7f/0017_DSC_0350/r3l24,235.0,80.0,188.0,24,9,0,9,15,False,ok,0,0.7777777777777778
Svea_Hovraett_etc_export_job_4502446_842250_Svea_Hovraett_-_Advokatfiskalens_Jaemtlands_laen__1702__-7a829e7f/0018_DSC_0351/r1l1,653.0,98.0,426.45,54,45,3,48,6,False,ok,0,0.4222222222222222
Svea_Hovraett_etc_export_job_4502446_842250_Svea_Hovraett_-_Advokatfiskalens_Jaemtlands_laen__1702__-7a829e7f/0018_DSC_0351/r1l2,663.0,97.0,437.44,55,36,0,36,19,False,ok,0,0.25
Svea_Hovraett_etc_export_job_4502446_842250_Svea_Hovraett_-_Advokatfiskalens_Jaemtlands_laen__1702__-7a829e7f/0018_DSC_0351/r1l3,125.0,74.0,108.11,14,5,0,5,9,False,ok,0,0.6
Svea_Hovraett_etc_export_job_4502446_842250_Svea_Hovraett_-_Advokatfiskalens_Jaemtlands_laen__1702__-7a829e7f/0018_DSC_0351/r1l4,674.0,103.0,418.8,53,40,1,41,12,False,ok,0,0.325
Svea_Hovraett_etc_export_job_4502446_842250_Svea_Hovraett_-_Advokatfiskalens_Jaemtlands_laen__1702__-7a829e7f/0018_DSC_0351/r1l5,696.0,94.0,473.87,60,37,2,39,21,False,ok,0,0.21621621621621623
Svea_Hovraett_etc_export_job_4502446_842250_Svea_Hovraett_-_Advokatfiskalens_Jaemtlands_laen__1702__-7a829e7f/0018_DSC_0351/r1l6,680.0,108.0,402.96,51,43,3,46,5,False,ok,0,0.4418604651162791
Svea_Hovraett_etc_export_job_4502446_842250_Svea_Hovraett_-_Advokatfiskalens_Jaemtlands_laen__1702__-7a829e7f/0018_DSC_0351/r1l7,705.0,96.0,470.0,59,44,3,47,12,False,ok,0,0.3409090909090909
Svea_Hovraett_etc_export_job_4502446_842250_Svea_Hovraett_-_Advokatfiskalens_Jaemtlands_laen__1702__-7a829e7f/0018_DSC_0351/r1l8,701.0,100.0,448.64,57,38,1,39,18,False,ok,0,0.10526315789473684
Svea_Hovraett_etc_export_job_4502446_842250_Svea_Hovraett_-_Advokatfiskalens_Jaemtlands_laen__1702__-7a829e7f/0018_DSC_0351/r1l9,148.0,80.0,118.4,15,10,1,11,4,False,ok,0,0.1
Svea_Hovraett_etc_export_job_4502446_842250_Svea_Hovraett_-_Advokatfiskalens_Jaemtlands_laen__1702__-7a829e7f/0018_DSC_0351/r1l10,701.0,109.0,411.6,52,38,3,41,11,False,ok,0,0.3157894736842105
Svea_Hovraett_etc_export_job_4502446_842250_Svea_Hovraett_-_Advokatfiskalens_Jaemtlands_laen__1702__-7a829e7f/0018_DSC_0351/r1l11,715.0,78.0,586.67,74,32,1,33,41,False,ok,0,0.15625
Svea_Hovraett_etc_export_job_4502446_842250_Svea_Hovraett_-_Advokatfiskalens_Jaemtlands_laen__1702__-7a829e7f/0018_DSC_0351/r1l12,720.0,83.0,555.18,70,36,2,38,32,False,ok,0,0.1388888888888889
Svea_Hovraett_etc_export_job_4502446_842250_Svea_Hovraett_-_Advokatfiskalens_Jaemtlands_laen__1702__-7a829e7f/0018_DSC_0351/r1l13,706.0,92.0,491.13,62,36,3,39,23,False,ok,0,0.19444444444444445
Svea_Hovraett_etc_export_job_4502446_842250_Svea_Hovraett_-_Advokatfiskalens_Jaemtlands_laen__1702__-7a829e7f/0018_DSC_0351/r1l14,728.0,100.0,465.92,59,40,1,41,18,False,ok,0,0.175
Svea_Hovraett_etc_export_job_4502446_842250_Svea_Hovraett_-_Advokatfiskalens_Jaemtlands_laen__1702__-7a829e7f/0018_DSC_0351/r1l15,730.0,98.0,476.73,60,37,2,39,21,False,ok,0,0.10810810810810811
Svea_Hovraett_etc_export_job_4502446_842250_Svea_Hovraett_-_Advokatfiskalens_Jaemtlands_laen__1702__-7a829e7f/0018_DSC_0351/r1l16,734.0,101.0,465.11,59,35,2,37,22,False,ok,0,0.05714285714285714
Svea_Hovraett_etc_export_job_4502446_842250_Svea_Hovraett_-_Advokatfiskalens_Jaemtlands_laen__1702__-7a829e7f/0018_DSC_0351/r1l17,709.0,95.0,477.64,60,35,0,35,25,False,ok,0,0.08571428571428572
Svea_Hovraett_etc_export_job_4502446_842250_Svea_Hovraett_-_Advokatfiskalens_Jaemtlands_laen__1702__-7a829e7f/0018_DSC_0351/r1l18,734.0,94.0,499.74,63,37,2,39,24,False,ok,0,0.08108108108108109
Svea_Hovraett_etc_export_job_4502446_842250_Svea_Hovraett_-_Advokatfiskalens_Jaemtlands_laen__1702__-7a829e7f/0018_DSC_0351/r1l19,733.0,100.0,469.12,59,36,1,37,22,False,ok,0,0.1388888888888889
Svea_Hovraett_etc_export_job_4502446_842250_Svea_Hovraett_-_Advokatfiskalens_Jaemtlands_laen__1702__-7a829e7f/0018_DSC_0351/r1l20,722.0,102.0,453.02,57,38,1,39,18,False,ok,0,0.18421052631578946
Svea_Hovraett_etc_export_job_4502446_842250_Svea_Hovraett_-_Advokatfiskalens_Jaemtlands_laen__1702__-7a829e7f/0018_DSC_0351/r1l21,162.0,93.0,111.48,14,3,0,3,11,False,ok,0,0.3333333333333333
Svea_Hovraett_etc_export_job_4502446_842250_Svea_Hovraett_-_Advokatfiskalens_Jaemtlands_laen__1702__-7a829e7f/0018_DSC_0351/r2l1,640.0,110.0,372.36,47,31,1,32,15,False,ok,0,0.3225806451612903
Svea_Hovraett_etc_export_job_4502446_842250_Svea_Hovraett_-_Advokatfiskalens_Jaemtlands_laen__1702__-7a829e7f/0018_DSC_0351/r2l2,673.0,105.0,410.21,52,41,4,45,7,False,ok,0,0.4146341463414634
Svea_Hovraett_etc_export_job_4502446_842250_Svea_Hovraett_-_Advokatfiskalens_Jaemtlands_laen__1702__-7a829e7f/0018_DSC_0351/r2l3,673.0,110.0,391.56,49,37,3,40,9,False,ok,0,0.40540540540540543
Svea_Hovraett_etc_export_job_4502446_842250_Svea_Hovraett_-_Advokatfiskalens_Jaemtlands_laen__1702__-7a829e7f/0018_DSC_0351/r2l4,693.0,101.0,439.13,55,39,1,40,15,False,ok,0,0.358974358974359
Svea_Hovraett_etc_export_job_4502446_842250_Svea_Hovraett_-_Advokatfiskalens_Jaemtlands_laen__1702__-7a829e7f/0018_DSC_0351/r2l5,684.0,83.0,527.42,66,33,2,35,31,False,ok,0,0.24242424242424243
Svea_Hovraett_etc_export_job_4502446_842250_Svea_Hovraett_-_Advokatfiskalens_Jaemtlands_laen__1702__-7a829e7f/0018_DSC_0351/r2l6,718.0,99.0,464.16,59,33,0,33,26,False,ok,0,0.21212121212121213
Svea_Hovraett_etc_export_job_4502446_842250_Svea_Hovraett_-_Advokatfiskalens_Jaemtlands_laen__1702__-7a829e7f/0018_DSC_0351/r2l7,682.0,110.0,396.8,50,31,1,32,18,False,ok,0,0.22580645161290322
Svea_Hovraett_etc_export_job_4502446_842250_Svea_Hovraett_-_Advokatfiskalens_Jaemtlands_laen__1702__-7a829e7f/0018_DSC_0351/r2l8,726.0,110.0,422.4,53,33,0,33,20,False,ok,0,0.24242424242424243
Svea_Hovraett_etc_export_job_4502446_842250_Svea_Hovraett_-_Advokatfiskalens_Jaemtlands_laen__1702__-7a829e7f/0018_DSC_0351/r2l9,708.0,96.0,472.0,59,34,1,35,24,False,ok,0,0.11764705882352941
Svea_Hovraett_etc_export_job_4502446_842250_Svea_Hovraett_-_Advokatfiskalens_Jaemtlands_laen__1702__-7a829e7f/0018_DSC_0351/r2l10,618.0,103.0,384.0,48,29,3,32,16,False,ok,0,0.3103448275862069
Svea_Hovraett_etc_export_job_4502446_842250_Svea_Hovraett_-_Advokatfiskalens_Jaemtlands_laen__1702__-7a829e7f/0018_DSC_0351/r2l11,705.0,99.0,455.76,57,35,3,38,19,False,ok,0,0.2
Svea_Hovraett_etc_export_job_4502446_842250_Svea_Hovraett_-_Advokatfiskalens_Jaemtlands_laen__1702__-7a829e7f/0018_DSC_0351/r2l12,757.0,81.0,598.12,75,35,1,36,39,False,ok,0,0.11428571428571428
Svea_Hovraett_etc_export_job_4502446_842250_Svea_Hovraett_-_Advokatfiskalens_Jaemtlands_laen__1702__-7a829e7f/0018_DSC_0351/r2l13,746.0,91.0,524.66,66,35,2,37,29,False,ok,0,0.11428571428571428
Svea_Hovraett_etc_export_job_4502446_842250_Svea_Hovraett_-_Advokatfiskalens_Jaemtlands_laen__1702__-7a829e7f/0018_DSC_0351/r2l14,732.0,64.0,732.0,92,33,2,35,57,False,ok,0,0.21212121212121213
Svea_Hovraett_etc_export_job_4502446_842250_Svea_Hovraett_-_Advokatfiskalens_Jaemtlands_laen__1702__-7a829e7f/0018_DSC_0351/r2l15,755.0,94.0,514.04,65,34,0,34,31,False,ok,0,0.23529411764705882
Svea_Hovraett_etc_export_job_4502446_842250_Svea_Hovraett_-_Advokatfiskalens_Jaemtlands_laen__1702__-7a829e7f/0018_DSC_0351/r2l16,746.0,100.0,477.44,60,36,0,36,24,False,ok,0,0.16666666666666666
Svea_Hovraett_etc_export_job_4502446_842250_Svea_Hovraett_-_Advokatfiskalens_Jaemtlands_laen__1702__-7a829e7f/0018_DSC_0351/r2l17,741.0,120.0,395.2,50,33,1,34,16,False,ok,0,0.15151515151515152
Svea_Hovraett_etc_export_job_4502446_842250_Svea_Hovraett_-_Advokatfiskalens_Jaemtlands_laen__1702__-7a829e7f/0018_DSC_0351/r2l18,777.0,110.0,452.07,57,29,0,29,28,False,ok,0,0.2413793103448276
Svea_Hovraett_etc_export_job_4502446_842250_Svea_Hovraett_-_Advokatfiskalens_Jaemtlands_laen__1702__-7a829e7f/0018_DSC_0351/r2l19,764.0,111.0,440.5,56,31,0,31,25,False,ok,0,0.0967741935483871
Svea_Hovraett_etc_export_job_4502446_842250_Svea_Hovraett_-_Advokatfiskalens_Jaemtlands_laen__1702__-7a829e7f/0018_DSC_0351/r2l20,731.0,115.0,406.82,51,31,2,33,18,False,ok,0,0.22580645161290322
Svea_Hovraett_etc_export_job_4502446_842250_Svea_Hovraett_-_Advokatfiskalens_Jaemtlands_laen__1702__-7a829e7f/0018_DSC_0351/r2l21,164.0,63.0,166.6,21,5,0,5,16,False,ok,0,0.4
Svea_Hovraett_etc_export_job_4502446_842250_Svea_Hovraett_-_Advokatfiskalens_Jaemtlands_laen__1702__-7a829e7f/0018_DSC_0351/r3l1,73.0,67.0,69.73,9,3,0,3,6,False,ok,0,0.6666666666666666
Svea_Hovraett_etc_export_job_4502446_842250_Svea_Hovraett_-_Advokatfiskalens_Jaemtlands_laen__1702__-7a829e7f/0019_DSC_0352/r1l1,633.0,85.0,476.61,60,34,1,35,25,False,ok,0,0.17647058823529413
Svea_Hovraett_etc_export_job_4502446_842250_Svea_Hovraett_-_Advokatfiskalens_Jaemtlands_laen__1702__-7a829e7f/0019_DSC_0352/r1l2,652.0,95.0,439.24,55,33,3,36,19,False,ok,0,0.18181818181818182
Svea_Hovraett_etc_export_job_4502446_842250_Svea_Hovraett_-_Advokatfiskalens_Jaemtlands_laen__1702__-7a829e7f/0019_DSC_0352/r1l3,651.0,93.0,448.0,56,34,1,35,21,False,ok,0,0.35294117647058826
Svea_Hovraett_etc_export_job_4502446_842250_Svea_Hovraett_-_Advokatfiskalens_Jaemtlands_laen__1702__-7a829e7f/0019_DSC_0352/r1l4,585.0,87.0,430.34,54,28,3,31,23,False,ok,0,0.07142857142857142
Svea_Hovraett_etc_export_job_4502446_842250_Svea_Hovraett_-_Advokatfiskalens_Jaemtlands_laen__1702__-7a829e7f/0019_DSC_0352/r1l5,183.0,69.0,169.74,22,9,0,9,13,False,ok,0,0.0
Svea_Hovraett_etc_export_job_4502446_842250_Svea_Hovraett_-_Advokatfiskalens_Jaemtlands_laen__1702__-7a829e7f/0019_DSC_0352/r1l6,661.0,135.0,313.36,40,35,2,37,3,False,ok,0,0.5428571428571428
Svea_Hovraett_etc_export_job_4502446_842250_Svea_Hovraett_-_Advokatfiskalens_Jaemtlands_laen__1702__-7a829e7f/0019_DSC_0352/r1l7,681.0,94.0,463.66,58,36,1,37,21,False,ok,0,0.1388888888888889
Svea_Hovraett_etc_export_job_4502446_842250_Svea_Hovraett_-_Advokatfiskalens_Jaemtlands_laen__1702__-7a829e7f/0019_DSC_0352/r1l8,680.0,98.0,444.08,56,33,2,35,21,False,ok,0,0.12121212121212122
Svea_Hovraett_etc_export_job_4502446_842250_Svea_Hovraett_-_Advokatfiskalens_Jaemtlands_laen__1702__-7a829e7f/0019_DSC_0352/r1l9,680.0,89.0,488.99,62,37,1,38,24,False,ok,0,0.1891891891891892
Svea_Hovraett_etc_export_job_4502446_842250_Svea_Hovraett_-_Advokatfiskalens_Jaemtlands_laen__1702__-7a829e7f/0019_DSC_0352/r1l10,695.0,79.0,563.04,71,29,3,32,39,False,ok,0,0.10344827586206896
Svea_Hovraett_etc_export_job_4502446_842250_Svea_Hovraett_-_Advokatfiskalens_Jaemtlands_laen__1702__-7a829e7f/0019_DSC_0352/r1l11,707.0,72.0,628.44,79,31,1,32,47,False,ok,0,0.0967741935483871
Svea_Hovraett_etc_export_job_4502446_842250_Svea_Hovraett_-_Advokatfiskalens_Jaemtlands_laen__1702__-7a829e7f/0019_DSC_0352/r1l12,687.0,104.0,422.77,53,34,1,35,18,False,ok,0,0.11764705882352941
Svea_Hovraett_etc_export_job_4502446_842250_Svea_Hovraett_-_Advokatfiskalens_Jaemtlands_laen__1702__-7a829e7f/0019_DSC_0352/r1l13,714.0,83.0,550.55,69,32,1,33,36,False,ok,0,0.09375
Svea_Hovraett_etc_export_job_4502446_842250_Svea_Hovraett_-_Advokatfiskalens_Jaemtlands_laen__1702__-7a829e7f/0019_DSC_0352/r1l14,698.0,103.0,433.71,55,31,1,32,23,False,ok,0,0.3870967741935484
Svea_Hovraett_etc_export_job_4502446_842250_Svea_Hovraett_-_Advokatfiskalens_Jaemtlands_laen__1702__-7a829e7f/0019_DSC_0352/r1l15,702.0,108.0,416.0,52,36,1,37,15,False,ok,0,0.3333333333333333
Svea_Hovraett_etc_export_job_4502446_842250_Svea_Hovraett_-_Advokatfiskalens_Jaemtlands_laen__1702__-7a829e7f/0019_DSC_0352/r1l16,730.0,96.0,486.67,61,34,2,36,25,False,ok,0,0.20588235294117646
Svea_Hovraett_etc_export_job_4502446_842250_Svea_Hovraett_-_Advokatfiskalens_Jaemtlands_laen__1702__-7a829e7f/0019_DSC_0352/r1l17,552.0,81.0,436.15,55,24,2,26,29,False,ok,0,0.25
Svea_Hovraett_etc_export_job_4502446_842250_Svea_Hovraett_-_Advokatfiskalens_Jaemtlands_laen__1702__-7a829e7f/0019_DSC_0352/r1l18,825.0,152.0,347.37,44,37,3,40,4,False,ok,0,0.4594594594594595
Svea_Hovraett_etc_export_job_4502446_842250_Svea_Hovraett_-_Advokatfiskalens_Jaemtlands_laen__1702__-7a829e7f/0019_DSC_0352/r1l19,777.0,108.0,460.44,58,37,1,38,20,False,ok,0,0.32432432432432434
Svea_Hovraett_etc_export_job_4502446_842250_Svea_Hovraett_-_Advokatfiskalens_Jaemtlands_laen__1702__-7a829e7f/0019_DSC_0352/r1l20,148.0,112.0,84.57,11,3,0,3,8,False,empty,1,1.0
Svea_Hovraett_etc_export_job_4502446_842250_Svea_Hovraett_-_Advokatfiskalens_Jaemtlands_laen__1702__-7a829e7f/0019_DSC_0352/r2l1,651.0,121.0,344.33,44,39,0,39,5,False,ok,0,0.46153846153846156
Svea_Hovraett_etc_export_job_4502446_842250_Svea_Hovraett_-_Advokatfiskalens_Jaemtlands_laen__1702__-7a829e7f/0019_DSC_0352/r2l2,648.0,102.0,406.59,51,38,1,39,12,False,ok,0,0.3684210526315789
Svea_Hovraett_etc_export_job_4502446_842250_Svea_Hovraett_-_Advokatfiskalens_Jaemtlands_laen__1702__-7a829e7f/0019_DSC_0352/r2l3,660.0,129.0,327.44,41,34,1,35,6,False,ok,0,0.4117647058823529
Svea_Hovraett_etc_export_job_4502446_842250_Svea_Hovraett_-_Advokatfiskalens_Jaemtlands_laen__1702__-7a829e7f/0019_DSC_0352/r2l4,693.0,112.0,396.0,50,36,1,37,13,False,ok,0,0.3333333333333333
Svea_Hovraett_etc_export_job_4502446_842250_Svea_Hovraett_-_Advokatfiskalens_Jaemtlands_laen__1702__-7a829e7f/0019_DSC_0352/r2l5,662.0,111.0,381.69,48,34,2,36,12,False,ok,0,0.6470588235294118
Svea_Hovraett_etc_export_job_4502446_842250_Svea_Hovraett_-_Advokatfiskalens_Jaemtlands_laen__1702__-7a829e7f/0019_DSC_0352/r2l6,677.0,128.0,338.5,43,37,2,39,4,False,ok,0,0.5405405405405406
Svea_Hovraett_etc_export_job_4502446_842250_Svea_Hovraett_-_Advokatfiskalens_Jaemtlands_laen__1702__-7a829e7f/0019_DSC_0352/r2l7,700.0,107.0,418.69,53,33,0,33,20,False,ok,0,0.18181818181818182
Svea_Hovraett_etc_export_job_4502446_842250_Svea_Hovraett_-_Advokatfiskalens_Jaemtlands_laen__1702__-7a829e7f/0019_DSC_0352/r2l8,702.0,88.0,510.55,64,37,1,38,26,False,ok,0,0.24324324324324326
Svea_Hovraett_etc_export_job_4502446_842250_Svea_Hovraett_-_Advokatfiskalens_Jaemtlands_laen__1702__-7a829e7f/0019_DSC_0352/r2l9,679.0,102.0,426.04,54,37,1,38,16,False,ok,0,0.2702702702702703
Svea_Hovraett_etc_export_job_4502446_842250_Svea_Hovraett_-_Advokatfiskalens_Jaemtlands_laen__1702__-7a829e7f/0019_DSC_0352/r2l10,689.0,98.0,449.96,57,34,2,36,21,False,ok,0,0.17647058823529413
Svea_Hovraett_etc_export_job_4502446_842250_Svea_Hovraett_-_Advokatfiskalens_Jaemtlands_laen__1702__-7a829e7f/0019_DSC_0352/r2l11,700.0,97.0,461.86,58,35,3,38,20,False,ok,0,0.14285714285714285
Svea_Hovraett_etc_export_job_4502446_842250_Svea_Hovraett_-_Advokatfiskalens_Jaemtlands_laen__1702__-7a829e7f/0019_DSC_0352/r2l12,717.0,99.0,463.52,58,38,3,41,17,False,ok,0,0.2631578947368421
Svea_Hovraett_etc_export_job_4502446_842250_Svea_Hovraett_-_Advokatfiskalens_Jaemtlands_laen__1702__-7a829e7f/0019_DSC_0352/r2l13,707.0,104.0,435.08,55,36,2,38,17,False,ok,0,0.08333333333333333
Svea_Hovraett_etc_export_job_4502446_842250_Svea_Hovraett_-_Advokatfiskalens_Jaemtlands_laen__1702__-7a829e7f/0019_DSC_0352/r2l14,717.0,75.0,611.84,77,33,1,34,43,False,ok,0,0.15151515151515152
Svea_Hovraett_etc_export_job_4502446_842250_Svea_Hovraett_-_Advokatfiskalens_Jaemtlands_laen__1702__-7a829e7f/0019_DSC_0352/r2l15,744.0,95.0,501.22,63,36,1,37,26,False,ok,0,0.027777777777777776
Svea_Hovraett_etc_export_job_4502446_842250_Svea_Hovraett_-_Advokatfiskalens_Jaemtlands_laen__1702__-7a829e7f/0019_DSC_0352/r2l16,748.0,101.0,473.98,60,32,1,33,27,False,ok,0,0.25
Svea_Hovraett_etc_export_job_4502446_842250_Svea_Hovraett_-_Advokatfiskalens_Jaemtlands_laen__1702__-7a829e7f/0019_DSC_0352/r2l17,747.0,90.0,531.2,67,34,0,34,33,False,ok,0,0.029411764705882353
Svea_Hovraett_etc_export_job_4502446_842250_Svea_Hovraett_-_Advokatfiskalens_Jaemtlands_laen__1702__-7a829e7f/0019_DSC_0352/r2l18,772.0,79.0,625.42,79,35,2,37,42,False,ok,0,0.2857142857142857
Svea_Hovraett_etc_export_job_4502446_842250_Svea_Hovraett_-_Advokatfiskalens_Jaemtlands_laen__1702__-7a829e7f/0019_DSC_0352/r2l19,733.0,105.0,446.78,56,33,2,35,21,False,ok,0,0.2727272727272727
Svea_Hovraett_etc_export_job_4502446_842250_Svea_Hovraett_-_Advokatfiskalens_Jaemtlands_laen__1702__-7a829e7f/0019_DSC_0352/r2l20,730.0,112.0,417.14,53,33,3,36,17,False,ok,0,0.24242424242424243
Svea_Hovraett_etc_export_job_4502446_842250_Svea_Hovraett_-_Advokatfiskalens_Jaemtlands_laen__1702__-7a829e7f/0019_DSC_0352/r2l21,108.0,78.0,88.62,12,3,0,3,9,False,empty,1,1.0
Svea_Hovraett_etc_export_job_4502446_842250_Svea_Hovraett_-_Advokatfiskalens_Jaemtlands_laen__1702__-7a829e7f/0019_DSC_0352/r3l1,65.0,77.0,54.03,7,3,0,3,4,False,empty,1,1.0
Svea_Hovraett_etc_export_job_4502446_842250_Svea_Hovraett_-_Advokatfiskalens_Jaemtlands_laen__1702__-7a829e7f/0020_DSC_0353/r1l1,602.0,100.0,385.28,49,36,2,38,11,False,ok,0,0.3055555555555556
Svea_Hovraett_etc_export_job_4502446_842250_Svea_Hovraett_-_Advokatfiskalens_Jaemtlands_laen__1702__-7a829e7f/0020_DSC_0353/r1l2,631.0,113.0,357.38,45,36,1,37,8,False,ok,0,0.6111111111111112
Svea_Hovraett_etc_export_job_4502446_842250_Svea_Hovraett_-_Advokatfiskalens_Jaemtlands_laen__1702__-7a829e7f/0020_DSC_0353/r1l3,636.0,120.0,339.2,43,36,2,38,5,False,ok,0,0.4166666666666667
Svea_Hovraett_etc_export_job_4502446_842250_Svea_Hovraett_-_Advokatfiskalens_Jaemtlands_laen__1702__-7a829e7f/0020_DSC_0353/r1l4,642.0,103.0,398.91,50,32,1,33,17,False,ok,0,0.53125
Svea_Hovraett_etc_export_job_4502446_842250_Svea_Hovraett_-_Advokatfiskalens_Jaemtlands_laen__1702__-7a829e7f/0020_DSC_0353/r1l5,637.0,102.0,399.69,50,36,0,36,14,False,ok,0,0.16666666666666666
Svea_Hovraett_etc_export_job_4502446_842250_Svea_Hovraett_-_Advokatfiskalens_Jaemtlands_laen__1702__-7a829e7f/0020_DSC_0353/r1l6,642.0,87.0,472.28,60,31,1,32,28,False,ok,0,0.12903225806451613
Svea_Hovraett_etc_export_job_4502446_842250_Svea_Hovraett_-_Advokatfiskalens_Jaemtlands_laen__1702__-7a829e7f/0020_DSC_0353/r1l7,645.0,109.0,378.72,48,37,3,40,8,False,ok,0,0.2702702702702703
Svea_Hovraett_etc_export_job_4502446_842250_Svea_Hovraett_-_Advokatfiskalens_Jaemtlands_laen__1702__-7a829e7f/0020_DSC_0353/r1l8,663.0,90.0,471.47,59,35,2,37,22,False,ok,0,0.22857142857142856
Svea_Hovraett_etc_export_job_4502446_842250_Svea_Hovraett_-_Advokatfiskalens_Jaemtlands_laen__1702__-7a829e7f/0020_DSC_0353/r1l9,644.0,95.0,433.85,55,37,1,38,17,False,ok,0,0.21621621621621623
Svea_Hovraett_etc_export_job_4502446_842250_Svea_Hovraett_-_Advokatfiskalens_Jaemtlands_laen__1702__-7a829e7f/0020_DSC_0353/r1l10,655.0,93.0,450.75,57,37,2,39,18,False,ok,0,0.35135135135135137
Svea_Hovraett_etc_export_job_4502446_842250_Svea_Hovraett_-_Advokatfiskalens_Jaemtlands_laen__1702__-7a829e7f/0020_DSC_0353/r1l11,666.0,93.0,458.32,58,37,0,37,21,False,ok,0,0.13513513513513514
Svea_Hovraett_etc_export_job_4502446_842250_Svea_Hovraett_-_Advokatfiskalens_Jaemtlands_laen__1702__-7a829e7f/0020_DSC_0353/r1l12,669.0,100.0,428.16,54,36,1,37,17,False,ok,0,0.1388888888888889
Svea_Hovraett_etc_export_job_4502446_842250_Svea_Hovraett_-_Advokatfiskalens_Jaemtlands_laen__1702__-7a829e7f/0020_DSC_0353/r1l13,664.0,95.0,447.33,56,36,0,36,20,False,ok,0,0.2222222222222222
Svea_Hovraett_etc_export_job_4502446_842250_Svea_Hovraett_-_Advokatfiskalens_Jaemtlands_laen__1702__-7a829e7f/0020_DSC_0353/r1l14,675.0,116.0,372.41,47,38,1,39,8,False,ok,0,0.3157894736842105
Svea_Hovraett_etc_export_job_4502446_842250_Svea_Hovraett_-_Advokatfiskalens_Jaemtlands_laen__1702__-7a829e7f/0020_DSC_0353/r1l15,674.0,97.0,444.7,56,37,2,39,17,False,ok,0,0.2702702702702703
Svea_Hovraett_etc_export_job_4502446_842250_Svea_Hovraett_-_Advokatfiskalens_Jaemtlands_laen__1702__-7a829e7f/0020_DSC_0353/r1l16,673.0,116.0,371.31,47,38,2,40,7,False,ok,0,0.42105263157894735
Svea_Hovraett_etc_export_job_4502446_842250_Svea_Hovraett_-_Advokatfiskalens_Jaemtlands_laen__1702__-7a829e7f/0020_DSC_0353/r1l17,694.0,103.0,431.22,54,35,3,38,16,False,ok,0,0.14285714285714285
Svea_Hovraett_etc_export_job_4502446_842250_Svea_Hovraett_-_Advokatfiskalens_Jaemtlands_laen__1702__-7a829e7f/0020_DSC_0353/r1l18,691.0,110.0,402.04,51,44,2,46,5,False,ok,0,0.5454545454545454
Svea_Hovraett_etc_export_job_4502446_842250_Svea_Hovraett_-_Advokatfiskalens_Jaemtlands_laen__1702__-7a829e7f/0020_DSC_0353/r1l19,685.0,119.0,368.4,47,32,1,33,14,False,ok,0,0.46875
Svea_Hovraett_etc_export_job_4502446_842250_Svea_Hovraett_-_Advokatfiskalens_Jaemtlands_laen__1702__-7a829e7f/0020_DSC_0353/r1l20,681.0,104.0,419.08,53,33,2,35,18,False,ok,0,0.24242424242424243
Svea_Hovraett_etc_export_job_4502446_842250_Svea_Hovraett_-_Advokatfiskalens_Jaemtlands_laen__1702__-7a829e7f/0020_DSC_0353/r1l21,114.0,109.0,66.94,9,3,0,3,6,False,empty,1,1.0
Svea_Hovraett_etc_export_job_4502446_842250_Svea_Hovraett_-_Advokatfiskalens_Jaemtlands_laen__1702__-7a829e7f/0020_DSC_0353/r2l1,85.0,76.0,71.58,9,3,0,3,6,False,ok,0,0.6666666666666666
Svea_Hovraett_etc_export_job_4502446_842250_Svea_Hovraett_-_Advokatfiskalens_Jaemtlands_laen__1702__-7a829e7f/0020_DSC_0353/r2l2,671.0,113.0,380.04,48,36,0,36,12,False,ok,0,0.3333333333333333
Svea_Hovraett_etc_export_job_4502446_842250_Svea_Hovraett_-_Advokatfiskalens_Jaemtlands_laen__1702__-7a829e7f/0020_DSC_0353/r2l3,667.0,115.0,371.2,47,41,3,44,3,False,ok,0,0.4634146341463415
Svea_Hovraett_etc_export_job_4502446_842250_Svea_Hovraett_-_Advokatfiskalens_Jaemtlands_laen__1702__-7a829e7f/0020_DSC_0353/r2l4,659.0,107.0,394.17,50,27,1,28,22,False,ok,0,0.2962962962962963
Svea_Hovraett_etc_export_job_4502446_842250_Svea_Hovraett_-_Advokatfiskalens_Jaemtlands_laen__1702__-7a829e7f/0020_DSC_0353/r2l5,669.0,108.0,396.44,50,31,0,31,19,False,ok,0,0.25806451612903225
Svea_Hovraett_etc_export_job_4502446_842250_Svea_Hovraett_-_Advokatfiskalens_Jaemtlands_laen__1702__-7a829e7f/0020_DSC_0353/r2l6,694.0,103.0,431.22,54,37,0,37,17,False,ok,0,0.21621621621621623
Svea_Hovraett_etc_export_job_4502446_842250_Svea_Hovraett_-_Advokatfiskalens_Jaemtlands_laen__1702__-7a829e7f/0020_DSC_0353/r2l7,702.0,98.0,458.45,58,34,1,35,23,False,ok,0,0.2647058823529412
Svea_Hovraett_etc_export_job_4502446_842250_Svea_Hovraett_-_Advokatfiskalens_Jaemtlands_laen__1702__-7a829e7f/0020_DSC_0353/r2l8,710.0,117.0,388.38,49,37,1,38,11,False,ok,0,0.32432432432432434
Svea_Hovraett_etc_export_job_4502446_842250_Svea_Hovraett_-_Advokatfiskalens_Jaemtlands_laen__1702__-7a829e7f/0020_DSC_0353/r2l9,711.0,94.0,484.09,61,38,4,42,19,False,ok,0,0.13157894736842105
Svea_Hovraett_etc_export_job_4502446_842250_Svea_Hovraett_-_Advokatfiskalens_Jaemtlands_laen__1702__-7a829e7f/0020_DSC_0353/r2l10,668.0,118.0,362.31,46,31,3,34,12,False,ok,0,0.12903225806451613
Svea_Hovraett_etc_export_job_4502446_842250_Svea_Hovraett_-_Advokatfiskalens_Jaemtlands_laen__1702__-7a829e7f/0020_DSC_0353/r2l11,709.0,83.0,546.7,69,36,1,37,32,False,ok,0,0.2222222222222222
Svea_Hovraett_etc_export_job_4502446_842250_Svea_Hovraett_-_Advokatfiskalens_Jaemtlands_laen__1702__-7a829e7f/0020_DSC_0353/r2l12,693.0,84.0,528.0,66,32,2,34,32,False,ok,0,0.15625
Svea_Hovraett_etc_export_job_4502446_842250_Svea_Hovraett_-_Advokatfiskalens_Jaemtlands_laen__1702__-7a829e7f/0020_DSC_0353/r2l13,692.0,87.0,509.06,64,31,0,31,33,False,ok,0,0.16129032258064516
Svea_Hovraett_etc_export_job_4502446_842250_Svea_Hovraett_-_Advokatfiskalens_Jaemtlands_laen__1702__-7a829e7f/0020_DSC_0353/r2l14,722.0,106.0,435.92,55,36,1,37,18,False,ok,0,0.08333333333333333
Svea_Hovraett_etc_export_job_4502446_842250_Svea_Hovraett_-_Advokatfiskalens_Jaemtlands_laen__1702__-7a829e7f/0020_DSC_0353/r2l15,710.0,95.0,478.32,60,36,2,38,22,False,ok,0,0.16666666666666666
Svea_Hovraett_etc_export_job_4502446_842250_Svea_Hovraett_-_Advokatfiskalens_Jaemtlands_laen__1702__-7a829e7f/0020_DSC_0353/r2l16,737.0,84.0,561.52,71,35,0,35,36,False,ok,0,0.14285714285714285
Svea_Hovraett_etc_export_job_4502446_842250_Svea_Hovraett_-_Advokatfiskalens_Jaemtlands_laen__1702__-7a829e7f/0020_DSC_0353/r2l17,770.0,99.0,497.78,63,38,2,40,23,False,ok,0,0.10526315789473684
Svea_Hovraett_etc_export_job_4502446_842250_Svea_Hovraett_-_Advokatfiskalens_Jaemtlands_laen__1702__-7a829e7f/0020_DSC_0353/r2l18,80.0,50.0,102.4,13,4,0,4,9,False,empty,1,1.0
Svea_Hovraett_etc_export_job_4502446_842250_Svea_Hovraett_-_Advokatfiskalens_Jaemtlands_laen__1702__-7a829e7f/0020_DSC_0353/r2l19,842.0,140.0,384.91,49,37,0,37,12,False,ok,0,0.40540540540540543
Svea_Hovraett_etc_export_job_4502446_842250_Svea_Hovraett_-_Advokatfiskalens_Jaemtlands_laen__1702__-7a829e7f/0020_DSC_0353/r2l20,730.0,118.0,395.93,50,27,0,27,23,False,ok,0,0.07407407407407407
Svea_Hovraett_etc_export_job_4502446_842250_Svea_Hovraett_-_Advokatfiskalens_Jaemtlands_laen__1702__-7a829e7f/0020_DSC_0353/r2l21,145.0,121.0,76.69,10,4,0,4,6,False,ok,0,0.5
Svea_Hovraett_etc_export_job_4502446_842250_Svea_Hovraett_-_Advokatfiskalens_Jaemtlands_laen__1702__-7a829e7f/0021_DSC_0355/r1l1,634.0,132.0,307.39,39,37,2,39,0,False,ok,0,0.7837837837837838
Svea_Hovraett_etc_export_job_4502446_842250_Svea_Hovraett_-_Advokatfiskalens_Jaemtlands_laen__1702__-7a829e7f/0021_DSC_0355/r1l2,629.0,113.0,356.25,45,30,0,30,15,False,ok,0,0.6666666666666666
Svea_Hovraett_etc_export_job_4502446_842250_Svea_Hovraett_-_Advokatfiskalens_Jaemtlands_laen__1702__-7a829e7f/0021_DSC_0355/r1l3,630.0,98.0,411.43,52,38,0,38,14,False,ok,0,0.21052631578947367
Svea_Hovraett_etc_export_job_4502446_842250_Svea_Hovraett_-_Advokatfiskalens_Jaemtlands_laen__1702__-7a829e7f/0021_DSC_0355/r1l4,615.0,124.0,317.42,40,30,0,30,10,False,ok,0,0.7333333333333333
Svea_Hovraett_etc_export_job_4502446_842250_Svea_Hovraett_-_Advokatfiskalens_Jaemtlands_laen__1702__-7a829e7f/0021_DSC_0355/r1l5,645.0,106.0,389.43,49,35,2,37,12,False,ok,0,0.34285714285714286
Svea_Hovraett_etc_export_job_4502446_842250_Svea_Hovraett_-_Advokatfiskalens_Jaemtlands_laen__1702__-7a829e7f/0021_DSC_0355/r1l6,632.0,108.0,374.52,47,31,0,31,16,False,ok,0,0.3548387096774194
Svea_Hovraett_etc_export_job_4502446_842250_Svea_Hovraett_-_Advokatfiskalens_Jaemtlands_laen__1702__-7a829e7f/0021_DSC_0355/r1l7,643.0,96.0,428.67,54,39,1,40,14,False,ok,0,0.38461538461538464
Svea_Hovraett_etc_export_job_4502446_842250_Svea_Hovraett_-_Advokatfiskalens_Jaemtlands_laen__1702__-7a829e7f/0021_DSC_0355/r1l8,648.0,103.0,402.64,51,39,2,41,10,False,ok,0,0.38461538461538464
Svea_Hovraett_etc_export_job_4502446_842250_Svea_Hovraett_-_Advokatfiskalens_Jaemtlands_laen__1702__-7a829e7f/0021_DSC_0355/r1l9,663.0,111.0,382.27,48,34,2,36,12,False,ok,0,0.5294117647058824
Svea_Hovraett_etc_export_job_4502446_842250_Svea_Hovraett_-_Advokatfiskalens_Jaemtlands_laen__1702__-7a829e7f/0021_DSC_0355/r1l10,659.0,98.0,430.37,54,32,0,32,22,False,ok,0,0.15625
Svea_Hovraett_etc_export_job_4502446_842250_Svea_Hovraett_-_Advokatfiskalens_Jaemtlands_laen__1702__-7a829e7f/0021_DSC_0355/r1l11,661.0,67.0,631.4,79,29,1,30,49,False,ok,0,0.0
Svea_Hovraett_etc_export_job_4502446_842250_Svea_Hovraett_-_Advokatfiskalens_Jaemtlands_laen__1702__-7a829e7f/0021_DSC_0355/r1l12,641.0,101.0,406.18,51,35,3,38,13,False,ok,0,0.14285714285714285
Svea_Hovraett_etc_export_job_4502446_842250_Svea_Hovraett_-_Advokatfiskalens_Jaemtlands_laen__1702__-7a829e7f/0021_DSC_0355/r1l13,662.0,98.0,432.33,55,30,1,31,24,False,ok,0,0.16666666666666666
Svea_Hovraett_etc_export_job_4502446_842250_Svea_Hovraett_-_Advokatfiskalens_Jaemtlands_laen__1702__-7a829e7f/0021_DSC_0355/r1l14,652.0,88.0,474.18,60,32,1,33,27,False,ok,0,0.1875
Svea_Hovraett_etc_export_job_4502446_842250_Svea_Hovraett_-_Advokatfiskalens_Jaemtlands_laen__1702__-7a829e7f/0021_DSC_0355/r1l15,666.0,102.0,417.88,53,34,1,35,18,False,ok,0,0.058823529411764705
Svea_Hovraett_etc_export_job_4502446_842250_Svea_Hovraett_-_Advokatfiskalens_Jaemtlands_laen__1702__-7a829e7f/0021_DSC_0355/r1l16,667.0,103.0,414.45,52,32,1,33,19,False,ok,0,0.15625
Svea_Hovraett_etc_export_job_4502446_842250_Svea_Hovraett_-_Advokatfiskalens_Jaemtlands_laen__1702__-7a829e7f/0021_DSC_0355/r1l17,691.0,92.0,480.7,61,32,1,33,28,False,ok,0,0.125
Svea_Hovraett_etc_export_job_4502446_842250_Svea_Hovraett_-_Advokatfiskalens_Jaemtlands_laen__1702__-7a829e7f/0021_DSC_0355/r1l18,711.0,104.0,437.54,55,35,0,35,20,False,ok,0,0.2
Svea_Hovraett_etc_export_job_4502446_842250_Svea_Hovraett_-_Advokatfiskalens_Jaemtlands_laen__1702__-7a829e7f/0021_DSC_0355/r1l19,700.0,99.0,452.53,57,30,2,32,25,False,ok,0,0.0
Svea_Hovraett_etc_export_job_4502446_842250_Svea_Hovraett_-_Advokatfiskalens_Jaemtlands_laen__1702__-7a829e7f/0021_DSC_0355/r1l20,699.0,80.0,559.2,70,26,1,27,43,False,ok,0,0.11538461538461539
Svea_Hovraett_etc_export_job_4502446_842250_Svea_Hovraett_-_Advokatfiskalens_Jaemtlands_laen__1702__-7a829e7f/0021_DSC_0355/r1l21,161.0,116.0,88.83,12,3,1,4,8,False,ok,0,1.0
Svea_Hovraett_etc_export_job_4502446_842250_Svea_Hovraett_-_Advokatfiskalens_Jaemtlands_laen__1702__-7a829e7f/0021_DSC_0355/r2l3,78.0,57.0,87.58,11,3,0,3,8,False,ok,0,0.3333333333333333
Svea_Hovraett_etc_export_job_4502446_842250_Svea_Hovraett_-_Advokatfiskalens_Jaemtlands_laen__1702__-7a829e7f/0021_DSC_0355/r2l4,690.0,152.0,290.53,37,45,3,48,-11,True,ok,0,0.8
Svea_Hovraett_etc_export_job_4502446_842250_Svea_Hovraett_-_Advokatfiskalens_Jaemtlands_laen__1702__-7a829e7f/0021_DSC_0355/r2l5,637.0,119.0,342.59,43,36,0,36,7,False,ok,0,0.7777777777777778
Svea_Hovraett_etc_export_job_4502446_842250_Svea_Hovraett_-_Advokatfiskalens_Jaemtlands_laen__1702__-7a829e7f/0021_DSC_0355/r2l6,688.0,132.0,333.58,42,40,2,42,0,False,ok,0,0.675
Svea_Hovraett_etc_export_job_4502446_842250_Svea_Hovraett_-_Advokatfiskalens_Jaemtlands_laen__1702__-7a829e7f/0021_DSC_0355/r2l7,680.0,129.0,337.36,43,37,1,38,5,False,ok,0,0.5135135135135135
Svea_Hovraett_etc_export_job_4502446_842250_Svea_Hovraett_-_Advokatfiskalens_Jaemtlands_laen__1702__-7a829e7f/0021_DSC_0355/r2l9,389.0,120.0,207.47,26,20,0,20,6,False,ok,0,0.65
Svea_Hovraett_etc_export_job_4502446_842250_Svea_Hovraett_-_Advokatfiskalens_Jaemtlands_laen__1702__-7a829e7f/0021_DSC_0355/r2l10,702.0,140.0,320.91,41,36,2,38,3,False,ok,0,0.8611111111111112
Svea_Hovraett_etc_export_job_4502446_842250_Svea_Hovraett_-_Advokatfiskalens_Jaemtlands_laen__1702__-7a829e7f/0021_DSC_0355/r2l11,710.0,127.0,357.8,45,36,0,36,9,False,ok,0,0.5833333333333334
Svea_Hovraett_etc_export_job_4502446_842250_Svea_Hovraett_-_Advokatfiskalens_Jaemtlands_laen__1702__-7a829e7f/0021_DSC_0355/r2l12,692.0,115.0,385.11,49,33,3,36,13,False,ok,0,0.24242424242424243
Svea_Hovraett_etc_export_job_4502446_842250_Svea_Hovraett_-_Advokatfiskalens_Jaemtlands_laen__1702__-7a829e7f/0021_DSC_0355/r2l13,713.0,118.0,386.71,49,30,1,31,18,False,ok,0,0.43333333333333335
Svea_Hovraett_etc_export_job_4502446_842250_Svea_Hovraett_-_Advokatfiskalens_Jaemtlands_laen__1702__-7a829e7f/0021_DSC_0355/r2l14,708.0,95.0,476.97,60,33,0,33,27,False,ok,0,0.30303030303030304
Svea_Hovraett_etc_export_job_4502446_842250_Svea_Hovraett_-_Advokatfiskalens_Jaemtlands_laen__1702__-7a829e7f/0021_DSC_0355/r2l15,717.0,111.0,413.41,52,34,2,36,16,False,ok,0,0.08823529411764706
Svea_Hovraett_etc_export_job_4502446_842250_Svea_Hovraett_-_Advokatfiskalens_Jaemtlands_laen__1702__-7a829e7f/0021_DSC_0355/r2l16,714.0,103.0,443.65,56,32,1,33,23,False,ok,0,0.21875
Svea_Hovraett_etc_export_job_4502446_842250_Svea_Hovraett_-_Advokatfiskalens_Jaemtlands_laen__1702__-7a829e7f/0021_DSC_0355/r2l17,748.0,100.0,478.72,60,35,3,38,22,False,ok,0,0.02857142857142857
Svea_Hovraett_etc_export_job_4502446_842250_Svea_Hovraett_-_Advokatfiskalens_Jaemtlands_laen__1702__-7a829e7f/0021_DSC_0355/r2l18,723.0,98.0,472.16,60,33,1,34,26,False,ok,0,0.2727272727272727
Svea_Hovraett_etc_export_job_4502446_842250_Svea_Hovraett_-_Advokatfiskalens_Jaemtlands_laen__1702__-7a829e7f/0021_DSC_0355/r2l19,721.0,115.0,401.25,51,35,2,37,14,False,ok,0,0.2
Svea_Hovraett_etc_export_job_4502446_842250_Svea_Hovraett_-_Advokatfiskalens_Jaemtlands_laen__1702__-7a829e7f/0021_DSC_0355/r2l20,752.0,100.0,481.28,61,38,2,40,21,False,ok,0,0.2894736842105263
Svea_Hovraett_etc_export_job_4502446_842250_Svea_Hovraett_-_Advokatfiskalens_Jaemtlands_laen__1702__-7a829e7f/0021_DSC_0355/r2l21,751.0,110.0,436.95,55,37,0,37,18,False,ok,0,0.21621621621621623
Svea_Hovraett_etc_export_job_4502446_842250_Svea_Hovraett_-_Advokatfiskalens_Jaemtlands_laen__1702__-7a829e7f/0021_DSC_0355/r2l22,757.0,99.0,489.37,62,32,2,34,28,False,ok,0,0.09375
Svea_Hovraett_etc_export_job_4502446_842250_Svea_Hovraett_-_Advokatfiskalens_Jaemtlands_laen__1702__-7a829e7f/0021_DSC_0355/r2l23,739.0,112.0,422.29,53,32,2,34,19,False,ok,0,0.15625
Svea_Hovraett_etc_export_job_4502446_842250_Svea_Hovraett_-_Advokatfiskalens_Jaemtlands_laen__1702__-7a829e7f/0021_DSC_0355/r2l24,781.0,116.0,430.9,54,32,1,33,21,False,ok,0,0.46875
Svea_Hovraett_etc_export_job_4502446_842250_Svea_Hovraett_-_Advokatfiskalens_Jaemtlands_laen__1702__-7a829e7f/0021_DSC_0355/r2l25,199.0,87.0,146.39,19,4,0,4,15,False,ok,0,1.0
Svea_Hovraett_etc_export_job_4502446_842250_Svea_Hovraett_-_Advokatfiskalens_Jaemtlands_laen__1702__-7a829e7f/0022_DSC_0356/r1l1,640.0,114.0,359.3,45,30,2,32,13,False,ok,0,0.2
Svea_Hovraett_etc_export_job_4502446_842250_Svea_Hovraett_-_Advokatfiskalens_Jaemtlands_laen__1702__-7a829e7f/0022_DSC_0356/r1l2,622.0,93.0,428.04,54,34,1,35,19,False,ok,0,0.23529411764705882
Svea_Hovraett_etc_export_job_4502446_842250_Svea_Hovraett_-_Advokatfiskalens_Jaemtlands_laen__1702__-7a829e7f/0022_DSC_0356/r1l3,621.0,86.0,462.14,58,32,0,32,26,False,ok,0,0.0625
Svea_Hovraett_etc_export_job_4502446_842250_Svea_Hovraett_-_Advokatfiskalens_Jaemtlands_laen__1702__-7a829e7f/0022_DSC_0356/line_1637852783406_1527,628.0,94.0,427.57,54,30,0,30,24,False,ok,0,0.43333333333333335
Svea_Hovraett_etc_export_job_4502446_842250_Svea_Hovraett_-_Advokatfiskalens_Jaemtlands_laen__1702__-7a829e7f/0022_DSC_0356/r1l6,637.0,77.0,529.45,67,33,0,33,34,False,ok,0,0.15151515151515152
Svea_Hovraett_etc_export_job_4502446_842250_Svea_Hovraett_-_Advokatfiskalens_Jaemtlands_laen__1702__-7a829e7f/0022_DSC_0356/r1l7,646.0,82.0,504.2,64,36,3,39,25,False,ok,0,0.1388888888888889
Svea_Hovraett_etc_export_job_4502446_842250_Svea_Hovraett_-_Advokatfiskalens_Jaemtlands_laen__1702__-7a829e7f/0022_DSC_0356/r1l8,671.0,94.0,456.85,58,31,1,32,26,False,ok,0,0.12903225806451613
Svea_Hovraett_etc_export_job_4502446_842250_Svea_Hovraett_-_Advokatfiskalens_Jaemtlands_laen__1702__-7a829e7f/0022_DSC_0356/r1l9,656.0,92.0,456.35,58,32,1,33,25,False,ok,0,0.15625
Svea_Hovraett_etc_export_job_4502446_842250_Svea_Hovraett_-_Advokatfiskalens_Jaemtlands_laen__1702__-7a829e7f/0022_DSC_0356/r1l10,650.0,76.0,547.37,69,34,1,35,34,False,ok,0,0.058823529411764705
Svea_Hovraett_etc_export_job_4502446_842250_Svea_Hovraett_-_Advokatfiskalens_Jaemtlands_laen__1702__-7a829e7f/0022_DSC_0356/r1l11,649.0,83.0,500.43,63,36,1,37,26,False,ok,0,0.1111111111111111
Svea_Hovraett_etc_export_job_4502446_842250_Svea_Hovraett_-_Advokatfiskalens_Jaemtlands_laen__1702__-7a829e7f/0022_DSC_0356/r1l12,274.0,73.0,240.22,31,11,1,12,19,False,ok,0,0.18181818181818182
Svea_Hovraett_etc_export_job_4502446_842250_Svea_Hovraett_-_Advokatfiskalens_Jaemtlands_laen__1702__-7a829e7f/0022_DSC_0356/r1l13,186.0,91.0,130.81,17,9,0,9,8,False,ok,0,0.0
Svea_Hovraett_etc_export_job_4502446_842250_Svea_Hovraett_-_Advokatfiskalens_Jaemtlands_laen__1702__-7a829e7f/0022_DSC_0356/r1l14,687.0,98.0,448.65,57,30,2,32,25,False,ok,0,0.06666666666666667
Svea_Hovraett_etc_export_job_4502446_842250_Svea_Hovraett_-_Advokatfiskalens_Jaemtlands_laen__1702__-7a829e7f/0022_DSC_0356/r1l15,679.0,102.0,426.04,54,32,1,33,21,False,ok,0,0.25
Svea_Hovraett_etc_export_job_4502446_842250_Svea_Hovraett_-_Advokatfiskalens_Jaemtlands_laen__1702__-7a829e7f/0022_DSC_0356/r1l17,679.0,102.0,426.04,54,29,1,30,24,False,ok,0,0.3103448275862069
Svea_Hovraett_etc_export_job_4502446_842250_Svea_Hovraett_-_Advokatfiskalens_Jaemtlands_laen__1702__-7a829e7f/0022_DSC_0356/r1l18,667.0,98.0,435.59,55,31,0,31,24,False,ok,0,0.1935483870967742
Svea_Hovraett_etc_export_job_4502446_842250_Svea_Hovraett_-_Advokatfiskalens_Jaemtlands_laen__1702__-7a829e7f/0022_DSC_0356/r1l19,669.0,92.0,465.39,59,30,0,30,29,False,ok,0,0.16666666666666666
Svea_Hovraett_etc_export_job_4502446_842250_Svea_Hovraett_-_Advokatfiskalens_Jaemtlands_laen__1702__-7a829e7f/0022_DSC_0356/r1l20,655.0,89.0,471.01,59,28,0,28,31,False,ok,0,0.21428571428571427
Svea_Hovraett_etc_export_job_4502446_842250_Svea_Hovraett_-_Advokatfiskalens_Jaemtlands_laen__1702__-7a829e7f/0022_DSC_0356/r1l21,679.0,108.0,402.37,51,33,1,34,17,False,ok,0,0.30303030303030304
Svea_Hovraett_etc_export_job_4502446_842250_Svea_Hovraett_-_Advokatfiskalens_Jaemtlands_laen__1702__-7a829e7f/0022_DSC_0356/r1l22,709.0,113.0,401.56,51,35,0,35,16,False,ok,0,0.3142857142857143
Svea_Hovraett_etc_export_job_4502446_842250_Svea_Hovraett_-_Advokatfiskalens_Jaemtlands_laen__1702__-7a829e7f/0022_DSC_0356/r1l23,104.0,93.0,71.57,9,3,0,3,6,False,empty,1,1.0
Svea_Hovraett_etc_export_job_4502446_842250_Svea_Hovraett_-_Advokatfiskalens_Jaemtlands_laen__1702__-7a829e7f/0022_DSC_0356/r2l2,73.0,61.0,76.59,10,4,1,5,5,False,ok,0,0.5
Svea_Hovraett_etc_export_job_4502446_842250_Svea_Hovraett_-_Advokatfiskalens_Jaemtlands_laen__1702__-7a829e7f/0022_DSC_0356/r2l3,621.0,135.0,294.4,37,34,1,35,2,False,ok,0,0.47058823529411764
Svea_Hovraett_etc_export_job_4502446_842250_Svea_Hovraett_-_Advokatfiskalens_Jaemtlands_laen__1702__-7a829e7f/0022_DSC_0356/r2l4,639.0,110.0,371.78,47,29,3,32,15,False,ok,0,0.5172413793103449
Svea_Hovraett_etc_export_job_4502446_842250_Svea_Hovraett_-_Advokatfiskalens_Jaemtlands_laen__1702__-7a829e7f/0022_DSC_0356/r2l5,682.0,91.0,479.65,60,38,3,41,19,False,ok,0,0.2631578947368421
Svea_Hovraett_etc_export_job_4502446_842250_Svea_Hovraett_-_Advokatfiskalens_Jaemtlands_laen__1702__-7a829e7f/0022_DSC_0356/r2l6,642.0,99.0,415.03,52,29,2,31,21,False,ok,0,0.27586206896551724
Svea_Hovraett_etc_export_job_4502446_842250_Svea_Hovraett_-_Advokatfiskalens_Jaemtlands_laen__1702__-7a829e7f/0022_DSC_0356/r2l7,628.0,94.0,427.57,54,32,1,33,21,False,ok,0,0.1875
Svea_Hovraett_etc_export_job_4502446_842250_Svea_Hovraett_-_Advokatfiskalens_Jaemtlands_laen__1702__-7a829e7f/0022_DSC_0356/r2l8,629.0,91.0,442.37,56,27,1,28,28,False,ok,0,0.2222222222222222
Svea_Hovraett_etc_export_job_4502446_842250_Svea_Hovraett_-_Advokatfiskalens_Jaemtlands_laen__1702__-7a829e7f/0022_DSC_0356/r2l9,671.0,84.0,511.24,64,32,0,32,32,False,ok,0,0.15625
Svea_Hovraett_etc_export_job_4502446_842250_Svea_Hovraett_-_Advokatfiskalens_Jaemtlands_laen__1702__-7a829e7f/0022_DSC_0356/r2l10,646.0,76.0,544.0,68,31,1,32,36,False,ok,0,0.16129032258064516
Svea_Hovraett_etc_export_job_4502446_842250_Svea_Hovraett_-_Advokatfiskalens_Jaemtlands_laen__1702__-7a829e7f/0022_DSC_0356/r2l11,656.0,99.0,424.08,54,36,0,36,18,False,ok,0,0.19444444444444445
Svea_Hovraett_etc_export_job_4502446_842250_Svea_Hovraett_-_Advokatfiskalens_Jaemtlands_laen__1702__-7a829e7f/0022_DSC_0356/r2l12,668.0,101.0,423.29,53,30,0,30,23,False,ok,0,0.3
Svea_Hovraett_etc_export_job_4502446_842250_Svea_Hovraett_-_Advokatfiskalens_Jaemtlands_laen__1702__-7a829e7f/0022_DSC_0356/r2l13,668.0,81.0,527.8,66,34,3,37,29,False,ok,0,0.23529411764705882
Svea_Hovraett_etc_export_job_4502446_842250_Svea_Hovraett_-_Advokatfiskalens_Jaemtlands_laen__1702__-7a829e7f/0022_DSC_0356/r2l14,677.0,90.0,481.42,61,34,0,34,27,False,ok,0,0.20588235294117646
Svea_Hovraett_etc_export_job_4502446_842250_Svea_Hovraett_-_Advokatfiskalens_Jaemtlands_laen__1702__-7a829e7f/0022_DSC_0356/r2l15,673.0,92.0,468.17,59,34,1,35,24,False,ok,0,0.20588235294117646
Svea_Hovraett_etc_export_job_4502446_842250_Svea_Hovraett_-_Advokatfiskalens_Jaemtlands_laen__1702__-7a829e7f/0022_DSC_0356/r2l16,680.0,94.0,462.98,58,36,1,37,21,False,ok,0,0.1388888888888889
Svea_Hovraett_etc_export_job_4502446_842250_Svea_Hovraett_-_Advokatfiskalens_Jaemtlands_laen__1702__-7a829e7f/0022_DSC_0356/r2l17,680.0,111.0,392.07,50,39,0,39,11,False,ok,0,0.4358974358974359
Svea_Hovraett_etc_export_job_4502446_842250_Svea_Hovraett_-_Advokatfiskalens_Jaemtlands_laen__1702__-7a829e7f/0022_DSC_0356/r2l18,656.0,112.0,374.86,47,34,2,36,11,False,ok,0,0.38235294117647056
Svea_Hovraett_etc_export_job_4502446_842250_Svea_Hovraett_-_Advokatfiskalens_Jaemtlands_laen__1702__-7a829e7f/0022_DSC_0356/r2l19,754.0,121.0,398.81,50,31,1,32,18,False,ok,0,0.1935483870967742
Svea_Hovraett_etc_export_job_4502446_842250_Svea_Hovraett_-_Advokatfiskalens_Jaemtlands_laen__1702__-7a829e7f/0022_DSC_0356/r2l20,688.0,111.0,396.68,50,27,1,28,22,False,ok,0,0.25925925925925924
Svea_Hovraett_etc_export_job_4502446_842250_Svea_Hovraett_-_Advokatfiskalens_Jaemtlands_laen__1702__-7a829e7f/0022_DSC_0356/r2l21,730.0,106.0,440.75,56,35,1,36,20,False,ok,0,0.2571428571428571
Svea_Hovraett_etc_export_job_4502446_842250_Svea_Hovraett_-_Advokatfiskalens_Jaemtlands_laen__1702__-7a829e7f/0022_DSC_0356/r2l22,174.0,81.0,137.48,18,5,1,6,12,False,ok,0,0.8
Svea_Hovraett_etc_export_job_4502446_842250_Svea_Hovraett_-_Advokatfiskalens_Jaemtlands_laen__1702__-7a829e7f/0023_DSC_0357/r1l1,629.0,118.0,341.15,43,35,1,36,7,False,ok,0,0.45714285714285713
Svea_Hovraett_etc_export_job_4502446_842250_Svea_Hovraett_-_Advokatfiskalens_Jaemtlands_laen__1702__-7a829e7f/0023_DSC_0357/r1l2,626.0,106.0,377.96,48,27,1,28,20,False,ok,0,0.14814814814814814
Svea_Hovraett_etc_export_job_4502446_842250_Svea_Hovraett_-_Advokatfiskalens_Jaemtlands_laen__1702__-7a829e7f/0023_DSC_0357/r1l3,629.0,95.0,423.75,53,32,1,33,20,False,ok,0,0.09375
Svea_Hovraett_etc_export_job_4502446_842250_Svea_Hovraett_-_Advokatfiskalens_Jaemtlands_laen__1702__-7a829e7f/0023_DSC_0357/r1l4,622.0,79.0,503.9,63,32,0,32,31,False,ok,0,0.15625
Svea_Hovraett_etc_export_job_4502446_842250_Svea_Hovraett_-_Advokatfiskalens_Jaemtlands_laen__1702__-7a829e7f/0023_DSC_0357/r1l5,641.0,73.0,561.97,71,31,1,32,39,False,ok,0,0.3548387096774194
Svea_Hovraett_etc_export_job_4502446_842250_Svea_Hovraett_-_Advokatfiskalens_Jaemtlands_laen__1702__-7a829e7f/0023_DSC_0357/r1l6,650.0,94.0,442.55,56,37,1,38,18,False,ok,0,0.13513513513513514
Svea_Hovraett_etc_export_job_4502446_842250_Svea_Hovraett_-_Advokatfiskalens_Jaemtlands_laen__1702__-7a829e7f/0023_DSC_0357/r1l7,661.0,102.0,414.75,52,32,3,35,17,False,ok,0,0.1875
Svea_Hovraett_etc_export_job_4502446_842250_Svea_Hovraett_-_Advokatfiskalens_Jaemtlands_laen__1702__-7a829e7f/0023_DSC_0357/r1l8,640.0,74.0,553.51,70,35,3,38,32,False,ok,0,0.17142857142857143
Svea_Hovraett_etc_export_job_4502446_842250_Svea_Hovraett_-_Advokatfiskalens_Jaemtlands_laen__1702__-7a829e7f/0023_DSC_0357/r1l9,656.0,94.0,446.64,56,35,1,36,20,False,ok,0,0.2571428571428571
Svea_Hovraett_etc_export_job_4502446_842250_Svea_Hovraett_-_Advokatfiskalens_Jaemtlands_laen__1702__-7a829e7f/0023_DSC_0357/r1l10,649.0,85.0,488.66,62,36,1,37,25,False,ok,0,0.1111111111111111
Svea_Hovraett_etc_export_job_4502446_842250_Svea_Hovraett_-_Advokatfiskalens_Jaemtlands_laen__1702__-7a829e7f/0023_DSC_0357/r1l11,662.0,101.0,419.49,53,36,2,38,15,False,ok,0,0.08333333333333333
Svea_Hovraett_etc_export_job_4502446_842250_Svea_Hovraett_-_Advokatfiskalens_Jaemtlands_laen__1702__-7a829e7f/0023_DSC_0357/r1l12,656.0,101.0,415.68,52,32,0,32,20,False,ok,0,0.1875
Svea_Hovraett_etc_export_job_4502446_842250_Svea_Hovraett_-_Advokatfiskalens_Jaemtlands_laen__1702__-7a829e7f/0023_DSC_0357/r1l13,661.0,88.0,480.73,61,31,3,34,27,False,ok,0,0.0967741935483871
Svea_Hovraett_etc_export_job_4502446_842250_Svea_Hovraett_-_Advokatfiskalens_Jaemtlands_laen__1702__-7a829e7f/0023_DSC_0357/r1l14,648.0,108.0,384.0,48,33,1,34,14,False,ok,0,0.06060606060606061
Svea_Hovraett_etc_export_job_4502446_842250_Svea_Hovraett_-_Advokatfiskalens_Jaemtlands_laen__1702__-7a829e7f/0023_DSC_0357/r1l15,675.0,96.0,450.0,57,31,1,32,25,False,ok,0,0.0967741935483871
Svea_Hovraett_etc_export_job_4502446_842250_Svea_Hovraett_-_Advokatfiskalens_Jaemtlands_laen__1702__-7a829e7f/0023_DSC_0357/r1l16,681.0,83.0,525.11,66,30,0,30,36,False,ok,0,0.3333333333333333
Svea_Hovraett_etc_export_job_4502446_842250_Svea_Hovraett_-_Advokatfiskalens_Jaemtlands_laen__1702__-7a829e7f/0023_DSC_0357/r1l17,688.0,102.0,431.69,54,38,1,39,15,False,ok,0,0.21052631578947367
Svea_Hovraett_etc_export_job_4502446_842250_Svea_Hovraett_-_Advokatfiskalens_Jaemtlands_laen__1702__-7a829e7f/0023_DSC_0357/r1l18,676.0,115.0,376.21,48,29,1,30,18,False,ok,0,0.1724137931034483
Svea_Hovraett_etc_export_job_4502446_842250_Svea_Hovraett_-_Advokatfiskalens_Jaemtlands_laen__1702__-7a829e7f/0023_DSC_0357/r1l19,682.0,103.0,423.77,53,29,1,30,23,False,ok,0,0.13793103448275862
Svea_Hovraett_etc_export_job_4502446_842250_Svea_Hovraett_-_Advokatfiskalens_Jaemtlands_laen__1702__-7a829e7f/0023_DSC_0357/r1l20,698.0,110.0,406.11,51,34,1,35,16,False,ok,0,0.058823529411764705
Svea_Hovraett_etc_export_job_4502446_842250_Svea_Hovraett_-_Advokatfiskalens_Jaemtlands_laen__1702__-7a829e7f/0023_DSC_0357/r1l21,197.0,88.0,143.27,18,3,0,3,15,False,ok,0,0.6666666666666666
Svea_Hovraett_etc_export_job_4502446_842250_Svea_Hovraett_-_Advokatfiskalens_Jaemtlands_laen__1702__-7a829e7f/0023_DSC_0357/r2l1,81.0,64.0,81.0,11,3,0,3,8,False,empty,1,1.0
Svea_Hovraett_etc_export_job_4502446_842250_Svea_Hovraett_-_Advokatfiskalens_Jaemtlands_laen__1702__-7a829e7f/0023_DSC_0357/r2l2,638.0,153.0,266.88,34,26,2,28,6,False,ok,0,0.6153846153846154
Svea_Hovraett_etc_export_job_4502446_842250_Svea_Hovraett_-_Advokatfiskalens_Jaemtlands_laen__1702__-7a829e7f/0023_DSC_0357/r2l3,727.0,121.0,384.53,49,35,3,38,11,False,ok,0,0.5714285714285714
Svea_Hovraett_etc_export_job_4502446_842250_Svea_Hovraett_-_Advokatfiskalens_Jaemtlands_laen__1702__-7a829e7f/0023_DSC_0357/r2l4,677.0,104.0,416.62,53,33,0,33,20,False,ok,0,0.48484848484848486
Svea_Hovraett_etc_export_job_4502446_842250_Svea_Hovraett_-_Advokatfiskalens_Jaemtlands_laen__1702__-7a829e7f/0023_DSC_0357/r2l5,668.0,106.0,403.32,51,38,0,38,13,False,ok,0,0.3157894736842105
Svea_Hovraett_etc_export_job_4502446_842250_Svea_Hovraett_-_Advokatfiskalens_Jaemtlands_laen__1702__-7a829e7f/0023_DSC_0357/r2l6,680.0,96.0,453.33,57,39,3,42,15,False,ok,0,0.358974358974359
Svea_Hovraett_etc_export_job_4502446_842250_Svea_Hovraett_-_Advokatfiskalens_Jaemtlands_laen__1702__-7a829e7f/0023_DSC_0357/r2l7,676.0,91.0,475.43,60,36,2,38,22,False,ok,0,0.3055555555555556
Svea_Hovraett_etc_export_job_4502446_842250_Svea_Hovraett_-_Advokatfiskalens_Jaemtlands_laen__1702__-7a829e7f/0023_DSC_0357/r2l8,675.0,96.0,450.0,57,36,2,38,19,False,ok,0,0.1388888888888889
Svea_Hovraett_etc_export_job_4502446_842250_Svea_Hovraett_-_Advokatfiskalens_Jaemtlands_laen__1702__-7a829e7f/0023_DSC_0357/r2l9,690.0,85.0,519.53,65,33,0,33,32,False,ok,0,0.15151515151515152
Svea_Hovraett_etc_export_job_4502446_842250_Svea_Hovraett_-_Advokatfiskalens_Jaemtlands_laen__1702__-7a829e7f/0023_DSC_0357/r2l10,671.0,91.0,471.91,59,32,1,33,26,False,ok,0,0.09375
Svea_Hovraett_etc_export_job_4502446_842250_Svea_Hovraett_-_Advokatfiskalens_Jaemtlands_laen__1702__-7a829e7f/0023_DSC_0357/r2l11,690.0,96.0,460.0,58,35,1,36,22,False,ok,0,0.11428571428571428
Svea_Hovraett_etc_export_job_4502446_842250_Svea_Hovraett_-_Advokatfiskalens_Jaemtlands_laen__1702__-7a829e7f/0023_DSC_0357/r2l12,690.0,108.0,408.89,52,31,1,32,20,False,ok,0,0.12903225806451613
Svea_Hovraett_etc_export_job_4502446_842250_Svea_Hovraett_-_Advokatfiskalens_Jaemtlands_laen__1702__-7a829e7f/0023_DSC_0357/r2l13,702.0,111.0,404.76,51,37,1,38,13,False,ok,0,0.35135135135135137
Svea_Hovraett_etc_export_job_4502446_842250_Svea_Hovraett_-_Advokatfiskalens_Jaemtlands_laen__1702__-7a829e7f/0023_DSC_0357/r2l14,611.0,103.0,379.65,48,30,1,31,17,False,ok,0,0.3333333333333333
Svea_Hovraett_etc_export_job_4502446_842250_Svea_Hovraett_-_Advokatfiskalens_Jaemtlands_laen__1702__-7a829e7f/0023_DSC_0357/r2l15,800.0,119.0,430.25,54,39,3,42,12,False,ok,0,0.20512820512820512
Svea_Hovraett_etc_export_job_4502446_842250_Svea_Hovraett_-_Advokatfiskalens_Jaemtlands_laen__1702__-7a829e7f/0023_DSC_0357/r2l16,739.0,106.0,446.19,56,34,0,34,22,False,ok,0,0.08823529411764706
Svea_Hovraett_etc_export_job_4502446_842250_Svea_Hovraett_-_Advokatfiskalens_Jaemtlands_laen__1702__-7a829e7f/0023_DSC_0357/r2l17,727.0,104.0,447.38,56,31,1,32,24,False,ok,0,0.06451612903225806
Svea_Hovraett_etc_export_job_4502446_842250_Svea_Hovraett_-_Advokatfiskalens_Jaemtlands_laen__1702__-7a829e7f/0023_DSC_0357/r2l18,745.0,102.0,467.45,59,36,1,37,22,False,ok,0,0.1388888888888889
Svea_Hovraett_etc_export_job_4502446_842250_Svea_Hovraett_-_Advokatfiskalens_Jaemtlands_laen__1702__-7a829e7f/0023_DSC_0357/r2l19,749.0,107.0,448.0,56,30,2,32,24,False,ok,0,0.2
Svea_Hovraett_etc_export_job_4502446_842250_Svea_Hovraett_-_Advokatfiskalens_Jaemtlands_laen__1702__-7a829e7f/0023_DSC_0357/r2l20,157.0,85.0,118.21,15,4,0,4,11,False,ok,0,1.0
Svea_Hovraett_etc_export_job_4502446_842250_Svea_Hovraett_-_Advokatfiskalens_Jaemtlands_laen__1702__-7a829e7f/0024_DSC_0358/r1l1,617.0,86.0,459.16,58,33,2,35,23,False,ok,0,0.36363636363636365
Svea_Hovraett_etc_export_job_4502446_842250_Svea_Hovraett_-_Advokatfiskalens_Jaemtlands_laen__1702__-7a829e7f/0024_DSC_0358/r1l2,618.0,109.0,362.86,46,34,0,34,12,False,ok,0,0.4411764705882353
Svea_Hovraett_etc_export_job_4502446_842250_Svea_Hovraett_-_Advokatfiskalens_Jaemtlands_laen__1702__-7a829e7f/0024_DSC_0358/r1l3,638.0,97.0,420.95,53,31,1,32,21,False,ok,0,0.22580645161290322
Svea_Hovraett_etc_export_job_4502446_842250_Svea_Hovraett_-_Advokatfiskalens_Jaemtlands_laen__1702__-7a829e7f/0024_DSC_0358/r1l4,628.0,101.0,397.94,50,33,0,33,17,False,ok,0,0.2727272727272727
Svea_Hovraett_etc_export_job_4502446_842250_Svea_Hovraett_-_Advokatfiskalens_Jaemtlands_laen__1702__-7a829e7f/0024_DSC_0358/r1l5,617.0,96.0,411.33,52,27,2,29,23,False,ok,0,0.4074074074074074
Svea_Hovraett_etc_export_job_4502446_842250_Svea_Hovraett_-_Advokatfiskalens_Jaemtlands_laen__1702__-7a829e7f/0024_DSC_0358/r1l6,192.0,74.0,166.05,21,9,1,10,11,False,ok,0,0.2222222222222222
Svea_Hovraett_etc_export_job_4502446_842250_Svea_Hovraett_-_Advokatfiskalens_Jaemtlands_laen__1702__-7a829e7f/0024_DSC_0358/r1l7,738.0,107.0,441.42,56,43,3,46,10,False,ok,0,0.27906976744186046
Svea_Hovraett_etc_export_job_4502446_842250_Svea_Hovraett_-_Advokatfiskalens_Jaemtlands_laen__1702__-7a829e7f/0024_DSC_0358/r1l8,689.0,109.0,404.55,51,35,3,38,13,False,ok,0,0.2857142857142857
Svea_Hovraett_etc_export_job_4502446_842250_Svea_Hovraett_-_Advokatfiskalens_Jaemtlands_laen__1702__-7a829e7f/0024_DSC_0358/r1l9,652.0,89.0,468.85,59,36,1,37,22,False,ok,0,0.16666666666666666
Svea_Hovraett_etc_export_job_4502446_842250_Svea_Hovraett_-_Advokatfiskalens_Jaemtlands_laen__1702__-7a829e7f/0024_DSC_0358/r1l10,621.0,98.0,405.55,51,27,1,28,23,False,ok,0,0.37037037037037035
Svea_Hovraett_etc_export_job_4502446_842250_Svea_Hovraett_-_Advokatfiskalens_Jaemtlands_laen__1702__-7a829e7f/0024_DSC_0358/r1l11,655.0,83.0,505.06,64,36,1,37,27,False,ok,0,0.08333333333333333
Svea_Hovraett_etc_export_job_4502446_842250_Svea_Hovraett_-_Advokatfiskalens_Jaemtlands_laen__1702__-7a829e7f/0024_DSC_0358/r1l12,672.0,96.0,448.0,56,33,0,33,23,False,ok,0,0.18181818181818182
Svea_Hovraett_etc_export_job_4502446_842250_Svea_Hovraett_-_Advokatfiskalens_Jaemtlands_laen__1702__-7a829e7f/0024_DSC_0358/r1l13,669.0,103.0,415.69,52,34,1,35,17,False,ok,0,0.08823529411764706
Svea_Hovraett_etc_export_job_4502446_842250_Svea_Hovraett_-_Advokatfiskalens_Jaemtlands_laen__1702__-7a829e7f/0024_DSC_0358/r1l14,669.0,102.0,419.76,53,35,3,38,15,False,ok,0,0.05714285714285714
Svea_Hovraett_etc_export_job_4502446_842250_Svea_Hovraett_-_Advokatfiskalens_Jaemtlands_laen__1702__-7a829e7f/0024_DSC_0358/r1l15,666.0,95.0,448.67,57,34,1,35,22,False,ok,0,0.17647058823529413
Svea_Hovraett_etc_export_job_4502446_842250_Svea_Hovraett_-_Advokatfiskalens_Jaemtlands_laen__1702__-7a829e7f/0024_DSC_0358/r1l16,677.0,97.0,446.68,56,30,1,31,25,False,ok,0,0.23333333333333334
Svea_Hovraett_etc_export_job_4502446_842250_Svea_Hovraett_-_Advokatfiskalens_Jaemtlands_laen__1702__-7a829e7f/0024_DSC_0358/r1l17,702.0,92.0,488.35,62,33,1,34,28,False,ok,0,0.21212121212121213
Svea_Hovraett_etc_export_job_4502446_842250_Svea_Hovraett_-_Advokatfiskalens_Jaemtlands_laen__1702__-7a829e7f/0024_DSC_0358/r1l18,673.0,79.0,545.22,69,35,1,36,33,False,ok,0,0.17142857142857143
Svea_Hovraett_etc_export_job_4502446_842250_Svea_Hovraett_-_Advokatfiskalens_Jaemtlands_laen__1702__-7a829e7f/0024_DSC_0358/r1l19,665.0,110.0,386.91,49,29,2,31,18,False,ok,0,0.13793103448275862
Svea_Hovraett_etc_export_job_4502446_842250_Svea_Hovraett_-_Advokatfiskalens_Jaemtlands_laen__1702__-7a829e7f/0024_DSC_0358/r1l20,145.0,71.0,130.7,17,5,0,5,12,False,ok,0,0.0
Svea_Hovraett_etc_export_job_4502446_842250_Svea_Hovraett_-_Advokatfiskalens_Jaemtlands_laen__1702__-7a829e7f/0024_DSC_0358/r2l1,86.0,75.0,73.39,10,4,0,4,6,False,ok,0,0.25
Svea_Hovraett_etc_export_job_4502446_842250_Svea_Hovraett_-_Advokatfiskalens_Jaemtlands_laen__1702__-7a829e7f/0024_DSC_0358/r2l2,690.0,140.0,315.43,40,37,1,38,2,False,ok,0,0.7837837837837838
Svea_Hovraett_etc_export_job_4502446_842250_Svea_Hovraett_-_Advokatfiskalens_Jaemtlands_laen__1702__-7a829e7f/0024_DSC_0358/r2l4,640.0,105.0,390.1,49,35,3,38,11,False,ok,0,0.45714285714285713
Svea_Hovraett_etc_export_job_4502446_842250_Svea_Hovraett_-_Advokatfiskalens_Jaemtlands_laen__1702__-7a829e7f/0024_DSC_0358/r2l5,658.0,144.0,292.44,37,38,2,40,-3,True,ok,0,0.9473684210526315
Svea_Hovraett_etc_export_job_4502446_842250_Svea_Hovraett_-_Advokatfiskalens_Jaemtlands_laen__1702__-7a829e7f/0024_DSC_0358/r2l6,673.0,113.0,381.17,48,37,2,39,9,False,ok,0,0.40540540540540543
Svea_Hovraett_etc_export_job_4502446_842250_Svea_Hovraett_-_Advokatfiskalens_Jaemtlands_laen__1702__-7a829e7f/0024_DSC_0358/r2l7,669.0,108.0,396.44,50,36,2,38,12,False,ok,0,0.4166666666666667
Svea_Hovraett_etc_export_job_4502446_842250_Svea_Hovraett_-_Advokatfiskalens_Jaemtlands_laen__1702__-7a829e7f/0024_DSC_0358/r2l8,666.0,90.0,473.6,60,30,0,30,30,False,ok,0,0.03333333333333333
Svea_Hovraett_etc_export_job_4502446_842250_Svea_Hovraett_-_Advokatfiskalens_Jaemtlands_laen__1702__-7a829e7f/0024_DSC_0358/r2l9,664.0,106.0,400.91,51,34,1,35,16,False,ok,0,0.3235294117647059
Svea_Hovraett_etc_export_job_4502446_842250_Svea_Hovraett_-_Advokatfiskalens_Jaemtlands_laen__1702__-7a829e7f/0024_DSC_0358/r2l10,678.0,100.0,433.92,55,38,4,42,13,False,ok,0,0.21052631578947367
Svea_Hovraett_etc_export_job_4502446_842250_Svea_Hovraett_-_Advokatfiskalens_Jaemtlands_laen__1702__-7a829e7f/0024_DSC_0358/r2l11,681.0,110.0,396.22,50,34,0,34,16,False,ok,0,0.23529411764705882
Svea_Hovraett_etc_export_job_4502446_842250_Svea_Hovraett_-_Advokatfiskalens_Jaemtlands_laen__1702__-7a829e7f/0024_DSC_0358/r2l12,695.0,105.0,423.62,53,33,0,33,20,False,ok,0,0.15151515151515152
Svea_Hovraett_etc_export_job_4502446_842250_Svea_Hovraett_-_Advokatfiskalens_Jaemtlands_laen__1702__-7a829e7f/0024_DSC_0358/r2l13,680.0,94.0,462.98,58,27,2,29,29,False,ok,0,0.25925925925925924
Svea_Hovraett_etc_export_job_4502446_842250_Svea_Hovraett_-_Advokatfiskalens_Jaemtlands_laen__1702__-7a829e7f/0024_DSC_0358/r2l14,682.0,100.0,436.48,55,28,1,29,26,False,ok,0,0.10714285714285714
Svea_Hovraett_etc_export_job_4502446_842250_Svea_Hovraett_-_Advokatfiskalens_Jaemtlands_laen__1702__-7a829e7f/0024_DSC_0358/r2l15,797.0,109.0,467.96,59,40,0,40,19,False,ok,0,0.3
Svea_Hovraett_etc_export_job_4502446_842250_Svea_Hovraett_-_Advokatfiskalens_Jaemtlands_laen__1702__-7a829e7f/0024_DSC_0358/r2l16,713.0,96.0,475.33,60,41,1,42,18,False,ok,0,0.0975609756097561
Svea_Hovraett_etc_export_job_4502446_842250_Svea_Hovraett_-_Advokatfiskalens_Jaemtlands_laen__1702__-7a829e7f/0024_DSC_0358/r2l17,693.0,110.0,403.2,51,41,1,42,9,False,ok,0,0.24390243902439024
Svea_Hovraett_etc_export_job_4502446_842250_Svea_Hovraett_-_Advokatfiskalens_Jaemtlands_laen__1702__-7a829e7f/0024_DSC_0358/r2l18,58.0,57.0,65.12,9,5,1,6,3,False,ok,0,0.6
Svea_Hovraett_etc_export_job_4502446_842250_Svea_Hovraett_-_Advokatfiskalens_Jaemtlands_laen__1702__-7a829e7f/0024_DSC_0358/r2l19,814.0,130.0,400.74,51,39,2,41,10,False,ok,0,0.41025641025641024
Svea_Hovraett_etc_export_job_4502446_842250_Svea_Hovraett_-_Advokatfiskalens_Jaemtlands_laen__1702__-7a829e7f/0024_DSC_0358/r2l20,729.0,103.0,452.97,57,37,0,37,20,False,ok,0,0.24324324324324326
Svea_Hovraett_etc_export_job_4502446_842250_Svea_Hovraett_-_Advokatfiskalens_Jaemtlands_laen__1702__-7a829e7f/0024_DSC_0358/r2l21,700.0,115.0,389.57,49,34,0,34,15,False,ok,0,0.2647058823529412
Svea_Hovraett_etc_export_job_4502446_842250_Svea_Hovraett_-_Advokatfiskalens_Jaemtlands_laen__1702__-7a829e7f/0024_DSC_0358/r2l22,212.0,72.0,188.44,24,8,1,9,15,False,ok,0,0.5
Svea_Hovraett_etc_export_job_4502446_842250_Svea_Hovraett_-_Advokatfiskalens_Jaemtlands_laen__1702__-7a829e7f/0025_DSC_0359/r1l1,630.0,111.0,363.24,46,37,3,40,6,False,ok,0,0.5135135135135135
Svea_Hovraett_etc_export_job_4502446_842250_Svea_Hovraett_-_Advokatfiskalens_Jaemtlands_laen__1702__-7a829e7f/0025_DSC_0359/r1l2,386.0,88.0,280.73,36,20,0,20,16,False,ok,0,0.2
Svea_Hovraett_etc_export_job_4502446_842250_Svea_Hovraett_-_Advokatfiskalens_Jaemtlands_laen__1702__-7a829e7f/0025_DSC_0359/r1l3,720.0,116.0,397.24,50,38,2,40,10,False,ok,0,0.6578947368421053
Svea_Hovraett_etc_export_job_4502446_842250_Svea_Hovraett_-_Advokatfiskalens_Jaemtlands_laen__1702__-7a829e7f/0025_DSC_0359/r1l4,644.0,91.0,452.92,57,35,2,37,20,False,ok,0,0.2857142857142857
Svea_Hovraett_etc_export_job_4502446_842250_Svea_Hovraett_-_Advokatfiskalens_Jaemtlands_laen__1702__-7a829e7f/0025_DSC_0359/r1l5,442.0,102.0,277.33,35,23,2,25,10,False,ok,0,0.391304347826087
Svea_Hovraett_etc_export_job_4502446_842250_Svea_Hovraett_-_Advokatfiskalens_Jaemtlands_laen__1702__-7a829e7f/0025_DSC_0359/r1l6,737.0,105.0,449.22,57,36,1,37,20,False,ok,0,0.2777777777777778
Svea_Hovraett_etc_export_job_4502446_842250_Svea_Hovraett_-_Advokatfiskalens_Jaemtlands_laen__1702__-7a829e7f/0025_DSC_0359/r1l7,652.0,102.0,409.1,52,32,3,35,17,False,ok,0,0.1875
Svea_Hovraett_etc_export_job_4502446_842250_Svea_Hovraett_-_Advokatfiskalens_Jaemtlands_laen__1702__-7a829e7f/0025_DSC_0359/r1l8,644.0,96.0,429.33,54,32,2,34,20,False,ok,0,0.34375
Svea_Hovraett_etc_export_job_4502446_842250_Svea_Hovraett_-_Advokatfiskalens_Jaemtlands_laen__1702__-7a829e7f/0025_DSC_0359/r1l9,656.0,99.0,424.08,54,34,2,36,18,False,ok,0,0.17647058823529413
Svea_Hovraett_etc_export_job_4502446_842250_Svea_Hovraett_-_Advokatfiskalens_Jaemtlands_laen__1702__-7a829e7f/0025_DSC_0359/r1l10,145.0,63.0,147.3,19,8,0,8,11,False,ok,0,0.125
Svea_Hovraett_etc_export_job_4502446_842250_Svea_Hovraett_-_Advokatfiskalens_Jaemtlands_laen__1702__-7a829e7f/0025_DSC_0359/r1l11,749.0,111.0,431.86,54,38,1,39,15,False,ok,0,0.23684210526315788
Svea_Hovraett_etc_export_job_4502446_842250_Svea_Hovraett_-_Advokatfiskalens_Jaemtlands_laen__1702__-7a829e7f/0025_DSC_0359/r1l12,667.0,111.0,384.58,49,34,1,35,14,False,ok,0,0.08823529411764706
Svea_Hovraett_etc_export_job_4502446_842250_Svea_Hovraett_-_Advokatfiskalens_Jaemtlands_laen__1702__-7a829e7f/0025_DSC_0359/r1l13,687.0,85.0,517.27,65,24,2,26,39,False,ok,0,0.08333333333333333
Svea_Hovraett_etc_export_job_4502446_842250_Svea_Hovraett_-_Advokatfiskalens_Jaemtlands_laen__1702__-7a829e7f/0025_DSC_0359/r1l14,684.0,91.0,481.05,61,32,2,34,27,False,ok,0,0.125
Svea_Hovraett_etc_export_job_4502446_842250_Svea_Hovraett_-_Advokatfiskalens_Jaemtlands_laen__1702__-7a829e7f/0025_DSC_0359/r1l15,686.0,85.0,516.52,65,39,3,42,23,False,ok,0,0.20512820512820512
Svea_Hovraett_etc_export_job_4502446_842250_Svea_Hovraett_-_Advokatfiskalens_Jaemtlands_laen__1702__-7a829e7f/0025_DSC_0359/r1l16,761.0,144.0,338.22,43,33,2,35,8,False,ok,0,0.3939393939393939
Svea_Hovraett_etc_export_job_4502446_842250_Svea_Hovraett_-_Advokatfiskalens_Jaemtlands_laen__1702__-7a829e7f/0025_DSC_0359/r1l17,164.0,92.0,114.09,15,6,0,6,9,False,ok,0,0.5
Svea_Hovraett_etc_export_job_4502446_842250_Svea_Hovraett_-_Advokatfiskalens_Jaemtlands_laen__1702__-7a829e7f/0025_DSC_0359/r2l2,78.0,52.0,96.0,12,4,0,4,8,False,ok,0,0.75
Svea_Hovraett_etc_export_job_4502446_842250_Svea_Hovraett_-_Advokatfiskalens_Jaemtlands_laen__1702__-7a829e7f/0025_DSC_0359/r2l3,680.0,130.0,334.77,42,42,1,43,-1,True,ok,0,0.6666666666666666
Svea_Hovraett_etc_export_job_4502446_842250_Svea_Hovraett_-_Advokatfiskalens_Jaemtlands_laen__1702__-7a829e7f/0025_DSC_0359/r2l4,674.0,107.0,403.14,51,37,2,39,12,False,ok,0,0.4594594594594595
Svea_Hovraett_etc_export_job_4502446_842250_Svea_Hovraett_-_Advokatfiskalens_Jaemtlands_laen__1702__-7a829e7f/0025_DSC_0359/r2l5,692.0,98.0,451.92,57,35,1,36,21,False,ok,0,0.34285714285714286
Svea_Hovraett_etc_export_job_4502446_842250_Svea_Hovraett_-_Advokatfiskalens_Jaemtlands_laen__1702__-7a829e7f/0025_DSC_0359/r2l6,697.0,102.0,437.33,55,35,1,36,19,False,ok,0,0.42857142857142855
Svea_Hovraett_etc_export_job_4502446_842250_Svea_Hovraett_-_Advokatfiskalens_Jaemtlands_laen__1702__-7a829e7f/0025_DSC_0359/r2l7,705.0,100.0,451.2,57,37,0,37,20,False,ok,0,0.16216216216216217
Svea_Hovraett_etc_export_job_4502446_842250_Svea_Hovraett_-_Advokatfiskalens_Jaemtlands_laen__1702__-7a829e7f/0025_DSC_0359/r2l8,269.0,92.0,187.13,24,13,2,15,9,False,ok,0,0.07692307692307693
Svea_Hovraett_etc_export_job_4502446_842250_Svea_Hovraett_-_Advokatfiskalens_Jaemtlands_laen__1702__-7a829e7f/0025_DSC_0359/r2l9,775.0,142.0,349.3,44,41,1,42,2,False,ok,0,0.5121951219512195
Svea_Hovraett_etc_export_job_4502446_842250_Svea_Hovraett_-_Advokatfiskalens_Jaemtlands_laen__1702__-7a829e7f/0025_DSC_0359/r2l10,683.0,72.0,607.11,76,35,2,37,39,False,ok,0,0.11428571428571428
Svea_Hovraett_etc_export_job_4502446_842250_Svea_Hovraett_-_Advokatfiskalens_Jaemtlands_laen__1702__-7a829e7f/0025_DSC_0359/r2l11,741.0,105.0,451.66,57,37,1,38,19,False,ok,0,0.13513513513513514
Svea_Hovraett_etc_export_job_4502446_842250_Svea_Hovraett_-_Advokatfiskalens_Jaemtlands_laen__1702__-7a829e7f/0025_DSC_0359/r2l12,714.0,99.0,461.58,58,36,1,37,21,False,ok,0,0.25
Svea_Hovraett_etc_export_job_4502446_842250_Svea_Hovraett_-_Advokatfiskalens_Jaemtlands_laen__1702__-7a829e7f/0025_DSC_0359/r2l13,748.0,112.0,427.43,54,42,4,46,8,False,ok,0,0.23809523809523808
Svea_Hovraett_etc_export_job_4502446_842250_Svea_Hovraett_-_Advokatfiskalens_Jaemtlands_laen__1702__-7a829e7f/0025_DSC_0359/r2l14,712.0,98.0,464.98,59,30,1,31,28,False,ok,0,0.26666666666666666
Svea_Hovraett_etc_export_job_4502446_842250_Svea_Hovraett_-_Advokatfiskalens_Jaemtlands_laen__1702__-7a829e7f/0025_DSC_0359/r2l15,706.0,88.0,513.45,65,36,2,38,27,False,ok,0,0.1388888888888889
Svea_Hovraett_etc_export_job_4502446_842250_Svea_Hovraett_-_Advokatfiskalens_Jaemtlands_laen__1702__-7a829e7f/0025_DSC_0359/r2l16,745.0,121.0,394.05,50,39,2,41,9,False,ok,0,0.358974358974359
Svea_Hovraett_etc_export_job_4502446_842250_Svea_Hovraett_-_Advokatfiskalens_Jaemtlands_laen__1702__-7a829e7f/0025_DSC_0359/r2l17,745.0,101.0,472.08,60,35,0,35,25,False,ok,0,0.3142857142857143
Svea_Hovraett_etc_export_job_4502446_842250_Svea_Hovraett_-_Advokatfiskalens_Jaemtlands_laen__1702__-7a829e7f/0025_DSC_0359/r2l18,750.0,90.0,533.33,67,44,4,48,19,False,ok,0,0.18181818181818182
Svea_Hovraett_etc_export_job_4502446_842250_Svea_Hovraett_-_Advokatfiskalens_Jaemtlands_laen__1702__-7a829e7f/0025_DSC_0359/r2l19,733.0,132.0,355.39,45,38,1,39,6,False,ok,0,0.5526315789473685
Svea_Hovraett_etc_export_job_4502446_842250_Svea_Hovraett_-_Advokatfiskalens_Jaemtlands_laen__1702__-7a829e7f/0025_DSC_0359/r2l20,425.0,102.0,266.67,34,19,0,19,15,False,ok,0,0.2631578947368421
Svea_Hovraett_etc_export_job_4502446_842250_Svea_Hovraett_-_Advokatfiskalens_Jaemtlands_laen__1702__-7a829e7f/0025_DSC_0359/r2l21,845.0,165.0,327.76,41,43,4,47,-6,True,ok,0,0.7209302325581395
Svea_Hovraett_etc_export_job_4502446_842250_Svea_Hovraett_-_Advokatfiskalens_Jaemtlands_laen__1702__-7a829e7f/0025_DSC_0359/r2l22,149.0,54.0,176.59,23,3,0,3,20,False,ok,0,1.0
Svea_Hovraett_etc_export_job_4502446_842250_Svea_Hovraett_-_Advokatfiskalens_Jaemtlands_laen__1702__-7a829e7f/0026_DSC_0361/r1l1,644.0,140.0,294.4,37,38,1,39,-2,True,ok,0,0.868421052631579
Svea_Hovraett_etc_export_job_4502446_842250_Svea_Hovraett_-_Advokatfiskalens_Jaemtlands_laen__1702__-7a829e7f/0026_DSC_0361/r1l2,650.0,107.0,388.79,49,36,1,37,12,False,ok,0,0.3611111111111111
Svea_Hovraett_etc_export_job_4502446_842250_Svea_Hovraett_-_Advokatfiskalens_Jaemtlands_laen__1702__-7a829e7f/0026_DSC_0361/r1l3,647.0,120.0,345.07,44,37,3,40,4,False,ok,0,0.7027027027027027
Svea_Hovraett_etc_export_job_4502446_842250_Svea_Hovraett_-_Advokatfiskalens_Jaemtlands_laen__1702__-7a829e7f/0026_DSC_0361/r1l4,642.0,107.0,384.0,48,41,3,44,4,False,ok,0,0.6585365853658537
Svea_Hovraett_etc_export_job_4502446_842250_Svea_Hovraett_-_Advokatfiskalens_Jaemtlands_laen__1702__-7a829e7f/0026_DSC_0361/r1l5,659.0,108.0,390.52,49,34,2,36,13,False,ok,0,0.3235294117647059
Svea_Hovraett_etc_export_job_4502446_842250_Svea_Hovraett_-_Advokatfiskalens_Jaemtlands_laen__1702__-7a829e7f/0026_DSC_0361/r1l6,661.0,92.0,459.83,58,31,1,32,26,False,ok,0,0.3225806451612903
Svea_Hovraett_etc_export_job_4502446_842250_Svea_Hovraett_-_Advokatfiskalens_Jaemtlands_laen__1702__-7a829e7f/0026_DSC_0361/r1l9,665.0,81.0,525.43,66,36,1,37,29,False,ok,0,0.16666666666666666
Svea_Hovraett_etc_export_job_4502446_842250_Svea_Hovraett_-_Advokatfiskalens_Jaemtlands_laen__1702__-7a829e7f/0026_DSC_0361/r1l10,671.0,94.0,456.85,58,38,2,40,18,False,ok,0,0.18421052631578946
Svea_Hovraett_etc_export_job_4502446_842250_Svea_Hovraett_-_Advokatfiskalens_Jaemtlands_laen__1702__-7a829e7f/0026_DSC_0361/r1l11,652.0,72.0,579.56,73,31,1,32,41,False,ok,0,0.16129032258064516
Svea_Hovraett_etc_export_job_4502446_842250_Svea_Hovraett_-_Advokatfiskalens_Jaemtlands_laen__1702__-7a829e7f/0026_DSC_0361/r1l12,661.0,78.0,542.36,68,33,1,34,34,False,ok,0,0.06060606060606061
Svea_Hovraett_etc_export_job_4502446_842250_Svea_Hovraett_-_Advokatfiskalens_Jaemtlands_laen__1702__-7a829e7f/0026_DSC_0361/r1l15,689.0,94.0,469.11,59,35,1,36,23,False,ok,0,0.22857142857142856
Svea_Hovraett_etc_export_job_4502446_842250_Svea_Hovraett_-_Advokatfiskalens_Jaemtlands_laen__1702__-7a829e7f/0026_DSC_0361/r1l16,701.0,104.0,431.38,54,38,2,40,14,False,ok,0,0.18421052631578946
Svea_Hovraett_etc_export_job_4502446_842250_Svea_Hovraett_-_Advokatfiskalens_Jaemtlands_laen__1702__-7a829e7f/0026_DSC_0361/r1l17,699.0,85.0,526.31,66,34,3,37,29,False,ok,0,0.23529411764705882
Svea_Hovraett_etc_export_job_4502446_842250_Svea_Hovraett_-_Advokatfiskalens_Jaemtlands_laen__1702__-7a829e7f/0026_DSC_0361/r1l18,693.0,101.0,439.13,55,34,2,36,19,False,ok,0,0.08823529411764706
Svea_Hovraett_etc_export_job_4502446_842250_Svea_Hovraett_-_Advokatfiskalens_Jaemtlands_laen__1702__-7a829e7f/0026_DSC_0361/r1l19,722.0,107.0,431.85,54,40,2,42,12,False,ok,0,0.175
Svea_Hovraett_etc_export_job_4502446_842250_Svea_Hovraett_-_Advokatfiskalens_Jaemtlands_laen__1702__-7a829e7f/0026_DSC_0361/r1l20,711.0,119.0,382.39,48,33,0,33,15,False,ok,0,0.5454545454545454
Svea_Hovraett_etc_export_job_4502446_842250_Svea_Hovraett_-_Advokatfiskalens_Jaemtlands_laen__1702__-7a829e7f/0026_DSC_0361/r1l21,734.0,121.0,388.23,49,34,4,38,11,False,ok,0,0.23529411764705882
Svea_Hovraett_etc_export_job_4502446_842250_Svea_Hovraett_-_Advokatfiskalens_Jaemtlands_laen__1702__-7a829e7f/0026_DSC_0361/r1l22,171.0,97.0,112.82,15,5,0,5,10,False,ok,0,0.8
Svea_Hovraett_etc_export_job_4502446_842250_Svea_Hovraett_-_Advokatfiskalens_Jaemtlands_laen__1702__-7a829e7f/0026_DSC_0361/r2l1,70.0,45.0,99.56,13,4,0,4,9,False,ok,0,1.0
Svea_Hovraett_etc_export_job_4502446_842250_Svea_Hovraett_-_Advokatfiskalens_Jaemtlands_laen__1702__-7a829e7f/0026_DSC_0361/r2l2,672.0,132.0,325.82,41,40,2,42,-1,True,ok,0,0.65
Svea_Hovraett_etc_export_job_4502446_842250_Svea_Hovraett_-_Advokatfiskalens_Jaemtlands_laen__1702__-7a829e7f/0026_DSC_0361/r2l3,681.0,126.0,345.9,44,38,3,41,3,False,ok,0,0.8421052631578947
Svea_Hovraett_etc_export_job_4502446_842250_Svea_Hovraett_-_Advokatfiskalens_Jaemtlands_laen__1702__-7a829e7f/0026_DSC_0361/r2l4,708.0,118.0,384.0,48,37,1,38,10,False,ok,0,0.5675675675675675
Svea_Hovraett_etc_export_job_4502446_842250_Svea_Hovraett_-_Advokatfiskalens_Jaemtlands_laen__1702__-7a829e7f/0026_DSC_0361/r2l5,690.0,109.0,405.14,51,36,0,36,15,False,ok,0,0.7777777777777778
Svea_Hovraett_etc_export_job_4502446_842250_Svea_Hovraett_-_Advokatfiskalens_Jaemtlands_laen__1702__-7a829e7f/0026_DSC_0361/r2l6,695.0,102.0,436.08,55,38,1,39,16,False,ok,0,0.2894736842105263
Svea_Hovraett_etc_export_job_4502446_842250_Svea_Hovraett_-_Advokatfiskalens_Jaemtlands_laen__1702__-7a829e7f/0026_DSC_0361/r2l7,708.0,97.0,467.13,59,37,1,38,21,False,ok,0,0.16216216216216217
Svea_Hovraett_etc_export_job_4502446_842250_Svea_Hovraett_-_Advokatfiskalens_Jaemtlands_laen__1702__-7a829e7f/0026_DSC_0361/r2l8,716.0,106.0,432.3,55,32,0,32,23,False,ok,0,0.15625
Svea_Hovraett_etc_export_job_4502446_842250_Svea_Hovraett_-_Advokatfiskalens_Jaemtlands_laen__1702__-7a829e7f/0026_DSC_0361/r2l9,722.0,98.0,471.51,59,34,1,35,24,False,ok,0,0.14705882352941177
Svea_Hovraett_etc_export_job_4502446_842250_Svea_Hovraett_-_Advokatfiskalens_Jaemtlands_laen__1702__-7a829e7f/0026_DSC_0361/r2l10,716.0,108.0,424.3,54,37,2,39,15,False,ok,0,0.21621621621621623
Svea_Hovraett_etc_export_job_4502446_842250_Svea_Hovraett_-_Advokatfiskalens_Jaemtlands_laen__1702__-7a829e7f/0026_DSC_0361/r2l11,739.0,90.0,525.51,66,38,2,40,26,False,ok,0,0.07894736842105263
Svea_Hovraett_etc_export_job_4502446_842250_Svea_Hovraett_-_Advokatfiskalens_Jaemtlands_laen__1702__-7a829e7f/0026_DSC_0361/r2l12,368.0,97.0,242.8,31,16,0,16,15,False,ok,0,0.25
Svea_Hovraett_etc_export_job_4502446_842250_Svea_Hovraett_-_Advokatfiskalens_Jaemtlands_laen__1702__-7a829e7f/0026_DSC_0361/r2l14,733.0,109.0,430.39,54,30,2,32,22,False,ok,0,0.13333333333333333
Svea_Hovraett_etc_export_job_4502446_842250_Svea_Hovraett_-_Advokatfiskalens_Jaemtlands_laen__1702__-7a829e7f/0026_DSC_0361/r2l15,766.0,97.0,505.4,64,34,3,37,27,False,ok,0,0.23529411764705882
Svea_Hovraett_etc_export_job_4502446_842250_Svea_Hovraett_-_Advokatfiskalens_Jaemtlands_laen__1702__-7a829e7f/0026_DSC_0361/r2l16,765.0,82.0,597.07,75,42,4,46,29,False,ok,0,0.09523809523809523
Svea_Hovraett_etc_export_job_4502446_842250_Svea_Hovraett_-_Advokatfiskalens_Jaemtlands_laen__1702__-7a829e7f/0026_DSC_0361/r2l17,757.0,89.0,544.36,69,29,0,29,40,False,ok,0,0.1724137931034483
Svea_Hovraett_etc_export_job_4502446_842250_Svea_Hovraett_-_Advokatfiskalens_Jaemtlands_laen__1702__-7a829e7f/0026_DSC_0361/r2l18,751.0,104.0,462.15,58,37,2,39,19,False,ok,0,0.24324324324324326
Svea_Hovraett_etc_export_job_4502446_842250_Svea_Hovraett_-_Advokatfiskalens_Jaemtlands_laen__1702__-7a829e7f/0026_DSC_0361/r2l19,766.0,101.0,485.39,61,35,1,36,25,False,ok,0,0.08571428571428572
Svea_Hovraett_etc_export_job_4502446_842250_Svea_Hovraett_-_Advokatfiskalens_Jaemtlands_laen__1702__-7a829e7f/0026_DSC_0361/r2l20,767.0,111.0,442.23,56,39,3,42,14,False,ok,0,0.1282051282051282
Svea_Hovraett_etc_export_job_4502446_842250_Svea_Hovraett_-_Advokatfiskalens_Jaemtlands_laen__1702__-7a829e7f/0026_DSC_0361/line_1637853207295_1650,798.0,116.0,440.28,56,32,0,32,24,False,ok,0,0.1875
Svea_Hovraett_etc_export_job_4502446_842250_Svea_Hovraett_-_Advokatfiskalens_Jaemtlands_laen__1702__-7a829e7f/0026_DSC_0361/r2l23,748.0,119.0,402.29,51,38,2,40,11,False,ok,0,0.3684210526315789
Svea_Hovraett_etc_export_job_4502446_842250_Svea_Hovraett_-_Advokatfiskalens_Jaemtlands_laen__1702__-7a829e7f/0026_DSC_0361/r2l24,167.0,92.0,116.17,15,4,0,4,11,False,ok,0,0.75
Svea_Hovraett_etc_export_job_4502446_842250_Svea_Hovraett_-_Advokatfiskalens_Jaemtlands_laen__1702__-7a829e7f/0027_DSC_0362/r2l1,702.0,103.0,436.19,55,36,2,38,17,False,ok,0,0.1111111111111111
Svea_Hovraett_etc_export_job_4502446_842250_Svea_Hovraett_-_Advokatfiskalens_Jaemtlands_laen__1702__-7a829e7f/0027_DSC_0362/r2l2,371.0,86.0,276.09,35,23,1,24,11,False,ok,0,0.391304347826087
Svea_Hovraett_etc_export_job_4502446_842250_Svea_Hovraett_-_Advokatfiskalens_Jaemtlands_laen__1702__-7a829e7f/0027_DSC_0362/r2l3,751.0,97.0,495.51,62,40,3,43,19,False,ok,0,0.4
Svea_Hovraett_etc_export_job_4502446_842250_Svea_Hovraett_-_Advokatfiskalens_Jaemtlands_laen__1702__-7a829e7f/0027_DSC_0362/r2l4,693.0,76.0,583.58,73,33,1,34,39,False,ok,0,0.18181818181818182
Svea_Hovraett_etc_export_job_4502446_842250_Svea_Hovraett_-_Advokatfiskalens_Jaemtlands_laen__1702__-7a829e7f/0027_DSC_0362/r2l5,714.0,78.0,585.85,74,35,1,36,38,False,ok,0,0.11428571428571428
Svea_Hovraett_etc_export_job_4502446_842250_Svea_Hovraett_-_Advokatfiskalens_Jaemtlands_laen__1702__-7a829e7f/0027_DSC_0362/r2l6,716.0,86.0,532.84,67,34,0,34,33,False,ok,0,0.14705882352941177
Svea_Hovraett_etc_export_job_4502446_842250_Svea_Hovraett_-_Advokatfiskalens_Jaemtlands_laen__1702__-7a829e7f/0027_DSC_0362/r2l7,718.0,91.0,504.97,64,31,0,31,33,False,ok,0,0.25806451612903225
Svea_Hovraett_etc_export_job_4502446_842250_Svea_Hovraett_-_Advokatfiskalens_Jaemtlands_laen__1702__-7a829e7f/0027_DSC_0362/r2l8,723.0,99.0,467.39,59,35,1,36,23,False,ok,0,0.14285714285714285
Svea_Hovraett_etc_export_job_4502446_842250_Svea_Hovraett_-_Advokatfiskalens_Jaemtlands_laen__1702__-7a829e7f/0027_DSC_0362/r2l9,83.0,95.0,55.92,7,4,0,4,3,False,ok,0,0.25
Svea_Hovraett_etc_export_job_4502446_842250_Svea_Hovraett_-_Advokatfiskalens_Jaemtlands_laen__1702__-7a829e7f/0027_DSC_0362/r2l10,796.0,108.0,471.7,59,38,3,41,18,False,ok,0,0.3157894736842105
Svea_Hovraett_etc_export_job_4502446_842250_Svea_Hovraett_-_Advokatfiskalens_Jaemtlands_laen__1702__-7a829e7f/0027_DSC_0362/r2l11,724.0,103.0,449.86,57,38,2,40,17,False,ok,0,0.18421052631578946
Svea_Hovraett_etc_export_job_4502446_842250_Svea_Hovraett_-_Advokatfiskalens_Jaemtlands_laen__1702__-7a829e7f/0027_DSC_0362/r2l12,715.0,92.0,497.39,63,33,3,36,27,False,ok,0,0.18181818181818182
Svea_Hovraett_etc_export_job_4502446_842250_Svea_Hovraett_-_Advokatfiskalens_Jaemtlands_laen__1702__-7a829e7f/0027_DSC_0362/r2l13,740.0,99.0,478.38,60,36,0,36,24,False,ok,0,0.05555555555555555
Svea_Hovraett_etc_export_job_4502446_842250_Svea_Hovraett_-_Advokatfiskalens_Jaemtlands_laen__1702__-7a829e7f/0027_DSC_0362/r2l14,738.0,94.0,502.47,63,36,1,37,26,False,ok,0,0.2222222222222222
Svea_Hovraett_etc_export_job_4502446_842250_Svea_Hovraett_-_Advokatfiskalens_Jaemtlands_laen__1702__-7a829e7f/0027_DSC_0362/r2l15,733.0,118.0,397.56,50,40,3,43,7,False,ok,0,0.275
Svea_Hovraett_etc_export_job_4502446_842250_Svea_Hovraett_-_Advokatfiskalens_Jaemtlands_laen__1702__-7a829e7f/0027_DSC_0362/r2l16,763.0,102.0,478.75,60,34,2,36,24,False,ok,0,0.14705882352941177
Svea_Hovraett_etc_export_job_4502446_842250_Svea_Hovraett_-_Advokatfiskalens_Jaemtlands_laen__1702__-7a829e7f/0027_DSC_0362/r2l17,756.0,99.0,488.73,62,38,3,41,21,False,ok,0,0.18421052631578946
Svea_Hovraett_etc_export_job_4502446_842250_Svea_Hovraett_-_Advokatfiskalens_Jaemtlands_laen__1702__-7a829e7f/0027_DSC_0362/r2l19,123.0,71.0,110.87,14,3,0,3,11,False,ok,0,0.6666666666666666
Svea_Hovraett_etc_export_job_4502446_842250_Svea_Hovraett_-_Advokatfiskalens_Jaemtlands_laen__1702__-7a829e7f/0027_DSC_0362/r3l1,78.0,57.0,87.58,11,4,0,4,7,False,ok,0,0.5
Svea_Hovraett_etc_export_job_4502446_842250_Svea_Hovraett_-_Advokatfiskalens_Jaemtlands_laen__1702__-7a829e7f/0027_DSC_0362/r3l2,664.0,126.0,337.27,43,38,3,41,2,False,ok,0,0.4473684210526316
Svea_Hovraett_etc_export_job_4502446_842250_Svea_Hovraett_-_Advokatfiskalens_Jaemtlands_laen__1702__-7a829e7f/0027_DSC_0362/r3l3,703.0,101.0,445.47,56,37,1,38,18,False,ok,0,0.2702702702702703
Svea_Hovraett_etc_export_job_4502446_842250_Svea_Hovraett_-_Advokatfiskalens_Jaemtlands_laen__1702__-7a829e7f/0027_DSC_0362/r3l4,705.0,100.0,451.2,57,37,2,39,18,False,ok,0,0.13513513513513514
Svea_Hovraett_etc_export_job_4502446_842250_Svea_Hovraett_-_Advokatfiskalens_Jaemtlands_laen__1702__-7a829e7f/0027_DSC_0362/r3l5,673.0,85.0,506.73,64,30,1,31,33,False,ok,0,0.2
Svea_Hovraett_etc_export_job_4502446_842250_Svea_Hovraett_-_Advokatfiskalens_Jaemtlands_laen__1702__-7a829e7f/0027_DSC_0362/r3l6,735.0,126.0,373.33,47,34,3,37,10,False,ok,0,0.47058823529411764
Svea_Hovraett_etc_export_job_4502446_842250_Svea_Hovraett_-_Advokatfiskalens_Jaemtlands_laen__1702__-7a829e7f/0027_DSC_0362/r3l7,786.0,160.0,314.4,40,41,4,45,-5,True,ok,0,0.4878048780487805
Svea_Hovraett_etc_export_job_4502446_842250_Svea_Hovraett_-_Advokatfiskalens_Jaemtlands_laen__1702__-7a829e7f/0027_DSC_0362/r3l8,733.0,97.0,483.63,61,37,1,38,23,False,ok,0,0.05405405405405406
Svea_Hovraett_etc_export_job_4502446_842250_Svea_Hovraett_-_Advokatfiskalens_Jaemtlands_laen__1702__-7a829e7f/0027_DSC_0362/r3l9,426.0,83.0,328.48,42,20,0,20,22,False,ok,0,0.3
Svea_Hovraett_etc_export_job_4502446_842250_Svea_Hovraett_-_Advokatfiskalens_Jaemtlands_laen__1702__-7a829e7f/0027_DSC_0362/r3l10,723.0,86.0,538.05,68,33,2,35,33,False,ok,0,0.06060606060606061
Svea_Hovraett_etc_export_job_4502446_842250_Svea_Hovraett_-_Advokatfiskalens_Jaemtlands_laen__1702__-7a829e7f/0027_DSC_0362/r3l11,709.0,95.0,477.64,60,31,1,32,28,False,ok,0,0.12903225806451613
Svea_Hovraett_etc_export_job_4502446_842250_Svea_Hovraett_-_Advokatfiskalens_Jaemtlands_laen__1702__-7a829e7f/0027_DSC_0362/r3l12,404.0,99.0,261.17,33,22,2,24,9,False,ok,0,0.09090909090909091
Svea_Hovraett_etc_export_job_4502446_842250_Svea_Hovraett_-_Advokatfiskalens_Jaemtlands_laen__1702__-7a829e7f/0027_DSC_0362/r3l13,805.0,107.0,481.5,61,44,0,44,17,False,ok,0,0.20454545454545456
Svea_Hovraett_etc_export_job_4502446_842250_Svea_Hovraett_-_Advokatfiskalens_Jaemtlands_laen__1702__-7a829e7f/0027_DSC_0362/r3l14,733.0,101.0,464.48,59,34,2,36,23,False,ok,0,0.11764705882352941
Svea_Hovraett_etc_export_job_4502446_842250_Svea_Hovraett_-_Advokatfiskalens_Jaemtlands_laen__1702__-7a829e7f/0027_DSC_0362/r3l15,733.0,99.0,473.86,60,33,3,36,24,False,ok,0,0.15151515151515152
Svea_Hovraett_etc_export_job_4502446_842250_Svea_Hovraett_-_Advokatfiskalens_Jaemtlands_laen__1702__-7a829e7f/0027_DSC_0362/r3l16,741.0,114.0,416.0,52,30,1,31,21,False,ok,0,0.16666666666666666
Svea_Hovraett_etc_export_job_4502446_842250_Svea_Hovraett_-_Advokatfiskalens_Jaemtlands_laen__1702__-7a829e7f/0027_DSC_0362/r3l17,733.0,111.0,422.63,53,32,1,33,20,False,ok,0,0.1875
Svea_Hovraett_etc_export_job_4502446_842250_Svea_Hovraett_-_Advokatfiskalens_Jaemtlands_laen__1702__-7a829e7f/0027_DSC_0362/r3l18,758.0,102.0,475.61,60,29,0,29,31,False,ok,0,0.10344827586206896
Svea_Hovraett_etc_export_job_4502446_842250_Svea_Hovraett_-_Advokatfiskalens_Jaemtlands_laen__1702__-7a829e7f/0027_DSC_0362/r3l20,152.0,79.0,123.14,16,5,0,5,11,False,ok,0,0.2
Svea_Hovraett_etc_export_job_4502446_842250_Svea_Hovraett_-_Advokatfiskalens_Jaemtlands_laen__1702__-7a829e7f/0028_DSC_0364/r1l1,682.0,125.0,349.18,44,33,1,34,10,False,ok,0,0.18181818181818182
Svea_Hovraett_etc_export_job_4502446_842250_Svea_Hovraett_-_Advokatfiskalens_Jaemtlands_laen__1702__-7a829e7f/0028_DSC_0364/r1l2,780.0,121.0,412.56,52,38,4,42,10,False,ok,0,0.2631578947368421
Svea_Hovraett_etc_export_job_4502446_842250_Svea_Hovraett_-_Advokatfiskalens_Jaemtlands_laen__1702__-7a829e7f/0028_DSC_0364/r1l3,691.0,94.0,470.47,59,35,0,35,24,False,ok,0,0.2
Svea_Hovraett_etc_export_job_4502446_842250_Svea_Hovraett_-_Advokatfiskalens_Jaemtlands_laen__1702__-7a829e7f/0028_DSC_0364/r1l4,699.0,66.0,677.82,85,36,0,36,49,False,ok,0,0.19444444444444445
Svea_Hovraett_etc_export_job_4502446_842250_Svea_Hovraett_-_Advokatfiskalens_Jaemtlands_laen__1702__-7a829e7f/0028_DSC_0364/r1l5,688.0,88.0,500.36,63,36,4,40,23,False,ok,0,0.19444444444444445
Svea_Hovraett_etc_export_job_4502446_842250_Svea_Hovraett_-_Advokatfiskalens_Jaemtlands_laen__1702__-7a829e7f/0028_DSC_0364/r1l6,716.0,86.0,532.84,67,34,1,35,32,False,ok,0,0.17647058823529413
Svea_Hovraett_etc_export_job_4502446_842250_Svea_Hovraett_-_Advokatfiskalens_Jaemtlands_laen__1702__-7a829e7f/0028_DSC_0364/r1l7,725.0,85.0,545.88,69,31,3,34,35,False,ok,0,0.16129032258064516
Svea_Hovraett_etc_export_job_4502446_842250_Svea_Hovraett_-_Advokatfiskalens_Jaemtlands_laen__1702__-7a829e7f/0028_DSC_0364/r1l8,723.0,82.0,564.29,71,34,1,35,36,False,ok,0,0.23529411764705882
Svea_Hovraett_etc_export_job_4502446_842250_Svea_Hovraett_-_Advokatfiskalens_Jaemtlands_laen__1702__-7a829e7f/0028_DSC_0364/r1l9,725.0,85.0,545.88,69,35,1,36,33,False,ok,0,0.34285714285714286
Svea_Hovraett_etc_export_job_4502446_842250_Svea_Hovraett_-_Advokatfiskalens_Jaemtlands_laen__1702__-7a829e7f/0028_DSC_0364/r1l10,744.0,89.0,535.01,67,33,1,34,33,False,ok,0,0.030303030303030304
Svea_Hovraett_etc_export_job_4502446_842250_Svea_Hovraett_-_Advokatfiskalens_Jaemtlands_laen__1702__-7a829e7f/0028_DSC_0364/r1l11,738.0,80.0,590.4,74,33,1,34,40,False,ok,0,0.09090909090909091
Svea_Hovraett_etc_export_job_4502446_842250_Svea_Hovraett_-_Advokatfiskalens_Jaemtlands_laen__1702__-7a829e7f/0028_DSC_0364/r1l12,759.0,92.0,528.0,66,33,1,34,32,False,ok,0,0.2727272727272727
Svea_Hovraett_etc_export_job_4502446_842250_Svea_Hovraett_-_Advokatfiskalens_Jaemtlands_laen__1702__-7a829e7f/0028_DSC_0364/r1l13,744.0,111.0,428.97,54,37,1,38,16,False,ok,0,0.2702702702702703
Svea_Hovraett_etc_export_job_4502446_842250_Svea_Hovraett_-_Advokatfiskalens_Jaemtlands_laen__1702__-7a829e7f/0028_DSC_0364/r1l14,747.0,106.0,451.02,57,35,1,36,21,False,ok,0,0.2
Svea_Hovraett_etc_export_job_4502446_842250_Svea_Hovraett_-_Advokatfiskalens_Jaemtlands_laen__1702__-7a829e7f/0028_DSC_0364/r1l15,763.0,100.0,488.32,62,32,0,32,30,False,ok,0,0.03125
Svea_Hovraett_etc_export_job_4502446_842250_Svea_Hovraett_-_Advokatfiskalens_Jaemtlands_laen__1702__-7a829e7f/0028_DSC_0364/r1l16,730.0,94.0,497.02,63,32,1,33,30,False,ok,0,0.03125
Svea_Hovraett_etc_export_job_4502446_842250_Svea_Hovraett_-_Advokatfiskalens_Jaemtlands_laen__1702__-7a829e7f/0028_DSC_0364/r1l17,746.0,116.0,411.59,52,33,0,33,19,False,ok,0,0.15151515151515152
Svea_Hovraett_etc_export_job_4502446_842250_Svea_Hovraett_-_Advokatfiskalens_Jaemtlands_laen__1702__-7a829e7f/0028_DSC_0364/r1l18,757.0,98.0,494.37,62,32,2,34,28,False,ok,0,0.28125
Svea_Hovraett_etc_export_job_4502446_842250_Svea_Hovraett_-_Advokatfiskalens_Jaemtlands_laen__1702__-7a829e7f/0028_DSC_0364/r1l19,793.0,116.0,437.52,55,32,2,34,21,False,ok,0,0.15625
Svea_Hovraett_etc_export_job_4502446_842250_Svea_Hovraett_-_Advokatfiskalens_Jaemtlands_laen__1702__-7a829e7f/0028_DSC_0364/r1l20,143.0,99.0,92.44,12,9,1,10,2,False,ok,0,0.4444444444444444
Svea_Hovraett_etc_export_job_4502446_842250_Svea_Hovraett_-_Advokatfiskalens_Jaemtlands_laen__1702__-7a829e7f/0028_DSC_0364/r2l1,86.0,56.0,98.29,13,4,0,4,9,False,ok,0,0.5
Svea_Hovraett_etc_export_job_4502446_842250_Svea_Hovraett_-_Advokatfiskalens_Jaemtlands_laen__1702__-7a829e7f/0028_DSC_0364/r2l2,670.0,118.0,363.39,46,41,2,43,3,False,ok,0,0.5121951219512195
Svea_Hovraett_etc_export_job_4502446_842250_Svea_Hovraett_-_Advokatfiskalens_Jaemtlands_laen__1702__-7a829e7f/0028_DSC_0364/r2l3,702.0,131.0,342.96,43,36,1,37,6,False,ok,0,0.8055555555555556
Svea_Hovraett_etc_export_job_4502446_842250_Svea_Hovraett_-_Advokatfiskalens_Jaemtlands_laen__1702__-7a829e7f/0028_DSC_0364/r2l4,713.0,108.0,422.52,53,37,0,37,16,False,ok,0,0.6216216216216216
Svea_Hovraett_etc_export_job_4502446_842250_Svea_Hovraett_-_Advokatfiskalens_Jaemtlands_laen__1702__-7a829e7f/0028_DSC_0364/r2l5,702.0,101.0,444.83,56,35,1,36,20,False,ok,0,0.3142857142857143
Svea_Hovraett_etc_export_job_4502446_842250_Svea_Hovraett_-_Advokatfiskalens_Jaemtlands_laen__1702__-7a829e7f/0028_DSC_0364/r2l6,728.0,116.0,401.66,51,35,0,35,16,False,ok,0,0.5714285714285714
Svea_Hovraett_etc_export_job_4502446_842250_Svea_Hovraett_-_Advokatfiskalens_Jaemtlands_laen__1702__-7a829e7f/0028_DSC_0364/r2l7,492.0,110.0,286.25,36,22,2,24,12,False,ok,0,0.45454545454545453
Svea_Hovraett_etc_export_job_4502446_842250_Svea_Hovraett_-_Advokatfiskalens_Jaemtlands_laen__1702__-7a829e7f/0028_DSC_0364/r2l8,731.0,99.0,472.57,60,30,1,31,29,False,ok,0,0.13333333333333333
Svea_Hovraett_etc_export_job_4502446_842250_Svea_Hovraett_-_Advokatfiskalens_Jaemtlands_laen__1702__-7a829e7f/0028_DSC_0364/r2l9,740.0,132.0,358.79,45,38,3,41,4,False,ok,0,0.47368421052631576
Svea_Hovraett_etc_export_job_4502446_842250_Svea_Hovraett_-_Advokatfiskalens_Jaemtlands_laen__1702__-7a829e7f/0028_DSC_0364/r2l10,745.0,101.0,472.08,60,34,1,35,25,False,ok,0,0.2647058823529412
Svea_Hovraett_etc_export_job_4502446_842250_Svea_Hovraett_-_Advokatfiskalens_Jaemtlands_laen__1702__-7a829e7f/0028_DSC_0364/r2l11,767.0,90.0,545.42,69,35,2,37,32,False,ok,0,0.3142857142857143
Svea_Hovraett_etc_export_job_4502446_842250_Svea_Hovraett_-_Advokatfiskalens_Jaemtlands_laen__1702__-7a829e7f/0028_DSC_0364/r2l12,741.0,98.0,483.92,61,32,0,32,29,False,ok,0,0.125
Svea_Hovraett_etc_export_job_4502446_842250_Svea_Hovraett_-_Advokatfiskalens_Jaemtlands_laen__1702__-7a829e7f/0028_DSC_0364/r2l13,764.0,97.0,504.08,64,37,2,39,25,False,ok,0,0.05405405405405406
Svea_Hovraett_etc_export_job_4502446_842250_Svea_Hovraett_-_Advokatfiskalens_Jaemtlands_laen__1702__-7a829e7f/0028_DSC_0364/r2l15,777.0,97.0,512.66,65,37,0,37,28,False,ok,0,0.16216216216216217
Svea_Hovraett_etc_export_job_4502446_842250_Svea_Hovraett_-_Advokatfiskalens_Jaemtlands_laen__1702__-7a829e7f/0028_DSC_0364/r2l16,786.0,98.0,513.31,65,34,1,35,30,False,ok,0,0.11764705882352941
Svea_Hovraett_etc_export_job_4502446_842250_Svea_Hovraett_-_Advokatfiskalens_Jaemtlands_laen__1702__-7a829e7f/0028_DSC_0364/r2l17,760.0,97.0,501.44,63,29,0,29,34,False,ok,0,0.10344827586206896
Svea_Hovraett_etc_export_job_4502446_842250_Svea_Hovraett_-_Advokatfiskalens_Jaemtlands_laen__1702__-7a829e7f/0028_DSC_0364/r2l18,778.0,92.0,541.22,68,41,0,41,27,False,ok,0,0.17073170731707318
Svea_Hovraett_etc_export_job_4502446_842250_Svea_Hovraett_-_Advokatfiskalens_Jaemtlands_laen__1702__-7a829e7f/0028_DSC_0364/r2l19,764.0,112.0,436.57,55,30,1,31,24,False,ok,0,0.16666666666666666
Svea_Hovraett_etc_export_job_4502446_842250_Svea_Hovraett_-_Advokatfiskalens_Jaemtlands_laen__1702__-7a829e7f/0028_DSC_0364/r2l20,684.0,105.0,416.91,53,30,2,32,21,False,ok,0,0.1
Svea_Hovraett_etc_export_job_4502446_842250_Svea_Hovraett_-_Advokatfiskalens_Jaemtlands_laen__1702__-7a829e7f/0028_DSC_0364/r2l21,914.0,121.0,483.44,61,39,1,40,21,False,ok,0,0.3076923076923077
Svea_Hovraett_etc_export_job_4502446_842250_Svea_Hovraett_-_Advokatfiskalens_Jaemtlands_laen__1702__-7a829e7f/0028_DSC_0364/r2l22,172.0,106.0,103.85,13,5,0,5,8,False,ok,0,0.4
Svea_Hovraett_etc_export_job_4502446_842250_Svea_Hovraett_-_Advokatfiskalens_Jaemtlands_laen__1702__-7a829e7f/0029_DSC_0365/r1l2,654.0,120.0,348.8,44,36,2,38,6,False,ok,0,0.5277777777777778
Svea_Hovraett_etc_export_job_4502446_842250_Svea_Hovraett_-_Advokatfiskalens_Jaemtlands_laen__1702__-7a829e7f/0029_DSC_0365/r1l3,660.0,98.0,431.02,54,35,1,36,18,False,ok,0,0.5714285714285714
Svea_Hovraett_etc_export_job_4502446_842250_Svea_Hovraett_-_Advokatfiskalens_Jaemtlands_laen__1702__-7a829e7f/0029_DSC_0365/r1l4,643.0,86.0,478.51,60,36,1,37,23,False,ok,0,0.2777777777777778
Svea_Hovraett_etc_export_job_4502446_842250_Svea_Hovraett_-_Advokatfiskalens_Jaemtlands_laen__1702__-7a829e7f/0029_DSC_0365/r1l5,653.0,87.0,480.37,61,35,0,35,26,False,ok,0,0.4857142857142857
Svea_Hovraett_etc_export_job_4502446_842250_Svea_Hovraett_-_Advokatfiskalens_Jaemtlands_laen__1702__-7a829e7f/0029_DSC_0365/r1l6,680.0,91.0,478.24,60,37,0,37,23,False,ok,0,0.2972972972972973
Svea_Hovraett_etc_export_job_4502446_842250_Svea_Hovraett_-_Advokatfiskalens_Jaemtlands_laen__1702__-7a829e7f/0029_DSC_0365/r1l7,683.0,74.0,590.7,74,34,0,34,40,False,ok,0,0.20588235294117646
Svea_Hovraett_etc_export_job_4502446_842250_Svea_Hovraett_-_Advokatfiskalens_Jaemtlands_laen__1702__-7a829e7f/0029_DSC_0365/r1l8,690.0,104.0,424.62,54,39,1,40,14,False,ok,0,0.0
Svea_Hovraett_etc_export_job_4502446_842250_Svea_Hovraett_-_Advokatfiskalens_Jaemtlands_laen__1702__-7a829e7f/0029_DSC_0365/r1l9,691.0,86.0,514.23,65,40,2,42,23,False,ok,0,0.225
Svea_Hovraett_etc_export_job_4502446_842250_Svea_Hovraett_-_Advokatfiskalens_Jaemtlands_laen__1702__-7a829e7f/0029_DSC_0365/r1l10,681.0,103.0,423.15,53,34,1,35,18,False,ok,0,0.14705882352941177
Svea_Hovraett_etc_export_job_4502446_842250_Svea_Hovraett_-_Advokatfiskalens_Jaemtlands_laen__1702__-7a829e7f/0029_DSC_0365/r1l11,700.0,95.0,471.58,59,38,2,40,19,False,ok,0,0.13157894736842105
Svea_Hovraett_etc_export_job_4502446_842250_Svea_Hovraett_-_Advokatfiskalens_Jaemtlands_laen__1702__-7a829e7f/0029_DSC_0365/r1l12,683.0,84.0,520.38,66,39,2,41,25,False,ok,0,0.20512820512820512
Svea_Hovraett_etc_export_job_4502446_842250_Svea_Hovraett_-_Advokatfiskalens_Jaemtlands_laen__1702__-7a829e7f/0029_DSC_0365/r1l13,694.0,88.0,504.73,64,35,1,36,28,False,ok,0,0.11428571428571428
Svea_Hovraett_etc_export_job_4502446_842250_Svea_Hovraett_-_Advokatfiskalens_Jaemtlands_laen__1702__-7a829e7f/0029_DSC_0365/r1l14,720.0,98.0,470.2,59,34,1,35,24,False,ok,0,0.08823529411764706
Svea_Hovraett_etc_export_job_4502446_842250_Svea_Hovraett_-_Advokatfiskalens_Jaemtlands_laen__1702__-7a829e7f/0029_DSC_0365/r1l15,718.0,101.0,454.97,57,35,0,35,22,False,ok,0,0.08571428571428572
Svea_Hovraett_etc_export_job_4502446_842250_Svea_Hovraett_-_Advokatfiskalens_Jaemtlands_laen__1702__-7a829e7f/0029_DSC_0365/r1l16,720.0,101.0,456.24,58,36,0,36,22,False,ok,0,0.1388888888888889
Svea_Hovraett_etc_export_job_4502446_842250_Svea_Hovraett_-_Advokatfiskalens_Jaemtlands_laen__1702__-7a829e7f/0029_DSC_0365/r1l17,728.0,104.0,448.0,56,36,2,38,18,False,ok,0,0.1111111111111111
Svea_Hovraett_etc_export_job_4502446_842250_Svea_Hovraett_-_Advokatfiskalens_Jaemtlands_laen__1702__-7a829e7f/0029_DSC_0365/r1l19,742.0,113.0,420.25,53,34,3,37,16,False,ok,0,0.08823529411764706
Svea_Hovraett_etc_export_job_4502446_842250_Svea_Hovraett_-_Advokatfiskalens_Jaemtlands_laen__1702__-7a829e7f/0029_DSC_0365/r1l20,760.0,116.0,419.31,53,33,0,33,20,False,ok,0,0.21212121212121213
Svea_Hovraett_etc_export_job_4502446_842250_Svea_Hovraett_-_Advokatfiskalens_Jaemtlands_laen__1702__-7a829e7f/0029_DSC_0365/r1l21,750.0,122.0,393.44,50,36,3,39,11,False,ok,0,0.19444444444444445
Svea_Hovraett_etc_export_job_4502446_842250_Svea_Hovraett_-_Advokatfiskalens_Jaemtlands_laen__1702__-7a829e7f/0029_DSC_0365/r1l22,144.0,86.0,107.16,14,7,1,8,6,False,ok,0,0.42857142857142855
Svea_Hovraett_etc_export_job_4502446_842250_Svea_Hovraett_-_Advokatfiskalens_Jaemtlands_laen__1702__-7a829e7f/0029_DSC_0365/r2l1,84.0,56.0,96.0,12,4,0,4,8,False,ok,0,0.75
Svea_Hovraett_etc_export_job_4502446_842250_Svea_Hovraett_-_Advokatfiskalens_Jaemtlands_laen__1702__-7a829e7f/0029_DSC_0365/r2l2,687.0,128.0,343.5,43,40,1,41,2,False,ok,0,0.7
Svea_Hovraett_etc_export_job_4502446_842250_Svea_Hovraett_-_Advokatfiskalens_Jaemtlands_laen__1702__-7a829e7f/0029_DSC_0365/r2l3,675.0,113.0,382.3,48,34,1,35,13,False,ok,0,0.7647058823529411
Svea_Hovraett_etc_export_job_4502446_842250_Svea_Hovraett_-_Advokatfiskalens_Jaemtlands_laen__1702__-7a829e7f/0029_DSC_0365/r2l4,701.0,100.0,448.64,57,37,1,38,19,False,ok,0,0.2702702702702703
Svea_Hovraett_etc_export_job_4502446_842250_Svea_Hovraett_-_Advokatfiskalens_Jaemtlands_laen__1702__-7a829e7f/0029_DSC_0365/r2l5,687.0,94.0,467.74,59,35,1,36,23,False,ok,0,0.22857142857142856
Svea_Hovraett_etc_export_job_4502446_842250_Svea_Hovraett_-_Advokatfiskalens_Jaemtlands_laen__1702__-7a829e7f/0029_DSC_0365/r2l6,678.0,115.0,377.32,48,33,2,35,13,False,ok,0,0.18181818181818182
Svea_Hovraett_etc_export_job_4502446_842250_Svea_Hovraett_-_Advokatfiskalens_Jaemtlands_laen__1702__-7a829e7f/0029_DSC_0365/r2l7,690.0,125.0,353.28,45,33,0,33,12,False,ok,0,0.48484848484848486
Svea_Hovraett_etc_export_job_4502446_842250_Svea_Hovraett_-_Advokatfiskalens_Jaemtlands_laen__1702__-7a829e7f/0029_DSC_0365/r2l8,539.0,99.0,348.44,44,29,1,30,14,False,ok,0,0.3448275862068966
Svea_Hovraett_etc_export_job_4502446_842250_Svea_Hovraett_-_Advokatfiskalens_Jaemtlands_laen__1702__-7a829e7f/0029_DSC_0365/r2l9,745.0,120.0,397.33,50,38,1,39,11,False,ok,0,0.2894736842105263
Svea_Hovraett_etc_export_job_4502446_842250_Svea_Hovraett_-_Advokatfiskalens_Jaemtlands_laen__1702__-7a829e7f/0029_DSC_0365/r2l10,744.0,107.0,445.01,56,36,2,38,18,False,ok,0,0.19444444444444445
Svea_Hovraett_etc_export_job_4502446_842250_Svea_Hovraett_-_Advokatfiskalens_Jaemtlands_laen__1702__-7a829e7f/0029_DSC_0365/r2l11,724.0,80.0,579.2,73,36,1,37,36,False,ok,0,0.16666666666666666
Svea_Hovraett_etc_export_job_4502446_842250_Svea_Hovraett_-_Advokatfiskalens_Jaemtlands_laen__1702__-7a829e7f/0029_DSC_0365/r2l12,744.0,97.0,490.89,62,37,3,40,22,False,ok,0,0.08108108108108109
Svea_Hovraett_etc_export_job_4502446_842250_Svea_Hovraett_-_Advokatfiskalens_Jaemtlands_laen__1702__-7a829e7f/0029_DSC_0365/r2l13,705.0,106.0,425.66,54,31,2,33,21,False,ok,0,0.06451612903225806
Svea_Hovraett_etc_export_job_4502446_842250_Svea_Hovraett_-_Advokatfiskalens_Jaemtlands_laen__1702__-7a829e7f/0029_DSC_0365/r2l14,734.0,112.0,419.43,53,36,2,38,15,False,ok,0,0.1111111111111111
Svea_Hovraett_etc_export_job_4502446_842250_Svea_Hovraett_-_Advokatfiskalens_Jaemtlands_laen__1702__-7a829e7f/0029_DSC_0365/r2l15,767.0,97.0,506.06,64,38,2,40,24,False,ok,0,0.02631578947368421
Svea_Hovraett_etc_export_job_4502446_842250_Svea_Hovraett_-_Advokatfiskalens_Jaemtlands_laen__1702__-7a829e7f/0029_DSC_0365/r2l16,767.0,106.0,463.09,58,37,3,40,18,False,ok,0,0.08108108108108109
Svea_Hovraett_etc_export_job_4502446_842250_Svea_Hovraett_-_Advokatfiskalens_Jaemtlands_laen__1702__-7a829e7f/0029_DSC_0365/r2l17,788.0,114.0,442.39,56,39,2,41,15,False,ok,0,0.1282051282051282
Svea_Hovraett_etc_export_job_4502446_842250_Svea_Hovraett_-_Advokatfiskalens_Jaemtlands_laen__1702__-7a829e7f/0029_DSC_0365/r2l18,411.0,126.0,208.76,27,17,0,17,10,False,ok,0,0.17647058823529413
Svea_Hovraett_etc_export_job_4502446_842250_Svea_Hovraett_-_Advokatfiskalens_Jaemtlands_laen__1702__-7a829e7f/0029_DSC_0365/r2l19,885.0,191.0,296.54,38,37,1,38,0,False,ok,0,0.7297297297297297
Svea_Hovraett_etc_export_job_4502446_842250_Svea_Hovraett_-_Advokatfiskalens_Jaemtlands_laen__1702__-7a829e7f/0029_DSC_0365/r2l21,134.0,100.0,85.76,11,4,1,5,6,False,empty,1,1.0
Svea_Hovraett_etc_export_job_4502446_842250_Svea_Hovraett_-_Advokatfiskalens_Jaemtlands_laen__1702__-7a829e7f/0030_DSC_0366/r2l2,672.0,86.0,500.09,63,33,2,35,28,False,ok,0,0.21212121212121213
Svea_Hovraett_etc_export_job_4502446_842250_Svea_Hovraett_-_Advokatfiskalens_Jaemtlands_laen__1702__-7a829e7f/0030_DSC_0366/r2l3,674.0,92.0,468.87,59,36,2,38,21,False,ok,0,0.19444444444444445
Svea_Hovraett_etc_export_job_4502446_842250_Svea_Hovraett_-_Advokatfiskalens_Jaemtlands_laen__1702__-7a829e7f/0030_DSC_0366/r2l4,689.0,105.0,419.96,53,40,3,43,10,False,ok,0,0.3
Svea_Hovraett_etc_export_job_4502446_842250_Svea_Hovraett_-_Advokatfiskalens_Jaemtlands_laen__1702__-7a829e7f/0030_DSC_0366/r2l5,682.0,103.0,423.77,53,34,1,35,18,False,ok,0,0.20588235294117646
Svea_Hovraett_etc_export_job_4502446_842250_Svea_Hovraett_-_Advokatfiskalens_Jaemtlands_laen__1702__-7a829e7f/0030_DSC_0366/r2l6,672.0,96.0,448.0,56,31,2,33,23,False,ok,0,0.25806451612903225
Svea_Hovraett_etc_export_job_4502446_842250_Svea_Hovraett_-_Advokatfiskalens_Jaemtlands_laen__1702__-7a829e7f/0030_DSC_0366/r2l7,683.0,92.0,475.13,60,35,1,36,24,False,ok,0,0.17142857142857143
Svea_Hovraett_etc_export_job_4502446_842250_Svea_Hovraett_-_Advokatfiskalens_Jaemtlands_laen__1702__-7a829e7f/0030_DSC_0366/r2l8,683.0,98.0,446.04,56,38,0,38,18,False,ok,0,0.3157894736842105
Svea_Hovraett_etc_export_job_4502446_842250_Svea_Hovraett_-_Advokatfiskalens_Jaemtlands_laen__1702__-7a829e7f/0030_DSC_0366/r2l9,778.0,126.0,395.17,50,34,1,35,15,False,ok,0,0.38235294117647056
Svea_Hovraett_etc_export_job_4502446_842250_Svea_Hovraett_-_Advokatfiskalens_Jaemtlands_laen__1702__-7a829e7f/0030_DSC_0366/r2l10,719.0,98.0,469.55,59,28,1,29,30,False,ok,0,0.10714285714285714
Svea_Hovraett_etc_export_job_4502446_842250_Svea_Hovraett_-_Advokatfiskalens_Jaemtlands_laen__1702__-7a829e7f/0030_DSC_0366/r2l11,697.0,116.0,384.55,49,31,2,33,16,False,ok,0,0.16129032258064516
Svea_Hovraett_etc_export_job_4502446_842250_Svea_Hovraett_-_Advokatfiskalens_Jaemtlands_laen__1702__-7a829e7f/0030_DSC_0366/r2l12,717.0,105.0,437.03,55,34,0,34,21,False,ok,0,0.17647058823529413
Svea_Hovraett_etc_export_job_4502446_842250_Svea_Hovraett_-_Advokatfiskalens_Jaemtlands_laen__1702__-7a829e7f/0030_DSC_0366/r2l13,718.0,97.0,473.73,60,31,0,31,29,False,ok,0,0.03225806451612903
Svea_Hovraett_etc_export_job_4502446_842250_Svea_Hovraett_-_Advokatfiskalens_Jaemtlands_laen__1702__-7a829e7f/0030_DSC_0366/r2l15,724.0,99.0,468.04,59,30,1,31,28,False,ok,0,0.06666666666666667
Svea_Hovraett_etc_export_job_4502446_842250_Svea_Hovraett_-_Advokatfiskalens_Jaemtlands_laen__1702__-7a829e7f/0030_DSC_0366/r2l16,742.0,100.0,474.88,60,32,2,34,26,False,ok,0,0.0625
Svea_Hovraett_etc_export_job_4502446_842250_Svea_Hovraett_-_Advokatfiskalens_Jaemtlands_laen__1702__-7a829e7f/0030_DSC_0366/r2l17,751.0,100.0,480.64,61,31,0,31,30,False,ok,0,0.0
Svea_Hovraett_etc_export_job_4502446_842250_Svea_Hovraett_-_Advokatfiskalens_Jaemtlands_laen__1702__-7a829e7f/0030_DSC_0366/r2l18,746.0,90.0,530.49,67,31,1,32,35,False,ok,0,0.03225806451612903
Svea_Hovraett_etc_export_job_4502446_842250_Svea_Hovraett_-_Advokatfiskalens_Jaemtlands_laen__1702__-7a829e7f/0030_DSC_0366/r2l19,752.0,99.0,486.14,61,36,0,36,25,False,ok,0,0.1388888888888889
Svea_Hovraett_etc_export_job_4502446_842250_Svea_Hovraett_-_Advokatfiskalens_Jaemtlands_laen__1702__-7a829e7f/0030_DSC_0366/r2l20,740.0,103.0,459.81,58,33,2,35,23,False,ok,0,0.15151515151515152
Svea_Hovraett_etc_export_job_4502446_842250_Svea_Hovraett_-_Advokatfiskalens_Jaemtlands_laen__1702__-7a829e7f/0030_DSC_0366/r2l21,130.0,114.0,72.98,10,3,0,3,7,False,ok,0,0.6666666666666666
Svea_Hovraett_etc_export_job_4502446_842250_Svea_Hovraett_-_Advokatfiskalens_Jaemtlands_laen__1702__-7a829e7f/0030_DSC_0366/r3l1,81.0,62.0,83.61,11,4,0,4,7,False,ok,0,0.75
Svea_Hovraett_etc_export_job_4502446_842250_Svea_Hovraett_-_Advokatfiskalens_Jaemtlands_laen__1702__-7a829e7f/0030_DSC_0366/r3l2,668.0,128.0,334.0,42,38,2,40,2,False,ok,0,0.39473684210526316
Svea_Hovraett_etc_export_job_4502446_842250_Svea_Hovraett_-_Advokatfiskalens_Jaemtlands_laen__1702__-7a829e7f/0030_DSC_0366/r3l3,691.0,114.0,387.93,49,33,2,35,14,False,ok,0,0.5151515151515151
Svea_Hovraett_etc_export_job_4502446_842250_Svea_Hovraett_-_Advokatfiskalens_Jaemtlands_laen__1702__-7a829e7f/0030_DSC_0366/r3l4,143.0,85.0,107.67,14,9,0,9,5,False,ok,0,0.5555555555555556
Svea_Hovraett_etc_export_job_4502446_842250_Svea_Hovraett_-_Advokatfiskalens_Jaemtlands_laen__1702__-7a829e7f/0030_DSC_0366/r3l5,770.0,160.0,308.0,39,38,2,40,-1,True,ok,0,0.5
Svea_Hovraett_etc_export_job_4502446_842250_Svea_Hovraett_-_Advokatfiskalens_Jaemtlands_laen__1702__-7a829e7f/0030_DSC_0366/r3l6,725.0,122.0,380.33,48,36,1,37,11,False,ok,0,0.4722222222222222
Svea_Hovraett_etc_export_job_4502446_842250_Svea_Hovraett_-_Advokatfiskalens_Jaemtlands_laen__1702__-7a829e7f/0030_DSC_0366/r3l7,684.0,105.0,416.91,53,33,1,34,19,False,ok,0,0.3333333333333333
Svea_Hovraett_etc_export_job_4502446_842250_Svea_Hovraett_-_Advokatfiskalens_Jaemtlands_laen__1702__-7a829e7f/0030_DSC_0366/r3l8,713.0,109.0,418.64,53,31,1,32,21,False,ok,0,0.3225806451612903
Svea_Hovraett_etc_export_job_4502446_842250_Svea_Hovraett_-_Advokatfiskalens_Jaemtlands_laen__1702__-7a829e7f/0030_DSC_0366/r3l9,722.0,113.0,408.92,52,31,0,31,21,False,ok,0,0.16129032258064516
Svea_Hovraett_etc_export_job_4502446_842250_Svea_Hovraett_-_Advokatfiskalens_Jaemtlands_laen__1702__-7a829e7f/0030_DSC_0366/r3l10,723.0,97.0,477.03,60,33,3,36,24,False,ok,0,0.06060606060606061
Svea_Hovraett_etc_export_job_4502446_842250_Svea_Hovraett_-_Advokatfiskalens_Jaemtlands_laen__1702__-7a829e7f/0030_DSC_0366/r3l11,727.0,115.0,404.59,51,35,3,38,13,False,ok,0,0.22857142857142856
Svea_Hovraett_etc_export_job_4502446_842250_Svea_Hovraett_-_Advokatfiskalens_Jaemtlands_laen__1702__-7a829e7f/0030_DSC_0366/r3l12,422.0,100.0,270.08,34,18,1,19,15,False,ok,0,0.1111111111111111
Svea_Hovraett_etc_export_job_4502446_842250_Svea_Hovraett_-_Advokatfiskalens_Jaemtlands_laen__1702__-7a829e7f/0030_DSC_0366/r3l13,781.0,119.0,420.03,53,42,2,44,9,False,ok,0,0.30952380952380953
Svea_Hovraett_etc_export_job_4502446_842250_Svea_Hovraett_-_Advokatfiskalens_Jaemtlands_laen__1702__-7a829e7f/0030_DSC_0366/r3l14,777.0,110.0,452.07,57,34,1,35,22,False,ok,0,0.3235294117647059
Svea_Hovraett_etc_export_job_4502446_842250_Svea_Hovraett_-_Advokatfiskalens_Jaemtlands_laen__1702__-7a829e7f/0030_DSC_0366/r3l15,788.0,103.0,489.63,62,37,2,39,23,False,ok,0,0.10810810810810811
Svea_Hovraett_etc_export_job_4502446_842250_Svea_Hovraett_-_Advokatfiskalens_Jaemtlands_laen__1702__-7a829e7f/0030_DSC_0366/r3l16,739.0,96.0,492.67,62,28,0,28,34,False,ok,0,0.03571428571428571
Svea_Hovraett_etc_export_job_4502446_842250_Svea_Hovraett_-_Advokatfiskalens_Jaemtlands_laen__1702__-7a829e7f/0030_DSC_0366/r3l17,779.0,91.0,547.87,69,31,1,32,37,False,ok,0,0.03225806451612903
Svea_Hovraett_etc_export_job_4502446_842250_Svea_Hovraett_-_Advokatfiskalens_Jaemtlands_laen__1702__-7a829e7f/0030_DSC_0366/r3l18,808.0,104.0,497.23,63,34,1,35,28,False,ok,0,0.2647058823529412
Svea_Hovraett_etc_export_job_4502446_842250_Svea_Hovraett_-_Advokatfiskalens_Jaemtlands_laen__1702__-7a829e7f/0030_DSC_0366/r3l19,783.0,90.0,556.8,70,34,4,38,32,False,ok,0,0.08823529411764706
Svea_Hovraett_etc_export_job_4502446_842250_Svea_Hovraett_-_Advokatfiskalens_Jaemtlands_laen__1702__-7a829e7f/0030_DSC_0366/r3l20,135.0,77.0,112.21,15,3,0,3,12,False,empty,1,1.0
Svea_Hovraett_etc_export_job_4502446_842250_Svea_Hovraett_-_Advokatfiskalens_Jaemtlands_laen__1702__-7a829e7f/0031_DSC_0367/r2l1,672.0,96.0,448.0,56,32,1,33,23,False,ok,0,0.25
Svea_Hovraett_etc_export_job_4502446_842250_Svea_Hovraett_-_Advokatfiskalens_Jaemtlands_laen__1702__-7a829e7f/0031_DSC_0367/r2l2,669.0,122.0,350.95,44,37,3,40,4,False,ok,0,0.40540540540540543
Svea_Hovraett_etc_export_job_4502446_842250_Svea_Hovraett_-_Advokatfiskalens_Jaemtlands_laen__1702__-7a829e7f/0031_DSC_0367/r2l3,685.0,101.0,434.06,55,33,1,34,21,False,ok,0,0.24242424242424243
Svea_Hovraett_etc_export_job_4502446_842250_Svea_Hovraett_-_Advokatfiskalens_Jaemtlands_laen__1702__-7a829e7f/0031_DSC_0367/r2l4,682.0,105.0,415.7,52,31,1,32,20,False,ok,0,0.1935483870967742
Svea_Hovraett_etc_export_job_4502446_842250_Svea_Hovraett_-_Advokatfiskalens_Jaemtlands_laen__1702__-7a829e7f/0031_DSC_0367/r2l5,693.0,97.0,457.24,58,31,1,32,26,False,ok,0,0.16129032258064516
Svea_Hovraett_etc_export_job_4502446_842250_Svea_Hovraett_-_Advokatfiskalens_Jaemtlands_laen__1702__-7a829e7f/0031_DSC_0367/r2l6,666.0,89.0,478.92,60,24,2,26,34,False,ok,0,0.0
Svea_Hovraett_etc_export_job_4502446_842250_Svea_Hovraett_-_Advokatfiskalens_Jaemtlands_laen__1702__-7a829e7f/0031_DSC_0367/r2l7,818.0,107.0,489.27,62,38,2,40,22,False,ok,0,0.2631578947368421
Svea_Hovraett_etc_export_job_4502446_842250_Svea_Hovraett_-_Advokatfiskalens_Jaemtlands_laen__1702__-7a829e7f/0031_DSC_0367/r2l8,732.0,88.0,532.36,67,31,0,31,36,False,ok,0,0.0967741935483871
Svea_Hovraett_etc_export_job_4502446_842250_Svea_Hovraett_-_Advokatfiskalens_Jaemtlands_laen__1702__-7a829e7f/0031_DSC_0367/r2l10,713.0,108.0,422.52,53,28,2,30,23,False,ok,0,0.14285714285714285
Svea_Hovraett_etc_export_job_4502446_842250_Svea_Hovraett_-_Advokatfiskalens_Jaemtlands_laen__1702__-7a829e7f/0031_DSC_0367/r2l12,720.0,95.0,485.05,61,30,0,30,31,False,ok,0,0.2
Svea_Hovraett_etc_export_job_4502446_842250_Svea_Hovraett_-_Advokatfiskalens_Jaemtlands_laen__1702__-7a829e7f/0031_DSC_0367/r2l13,745.0,88.0,541.82,68,30,0,30,38,False,ok,0,0.1
Svea_Hovraett_etc_export_job_4502446_842250_Svea_Hovraett_-_Advokatfiskalens_Jaemtlands_laen__1702__-7a829e7f/0031_DSC_0367/r2l14,748.0,84.0,569.9,72,33,0,33,39,False,ok,0,0.030303030303030304
Svea_Hovraett_etc_export_job_4502446_842250_Svea_Hovraett_-_Advokatfiskalens_Jaemtlands_laen__1702__-7a829e7f/0031_DSC_0367/r2l16,745.0,120.0,397.33,50,30,1,31,19,False,ok,0,0.1
Svea_Hovraett_etc_export_job_4502446_842250_Svea_Hovraett_-_Advokatfiskalens_Jaemtlands_laen__1702__-7a829e7f/0031_DSC_0367/r2l18,745.0,69.0,691.01,87,27,0,27,60,False,ok,0,0.2222222222222222
Svea_Hovraett_etc_export_job_4502446_842250_Svea_Hovraett_-_Advokatfiskalens_Jaemtlands_laen__1702__-7a829e7f/0031_DSC_0367/r2l19,766.0,81.0,605.23,76,30,0,30,46,False,ok,0,0.0
Svea_Hovraett_etc_export_job_4502446_842250_Svea_Hovraett_-_Advokatfiskalens_Jaemtlands_laen__1702__-7a829e7f/0031_DSC_0367/r2l20,745.0,97.0,491.55,62,27,0,27,35,False,ok,0,0.1111111111111111
Svea_Hovraett_etc_export_job_4502446_842250_Svea_Hovraett_-_Advokatfiskalens_Jaemtlands_laen__1702__-7a829e7f/0031_DSC_0367/r2l21,773.0,93.0,531.96,67,29,1,30,37,False,ok,0,0.10344827586206896
Svea_Hovraett_etc_export_job_4502446_842250_Svea_Hovraett_-_Advokatfiskalens_Jaemtlands_laen__1702__-7a829e7f/0031_DSC_0367/r2l22,769.0,104.0,473.23,60,34,2,36,24,False,ok,0,0.08823529411764706
Svea_Hovraett_etc_export_job_4502446_842250_Svea_Hovraett_-_Advokatfiskalens_Jaemtlands_laen__1702__-7a829e7f/0031_DSC_0367/r3l2,74.0,44.0,107.64,14,4,0,4,10,False,empty,1,1.0
Svea_Hovraett_etc_export_job_4502446_842250_Svea_Hovraett_-_Advokatfiskalens_Jaemtlands_laen__1702__-7a829e7f/0031_DSC_0367/r3l3,706.0,135.0,334.7,42,37,1,38,4,False,ok,0,0.6216216216216216
Svea_Hovraett_etc_export_job_4502446_842250_Svea_Hovraett_-_Advokatfiskalens_Jaemtlands_laen__1702__-7a829e7f/0031_DSC_0367/r3l4,690.0,110.0,401.45,51,37,0,37,14,False,ok,0,0.4864864864864865
Svea_Hovraett_etc_export_job_4502446_842250_Svea_Hovraett_-_Advokatfiskalens_Jaemtlands_laen__1702__-7a829e7f/0031_DSC_0367/r3l5,631.0,102.0,395.92,50,32,0,32,18,False,ok,0,0.15625
Svea_Hovraett_etc_export_job_4502446_842250_Svea_Hovraett_-_Advokatfiskalens_Jaemtlands_laen__1702__-7a829e7f/0031_DSC_0367/r3l6,725.0,110.0,421.82,53,46,3,49,4,False,ok,0,0.45652173913043476
Svea_Hovraett_etc_export_job_4502446_842250_Svea_Hovraett_-_Advokatfiskalens_Jaemtlands_laen__1702__-7a829e7f/0031_DSC_0367/r3l7,749.0,107.0,448.0,56,37,1,38,18,False,ok,0,0.35135135135135137
Svea_Hovraett_etc_export_job_4502446_842250_Svea_Hovraett_-_Advokatfiskalens_Jaemtlands_laen__1702__-7a829e7f/0031_DSC_0367/r3l8,67.0,70.0,61.26,8,5,1,6,2,False,ok,0,0.2
Svea_Hovraett_etc_export_job_4502446_842250_Svea_Hovraett_-_Advokatfiskalens_Jaemtlands_laen__1702__-7a829e7f/0031_DSC_0367/r3l9,725.0,157.0,295.54,37,30,0,30,7,False,ok,0,0.5333333333333333
Svea_Hovraett_etc_export_job_4502446_842250_Svea_Hovraett_-_Advokatfiskalens_Jaemtlands_laen__1702__-7a829e7f/0031_DSC_0367/r3l10,723.0,132.0,350.55,44,41,4,45,-1,True,ok,0,0.4878048780487805
Svea_Hovraett_etc_export_job_4502446_842250_Svea_Hovraett_-_Advokatfiskalens_Jaemtlands_laen__1702__-7a829e7f/0031_DSC_0367/r3l11,761.0,110.0,442.76,56,37,0,37,19,False,ok,0,0.32432432432432434
Svea_Hovraett_etc_export_job_4502446_842250_Svea_Hovraett_-_Advokatfiskalens_Jaemtlands_laen__1702__-7a829e7f/0031_DSC_0367/r3l12,725.0,117.0,396.58,50,34,3,37,13,False,ok,0,0.23529411764705882
Svea_Hovraett_etc_export_job_4502446_842250_Svea_Hovraett_-_Advokatfiskalens_Jaemtlands_laen__1702__-7a829e7f/0031_DSC_0367/r3l13,716.0,97.0,472.41,60,33,3,36,24,False,ok,0,0.18181818181818182
Svea_Hovraett_etc_export_job_4502446_842250_Svea_Hovraett_-_Advokatfiskalens_Jaemtlands_laen__1702__-7a829e7f/0031_DSC_0367/r3l14,771.0,109.0,452.7,57,41,4,45,12,False,ok,0,0.2682926829268293
Svea_Hovraett_etc_export_job_4502446_842250_Svea_Hovraett_-_Advokatfiskalens_Jaemtlands_laen__1702__-7a829e7f/0031_DSC_0367/r3l15,212.0,68.0,199.53,25,10,0,10,15,False,ok,0,0.0
Svea_Hovraett_etc_export_job_4502446_842250_Svea_Hovraett_-_Advokatfiskalens_Jaemtlands_laen__1702__-7a829e7f/0031_DSC_0367/r3l16,786.0,109.0,461.5,58,38,3,41,17,False,ok,0,0.23684210526315788
Svea_Hovraett_etc_export_job_4502446_842250_Svea_Hovraett_-_Advokatfiskalens_Jaemtlands_laen__1702__-7a829e7f/0031_DSC_0367/r3l17,784.0,116.0,432.55,55,37,2,39,16,False,ok,0,0.10810810810810811
Svea_Hovraett_etc_export_job_4502446_842250_Svea_Hovraett_-_Advokatfiskalens_Jaemtlands_laen__1702__-7a829e7f/0031_DSC_0367/r3l18,759.0,92.0,528.0,66,37,1,38,28,False,ok,0,0.16216216216216217
Svea_Hovraett_etc_export_job_4502446_842250_Svea_Hovraett_-_Advokatfiskalens_Jaemtlands_laen__1702__-7a829e7f/0031_DSC_0367/r3l19,764.0,99.0,493.9,62,33,2,35,27,False,ok,0,0.09090909090909091
Svea_Hovraett_etc_export_job_4502446_842250_Svea_Hovraett_-_Advokatfiskalens_Jaemtlands_laen__1702__-7a829e7f/0031_DSC_0367/r3l20,686.0,104.0,422.15,53,31,1,32,21,False,ok,0,0.1935483870967742
Svea_Hovraett_etc_export_job_4502446_842250_Svea_Hovraett_-_Advokatfiskalens_Jaemtlands_laen__1702__-7a829e7f/0031_DSC_0367/r3l21,764.0,100.0,488.96,62,31,0,31,31,False,ok,0,0.25806451612903225
Svea_Hovraett_etc_export_job_4502446_842250_Svea_Hovraett_-_Advokatfiskalens_Jaemtlands_laen__1702__-7a829e7f/0031_DSC_0367/r3l22,780.0,105.0,475.43,60,35,2,37,23,False,ok,0,0.14285714285714285
Svea_Hovraett_etc_export_job_4502446_842250_Svea_Hovraett_-_Advokatfiskalens_Jaemtlands_laen__1702__-7a829e7f/0031_DSC_0367/r3l23,134.0,90.0,95.29,12,3,0,3,9,False,empty,1,1.0
Svea_Hovraett_etc_export_job_4502446_842250_Svea_Hovraett_-_Advokatfiskalens_Jaemtlands_laen__1702__-7a829e7f/0032_DSC_0368/r1l1,658.0,109.0,386.35,49,41,4,45,4,False,ok,0,0.43902439024390244
Svea_Hovraett_etc_export_job_4502446_842250_Svea_Hovraett_-_Advokatfiskalens_Jaemtlands_laen__1702__-7a829e7f/0032_DSC_0368/r1l2,660.0,108.0,391.11,49,30,1,31,18,False,ok,0,0.5333333333333333
Svea_Hovraett_etc_export_job_4502446_842250_Svea_Hovraett_-_Advokatfiskalens_Jaemtlands_laen__1702__-7a829e7f/0032_DSC_0368/r1l3,646.0,111.0,372.47,47,34,0,34,13,False,ok,0,0.29411764705882354
Svea_Hovraett_etc_export_job_4502446_842250_Svea_Hovraett_-_Advokatfiskalens_Jaemtlands_laen__1702__-7a829e7f/0032_DSC_0368/r1l4,654.0,100.0,418.56,53,31,0,31,22,False,ok,0,0.2903225806451613
Svea_Hovraett_etc_export_job_4502446_842250_Svea_Hovraett_-_Advokatfiskalens_Jaemtlands_laen__1702__-7a829e7f/0032_DSC_0368/r1l5,657.0,101.0,416.32,53,33,0,33,20,False,ok,0,0.2727272727272727
Svea_Hovraett_etc_export_job_4502446_842250_Svea_Hovraett_-_Advokatfiskalens_Jaemtlands_laen__1702__-7a829e7f/0032_DSC_0368/r1l6,669.0,109.0,392.81,50,32,1,33,17,False,ok,0,0.15625
Svea_Hovraett_etc_export_job_4502446_842250_Svea_Hovraett_-_Advokatfiskalens_Jaemtlands_laen__1702__-7a829e7f/0032_DSC_0368/r1l7,667.0,82.0,520.59,66,34,2,36,30,False,ok,0,0.20588235294117646
Svea_Hovraett_etc_export_job_4502446_842250_Svea_Hovraett_-_Advokatfiskalens_Jaemtlands_laen__1702__-7a829e7f/0032_DSC_0368/r1l8,675.0,95.0,454.74,57,31,0,31,26,False,ok,0,0.22580645161290322
Svea_Hovraett_etc_export_job_4502446_842250_Svea_Hovraett_-_Advokatfiskalens_Jaemtlands_laen__1702__-7a829e7f/0032_DSC_0368/r1l9,671.0,94.0,456.85,58,28,1,29,29,False,ok,0,0.17857142857142858
Svea_Hovraett_etc_export_job_4502446_842250_Svea_Hovraett_-_Advokatfiskalens_Jaemtlands_laen__1702__-7a829e7f/0032_DSC_0368/r1l10,694.0,84.0,528.76,67,30,2,32,35,False,ok,0,0.16666666666666666
Svea_Hovraett_etc_export_job_4502446_842250_Svea_Hovraett_-_Advokatfiskalens_Jaemtlands_laen__1702__-7a829e7f/0032_DSC_0368/r1l11,675.0,91.0,474.73,60,36,3,39,21,False,ok,0,0.3888888888888889
Svea_Hovraett_etc_export_job_4502446_842250_Svea_Hovraett_-_Advokatfiskalens_Jaemtlands_laen__1702__-7a829e7f/0032_DSC_0368/r1l12,680.0,87.0,500.23,63,35,2,37,26,False,ok,0,0.11428571428571428
Svea_Hovraett_etc_export_job_4502446_842250_Svea_Hovraett_-_Advokatfiskalens_Jaemtlands_laen__1702__-7a829e7f/0032_DSC_0368/r1l13,695.0,90.0,494.22,62,34,0,34,28,False,ok,0,0.08823529411764706
Svea_Hovraett_etc_export_job_4502446_842250_Svea_Hovraett_-_Advokatfiskalens_Jaemtlands_laen__1702__-7a829e7f/0032_DSC_0368/r1l14,697.0,66.0,675.88,85,28,1,29,56,False,ok,0,0.2857142857142857
Svea_Hovraett_etc_export_job_4502446_842250_Svea_Hovraett_-_Advokatfiskalens_Jaemtlands_laen__1702__-7a829e7f/0032_DSC_0368/r1l15,691.0,105.0,421.18,53,37,1,38,15,False,ok,0,0.1891891891891892
Svea_Hovraett_etc_export_job_4502446_842250_Svea_Hovraett_-_Advokatfiskalens_Jaemtlands_laen__1702__-7a829e7f/0032_DSC_0368/r1l16,698.0,102.0,437.96,55,35,4,39,16,False,ok,0,0.08571428571428572
Svea_Hovraett_etc_export_job_4502446_842250_Svea_Hovraett_-_Advokatfiskalens_Jaemtlands_laen__1702__-7a829e7f/0032_DSC_0368/r1l17,685.0,65.0,674.46,85,32,2,34,51,False,ok,0,0.125
Svea_Hovraett_etc_export_job_4502446_842250_Svea_Hovraett_-_Advokatfiskalens_Jaemtlands_laen__1702__-7a829e7f/0032_DSC_0368/r1l18,719.0,101.0,455.6,57,35,3,38,19,False,ok,0,0.02857142857142857
Svea_Hovraett_etc_export_job_4502446_842250_Svea_Hovraett_-_Advokatfiskalens_Jaemtlands_laen__1702__-7a829e7f/0032_DSC_0368/r1l19,716.0,105.0,436.42,55,30,0,30,25,False,ok,0,0.06666666666666667
Svea_Hovraett_etc_export_job_4502446_842250_Svea_Hovraett_-_Advokatfiskalens_Jaemtlands_laen__1702__-7a829e7f/0032_DSC_0368/r1l20,722.0,113.0,408.92,52,32,1,33,19,False,ok,0,0.21875
Svea_Hovraett_etc_export_job_4502446_842250_Svea_Hovraett_-_Advokatfiskalens_Jaemtlands_laen__1702__-7a829e7f/0032_DSC_0368/r1l21,116.0,102.0,72.78,10,3,0,3,7,False,ok,0,1.0
Svea_Hovraett_etc_export_job_4502446_842250_Svea_Hovraett_-_Advokatfiskalens_Jaemtlands_laen__1702__-7a829e7f/0032_DSC_0368/r2l1,82.0,50.0,104.96,14,4,0,4,10,False,ok,0,0.75
Svea_Hovraett_etc_export_job_4502446_842250_Svea_Hovraett_-_Advokatfiskalens_Jaemtlands_laen__1702__-7a829e7f/0032_DSC_0368/r2l2,650.0,122.0,340.98,43,34,0,34,9,False,ok,0,0.47058823529411764
Svea_Hovraett_etc_export_job_4502446_842250_Svea_Hovraett_-_Advokatfiskalens_Jaemtlands_laen__1702__-7a829e7f/0032_DSC_0368/r2l3,113.0,80.0,90.4,12,9,1,10,2,False,ok,0,0.4444444444444444
Svea_Hovraett_etc_export_job_4502446_842250_Svea_Hovraett_-_Advokatfiskalens_Jaemtlands_laen__1702__-7a829e7f/0032_DSC_0368/r2l4,703.0,103.0,436.82,55,39,1,40,15,False,ok,0,0.3333333333333333
Svea_Hovraett_etc_export_job_4502446_842250_Svea_Hovraett_-_Advokatfiskalens_Jaemtlands_laen__1702__-7a829e7f/0032_DSC_0368/r2l5,714.0,111.0,411.68,52,41,2,43,9,False,ok,0,0.4634146341463415
Svea_Hovraett_etc_export_job_4502446_842250_Svea_Hovraett_-_Advokatfiskalens_Jaemtlands_laen__1702__-7a829e7f/0032_DSC_0368/r2l6,682.0,109.0,400.44,51,36,1,37,14,False,ok,0,0.5555555555555556
Svea_Hovraett_etc_export_job_4502446_842250_Svea_Hovraett_-_Advokatfiskalens_Jaemtlands_laen__1702__-7a829e7f/0032_DSC_0368/r2l7,671.0,92.0,466.78,59,32,0,32,27,False,ok,0,0.3125
Svea_Hovraett_etc_export_job_4502446_842250_Svea_Hovraett_-_Advokatfiskalens_Jaemtlands_laen__1702__-7a829e7f/0032_DSC_0368/r2l8,689.0,87.0,506.85,64,35,1,36,28,False,ok,0,0.2571428571428571
Svea_Hovraett_etc_export_job_4502446_842250_Svea_Hovraett_-_Advokatfiskalens_Jaemtlands_laen__1702__-7a829e7f/0032_DSC_0368/r2l9,693.0,82.0,540.88,68,34,1,35,33,False,ok,0,0.08823529411764706
Svea_Hovraett_etc_export_job_4502446_842250_Svea_Hovraett_-_Advokatfiskalens_Jaemtlands_laen__1702__-7a829e7f/0032_DSC_0368/r2l10,703.0,92.0,489.04,62,34,2,36,26,False,ok,0,0.11764705882352941
Svea_Hovraett_etc_export_job_4502446_842250_Svea_Hovraett_-_Advokatfiskalens_Jaemtlands_laen__1702__-7a829e7f/0032_DSC_0368/r2l11,722.0,113.0,408.92,52,32,1,33,19,False,ok,0,0.28125
Svea_Hovraett_etc_export_job_4502446_842250_Svea_Hovraett_-_Advokatfiskalens_Jaemtlands_laen__1702__-7a829e7f/0032_DSC_0368/r2l12,693.0,78.0,568.62,72,32,1,33,39,False,ok,0,0.03125
Svea_Hovraett_etc_export_job_4502446_842250_Svea_Hovraett_-_Advokatfiskalens_Jaemtlands_laen__1702__-7a829e7f/0032_DSC_0368/r2l13,716.0,75.0,610.99,77,37,1,38,39,False,ok,0,0.3783783783783784
Svea_Hovraett_etc_export_job_4502446_842250_Svea_Hovraett_-_Advokatfiskalens_Jaemtlands_laen__1702__-7a829e7f/0032_DSC_0368/r2l14,749.0,107.0,448.0,56,41,1,42,14,False,ok,0,0.1951219512195122
Svea_Hovraett_etc_export_job_4502446_842250_Svea_Hovraett_-_Advokatfiskalens_Jaemtlands_laen__1702__-7a829e7f/0032_DSC_0368/r2l15,736.0,96.0,490.67,62,32,0,32,30,False,ok,0,0.15625
Svea_Hovraett_etc_export_job_4502446_842250_Svea_Hovraett_-_Advokatfiskalens_Jaemtlands_laen__1702__-7a829e7f/0032_DSC_0368/r2l16,754.0,59.0,817.9,103,35,1,36,67,False,ok,0,0.02857142857142857
Svea_Hovraett_etc_export_job_4502446_842250_Svea_Hovraett_-_Advokatfiskalens_Jaemtlands_laen__1702__-7a829e7f/0032_DSC_0368/r2l17,731.0,97.0,482.31,61,34,1,35,26,False,ok,0,0.058823529411764705
Svea_Hovraett_etc_export_job_4502446_842250_Svea_Hovraett_-_Advokatfiskalens_Jaemtlands_laen__1702__-7a829e7f/0032_DSC_0368/r2l18,740.0,101.0,468.91,59,38,2,40,19,False,ok,0,0.21052631578947367
Svea_Hovraett_etc_export_job_4502446_842250_Svea_Hovraett_-_Advokatfiskalens_Jaemtlands_laen__1702__-7a829e7f/0032_DSC_0368/r2l19,749.0,97.0,494.19,62,34,2,36,26,False,ok,0,0.14705882352941177
Svea_Hovraett_etc_export_job_4502446_842250_Svea_Hovraett_-_Advokatfiskalens_Jaemtlands_laen__1702__-7a829e7f/0032_DSC_0368/r2l20,771.0,102.0,483.76,61,35,2,37,24,False,ok,0,0.11428571428571428
Svea_Hovraett_etc_export_job_4502446_842250_Svea_Hovraett_-_Advokatfiskalens_Jaemtlands_laen__1702__-7a829e7f/0032_DSC_0368/r2l21,766.0,85.0,576.75,73,38,3,41,32,False,ok,0,0.15789473684210525
Svea_Hovraett_etc_export_job_4502446_842250_Svea_Hovraett_-_Advokatfiskalens_Jaemtlands_laen__1702__-7a829e7f/0032_DSC_0368/r2l22,124.0,52.0,152.62,20,2,0,2,18,False,empty,1,1.0
Svea_Hovraett_etc_export_job_4502446_842250_Svea_Hovraett_-_Advokatfiskalens_Jaemtlands_laen__1702__-7a829e7f/0033_DSC_0369/r1l1,657.0,127.0,331.09,42,34,2,36,6,False,ok,0,0.6176470588235294
Svea_Hovraett_etc_export_job_4502446_842250_Svea_Hovraett_-_Advokatfiskalens_Jaemtlands_laen__1702__-7a829e7f/0033_DSC_0369/r1l2,666.0,100.0,426.24,54,38,1,39,15,False,ok,0,0.2631578947368421
Svea_Hovraett_etc_export_job_4502446_842250_Svea_Hovraett_-_Advokatfiskalens_Jaemtlands_laen__1702__-7a829e7f/0033_DSC_0369/r1l3,662.0,108.0,392.3,50,35,0,35,15,False,ok,0,0.2857142857142857
Svea_Hovraett_etc_export_job_4502446_842250_Svea_Hovraett_-_Advokatfiskalens_Jaemtlands_laen__1702__-7a829e7f/0033_DSC_0369/r1l4,676.0,91.0,475.43,60,36,1,37,23,False,ok,0,0.2777777777777778
Svea_Hovraett_etc_export_job_4502446_842250_Svea_Hovraett_-_Advokatfiskalens_Jaemtlands_laen__1702__-7a829e7f/0033_DSC_0369/r1l5,660.0,121.0,349.09,44,34,2,36,8,False,ok,0,0.35294117647058826
Svea_Hovraett_etc_export_job_4502446_842250_Svea_Hovraett_-_Advokatfiskalens_Jaemtlands_laen__1702__-7a829e7f/0033_DSC_0369/r1l6,683.0,87.0,502.44,63,30,0,30,33,False,ok,0,0.2
Svea_Hovraett_etc_export_job_4502446_842250_Svea_Hovraett_-_Advokatfiskalens_Jaemtlands_laen__1702__-7a829e7f/0033_DSC_0369/r1l7,663.0,96.0,442.0,56,31,0,31,25,False,ok,0,0.06451612903225806
Svea_Hovraett_etc_export_job_4502446_842250_Svea_Hovraett_-_Advokatfiskalens_Jaemtlands_laen__1702__-7a829e7f/0033_DSC_0369/r1l8,694.0,92.0,482.78,61,35,5,40,21,False,ok,0,0.17142857142857143
Svea_Hovraett_etc_export_job_4502446_842250_Svea_Hovraett_-_Advokatfiskalens_Jaemtlands_laen__1702__-7a829e7f/0033_DSC_0369/r1l9,698.0,99.0,451.23,57,33,4,37,20,False,ok,0,0.18181818181818182
Svea_Hovraett_etc_export_job_4502446_842250_Svea_Hovraett_-_Advokatfiskalens_Jaemtlands_laen__1702__-7a829e7f/0033_DSC_0369/r1l10,698.0,107.0,417.5,53,35,1,36,17,False,ok,0,0.2
Svea_Hovraett_etc_export_job_4502446_842250_Svea_Hovraett_-_Advokatfiskalens_Jaemtlands_laen__1702__-7a829e7f/0033_DSC_0369/r1l11,699.0,108.0,414.22,52,37,3,40,12,False,ok,0,0.1891891891891892
Svea_Hovraett_etc_export_job_4502446_842250_Svea_Hovraett_-_Advokatfiskalens_Jaemtlands_laen__1702__-7a829e7f/0033_DSC_0369/r1l12,694.0,97.0,457.9,58,36,1,37,21,False,ok,0,0.1388888888888889
Svea_Hovraett_etc_export_job_4502446_842250_Svea_Hovraett_-_Advokatfiskalens_Jaemtlands_laen__1702__-7a829e7f/0033_DSC_0369/r1l13,685.0,116.0,377.93,48,29,1,30,18,False,ok,0,0.06896551724137931
Svea_Hovraett_etc_export_job_4502446_842250_Svea_Hovraett_-_Advokatfiskalens_Jaemtlands_laen__1702__-7a829e7f/0033_DSC_0369/r1l15,144.0,74.0,124.54,16,5,0,5,11,False,ok,0,0.4
