dataset_id,dataset_version,page_id,document_id,collection,archival_volume,page_number,relative_path,content_hash,file_size_bytes,readability_status,image_format,width,height,aspect_ratio,pixel_count,color_mode,channel_count,bit_depth,bytes_per_pixel,icc_profile_present,alpha_present,exif_orientation,duplicate_status,duplicate_of_page_id,inclusion_status,exclusion_reason,automatic_category,classification_reason,supervised_final_category,flag_double_page_spread,flag_low_entropy_raster,flag_high_entropy_raster,flag_large_raster,notes,proposed_sample_member
dataset_f7dfd857275e7c253a5aba4730f93428121e5156bd4281c4101fd79514b0d8d9,dataset_version_a51bddcb369babc7d5f603d6c6a465de9505061bc876c2d3fdecdc2bcf5eee6e,page_f3171ff8f4d742733f451ffd0ce8b49a46b02245bc640530c1f418b416068265,document_71370bd51381e661515fefd2bb9e1e22ce31f9f3cda14dba66eb5d74da705749,Göta_hovrätt__Fragment_-_Handlingar_rörande_vidskepelse__signerier_och_trolldom__1669-1728_,A0060209,00008,dataset-rgb/Göta_hovrätt__Fragment_-_Handlingar_rörande_vidskepelse__signerier_och_trolldom__1669-1728_/Göta_hovrätt__Fragment_-_Handlingar_rörande_vidskepelse__signerier_och_trolldom__1669-1728__A0060209_00008.png,page_image_bcce678325138e9e239d81c9e861fc316412068cb5738fa30d35223a8924de40,25781469,readable,PNG,8168,5616,1.4544,45871488,RGB,3,8,0.562,False,False,,unique,,included,,Structurally difficult,"aspect ratio 1.4544 >= 1.15: double-page spread (two facing text blocks, central gutter, two independent reading orders); 45.9 MP > 40 MP: large raster, per-page memory pressure in any future segmentation stage",,True,False,False,True,,False
dataset_f7dfd857275e7c253a5aba4730f93428121e5156bd4281c4101fd79514b0d8d9,dataset_version_a51bddcb369babc7d5f603d6c6a465de9505061bc876c2d3fdecdc2bcf5eee6e,page_57455031788f07befe5fc92e22fea12b8b8e431f9a574d85218971281352ba3a,document_71370bd51381e661515fefd2bb9e1e22ce31f9f3cda14dba66eb5d74da705749,Göta_hovrätt__Fragment_-_Handlingar_rörande_vidskepelse__signerier_och_trolldom__1669-1728_,A0060209,00009,dataset-rgb/Göta_hovrätt__Fragment_-_Handlingar_rörande_vidskepelse__signerier_och_trolldom__1669-1728_/Göta_hovrätt__Fragment_-_Handlingar_rörande_vidskepelse__signerier_och_trolldom__1669-1728__A0060209_00009.png,page_image_2ef675f57856547194d99e61c2a47743597714798c5cbe6eaf528d1664f79a58,25143326,readable,PNG,8200,5624,1.458,46116800,RGB,3,8,0.5452,False,False,,unique,,included,,Structurally difficult,"aspect ratio 1.458 >= 1.15: double-page spread (two facing text blocks, central gutter, two independent reading orders); 46.1 MP > 40 MP: large raster, per-page memory pressure in any future segmentation stage",,True,False,False,True,,False
dataset_f7dfd857275e7c253a5aba4730f93428121e5156bd4281c4101fd79514b0d8d9,dataset_version_a51bddcb369babc7d5f603d6c6a465de9505061bc876c2d3fdecdc2bcf5eee6e,page_39caa64f774978ccd99be9e5f053c290d04c4be09763d56e5b74a5d881ea4eb6,document_71370bd51381e661515fefd2bb9e1e22ce31f9f3cda14dba66eb5d74da705749,Göta_hovrätt__Fragment_-_Handlingar_rörande_vidskepelse__signerier_och_trolldom__1669-1728_,A0060209,00010,dataset-rgb/Göta_hovrätt__Fragment_-_Handlingar_rörande_vidskepelse__signerier_och_trolldom__1669-1728_/Göta_hovrätt__Fragment_-_Handlingar_rörande_vidskepelse__signerier_och_trolldom__1669-1728__A0060209_00010.png,page_image_786c5a40c14876b802c6afdab4ac5018a8459f3806569e87ffaaef90819d0173,20486411,readable,PNG,8160,5592,1.4592,45630720,RGB,3,8,0.449,False,False,,unique,,included,,Structurally difficult,"aspect ratio 1.4592 >= 1.15: double-page spread (two facing text blocks, central gutter, two independent reading orders); 45.6 MP > 40 MP: large raster, per-page memory pressure in any future segmentation stage",,True,False,False,True,,False
dataset_f7dfd857275e7c253a5aba4730f93428121e5156bd4281c4101fd79514b0d8d9,dataset_version_a51bddcb369babc7d5f603d6c6a465de9505061bc876c2d3fdecdc2bcf5eee6e,page_c3c55fbe4edf0b1ad12bb744050adec6c10784d9d3fc51bcf2bf9d4d39b155c3,document_71370bd51381e661515fefd2bb9e1e22ce31f9f3cda14dba66eb5d74da705749,Göta_hovrätt__Fragment_-_Handlingar_rörande_vidskepelse__signerier_och_trolldom__1669-1728_,A0060209,00011,dataset-rgb/Göta_hovrätt__Fragment_-_Handlingar_rörande_vidskepelse__signerier_och_trolldom__1669-1728_/Göta_hovrätt__Fragment_-_Handlingar_rörande_vidskepelse__signerier_och_trolldom__1669-1728__A0060209_00011.png,page_image_395646913a646ec4765409359ad1391255db5d7e64d1899ace24db2eeec99873,25170033,readable,PNG,8176,5608,1.4579,45851008,RGB,3,8,0.549,False,False,,unique,,included,,Structurally difficult,"aspect ratio 1.4579 >= 1.15: double-page spread (two facing text blocks, central gutter, two independent reading orders); 45.9 MP > 40 MP: large raster, per-page memory pressure in any future segmentation stage",,True,False,False,True,,False
dataset_f7dfd857275e7c253a5aba4730f93428121e5156bd4281c4101fd79514b0d8d9,dataset_version_a51bddcb369babc7d5f603d6c6a465de9505061bc876c2d3fdecdc2bcf5eee6e,page_a6d165224b0a84a6bd9ecbdbf44ec1c8d5b984ce0a1d1f1eec255a63f3841eec,document_71370bd51381e661515fefd2bb9e1e22ce31f9f3cda14dba66eb5d74da705749,Göta_hovrätt__Fragment_-_Handlingar_rörande_vidskepelse__signerier_och_trolldom__1669-1728_,A0060209,00012,dataset-rgb/Göta_hovrätt__Fragment_-_Handlingar_rörande_vidskepelse__signerier_och_trolldom__1669-1728_/Göta_hovrätt__Fragment_-_Handlingar_rörande_vidskepelse__signerier_och_trolldom__1669-1728__A0060209_00012.png,page_image_bd218dabe1f0cc6b55a638819e24242d70c82b67cde9531c7a3735c78487b623,21997680,readable,PNG,8168,5584,1.4628,45610112,RGB,3,8,0.4823,False,False,,unique,,included,,Structurally difficult,"aspect ratio 1.4628 >= 1.15: double-page spread (two facing text blocks, central gutter, two independent reading orders); 45.6 MP > 40 MP: large raster, per-page memory pressure in any future segmentation stage",,True,False,False,True,,False
dataset_f7dfd857275e7c253a5aba4730f93428121e5156bd4281c4101fd79514b0d8d9,dataset_version_a51bddcb369babc7d5f603d6c6a465de9505061bc876c2d3fdecdc2bcf5eee6e,page_452f1b95c14bb1fe4657e129ce661dd7fb5548bb2b35a8d5c520c01f7436c715,document_71370bd51381e661515fefd2bb9e1e22ce31f9f3cda14dba66eb5d74da705749,Göta_hovrätt__Fragment_-_Handlingar_rörande_vidskepelse__signerier_och_trolldom__1669-1728_,A0060209,00013,dataset-rgb/Göta_hovrätt__Fragment_-_Handlingar_rörande_vidskepelse__signerier_och_trolldom__1669-1728_/Göta_hovrätt__Fragment_-_Handlingar_rörande_vidskepelse__signerier_och_trolldom__1669-1728__A0060209_00013.png,page_image_772008f43cd68ceae7e247ab8703e4c220679b96312604c3e8a1a098c7077084,25644477,readable,PNG,8200,5584,1.4685,45788800,RGB,3,8,0.5601,False,False,,unique,,included,,Structurally difficult,"aspect ratio 1.4685 >= 1.15: double-page spread (two facing text blocks, central gutter, two independent reading orders); 45.8 MP > 40 MP: large raster, per-page memory pressure in any future segmentation stage",,True,False,False,True,,False
dataset_f7dfd857275e7c253a5aba4730f93428121e5156bd4281c4101fd79514b0d8d9,dataset_version_a51bddcb369babc7d5f603d6c6a465de9505061bc876c2d3fdecdc2bcf5eee6e,page_c167d787ed1ef85949ecaffe183b25408319f080b6180e430f0773468d0521c3,document_71370bd51381e661515fefd2bb9e1e22ce31f9f3cda14dba66eb5d74da705749,Göta_hovrätt__Fragment_-_Handlingar_rörande_vidskepelse__signerier_och_trolldom__1669-1728_,A0060209,00014,dataset-rgb/Göta_hovrätt__Fragment_-_Handlingar_rörande_vidskepelse__signerier_och_trolldom__1669-1728_/Göta_hovrätt__Fragment_-_Handlingar_rörande_vidskepelse__signerier_och_trolldom__1669-1728__A0060209_00014.png,page_image_5f93a4917118cbf67e2cd7df1a63c3b079debee1789d0ec60ac454f75fae9060,22892312,readable,PNG,8152,5608,1.4536,45716416,RGB,3,8,0.5007,False,False,,unique,,included,,Structurally difficult,"aspect ratio 1.4536 >= 1.15: double-page spread (two facing text blocks, central gutter, two independent reading orders); 45.7 MP > 40 MP: large raster, per-page memory pressure in any future segmentation stage",,True,False,False,True,,False
dataset_f7dfd857275e7c253a5aba4730f93428121e5156bd4281c4101fd79514b0d8d9,dataset_version_a51bddcb369babc7d5f603d6c6a465de9505061bc876c2d3fdecdc2bcf5eee6e,page_07de27527b50fec043287ae2c69229027dadc6233c8bfda3db33b6808afe93a1,document_71370bd51381e661515fefd2bb9e1e22ce31f9f3cda14dba66eb5d74da705749,Göta_hovrätt__Fragment_-_Handlingar_rörande_vidskepelse__signerier_och_trolldom__1669-1728_,A0060209,00024,dataset-rgb/Göta_hovrätt__Fragment_-_Handlingar_rörande_vidskepelse__signerier_och_trolldom__1669-1728_/Göta_hovrätt__Fragment_-_Handlingar_rörande_vidskepelse__signerier_och_trolldom__1669-1728__A0060209_00024.png,page_image_d48c8d41c2919b7f05c4b1ffcc29637d1f23ac0cf5a4c4aa7eb34e11b340f792,18623574,readable,PNG,8200,5608,1.4622,45985600,RGB,3,8,0.405,False,False,,unique,,included,,Structurally difficult,"aspect ratio 1.4622 >= 1.15: double-page spread (two facing text blocks, central gutter, two independent reading orders); 46.0 MP > 40 MP: large raster, per-page memory pressure in any future segmentation stage",,True,False,False,True,,False
dataset_f7dfd857275e7c253a5aba4730f93428121e5156bd4281c4101fd79514b0d8d9,dataset_version_a51bddcb369babc7d5f603d6c6a465de9505061bc876c2d3fdecdc2bcf5eee6e,page_6700068c5e3fd668d62be2d9d4b6e9716b3bd1b9bf9fc751f59088065049bc13,document_71370bd51381e661515fefd2bb9e1e22ce31f9f3cda14dba66eb5d74da705749,Göta_hovrätt__Fragment_-_Handlingar_rörande_vidskepelse__signerier_och_trolldom__1669-1728_,A0060209,00025,dataset-rgb/Göta_hovrätt__Fragment_-_Handlingar_rörande_vidskepelse__signerier_och_trolldom__1669-1728_/Göta_hovrätt__Fragment_-_Handlingar_rörande_vidskepelse__signerier_och_trolldom__1669-1728__A0060209_00025.png,page_image_c38c53fb9618f784fc02b2408dde1c52d02f4e1eadcbd0a80d52d71974fbeec6,18994266,readable,PNG,8200,5608,1.4622,45985600,RGB,3,8,0.413,False,False,,unique,,included,,Structurally difficult,"aspect ratio 1.4622 >= 1.15: double-page spread (two facing text blocks, central gutter, two independent reading orders); 46.0 MP > 40 MP: large raster, per-page memory pressure in any future segmentation stage",,True,False,False,True,,True
dataset_f7dfd857275e7c253a5aba4730f93428121e5156bd4281c4101fd79514b0d8d9,dataset_version_a51bddcb369babc7d5f603d6c6a465de9505061bc876c2d3fdecdc2bcf5eee6e,page_2e5d515582710b95faf6cbbefa7ee97bee78613929efa082f2a2c1a9878348ae,document_71370bd51381e661515fefd2bb9e1e22ce31f9f3cda14dba66eb5d74da705749,Göta_hovrätt__Fragment_-_Handlingar_rörande_vidskepelse__signerier_och_trolldom__1669-1728_,A0060209,00026,dataset-rgb/Göta_hovrätt__Fragment_-_Handlingar_rörande_vidskepelse__signerier_och_trolldom__1669-1728_/Göta_hovrätt__Fragment_-_Handlingar_rörande_vidskepelse__signerier_och_trolldom__1669-1728__A0060209_00026.png,page_image_757b78a241cc08adba415d8c49b532d35fb4f4016b28feba50f484227e4a6e73,19455841,readable,PNG,8232,5600,1.47,46099200,RGB,3,8,0.422,False,False,,unique,,included,,Structurally difficult,"aspect ratio 1.47 >= 1.15: double-page spread (two facing text blocks, central gutter, two independent reading orders); 46.1 MP > 40 MP: large raster, per-page memory pressure in any future segmentation stage",,True,False,False,True,,False
dataset_f7dfd857275e7c253a5aba4730f93428121e5156bd4281c4101fd79514b0d8d9,dataset_version_a51bddcb369babc7d5f603d6c6a465de9505061bc876c2d3fdecdc2bcf5eee6e,page_b20173d0e0836090c06b10543bd5f599ad0ffd0a64b8d57dd2996352874a982c,document_71370bd51381e661515fefd2bb9e1e22ce31f9f3cda14dba66eb5d74da705749,Göta_hovrätt__Fragment_-_Handlingar_rörande_vidskepelse__signerier_och_trolldom__1669-1728_,A0060209,00027,dataset-rgb/Göta_hovrätt__Fragment_-_Handlingar_rörande_vidskepelse__signerier_och_trolldom__1669-1728_/Göta_hovrätt__Fragment_-_Handlingar_rörande_vidskepelse__signerier_och_trolldom__1669-1728__A0060209_00027.png,page_image_f89cab9ce56c155bf588932052983716e8d254a30ec377c837a6fabe21c9118a,18085086,readable,PNG,8224,5608,1.4665,46120192,RGB,3,8,0.3921,False,False,,unique,,included,,Structurally difficult,"aspect ratio 1.4665 >= 1.15: double-page spread (two facing text blocks, central gutter, two independent reading orders); 46.1 MP > 40 MP: large raster, per-page memory pressure in any future segmentation stage",,True,False,False,True,,False
dataset_f7dfd857275e7c253a5aba4730f93428121e5156bd4281c4101fd79514b0d8d9,dataset_version_a51bddcb369babc7d5f603d6c6a465de9505061bc876c2d3fdecdc2bcf5eee6e,page_f83e31c49d391992e4e2e2a5ac331dce9c4be1f1d0d1e1d886d29be8cbff26c4,document_71370bd51381e661515fefd2bb9e1e22ce31f9f3cda14dba66eb5d74da705749,Göta_hovrätt__Fragment_-_Handlingar_rörande_vidskepelse__signerier_och_trolldom__1669-1728_,A0060209,00029,dataset-rgb/Göta_hovrätt__Fragment_-_Handlingar_rörande_vidskepelse__signerier_och_trolldom__1669-1728_/Göta_hovrätt__Fragment_-_Handlingar_rörande_vidskepelse__signerier_och_trolldom__1669-1728__A0060209_00029.png,page_image_faa78f96758f00a0220588047f4b4e5b3569782b23c4db15915ef492cc67b7b1,17987225,readable,PNG,8208,5592,1.4678,45899136,RGB,3,8,0.3919,False,False,,unique,,included,,Structurally difficult,"aspect ratio 1.4678 >= 1.15: double-page spread (two facing text blocks, central gutter, two independent reading orders); 45.9 MP > 40 MP: large raster, per-page memory pressure in any future segmentation stage",,True,False,False,True,,False
dataset_f7dfd857275e7c253a5aba4730f93428121e5156bd4281c4101fd79514b0d8d9,dataset_version_a51bddcb369babc7d5f603d6c6a465de9505061bc876c2d3fdecdc2bcf5eee6e,page_cb1d67dc46ea60c039d159f1514d1bd6f708c126116ea842863eaf7c4880c090,document_71370bd51381e661515fefd2bb9e1e22ce31f9f3cda14dba66eb5d74da705749,Göta_hovrätt__Fragment_-_Handlingar_rörande_vidskepelse__signerier_och_trolldom__1669-1728_,A0060209,00030,dataset-rgb/Göta_hovrätt__Fragment_-_Handlingar_rörande_vidskepelse__signerier_och_trolldom__1669-1728_/Göta_hovrätt__Fragment_-_Handlingar_rörande_vidskepelse__signerier_och_trolldom__1669-1728__A0060209_00030.png,page_image_c85c1bc9a861da5431f1dfa2d42064824b69ea66c4e22e8bc95f3d01ed1de538,17867857,readable,PNG,8216,5600,1.4671,46009600,RGB,3,8,0.3884,False,False,,unique,,included,,Structurally difficult,"aspect ratio 1.4671 >= 1.15: double-page spread (two facing text blocks, central gutter, two independent reading orders); 46.0 MP > 40 MP: large raster, per-page memory pressure in any future segmentation stage",,True,False,False,True,,False
dataset_f7dfd857275e7c253a5aba4730f93428121e5156bd4281c4101fd79514b0d8d9,dataset_version_a51bddcb369babc7d5f603d6c6a465de9505061bc876c2d3fdecdc2bcf5eee6e,page_0bc78bfa95f82536f863b8036edca3b19d39c255549f2953f60a6afad898833e,document_71370bd51381e661515fefd2bb9e1e22ce31f9f3cda14dba66eb5d74da705749,Göta_hovrätt__Fragment_-_Handlingar_rörande_vidskepelse__signerier_och_trolldom__1669-1728_,A0060209,00031,dataset-rgb/Göta_hovrätt__Fragment_-_Handlingar_rörande_vidskepelse__signerier_och_trolldom__1669-1728_/Göta_hovrätt__Fragment_-_Handlingar_rörande_vidskepelse__signerier_och_trolldom__1669-1728__A0060209_00031.png,page_image_a9e35623cffbfd9d8686ee7308d70c794b286a6b803f2ea9d028aa1b863b95b7,18223852,readable,PNG,8192,5600,1.4629,45875200,RGB,3,8,0.3972,False,False,,unique,,included,,Structurally difficult,"aspect ratio 1.4629 >= 1.15: double-page spread (two facing text blocks, central gutter, two independent reading orders); 45.9 MP > 40 MP: large raster, per-page memory pressure in any future segmentation stage",,True,False,False,True,,False
dataset_f7dfd857275e7c253a5aba4730f93428121e5156bd4281c4101fd79514b0d8d9,dataset_version_a51bddcb369babc7d5f603d6c6a465de9505061bc876c2d3fdecdc2bcf5eee6e,page_3133701d26f213bd172ed6fcd23f1e8ccd93cb74f2763c3d8cdd50d715770af5,document_71370bd51381e661515fefd2bb9e1e22ce31f9f3cda14dba66eb5d74da705749,Göta_hovrätt__Fragment_-_Handlingar_rörande_vidskepelse__signerier_och_trolldom__1669-1728_,A0060209,00032,dataset-rgb/Göta_hovrätt__Fragment_-_Handlingar_rörande_vidskepelse__signerier_och_trolldom__1669-1728_/Göta_hovrätt__Fragment_-_Handlingar_rörande_vidskepelse__signerier_och_trolldom__1669-1728__A0060209_00032.png,page_image_649ad34411226d3e48b45669a6d4453cc6dd28d9097c9baf41be72931592133a,17921806,readable,PNG,8208,5576,1.472,45767808,RGB,3,8,0.3916,False,False,,unique,,included,,Structurally difficult,"aspect ratio 1.472 >= 1.15: double-page spread (two facing text blocks, central gutter, two independent reading orders); 45.8 MP > 40 MP: large raster, per-page memory pressure in any future segmentation stage",,True,False,False,True,,False
dataset_f7dfd857275e7c253a5aba4730f93428121e5156bd4281c4101fd79514b0d8d9,dataset_version_a51bddcb369babc7d5f603d6c6a465de9505061bc876c2d3fdecdc2bcf5eee6e,page_36269c85b7dc56c72ad78b5225303c82facf126eff089cc1e0d5c3c42851f426,document_71370bd51381e661515fefd2bb9e1e22ce31f9f3cda14dba66eb5d74da705749,Göta_hovrätt__Fragment_-_Handlingar_rörande_vidskepelse__signerier_och_trolldom__1669-1728_,A0060209,00033,dataset-rgb/Göta_hovrätt__Fragment_-_Handlingar_rörande_vidskepelse__signerier_och_trolldom__1669-1728_/Göta_hovrätt__Fragment_-_Handlingar_rörande_vidskepelse__signerier_och_trolldom__1669-1728__A0060209_00033.png,page_image_622695fbea24c951c4ef389590d4f97e28183be10cb32716ce9cd7a68ea55df4,18360133,readable,PNG,8248,5624,1.4666,46386752,RGB,3,8,0.3958,False,False,,unique,,included,,Structurally difficult,"aspect ratio 1.4666 >= 1.15: double-page spread (two facing text blocks, central gutter, two independent reading orders); 46.4 MP > 40 MP: large raster, per-page memory pressure in any future segmentation stage",,True,False,False,True,,False
dataset_f7dfd857275e7c253a5aba4730f93428121e5156bd4281c4101fd79514b0d8d9,dataset_version_a51bddcb369babc7d5f603d6c6a465de9505061bc876c2d3fdecdc2bcf5eee6e,page_21b10697975304dc5acaf384896aa913179a83b89f7297ff1be6f996adf2b3e2,document_71370bd51381e661515fefd2bb9e1e22ce31f9f3cda14dba66eb5d74da705749,Göta_hovrätt__Fragment_-_Handlingar_rörande_vidskepelse__signerier_och_trolldom__1669-1728_,A0060209,00034,dataset-rgb/Göta_hovrätt__Fragment_-_Handlingar_rörande_vidskepelse__signerier_och_trolldom__1669-1728_/Göta_hovrätt__Fragment_-_Handlingar_rörande_vidskepelse__signerier_och_trolldom__1669-1728__A0060209_00034.png,page_image_6729a1648d1fed51374dfe27a73350da863ef03bbd7b63eda26df23a7be49f83,17793592,readable,PNG,8176,5608,1.4579,45851008,RGB,3,8,0.3881,False,False,,unique,,included,,Structurally difficult,"aspect ratio 1.4579 >= 1.15: double-page spread (two facing text blocks, central gutter, two independent reading orders); 45.9 MP > 40 MP: large raster, per-page memory pressure in any future segmentation stage",,True,False,False,True,,False
dataset_f7dfd857275e7c253a5aba4730f93428121e5156bd4281c4101fd79514b0d8d9,dataset_version_a51bddcb369babc7d5f603d6c6a465de9505061bc876c2d3fdecdc2bcf5eee6e,page_2e786085ae8dfbd164531563c21472b68a94a844b134d385db1394951b3016b4,document_71370bd51381e661515fefd2bb9e1e22ce31f9f3cda14dba66eb5d74da705749,Göta_hovrätt__Fragment_-_Handlingar_rörande_vidskepelse__signerier_och_trolldom__1669-1728_,A0060209,00035,dataset-rgb/Göta_hovrätt__Fragment_-_Handlingar_rörande_vidskepelse__signerier_och_trolldom__1669-1728_/Göta_hovrätt__Fragment_-_Handlingar_rörande_vidskepelse__signerier_och_trolldom__1669-1728__A0060209_00035.png,page_image_ef4bb9b7e6d0ee72697f027dbae83d35f30fb738e0aa0516278d189f75751f9c,18185739,readable,PNG,8192,5600,1.4629,45875200,RGB,3,8,0.3964,False,False,,unique,,included,,Structurally difficult,"aspect ratio 1.4629 >= 1.15: double-page spread (two facing text blocks, central gutter, two independent reading orders); 45.9 MP > 40 MP: large raster, per-page memory pressure in any future segmentation stage",,True,False,False,True,,False
dataset_f7dfd857275e7c253a5aba4730f93428121e5156bd4281c4101fd79514b0d8d9,dataset_version_a51bddcb369babc7d5f603d6c6a465de9505061bc876c2d3fdecdc2bcf5eee6e,page_030b58ee5cd1ecc6e1d2bd250617d8142fa6d925e6a860b727f8d72ca6946f11,document_71370bd51381e661515fefd2bb9e1e22ce31f9f3cda14dba66eb5d74da705749,Göta_hovrätt__Fragment_-_Handlingar_rörande_vidskepelse__signerier_och_trolldom__1669-1728_,A0060209,00082,dataset-rgb/Göta_hovrätt__Fragment_-_Handlingar_rörande_vidskepelse__signerier_och_trolldom__1669-1728_/Göta_hovrätt__Fragment_-_Handlingar_rörande_vidskepelse__signerier_och_trolldom__1669-1728__A0060209_00082.png,page_image_de8bc832a98142e04c2cfc29195857fe5b0586df971caa9e09c1277839691b6a,19131957,readable,PNG,6248,4480,1.3946,27991040,RGB,3,8,0.6835,False,False,,unique,,included,,Structurally difficult,"aspect ratio 1.3946 >= 1.15: double-page spread (two facing text blocks, central gutter, two independent reading orders)",,True,False,False,False,,False
dataset_f7dfd857275e7c253a5aba4730f93428121e5156bd4281c4101fd79514b0d8d9,dataset_version_a51bddcb369babc7d5f603d6c6a465de9505061bc876c2d3fdecdc2bcf5eee6e,page_96418d04696d970928b30443a50c0c62e681baceeacdc673d300d7371ad48fe4,document_71370bd51381e661515fefd2bb9e1e22ce31f9f3cda14dba66eb5d74da705749,Göta_hovrätt__Fragment_-_Handlingar_rörande_vidskepelse__signerier_och_trolldom__1669-1728_,A0060209,00083,dataset-rgb/Göta_hovrätt__Fragment_-_Handlingar_rörande_vidskepelse__signerier_och_trolldom__1669-1728_/Göta_hovrätt__Fragment_-_Handlingar_rörande_vidskepelse__signerier_och_trolldom__1669-1728__A0060209_00083.png,page_image_2fec1b990a3636218e668b702b16813a623d09213306bb58d211e93830322dd8,16928992,readable,PNG,6320,4808,1.3145,30386560,RGB,3,8,0.5571,False,False,,unique,,included,,Structurally difficult,"aspect ratio 1.3145 >= 1.15: double-page spread (two facing text blocks, central gutter, two independent reading orders)",,True,False,False,False,,False
dataset_f7dfd857275e7c253a5aba4730f93428121e5156bd4281c4101fd79514b0d8d9,dataset_version_a51bddcb369babc7d5f603d6c6a465de9505061bc876c2d3fdecdc2bcf5eee6e,page_d3565d22179b25bc6b91c269f1b3e8232e03fa2b7a62b7141fbf273f029364c6,document_71370bd51381e661515fefd2bb9e1e22ce31f9f3cda14dba66eb5d74da705749,Göta_hovrätt__Fragment_-_Handlingar_rörande_vidskepelse__signerier_och_trolldom__1669-1728_,A0060209,00084,dataset-rgb/Göta_hovrätt__Fragment_-_Handlingar_rörande_vidskepelse__signerier_och_trolldom__1669-1728_/Göta_hovrätt__Fragment_-_Handlingar_rörande_vidskepelse__signerier_och_trolldom__1669-1728__A0060209_00084.png,page_image_074370eff9061b88c35917dec8a7c96fd3e49577539b72d1cd776b3fadab2005,17770646,readable,PNG,6272,4752,1.3199,29804544,RGB,3,8,0.5962,False,False,,unique,,included,,Structurally difficult,"aspect ratio 1.3199 >= 1.15: double-page spread (two facing text blocks, central gutter, two independent reading orders)",,True,False,False,False,,False
dataset_f7dfd857275e7c253a5aba4730f93428121e5156bd4281c4101fd79514b0d8d9,dataset_version_a51bddcb369babc7d5f603d6c6a465de9505061bc876c2d3fdecdc2bcf5eee6e,page_659b79118d7aab2089b1ef123c2090797c3b4011fddb676b663b180616d7cbf3,document_71370bd51381e661515fefd2bb9e1e22ce31f9f3cda14dba66eb5d74da705749,Göta_hovrätt__Fragment_-_Handlingar_rörande_vidskepelse__signerier_och_trolldom__1669-1728_,A0060209,00085,dataset-rgb/Göta_hovrätt__Fragment_-_Handlingar_rörande_vidskepelse__signerier_och_trolldom__1669-1728_/Göta_hovrätt__Fragment_-_Handlingar_rörande_vidskepelse__signerier_och_trolldom__1669-1728__A0060209_00085.png,page_image_a60c2a38c8dd119e470bd10e5fdd22d5eafb74a337330c4e009d56ae2abf9955,20681323,readable,PNG,6288,4752,1.3232,29880576,RGB,3,8,0.6921,False,False,,unique,,included,,Structurally difficult,"aspect ratio 1.3232 >= 1.15: double-page spread (two facing text blocks, central gutter, two independent reading orders)",,True,False,False,False,,False
dataset_f7dfd857275e7c253a5aba4730f93428121e5156bd4281c4101fd79514b0d8d9,dataset_version_a51bddcb369babc7d5f603d6c6a465de9505061bc876c2d3fdecdc2bcf5eee6e,page_ee0a23f9ce6603747c195aacaf5ee0c7f23221b1c35866f7d4abcf2b698e89fd,document_71370bd51381e661515fefd2bb9e1e22ce31f9f3cda14dba66eb5d74da705749,Göta_hovrätt__Fragment_-_Handlingar_rörande_vidskepelse__signerier_och_trolldom__1669-1728_,A0060209,00086,dataset-rgb/Göta_hovrätt__Fragment_-_Handlingar_rörande_vidskepelse__signerier_och_trolldom__1669-1728_/Göta_hovrätt__Fragment_-_Handlingar_rörande_vidskepelse__signerier_och_trolldom__1669-1728__A0060209_00086.png,page_image_d3fd201e6c0faa532831f215355ea98d68e0ac415d597006fb535186c645ae66,21031256,readable,PNG,6320,4720,1.339,29830400,RGB,3,8,0.705,False,False,,unique,,included,,Structurally difficult,"aspect ratio 1.339 >= 1.15: double-page spread (two facing text blocks, central gutter, two independent reading orders)",,True,False,False,False,,True
dataset_f7dfd857275e7c253a5aba4730f93428121e5156bd4281c4101fd79514b0d8d9,dataset_version_a51bddcb369babc7d5f603d6c6a465de9505061bc876c2d3fdecdc2bcf5eee6e,page_02007fe93c1934dbc3b36fdfc41c3d3892c75ea9891a5218bf80123a16032c26,document_71370bd51381e661515fefd2bb9e1e22ce31f9f3cda14dba66eb5d74da705749,Göta_hovrätt__Fragment_-_Handlingar_rörande_vidskepelse__signerier_och_trolldom__1669-1728_,A0060209,00087,dataset-rgb/Göta_hovrätt__Fragment_-_Handlingar_rörande_vidskepelse__signerier_och_trolldom__1669-1728_/Göta_hovrätt__Fragment_-_Handlingar_rörande_vidskepelse__signerier_och_trolldom__1669-1728__A0060209_00087.png,page_image_40a6e74ca06810df00f636c599ff01e58d9fde6819be9e9530765a013f6752e1,21669879,readable,PNG,6312,4728,1.335,29843136,RGB,3,8,0.7261,False,False,,unique,,included,,Structurally difficult,"aspect ratio 1.335 >= 1.15: double-page spread (two facing text blocks, central gutter, two independent reading orders)",,True,False,False,False,,False
dataset_f7dfd857275e7c253a5aba4730f93428121e5156bd4281c4101fd79514b0d8d9,dataset_version_a51bddcb369babc7d5f603d6c6a465de9505061bc876c2d3fdecdc2bcf5eee6e,page_ed668adbf6f2d760ad56f9c2f98a265ecd605937628d08570d147b34fdc5e813,document_71370bd51381e661515fefd2bb9e1e22ce31f9f3cda14dba66eb5d74da705749,Göta_hovrätt__Fragment_-_Handlingar_rörande_vidskepelse__signerier_och_trolldom__1669-1728_,A0060209,00088,dataset-rgb/Göta_hovrätt__Fragment_-_Handlingar_rörande_vidskepelse__signerier_och_trolldom__1669-1728_/Göta_hovrätt__Fragment_-_Handlingar_rörande_vidskepelse__signerier_och_trolldom__1669-1728__A0060209_00088.png,page_image_c72b8e5feed256a7b80b4a56669b03226ca4e4ea00a00de7f8f5a152d4f745e7,20593524,readable,PNG,6320,4728,1.3367,29880960,RGB,3,8,0.6892,False,False,,unique,,included,,Structurally difficult,"aspect ratio 1.3367 >= 1.15: double-page spread (two facing text blocks, central gutter, two independent reading orders)",,True,False,False,False,,False
dataset_f7dfd857275e7c253a5aba4730f93428121e5156bd4281c4101fd79514b0d8d9,dataset_version_a51bddcb369babc7d5f603d6c6a465de9505061bc876c2d3fdecdc2bcf5eee6e,page_e972494feda862b1307d84437c4fadd4db1c197bab553ebf3c356e98235b57d1,document_71370bd51381e661515fefd2bb9e1e22ce31f9f3cda14dba66eb5d74da705749,Göta_hovrätt__Fragment_-_Handlingar_rörande_vidskepelse__signerier_och_trolldom__1669-1728_,A0060209,00089,dataset-rgb/Göta_hovrätt__Fragment_-_Handlingar_rörande_vidskepelse__signerier_och_trolldom__1669-1728_/Göta_hovrätt__Fragment_-_Handlingar_rörande_vidskepelse__signerier_och_trolldom__1669-1728__A0060209_00089.png,page_image_d263bc7fbd0b92e52493e1efb8152ca8bbc3ef1bbf29db3c4af6be5f3c3d0a7e,21459510,readable,PNG,6328,4744,1.3339,30020032,RGB,3,8,0.7148,False,False,,unique,,included,,Structurally difficult,"aspect ratio 1.3339 >= 1.15: double-page spread (two facing text blocks, central gutter, two independent reading orders)",,True,False,False,False,,False
dataset_f7dfd857275e7c253a5aba4730f93428121e5156bd4281c4101fd79514b0d8d9,dataset_version_a51bddcb369babc7d5f603d6c6a465de9505061bc876c2d3fdecdc2bcf5eee6e,page_1407b95fac1fe0fc34bc9fe6f72bd25249e48947e92bd70162d446b9be8b3d70,document_71370bd51381e661515fefd2bb9e1e22ce31f9f3cda14dba66eb5d74da705749,Göta_hovrätt__Fragment_-_Handlingar_rörande_vidskepelse__signerier_och_trolldom__1669-1728_,A0060209,00090,dataset-rgb/Göta_hovrätt__Fragment_-_Handlingar_rörande_vidskepelse__signerier_och_trolldom__1669-1728_/Göta_hovrätt__Fragment_-_Handlingar_rörande_vidskepelse__signerier_och_trolldom__1669-1728__A0060209_00090.png,page_image_bd325f3e113501104ec72d0a53da85e83d133b6b2478be8988ab394110b50c1f,20695126,readable,PNG,6304,4744,1.3288,29906176,RGB,3,8,0.692,False,False,,unique,,included,,Structurally difficult,"aspect ratio 1.3288 >= 1.15: double-page spread (two facing text blocks, central gutter, two independent reading orders)",,True,False,False,False,,False
dataset_f7dfd857275e7c253a5aba4730f93428121e5156bd4281c4101fd79514b0d8d9,dataset_version_a51bddcb369babc7d5f603d6c6a465de9505061bc876c2d3fdecdc2bcf5eee6e,page_65a8322468fe00cbf5d5b39cbb7b445909e63fd949e800d4d6007a824f4a1004,document_71370bd51381e661515fefd2bb9e1e22ce31f9f3cda14dba66eb5d74da705749,Göta_hovrätt__Fragment_-_Handlingar_rörande_vidskepelse__signerier_och_trolldom__1669-1728_,A0060209,00091,dataset-rgb/Göta_hovrätt__Fragment_-_Handlingar_rörande_vidskepelse__signerier_och_trolldom__1669-1728_/Göta_hovrätt__Fragment_-_Handlingar_rörande_vidskepelse__signerier_och_trolldom__1669-1728__A0060209_00091.png,page_image_fca3b85484f2d19d65fc5212daa87e658017ce12bf9a64044a3edecd2baf23e2,19864385,readable,PNG,6312,4736,1.3328,29893632,RGB,3,8,0.6645,False,False,,unique,,included,,Structurally difficult,"aspect ratio 1.3328 >= 1.15: double-page spread (two facing text blocks, central gutter, two independent reading orders)",,True,False,False,False,,False
dataset_f7dfd857275e7c253a5aba4730f93428121e5156bd4281c4101fd79514b0d8d9,dataset_version_a51bddcb369babc7d5f603d6c6a465de9505061bc876c2d3fdecdc2bcf5eee6e,page_7e45ea3659088af1da23fe68f83a1ade0891923f3ec5d7069f6f3cf848191d9f,document_71370bd51381e661515fefd2bb9e1e22ce31f9f3cda14dba66eb5d74da705749,Göta_hovrätt__Fragment_-_Handlingar_rörande_vidskepelse__signerier_och_trolldom__1669-1728_,A0060209,00092,dataset-rgb/Göta_hovrätt__Fragment_-_Handlingar_rörande_vidskepelse__signerier_och_trolldom__1669-1728_/Göta_hovrätt__Fragment_-_Handlingar_rörande_vidskepelse__signerier_och_trolldom__1669-1728__A0060209_00092.png,page_image_c27e0fd2b79d6239002520f44c23a901bf48f7d910a84ce83a40aa0da9e6d982,19610447,readable,PNG,6336,4736,1.3378,30007296,RGB,3,8,0.6535,False,False,,unique,,included,,Structurally difficult,"aspect ratio 1.3378 >= 1.15: double-page spread (two facing text blocks, central gutter, two independent reading orders)",,True,False,False,False,,False
dataset_f7dfd857275e7c253a5aba4730f93428121e5156bd4281c4101fd79514b0d8d9,dataset_version_a51bddcb369babc7d5f603d6c6a465de9505061bc876c2d3fdecdc2bcf5eee6e,page_480018a3fe5d241c3edd576df2b700785aa2fc40e081e8d31fe9722ed7569d85,document_71370bd51381e661515fefd2bb9e1e22ce31f9f3cda14dba66eb5d74da705749,Göta_hovrätt__Fragment_-_Handlingar_rörande_vidskepelse__signerier_och_trolldom__1669-1728_,A0060209,00122,dataset-rgb/Göta_hovrätt__Fragment_-_Handlingar_rörande_vidskepelse__signerier_och_trolldom__1669-1728_/Göta_hovrätt__Fragment_-_Handlingar_rörande_vidskepelse__signerier_och_trolldom__1669-1728__A0060209_00122.png,page_image_103e3cbef51ac6d1694b2b9cae199795cee1506514cd2afd8d8e12e6fd6ded8e,19812342,readable,PNG,6176,4624,1.3356,28557824,RGB,3,8,0.6938,False,False,,unique,,included,,Structurally difficult,"aspect ratio 1.3356 >= 1.15: double-page spread (two facing text blocks, central gutter, two independent reading orders)",,True,False,False,False,,False
dataset_f7dfd857275e7c253a5aba4730f93428121e5156bd4281c4101fd79514b0d8d9,dataset_version_a51bddcb369babc7d5f603d6c6a465de9505061bc876c2d3fdecdc2bcf5eee6e,page_704e1a0a8b0d458134341d6193baf63ed5e1f33e5c557f49295c46489b6084e2,document_71370bd51381e661515fefd2bb9e1e22ce31f9f3cda14dba66eb5d74da705749,Göta_hovrätt__Fragment_-_Handlingar_rörande_vidskepelse__signerier_och_trolldom__1669-1728_,A0060209,00123,dataset-rgb/Göta_hovrätt__Fragment_-_Handlingar_rörande_vidskepelse__signerier_och_trolldom__1669-1728_/Göta_hovrätt__Fragment_-_Handlingar_rörande_vidskepelse__signerier_och_trolldom__1669-1728__A0060209_00123.png,page_image_5bb2bf526c0b4d5f86ea8b96252fb6c91a120a7789ba101b583a1684920f5ca5,18392549,readable,PNG,6336,4696,1.3492,29753856,RGB,3,8,0.6182,False,False,,unique,,included,,Structurally difficult,"aspect ratio 1.3492 >= 1.15: double-page spread (two facing text blocks, central gutter, two independent reading orders)",,True,False,False,False,,False
dataset_f7dfd857275e7c253a5aba4730f93428121e5156bd4281c4101fd79514b0d8d9,dataset_version_a51bddcb369babc7d5f603d6c6a465de9505061bc876c2d3fdecdc2bcf5eee6e,page_d1e6fb7904ad247ff4512ff8db4692d5f8bcb4fbbc876576dc7f1aa00767cb1c,document_71370bd51381e661515fefd2bb9e1e22ce31f9f3cda14dba66eb5d74da705749,Göta_hovrätt__Fragment_-_Handlingar_rörande_vidskepelse__signerier_och_trolldom__1669-1728_,A0060209,00124,dataset-rgb/Göta_hovrätt__Fragment_-_Handlingar_rörande_vidskepelse__signerier_och_trolldom__1669-1728_/Göta_hovrätt__Fragment_-_Handlingar_rörande_vidskepelse__signerier_och_trolldom__1669-1728__A0060209_00124.png,page_image_55a2cee863bc5de4e0856018180b03472bd496f82e756c124caa300f16f06c9d,18107347,readable,PNG,6336,4736,1.3378,30007296,RGB,3,8,0.6034,False,False,,unique,,included,,Structurally difficult,"aspect ratio 1.3378 >= 1.15: double-page spread (two facing text blocks, central gutter, two independent reading orders)",,True,False,False,False,,False
dataset_f7dfd857275e7c253a5aba4730f93428121e5156bd4281c4101fd79514b0d8d9,dataset_version_a51bddcb369babc7d5f603d6c6a465de9505061bc876c2d3fdecdc2bcf5eee6e,page_401e3dfe686a44215381150627974de414f483c5ac257c000624cc50d33a2c8d,document_71370bd51381e661515fefd2bb9e1e22ce31f9f3cda14dba66eb5d74da705749,Göta_hovrätt__Fragment_-_Handlingar_rörande_vidskepelse__signerier_och_trolldom__1669-1728_,A0060209,00125,dataset-rgb/Göta_hovrätt__Fragment_-_Handlingar_rörande_vidskepelse__signerier_och_trolldom__1669-1728_/Göta_hovrätt__Fragment_-_Handlingar_rörande_vidskepelse__signerier_och_trolldom__1669-1728__A0060209_00125.png,page_image_79b95bad3088f431780853ba23177154c7dbf5260a502ad7e5de66824e787063,19123111,readable,PNG,6360,4736,1.3429,30120960,RGB,3,8,0.6349,False,False,,unique,,included,,Structurally difficult,"aspect ratio 1.3429 >= 1.15: double-page spread (two facing text blocks, central gutter, two independent reading orders)",,True,False,False,False,,False
dataset_f7dfd857275e7c253a5aba4730f93428121e5156bd4281c4101fd79514b0d8d9,dataset_version_a51bddcb369babc7d5f603d6c6a465de9505061bc876c2d3fdecdc2bcf5eee6e,page_8ac09ebbff1f55da78bad39e1ad3c0e737b1d016cb3c48dfb211a40db9ff6345,document_71370bd51381e661515fefd2bb9e1e22ce31f9f3cda14dba66eb5d74da705749,Göta_hovrätt__Fragment_-_Handlingar_rörande_vidskepelse__signerier_och_trolldom__1669-1728_,A0060209,00126,dataset-rgb/Göta_hovrätt__Fragment_-_Handlingar_rörande_vidskepelse__signerier_och_trolldom__1669-1728_/Göta_hovrätt__Fragment_-_Handlingar_rörande_vidskepelse__signerier_och_trolldom__1669-1728__A0060209_00126.png,page_image_19f049cfedc6e55c5fb254e9852bff0b21963d4c47dd945cdda53805ac24e1f1,17382038,readable,PNG,6296,4776,1.3183,30069696,RGB,3,8,0.5781,False,False,,unique,,included,,Structurally difficult,"aspect ratio 1.3183 >= 1.15: double-page spread (two facing text blocks, central gutter, two independent reading orders)",,True,False,False,False,,False
dataset_f7dfd857275e7c253a5aba4730f93428121e5156bd4281c4101fd79514b0d8d9,dataset_version_a51bddcb369babc7d5f603d6c6a465de9505061bc876c2d3fdecdc2bcf5eee6e,page_d258b7b19c31214c56017349233ed21940364a7ce85f277e515b7e25cb852435,document_71370bd51381e661515fefd2bb9e1e22ce31f9f3cda14dba66eb5d74da705749,Göta_hovrätt__Fragment_-_Handlingar_rörande_vidskepelse__signerier_och_trolldom__1669-1728_,A0060209,00148,dataset-rgb/Göta_hovrätt__Fragment_-_Handlingar_rörande_vidskepelse__signerier_och_trolldom__1669-1728_/Göta_hovrätt__Fragment_-_Handlingar_rörande_vidskepelse__signerier_och_trolldom__1669-1728__A0060209_00148.png,page_image_d2437021e09b952d5b2cab3430528424112422e9786cf678f7a8be47ada7d137,15098577,readable,PNG,6248,4696,1.3305,29340608,RGB,3,8,0.5146,False,False,,unique,,included,,Structurally difficult,"aspect ratio 1.3305 >= 1.15: double-page spread (two facing text blocks, central gutter, two independent reading orders)",,True,False,False,False,,False
dataset_f7dfd857275e7c253a5aba4730f93428121e5156bd4281c4101fd79514b0d8d9,dataset_version_a51bddcb369babc7d5f603d6c6a465de9505061bc876c2d3fdecdc2bcf5eee6e,page_864efc524076e0cd585faca4e40ea022808da45e9404c532d0a0570a52a9cf44,document_71370bd51381e661515fefd2bb9e1e22ce31f9f3cda14dba66eb5d74da705749,Göta_hovrätt__Fragment_-_Handlingar_rörande_vidskepelse__signerier_och_trolldom__1669-1728_,A0060209,00151,dataset-rgb/Göta_hovrätt__Fragment_-_Handlingar_rörande_vidskepelse__signerier_och_trolldom__1669-1728_/Göta_hovrätt__Fragment_-_Handlingar_rörande_vidskepelse__signerier_och_trolldom__1669-1728__A0060209_00151.png,page_image_ed6851b080bb0e510766f6044a64d59bdd83ecd4826b07e7460be909d2fdc937,22423145,readable,PNG,6320,4904,1.2887,30993280,RGB,3,8,0.7235,False,False,,unique,,included,,Structurally difficult,"aspect ratio 1.2887 >= 1.15: double-page spread (two facing text blocks, central gutter, two independent reading orders)",,True,False,False,False,,False
dataset_f7dfd857275e7c253a5aba4730f93428121e5156bd4281c4101fd79514b0d8d9,dataset_version_a51bddcb369babc7d5f603d6c6a465de9505061bc876c2d3fdecdc2bcf5eee6e,page_4406208431f8355c953d60ad5fcd1c7ba10f67501a60f96b7eb654b1bf6b220b,document_71370bd51381e661515fefd2bb9e1e22ce31f9f3cda14dba66eb5d74da705749,Göta_hovrätt__Fragment_-_Handlingar_rörande_vidskepelse__signerier_och_trolldom__1669-1728_,A0060209,00152,dataset-rgb/Göta_hovrätt__Fragment_-_Handlingar_rörande_vidskepelse__signerier_och_trolldom__1669-1728_/Göta_hovrätt__Fragment_-_Handlingar_rörande_vidskepelse__signerier_och_trolldom__1669-1728__A0060209_00152.png,page_image_162eaf83e920da02d0681fcb70de0826c27a3ce11d5e14b55f46680be22312d8,19789128,readable,PNG,6256,4920,1.2715,30779520,RGB,3,8,0.6429,False,False,,unique,,included,,Structurally difficult,"aspect ratio 1.2715 >= 1.15: double-page spread (two facing text blocks, central gutter, two independent reading orders)",,True,False,False,False,,False
dataset_f7dfd857275e7c253a5aba4730f93428121e5156bd4281c4101fd79514b0d8d9,dataset_version_a51bddcb369babc7d5f603d6c6a465de9505061bc876c2d3fdecdc2bcf5eee6e,page_e8eea39fee8a080b45cefe3a6109ddf9f7fc7c2a9975385fc27d1c32f49b287e,document_f983403fe7b4e2d816155f16903025c4d3334c2b58f9ea8e3b6b3fed0333bcb0,Kommission_ang__förfarandet_vid_trolldomsrannsakningarn__1675_,R0001212,00003,dataset-rgb/Kommission_ang__förfarandet_vid_trolldomsrannsakningarn__1675_/Kommission_ang__förfarandet_vid_trolldomsrannsakningarn__1675__R0001212_00003.png,page_image_8ff64b61f8a832765ef2820a6597558f74d95605b71724a29cddc157cf694b0d,25093374,readable,PNG,5411,4232,1.2786,22899352,RGB,3,8,1.0958,False,False,,unique,,included,,Structurally difficult,"aspect ratio 1.2786 >= 1.15: double-page spread (two facing text blocks, central gutter, two independent reading orders)",,True,False,False,False,,True
dataset_f7dfd857275e7c253a5aba4730f93428121e5156bd4281c4101fd79514b0d8d9,dataset_version_a51bddcb369babc7d5f603d6c6a465de9505061bc876c2d3fdecdc2bcf5eee6e,page_c23b8ec802e70cc4e0c03098c95e36b7f9e466b315315eb1cbcae7915d33e662,document_7d5826729978b29c626a1b21bfe5d28599740a04fd9a9705135292ca004a2bc8,Kommission_ang__trolldomsväsendet_i_S_ta_Katarina_församling_på_Södermalm__1675_,R0001211,00019,dataset-rgb/Kommission_ang__trolldomsväsendet_i_S_ta_Katarina_församling_på_Södermalm__1675_/Kommission_ang__trolldomsväsendet_i_S_ta_Katarina_församling_på_Södermalm__1675__R0001211_00019.png,page_image_3e1e9b06baadb23709af5ce9f143d78a1940df7ede5265e531e2765dda405d08,30145185,readable,PNG,5360,4120,1.301,22083200,RGB,3,8,1.3651,False,False,,unique,,included,,Structurally difficult,"aspect ratio 1.301 >= 1.15: double-page spread (two facing text blocks, central gutter, two independent reading orders)",,True,False,False,False,,False
dataset_f7dfd857275e7c253a5aba4730f93428121e5156bd4281c4101fd79514b0d8d9,dataset_version_a51bddcb369babc7d5f603d6c6a465de9505061bc876c2d3fdecdc2bcf5eee6e,page_5240d53d281528b77edee26e299a454b251d92cb0cc82be7de6e271dcfaa4d7b,document_7d5826729978b29c626a1b21bfe5d28599740a04fd9a9705135292ca004a2bc8,Kommission_ang__trolldomsväsendet_i_S_ta_Katarina_församling_på_Södermalm__1675_,R0001211,00033,dataset-rgb/Kommission_ang__trolldomsväsendet_i_S_ta_Katarina_församling_på_Södermalm__1675_/Kommission_ang__trolldomsväsendet_i_S_ta_Katarina_församling_på_Södermalm__1675__R0001211_00033.png,page_image_126201765beddff39ef4fc91c59541c512c7dd8c186a211f7e38eb523e977e6a,26567705,readable,PNG,5279,4113,1.2835,21712527,RGB,3,8,1.2236,False,False,,unique,,included,,Structurally difficult,"aspect ratio 1.2835 >= 1.15: double-page spread (two facing text blocks, central gutter, two independent reading orders)",,True,False,False,False,,False
dataset_f7dfd857275e7c253a5aba4730f93428121e5156bd4281c4101fd79514b0d8d9,dataset_version_a51bddcb369babc7d5f603d6c6a465de9505061bc876c2d3fdecdc2bcf5eee6e,page_3051b764b2a159fadbb898e2d32b4b5a210d51d234b0357ae018d1956b821b4a,document_7d5826729978b29c626a1b21bfe5d28599740a04fd9a9705135292ca004a2bc8,Kommission_ang__trolldomsväsendet_i_S_ta_Katarina_församling_på_Södermalm__1675_,R0001211,00035,dataset-rgb/Kommission_ang__trolldomsväsendet_i_S_ta_Katarina_församling_på_Södermalm__1675_/Kommission_ang__trolldomsväsendet_i_S_ta_Katarina_församling_på_Södermalm__1675__R0001211_00035.png,page_image_2183be3638ced9f1d13f8220b9a5f0e64a8f0f582f737cd6d3bd04ca10d25eae,29197547,readable,PNG,5251,4116,1.2758,21613116,RGB,3,8,1.3509,False,False,,unique,,included,,Structurally difficult,"aspect ratio 1.2758 >= 1.15: double-page spread (two facing text blocks, central gutter, two independent reading orders)",,True,False,False,False,,False
dataset_f7dfd857275e7c253a5aba4730f93428121e5156bd4281c4101fd79514b0d8d9,dataset_version_a51bddcb369babc7d5f603d6c6a465de9505061bc876c2d3fdecdc2bcf5eee6e,page_725f61228115b9a3b05edfd0fe1ca2cc029c23b24c50e0d1700ccf4eef2a6866,document_7d5826729978b29c626a1b21bfe5d28599740a04fd9a9705135292ca004a2bc8,Kommission_ang__trolldomsväsendet_i_S_ta_Katarina_församling_på_Södermalm__1675_,R0001211,00050,dataset-rgb/Kommission_ang__trolldomsväsendet_i_S_ta_Katarina_församling_på_Södermalm__1675_/Kommission_ang__trolldomsväsendet_i_S_ta_Katarina_församling_på_Södermalm__1675__R0001211_00050.png,page_image_0c47f4ca3faf2af87c7106f36efa47720159fb5b5f121a8f3f6a4eccce7bb3ff,27993521,readable,PNG,5159,4073,1.2666,21012607,RGB,3,8,1.3322,False,False,,unique,,included,,Structurally difficult,"aspect ratio 1.2666 >= 1.15: double-page spread (two facing text blocks, central gutter, two independent reading orders)",,True,False,False,False,,False
dataset_f7dfd857275e7c253a5aba4730f93428121e5156bd4281c4101fd79514b0d8d9,dataset_version_a51bddcb369babc7d5f603d6c6a465de9505061bc876c2d3fdecdc2bcf5eee6e,page_a15b931cdc4ebdcc3e7556b9208539a607249a4c1df4cd07e74aeed19f86e721,document_7d5826729978b29c626a1b21bfe5d28599740a04fd9a9705135292ca004a2bc8,Kommission_ang__trolldomsväsendet_i_S_ta_Katarina_församling_på_Södermalm__1675_,R0001211,00058,dataset-rgb/Kommission_ang__trolldomsväsendet_i_S_ta_Katarina_församling_på_Södermalm__1675_/Kommission_ang__trolldomsväsendet_i_S_ta_Katarina_församling_på_Södermalm__1675__R0001211_00058.png,page_image_23063b3663e6fb13d822ea554c501609ab035ecfaa1ecbc240f96e6811c55d0c,24959935,readable,PNG,5131,4078,1.2582,20924218,RGB,3,8,1.1929,False,False,,unique,,included,,Structurally difficult,"aspect ratio 1.2582 >= 1.15: double-page spread (two facing text blocks, central gutter, two independent reading orders)",,True,False,False,False,,True
dataset_f7dfd857275e7c253a5aba4730f93428121e5156bd4281c4101fd79514b0d8d9,dataset_version_a51bddcb369babc7d5f603d6c6a465de9505061bc876c2d3fdecdc2bcf5eee6e,page_7fbabf16ff0bec31c75771672f04561ddbf5360b34a1ae5fb1002ec08ab1e754,document_7d5826729978b29c626a1b21bfe5d28599740a04fd9a9705135292ca004a2bc8,Kommission_ang__trolldomsväsendet_i_S_ta_Katarina_församling_på_Södermalm__1675_,R0001211,00060,dataset-rgb/Kommission_ang__trolldomsväsendet_i_S_ta_Katarina_församling_på_Södermalm__1675_/Kommission_ang__trolldomsväsendet_i_S_ta_Katarina_församling_på_Södermalm__1675__R0001211_00060.png,page_image_c8a53679fc2d01354d4679141f39dbc732a739ee9cd46d8017b59493614ddf5f,25489800,readable,PNG,5131,4076,1.2588,20913956,RGB,3,8,1.2188,False,False,,unique,,included,,Structurally difficult,"aspect ratio 1.2588 >= 1.15: double-page spread (two facing text blocks, central gutter, two independent reading orders)",,True,False,False,False,,False
dataset_f7dfd857275e7c253a5aba4730f93428121e5156bd4281c4101fd79514b0d8d9,dataset_version_a51bddcb369babc7d5f603d6c6a465de9505061bc876c2d3fdecdc2bcf5eee6e,page_71b0213b54cdf7c6fab92cf3b8e28bb1eda8de2973c361d593e390d9dfa439cd,document_7d5826729978b29c626a1b21bfe5d28599740a04fd9a9705135292ca004a2bc8,Kommission_ang__trolldomsväsendet_i_S_ta_Katarina_församling_på_Södermalm__1675_,R0001211,00061,dataset-rgb/Kommission_ang__trolldomsväsendet_i_S_ta_Katarina_församling_på_Södermalm__1675_/Kommission_ang__trolldomsväsendet_i_S_ta_Katarina_församling_på_Södermalm__1675__R0001211_00061.png,page_image_17397c6c894f27b93ab6532dbf7cb50120faff694c1ef1cea7e0e0a51c008385,24746043,readable,PNG,5151,4088,1.26,21057288,RGB,3,8,1.1752,False,False,,unique,,included,,Structurally difficult,"aspect ratio 1.26 >= 1.15: double-page spread (two facing text blocks, central gutter, two independent reading orders)",,True,False,False,False,,False
dataset_f7dfd857275e7c253a5aba4730f93428121e5156bd4281c4101fd79514b0d8d9,dataset_version_a51bddcb369babc7d5f603d6c6a465de9505061bc876c2d3fdecdc2bcf5eee6e,page_fb69bb18e2200625301b1fb3cdb94b61cafd598636c06bd1e444695c7322c0de,document_7d5826729978b29c626a1b21bfe5d28599740a04fd9a9705135292ca004a2bc8,Kommission_ang__trolldomsväsendet_i_S_ta_Katarina_församling_på_Södermalm__1675_,R0001211,00062,dataset-rgb/Kommission_ang__trolldomsväsendet_i_S_ta_Katarina_församling_på_Södermalm__1675_/Kommission_ang__trolldomsväsendet_i_S_ta_Katarina_församling_på_Södermalm__1675__R0001211_00062.png,page_image_48ee4e7fbd4bf3bf13a6b0a44db6c1429962426386b18fa8a6cf9cee9e77673b,24725630,readable,PNG,5132,4084,1.2566,20959088,RGB,3,8,1.1797,False,False,,unique,,included,,Structurally difficult,"aspect ratio 1.2566 >= 1.15: double-page spread (two facing text blocks, central gutter, two independent reading orders)",,True,False,False,False,,False
dataset_f7dfd857275e7c253a5aba4730f93428121e5156bd4281c4101fd79514b0d8d9,dataset_version_a51bddcb369babc7d5f603d6c6a465de9505061bc876c2d3fdecdc2bcf5eee6e,page_41c53a5297ff7e3e22defb923b42043d525de8924edcaa20eb57356be77e0395,document_7d5826729978b29c626a1b21bfe5d28599740a04fd9a9705135292ca004a2bc8,Kommission_ang__trolldomsväsendet_i_S_ta_Katarina_församling_på_Södermalm__1675_,R0001211,00063,dataset-rgb/Kommission_ang__trolldomsväsendet_i_S_ta_Katarina_församling_på_Södermalm__1675_/Kommission_ang__trolldomsväsendet_i_S_ta_Katarina_församling_på_Södermalm__1675__R0001211_00063.png,page_image_92b15d2098f385c4f9a992ca83b8dc334c363f17e2de277632047f2e49fa8be7,25844072,readable,PNG,5137,4085,1.2575,20984645,RGB,3,8,1.2316,False,False,,unique,,included,,Structurally difficult,"aspect ratio 1.2575 >= 1.15: double-page spread (two facing text blocks, central gutter, two independent reading orders)",,True,False,False,False,,False
dataset_f7dfd857275e7c253a5aba4730f93428121e5156bd4281c4101fd79514b0d8d9,dataset_version_a51bddcb369babc7d5f603d6c6a465de9505061bc876c2d3fdecdc2bcf5eee6e,page_142f72fe22c3c7c5b7858384e6b7d55743056b1b395f5facc4686a12e12b711b,document_7d5826729978b29c626a1b21bfe5d28599740a04fd9a9705135292ca004a2bc8,Kommission_ang__trolldomsväsendet_i_S_ta_Katarina_församling_på_Södermalm__1675_,R0001211,00068,dataset-rgb/Kommission_ang__trolldomsväsendet_i_S_ta_Katarina_församling_på_Södermalm__1675_/Kommission_ang__trolldomsväsendet_i_S_ta_Katarina_församling_på_Södermalm__1675__R0001211_00068.png,page_image_13129362402486ce64ae4cd3ba7de7a1bda1cfe4a4389219b362b869e18ae9fa,25742692,readable,PNG,5132,4098,1.2523,21030936,RGB,3,8,1.224,False,False,,unique,,included,,Structurally difficult,"aspect ratio 1.2523 >= 1.15: double-page spread (two facing text blocks, central gutter, two independent reading orders)",,True,False,False,False,,False
dataset_f7dfd857275e7c253a5aba4730f93428121e5156bd4281c4101fd79514b0d8d9,dataset_version_a51bddcb369babc7d5f603d6c6a465de9505061bc876c2d3fdecdc2bcf5eee6e,page_cf620c2523aff3e6205f271bceb3c0c90b892131cddf92496b061ea0e7d131c0,document_7d5826729978b29c626a1b21bfe5d28599740a04fd9a9705135292ca004a2bc8,Kommission_ang__trolldomsväsendet_i_S_ta_Katarina_församling_på_Södermalm__1675_,R0001211,00069,dataset-rgb/Kommission_ang__trolldomsväsendet_i_S_ta_Katarina_församling_på_Södermalm__1675_/Kommission_ang__trolldomsväsendet_i_S_ta_Katarina_församling_på_Södermalm__1675__R0001211_00069.png,page_image_2a0db5e26bf146968e9bc1c05b69aa0d0e8d3b80499f4be8f45ff1140453b762,24339143,readable,PNG,5132,4097,1.2526,21025804,RGB,3,8,1.1576,False,False,,unique,,included,,Structurally difficult,"aspect ratio 1.2526 >= 1.15: double-page spread (two facing text blocks, central gutter, two independent reading orders)",,True,False,False,False,,False
dataset_f7dfd857275e7c253a5aba4730f93428121e5156bd4281c4101fd79514b0d8d9,dataset_version_a51bddcb369babc7d5f603d6c6a465de9505061bc876c2d3fdecdc2bcf5eee6e,page_515648ac0c51652cee0b6db7d7a28f59da2cc11e0769de59582692a900e30466,document_7d5826729978b29c626a1b21bfe5d28599740a04fd9a9705135292ca004a2bc8,Kommission_ang__trolldomsväsendet_i_S_ta_Katarina_församling_på_Södermalm__1675_,R0001211,00072,dataset-rgb/Kommission_ang__trolldomsväsendet_i_S_ta_Katarina_församling_på_Södermalm__1675_/Kommission_ang__trolldomsväsendet_i_S_ta_Katarina_församling_på_Södermalm__1675__R0001211_00072.png,page_image_7740435fb08927d3f1e4baca521eb9635223d1e3cd67b08e343378542a2293ab,25655891,readable,PNG,5131,4098,1.2521,21026838,RGB,3,8,1.2201,False,False,,unique,,included,,Structurally difficult,"aspect ratio 1.2521 >= 1.15: double-page spread (two facing text blocks, central gutter, two independent reading orders)",,True,False,False,False,,False
dataset_f7dfd857275e7c253a5aba4730f93428121e5156bd4281c4101fd79514b0d8d9,dataset_version_a51bddcb369babc7d5f603d6c6a465de9505061bc876c2d3fdecdc2bcf5eee6e,page_1ff1d085df152d87a8264ec69ffd0316514d4f5b32053b50eb17a57f1a86bea8,document_7d5826729978b29c626a1b21bfe5d28599740a04fd9a9705135292ca004a2bc8,Kommission_ang__trolldomsväsendet_i_S_ta_Katarina_församling_på_Södermalm__1675_,R0001211,00076,dataset-rgb/Kommission_ang__trolldomsväsendet_i_S_ta_Katarina_församling_på_Södermalm__1675_/Kommission_ang__trolldomsväsendet_i_S_ta_Katarina_församling_på_Södermalm__1675__R0001211_00076.png,page_image_0baf9c6dca2fcce8572dffe03ad496f17a5ed94b462667a220d21f39ae69c275,26633188,readable,PNG,5133,4097,1.2529,21029901,RGB,3,8,1.2664,False,False,,unique,,included,,Structurally difficult,"aspect ratio 1.2529 >= 1.15: double-page spread (two facing text blocks, central gutter, two independent reading orders)",,True,False,False,False,,True
dataset_f7dfd857275e7c253a5aba4730f93428121e5156bd4281c4101fd79514b0d8d9,dataset_version_a51bddcb369babc7d5f603d6c6a465de9505061bc876c2d3fdecdc2bcf5eee6e,page_2fcc0003a24bc35b407ef2cb4cd7870bf970c1c081a17df9a2cfcac44f1afa38,document_7d5826729978b29c626a1b21bfe5d28599740a04fd9a9705135292ca004a2bc8,Kommission_ang__trolldomsväsendet_i_S_ta_Katarina_församling_på_Södermalm__1675_,R0001211,00077,dataset-rgb/Kommission_ang__trolldomsväsendet_i_S_ta_Katarina_församling_på_Södermalm__1675_/Kommission_ang__trolldomsväsendet_i_S_ta_Katarina_församling_på_Södermalm__1675__R0001211_00077.png,page_image_648d72ba5766672f7f456394d6f838fe8812f5581179c237e6eec35f9a51cc32,27327700,readable,PNG,5132,4094,1.2535,21010408,RGB,3,8,1.3007,False,False,,unique,,included,,Structurally difficult,"aspect ratio 1.2535 >= 1.15: double-page spread (two facing text blocks, central gutter, two independent reading orders)",,True,False,False,False,,False
dataset_f7dfd857275e7c253a5aba4730f93428121e5156bd4281c4101fd79514b0d8d9,dataset_version_a51bddcb369babc7d5f603d6c6a465de9505061bc876c2d3fdecdc2bcf5eee6e,page_4d715c1e4bc2e86644a513a9b87d1b710586660a7712ccca0cdbc651344649d0,document_64556397d8835e02491ec8f1a70256fc680350dfb5edb8a2f9c815815b72df9e,Kommission_i_Dalarna_ang__trolldomsväsendet__1670-1671_,R0001209,00003,dataset-rgb/Kommission_i_Dalarna_ang__trolldomsväsendet__1670-1671_/Kommission_i_Dalarna_ang__trolldomsväsendet__1670-1671__R0001209_00003.png,page_image_4b88890fea160e6a1f69eb7c76da67f1306dc3a1703f2bc7a9f2042f5c71552c,24018467,readable,PNG,5415,4229,1.2804,22900035,RGB,3,8,1.0488,False,False,,unique,,included,,Structurally difficult,"aspect ratio 1.2804 >= 1.15: double-page spread (two facing text blocks, central gutter, two independent reading orders)",,True,False,False,False,,True
dataset_f7dfd857275e7c253a5aba4730f93428121e5156bd4281c4101fd79514b0d8d9,dataset_version_a51bddcb369babc7d5f603d6c6a465de9505061bc876c2d3fdecdc2bcf5eee6e,page_937bb8864b8603306c713a0c7ce4f21492489c8e3e5929d16981219b8b15b3ff,document_64556397d8835e02491ec8f1a70256fc680350dfb5edb8a2f9c815815b72df9e,Kommission_i_Dalarna_ang__trolldomsväsendet__1670-1671_,R0001209,00004,dataset-rgb/Kommission_i_Dalarna_ang__trolldomsväsendet__1670-1671_/Kommission_i_Dalarna_ang__trolldomsväsendet__1670-1671__R0001209_00004.png,page_image_f880b271d27a10ccb64a3bbf178291d2acddccbb24ad61f8ec0c55003c0b7cd6,27557884,readable,PNG,5413,4229,1.28,22891577,RGB,3,8,1.2038,False,False,,unique,,included,,Structurally difficult,"aspect ratio 1.28 >= 1.15: double-page spread (two facing text blocks, central gutter, two independent reading orders)",,True,False,False,False,,False
dataset_f7dfd857275e7c253a5aba4730f93428121e5156bd4281c4101fd79514b0d8d9,dataset_version_a51bddcb369babc7d5f603d6c6a465de9505061bc876c2d3fdecdc2bcf5eee6e,page_ecbb1a737902b0f85b6a5b8fe2f4d83dc25e2dcdf1dac1167c75231cf885bc3f,document_64556397d8835e02491ec8f1a70256fc680350dfb5edb8a2f9c815815b72df9e,Kommission_i_Dalarna_ang__trolldomsväsendet__1670-1671_,R0001209,00005,dataset-rgb/Kommission_i_Dalarna_ang__trolldomsväsendet__1670-1671_/Kommission_i_Dalarna_ang__trolldomsväsendet__1670-1671__R0001209_00005.png,page_image_34214137c07aff7457eb48d7a1ad9c4a65a292cf5825cad5236b1ec3fef068a0,26211152,readable,PNG,5412,4230,1.2794,22892760,RGB,3,8,1.145,False,False,,unique,,included,,Structurally difficult,"aspect ratio 1.2794 >= 1.15: double-page spread (two facing text blocks, central gutter, two independent reading orders)",,True,False,False,False,,True
dataset_f7dfd857275e7c253a5aba4730f93428121e5156bd4281c4101fd79514b0d8d9,dataset_version_a51bddcb369babc7d5f603d6c6a465de9505061bc876c2d3fdecdc2bcf5eee6e,page_12c7876393c5c679bef91a69024d725bb5afa781d5735af90e808ef4104b8e59,document_dd87fdea457d9b42e525a316458b4ef449b18981177950b16ce545513784aca4,Kommissorialrätt_i_Bohus_län_ang__trolldomsväsendet__1670-1671_,R0001213,00003,dataset-rgb/Kommissorialrätt_i_Bohus_län_ang__trolldomsväsendet__1670-1671_/Kommissorialrätt_i_Bohus_län_ang__trolldomsväsendet__1670-1671__R0001213_00003.png,page_image_71fe1b4418de4c1340443fcd9b4aa52cad20ba16770a8f840c84c5d5f9748482,14569971,readable,PNG,2713,3912,0.6935,10613256,RGB,3,8,1.3728,False,False,,unique,,included,,Ordinary,"single-page portrait raster with no detected technical anomaly; note that structural difficulty beyond page-spread geometry (dense marginalia, tables, multi-column layout, insertions, damage) is NOT automatically detectable without a layout model and is explicitly out of scope for this pass -- this page may be reclassified 'Structurally difficult' by supervised human correction",,False,False,False,False,,True
dataset_f7dfd857275e7c253a5aba4730f93428121e5156bd4281c4101fd79514b0d8d9,dataset_version_a51bddcb369babc7d5f603d6c6a465de9505061bc876c2d3fdecdc2bcf5eee6e,page_19189d074ea2b8e100ff90c0ee1eaf95eb38b5ad1466f705935e806d3b0a8ef3,document_dd87fdea457d9b42e525a316458b4ef449b18981177950b16ce545513784aca4,Kommissorialrätt_i_Bohus_län_ang__trolldomsväsendet__1670-1671_,R0001213,00004,dataset-rgb/Kommissorialrätt_i_Bohus_län_ang__trolldomsväsendet__1670-1671_/Kommissorialrätt_i_Bohus_län_ang__trolldomsväsendet__1670-1671__R0001213_00004.png,page_image_49f20447db5396c69e50d7a5676c7c570fee0ff8bf9c595bfa3fc038ecf5bc96,26486527,readable,PNG,5037,3913,1.2872,19709781,RGB,3,8,1.3438,False,False,,unique,,included,,Structurally difficult,"aspect ratio 1.2872 >= 1.15: double-page spread (two facing text blocks, central gutter, two independent reading orders)",,True,False,False,False,,False
dataset_f7dfd857275e7c253a5aba4730f93428121e5156bd4281c4101fd79514b0d8d9,dataset_version_a51bddcb369babc7d5f603d6c6a465de9505061bc876c2d3fdecdc2bcf5eee6e,page_d0b621c9733502591c6de9f8c234e949be2f0b7f2a9495c1364399ef459b18cf,document_dd87fdea457d9b42e525a316458b4ef449b18981177950b16ce545513784aca4,Kommissorialrätt_i_Bohus_län_ang__trolldomsväsendet__1670-1671_,R0001213,00005,dataset-rgb/Kommissorialrätt_i_Bohus_län_ang__trolldomsväsendet__1670-1671_/Kommissorialrätt_i_Bohus_län_ang__trolldomsväsendet__1670-1671__R0001213_00005.png,page_image_8228c7d5dc53303aa79c9f3eae9660046da8b97a3434138f4dc7ff7ef49e9666,26724772,readable,PNG,5044,3912,1.2894,19732128,RGB,3,8,1.3544,False,False,,unique,,included,,Structurally difficult,"aspect ratio 1.2894 >= 1.15: double-page spread (two facing text blocks, central gutter, two independent reading orders)",,True,False,False,False,,False
dataset_f7dfd857275e7c253a5aba4730f93428121e5156bd4281c4101fd79514b0d8d9,dataset_version_a51bddcb369babc7d5f603d6c6a465de9505061bc876c2d3fdecdc2bcf5eee6e,page_4020eb106c60869e74d7116f8151970b0fc4814fc21955ff64b8da036764e36d,document_dd87fdea457d9b42e525a316458b4ef449b18981177950b16ce545513784aca4,Kommissorialrätt_i_Bohus_län_ang__trolldomsväsendet__1670-1671_,R0001213,00006,dataset-rgb/Kommissorialrätt_i_Bohus_län_ang__trolldomsväsendet__1670-1671_/Kommissorialrätt_i_Bohus_län_ang__trolldomsväsendet__1670-1671__R0001213_00006.png,page_image_9938e7a8871223d038a517bb43213b731b38aac0b95dbe899642c8a813dfcf7c,26566423,readable,PNG,5063,3913,1.2939,19811519,RGB,3,8,1.341,False,False,,unique,,included,,Structurally difficult,"aspect ratio 1.2939 >= 1.15: double-page spread (two facing text blocks, central gutter, two independent reading orders)",,True,False,False,False,,False
dataset_f7dfd857275e7c253a5aba4730f93428121e5156bd4281c4101fd79514b0d8d9,dataset_version_a51bddcb369babc7d5f603d6c6a465de9505061bc876c2d3fdecdc2bcf5eee6e,page_2b1af56e7c3d925b98c9827c32d4f084d19963626634a09b1742678769deec3f,document_dd87fdea457d9b42e525a316458b4ef449b18981177950b16ce545513784aca4,Kommissorialrätt_i_Bohus_län_ang__trolldomsväsendet__1670-1671_,R0001213,00007,dataset-rgb/Kommissorialrätt_i_Bohus_län_ang__trolldomsväsendet__1670-1671_/Kommissorialrätt_i_Bohus_län_ang__trolldomsväsendet__1670-1671__R0001213_00007.png,page_image_b507e423f0a531c7e24b1ac36e49b5dc6d9801d2df81c0f5479d08ef5fa266f1,26745727,readable,PNG,5073,3912,1.2968,19845576,RGB,3,8,1.3477,False,False,,unique,,included,,Structurally difficult,"aspect ratio 1.2968 >= 1.15: double-page spread (two facing text blocks, central gutter, two independent reading orders)",,True,False,False,False,,False
dataset_f7dfd857275e7c253a5aba4730f93428121e5156bd4281c4101fd79514b0d8d9,dataset_version_a51bddcb369babc7d5f603d6c6a465de9505061bc876c2d3fdecdc2bcf5eee6e,page_c7c5c2ecc18b8e8056d27bf8ef0b7196d4d4036219d836981cc78c49ebcca818,document_dd87fdea457d9b42e525a316458b4ef449b18981177950b16ce545513784aca4,Kommissorialrätt_i_Bohus_län_ang__trolldomsväsendet__1670-1671_,R0001213,00008,dataset-rgb/Kommissorialrätt_i_Bohus_län_ang__trolldomsväsendet__1670-1671_/Kommissorialrätt_i_Bohus_län_ang__trolldomsväsendet__1670-1671__R0001213_00008.png,page_image_5124c21b00ffd5bfd91da17cad32346f9d0760525a06b5132f5fc4f8092f483e,26889719,readable,PNG,5073,3924,1.2928,19906452,RGB,3,8,1.3508,False,False,,unique,,included,,Structurally difficult,"aspect ratio 1.2928 >= 1.15: double-page spread (two facing text blocks, central gutter, two independent reading orders)",,True,False,False,False,,False
dataset_f7dfd857275e7c253a5aba4730f93428121e5156bd4281c4101fd79514b0d8d9,dataset_version_a51bddcb369babc7d5f603d6c6a465de9505061bc876c2d3fdecdc2bcf5eee6e,page_fe4ccd0b8a5efb384b136f3d50e85006ea66a9148009cc6f388301c3f1004911,document_dd87fdea457d9b42e525a316458b4ef449b18981177950b16ce545513784aca4,Kommissorialrätt_i_Bohus_län_ang__trolldomsväsendet__1670-1671_,R0001213,00009,dataset-rgb/Kommissorialrätt_i_Bohus_län_ang__trolldomsväsendet__1670-1671_/Kommissorialrätt_i_Bohus_län_ang__trolldomsväsendet__1670-1671__R0001213_00009.png,page_image_c9b8077aee19d371c7a2bb31f906525493063f9de33b1d41ee5d89bb9f784bdb,26597339,readable,PNG,5072,3946,1.2854,20014112,RGB,3,8,1.3289,False,False,,unique,,included,,Structurally difficult,"aspect ratio 1.2854 >= 1.15: double-page spread (two facing text blocks, central gutter, two independent reading orders)",,True,False,False,False,,False
dataset_f7dfd857275e7c253a5aba4730f93428121e5156bd4281c4101fd79514b0d8d9,dataset_version_a51bddcb369babc7d5f603d6c6a465de9505061bc876c2d3fdecdc2bcf5eee6e,page_2f56780b24799c0442eabe57ef6da882dac54362f511b5bdfd75e5e8190e841f,document_dd87fdea457d9b42e525a316458b4ef449b18981177950b16ce545513784aca4,Kommissorialrätt_i_Bohus_län_ang__trolldomsväsendet__1670-1671_,R0001213,00010,dataset-rgb/Kommissorialrätt_i_Bohus_län_ang__trolldomsväsendet__1670-1671_/Kommissorialrätt_i_Bohus_län_ang__trolldomsväsendet__1670-1671__R0001213_00010.png,page_image_4215ce20a9c05f6a702fd4e077364da26f9ce22e318d3046819233a207763e2a,26523687,readable,PNG,5070,3916,1.2947,19854120,RGB,3,8,1.3359,False,False,,unique,,included,,Structurally difficult,"aspect ratio 1.2947 >= 1.15: double-page spread (two facing text blocks, central gutter, two independent reading orders)",,True,False,False,False,,False
dataset_f7dfd857275e7c253a5aba4730f93428121e5156bd4281c4101fd79514b0d8d9,dataset_version_a51bddcb369babc7d5f603d6c6a465de9505061bc876c2d3fdecdc2bcf5eee6e,page_c452ffc87a827db582cebac0f9153460691fae121196e2b01a7e6f40b475d37f,document_dd87fdea457d9b42e525a316458b4ef449b18981177950b16ce545513784aca4,Kommissorialrätt_i_Bohus_län_ang__trolldomsväsendet__1670-1671_,R0001213,00011,dataset-rgb/Kommissorialrätt_i_Bohus_län_ang__trolldomsväsendet__1670-1671_/Kommissorialrätt_i_Bohus_län_ang__trolldomsväsendet__1670-1671__R0001213_00011.png,page_image_d094275d80f29eeec321ad7b02e7e2e3c6875e8e3e763bda30a8c8ec60463c6e,26446143,readable,PNG,5065,3916,1.2934,19834540,RGB,3,8,1.3333,False,False,,unique,,included,,Structurally difficult,"aspect ratio 1.2934 >= 1.15: double-page spread (two facing text blocks, central gutter, two independent reading orders)",,True,False,False,False,,False
dataset_f7dfd857275e7c253a5aba4730f93428121e5156bd4281c4101fd79514b0d8d9,dataset_version_a51bddcb369babc7d5f603d6c6a465de9505061bc876c2d3fdecdc2bcf5eee6e,page_f4196c18a0d4313cf4ce13351b535afbea0208fc6b14fd6cd37ad1d95dea6a1a,document_dd87fdea457d9b42e525a316458b4ef449b18981177950b16ce545513784aca4,Kommissorialrätt_i_Bohus_län_ang__trolldomsväsendet__1670-1671_,R0001213,00012,dataset-rgb/Kommissorialrätt_i_Bohus_län_ang__trolldomsväsendet__1670-1671_/Kommissorialrätt_i_Bohus_län_ang__trolldomsväsendet__1670-1671__R0001213_00012.png,page_image_1b41da2796c3fce0214cc46e10307ad4d47abb4918feac8512b2cb3950904ab3,26575463,readable,PNG,5059,3917,1.2915,19816103,RGB,3,8,1.3411,False,False,,unique,,included,,Structurally difficult,"aspect ratio 1.2915 >= 1.15: double-page spread (two facing text blocks, central gutter, two independent reading orders)",,True,False,False,False,,False
dataset_f7dfd857275e7c253a5aba4730f93428121e5156bd4281c4101fd79514b0d8d9,dataset_version_a51bddcb369babc7d5f603d6c6a465de9505061bc876c2d3fdecdc2bcf5eee6e,page_7f378b4891697db1e4a06444a96377c31f6bbe85cad488f62f47518f867efcec,document_dd87fdea457d9b42e525a316458b4ef449b18981177950b16ce545513784aca4,Kommissorialrätt_i_Bohus_län_ang__trolldomsväsendet__1670-1671_,R0001213,00013,dataset-rgb/Kommissorialrätt_i_Bohus_län_ang__trolldomsväsendet__1670-1671_/Kommissorialrätt_i_Bohus_län_ang__trolldomsväsendet__1670-1671__R0001213_00013.png,page_image_b8f687cd98685c17224b20b0b77a779deeef91491fcfbe83422d64fb5e32c1c2,26586916,readable,PNG,5056,3920,1.2898,19819520,RGB,3,8,1.3415,False,False,,unique,,included,,Structurally difficult,"aspect ratio 1.2898 >= 1.15: double-page spread (two facing text blocks, central gutter, two independent reading orders)",,True,False,False,False,,False
dataset_f7dfd857275e7c253a5aba4730f93428121e5156bd4281c4101fd79514b0d8d9,dataset_version_a51bddcb369babc7d5f603d6c6a465de9505061bc876c2d3fdecdc2bcf5eee6e,page_5a3dffc9bb57393f9757c92035103e86bc1662554c3d82b8ad0860f4b21300bb,document_dd87fdea457d9b42e525a316458b4ef449b18981177950b16ce545513784aca4,Kommissorialrätt_i_Bohus_län_ang__trolldomsväsendet__1670-1671_,R0001213,00014,dataset-rgb/Kommissorialrätt_i_Bohus_län_ang__trolldomsväsendet__1670-1671_/Kommissorialrätt_i_Bohus_län_ang__trolldomsväsendet__1670-1671__R0001213_00014.png,page_image_a55032e43068cc4706ba495d3599407d70b95d9e5bf5f06d33ecde4008023b58,26755371,readable,PNG,5056,3907,1.2941,19753792,RGB,3,8,1.3544,False,False,,unique,,included,,Structurally difficult,"aspect ratio 1.2941 >= 1.15: double-page spread (two facing text blocks, central gutter, two independent reading orders)",,True,False,False,False,,False
dataset_f7dfd857275e7c253a5aba4730f93428121e5156bd4281c4101fd79514b0d8d9,dataset_version_a51bddcb369babc7d5f603d6c6a465de9505061bc876c2d3fdecdc2bcf5eee6e,page_a10ee2c8c770ffd85275ff743120fb4b6e9d55809bf883b6390af4d0794616e9,document_dd87fdea457d9b42e525a316458b4ef449b18981177950b16ce545513784aca4,Kommissorialrätt_i_Bohus_län_ang__trolldomsväsendet__1670-1671_,R0001213,00015,dataset-rgb/Kommissorialrätt_i_Bohus_län_ang__trolldomsväsendet__1670-1671_/Kommissorialrätt_i_Bohus_län_ang__trolldomsväsendet__1670-1671__R0001213_00015.png,page_image_cef8e5a4493828f1956a246fb4b02633cf08f0cfe1436a6fc73d39ca31c6c8b4,26791756,readable,PNG,5052,3912,1.2914,19763424,RGB,3,8,1.3556,False,False,,unique,,included,,Structurally difficult,"aspect ratio 1.2914 >= 1.15: double-page spread (two facing text blocks, central gutter, two independent reading orders)",,True,False,False,False,,False
dataset_f7dfd857275e7c253a5aba4730f93428121e5156bd4281c4101fd79514b0d8d9,dataset_version_a51bddcb369babc7d5f603d6c6a465de9505061bc876c2d3fdecdc2bcf5eee6e,page_52157d4bcaa3a6228eb2ae3ce364a1541ea88f0804acb28054c432be18d861e1,document_dd87fdea457d9b42e525a316458b4ef449b18981177950b16ce545513784aca4,Kommissorialrätt_i_Bohus_län_ang__trolldomsväsendet__1670-1671_,R0001213,00016,dataset-rgb/Kommissorialrätt_i_Bohus_län_ang__trolldomsväsendet__1670-1671_/Kommissorialrätt_i_Bohus_län_ang__trolldomsväsendet__1670-1671__R0001213_00016.png,page_image_ba23b413e4427a98b8ab12794ba8f5425005f12fa51c075984d690db3c02b5f8,26841443,readable,PNG,5042,3918,1.2869,19754556,RGB,3,8,1.3587,False,False,,unique,,included,,Structurally difficult,"aspect ratio 1.2869 >= 1.15: double-page spread (two facing text blocks, central gutter, two independent reading orders)",,True,False,False,False,,False
dataset_f7dfd857275e7c253a5aba4730f93428121e5156bd4281c4101fd79514b0d8d9,dataset_version_a51bddcb369babc7d5f603d6c6a465de9505061bc876c2d3fdecdc2bcf5eee6e,page_c1f8e4163be5ffd8949e119758754d841c1dff03161e72413fc367c79496f395,document_dd87fdea457d9b42e525a316458b4ef449b18981177950b16ce545513784aca4,Kommissorialrätt_i_Bohus_län_ang__trolldomsväsendet__1670-1671_,R0001213,00017,dataset-rgb/Kommissorialrätt_i_Bohus_län_ang__trolldomsväsendet__1670-1671_/Kommissorialrätt_i_Bohus_län_ang__trolldomsväsendet__1670-1671__R0001213_00017.png,page_image_3f8b3f718e72a475d106ffb512302e847ae36d0b6ed4200e4ff162ebb4e045fc,26777759,readable,PNG,5045,3928,1.2844,19816760,RGB,3,8,1.3513,False,False,,unique,,included,,Structurally difficult,"aspect ratio 1.2844 >= 1.15: double-page spread (two facing text blocks, central gutter, two independent reading orders)",,True,False,False,False,,False
dataset_f7dfd857275e7c253a5aba4730f93428121e5156bd4281c4101fd79514b0d8d9,dataset_version_a51bddcb369babc7d5f603d6c6a465de9505061bc876c2d3fdecdc2bcf5eee6e,page_207f1c02343006b99bff6a38de89607a3eee5b63774b105b5146fbc4aff15195,document_dd87fdea457d9b42e525a316458b4ef449b18981177950b16ce545513784aca4,Kommissorialrätt_i_Bohus_län_ang__trolldomsväsendet__1670-1671_,R0001213,00018,dataset-rgb/Kommissorialrätt_i_Bohus_län_ang__trolldomsväsendet__1670-1671_/Kommissorialrätt_i_Bohus_län_ang__trolldomsväsendet__1670-1671__R0001213_00018.png,page_image_9ddef309c9a17f1b303cfa4b6769134dacff901066d4d4ce0f4ddcabf682ace0,26824734,readable,PNG,5048,3938,1.2819,19879024,RGB,3,8,1.3494,False,False,,unique,,included,,Structurally difficult,"aspect ratio 1.2819 >= 1.15: double-page spread (two facing text blocks, central gutter, two independent reading orders)",,True,False,False,False,,False
dataset_f7dfd857275e7c253a5aba4730f93428121e5156bd4281c4101fd79514b0d8d9,dataset_version_a51bddcb369babc7d5f603d6c6a465de9505061bc876c2d3fdecdc2bcf5eee6e,page_dfcc3575cc80e1f0c2f75ee1f16b9cbe1d55b8a6d9b745b15eb3c6db7a9f4285,document_dd87fdea457d9b42e525a316458b4ef449b18981177950b16ce545513784aca4,Kommissorialrätt_i_Bohus_län_ang__trolldomsväsendet__1670-1671_,R0001213,00019,dataset-rgb/Kommissorialrätt_i_Bohus_län_ang__trolldomsväsendet__1670-1671_/Kommissorialrätt_i_Bohus_län_ang__trolldomsväsendet__1670-1671__R0001213_00019.png,page_image_57ab04baf896d7e617578c8b580115a3c7151ea8701d2be98244f5933f6fc385,26797222,readable,PNG,5049,3941,1.2811,19898109,RGB,3,8,1.3467,False,False,,unique,,included,,Structurally difficult,"aspect ratio 1.2811 >= 1.15: double-page spread (two facing text blocks, central gutter, two independent reading orders)",,True,False,False,False,,False
dataset_f7dfd857275e7c253a5aba4730f93428121e5156bd4281c4101fd79514b0d8d9,dataset_version_a51bddcb369babc7d5f603d6c6a465de9505061bc876c2d3fdecdc2bcf5eee6e,page_d6f83399e50114daf912f22f4699d96a8bc1e5c3645b482567ebb54364a3cbd7,document_dd87fdea457d9b42e525a316458b4ef449b18981177950b16ce545513784aca4,Kommissorialrätt_i_Bohus_län_ang__trolldomsväsendet__1670-1671_,R0001213,00020,dataset-rgb/Kommissorialrätt_i_Bohus_län_ang__trolldomsväsendet__1670-1671_/Kommissorialrätt_i_Bohus_län_ang__trolldomsväsendet__1670-1671__R0001213_00020.png,page_image_516f32bcaa2dd275bdd5a9576e24a3eb24a3b41bb535dea901b57d548b3de667,26851886,readable,PNG,5050,3945,1.2801,19922250,RGB,3,8,1.3478,False,False,,unique,,included,,Structurally difficult,"aspect ratio 1.2801 >= 1.15: double-page spread (two facing text blocks, central gutter, two independent reading orders)",,True,False,False,False,,False
dataset_f7dfd857275e7c253a5aba4730f93428121e5156bd4281c4101fd79514b0d8d9,dataset_version_a51bddcb369babc7d5f603d6c6a465de9505061bc876c2d3fdecdc2bcf5eee6e,page_b45ab62108ad72c1adc32389aee42e0508928dd757d052b5a1f67a2def99a42f,document_dd87fdea457d9b42e525a316458b4ef449b18981177950b16ce545513784aca4,Kommissorialrätt_i_Bohus_län_ang__trolldomsväsendet__1670-1671_,R0001213,00021,dataset-rgb/Kommissorialrätt_i_Bohus_län_ang__trolldomsväsendet__1670-1671_/Kommissorialrätt_i_Bohus_län_ang__trolldomsväsendet__1670-1671__R0001213_00021.png,page_image_4289b9d46466cf5e525131022088ab6ed9da3fac5a652df053a2d7e40ce416c7,26462791,readable,PNG,5059,3944,1.2827,19952696,RGB,3,8,1.3263,False,False,,unique,,included,,Structurally difficult,"aspect ratio 1.2827 >= 1.15: double-page spread (two facing text blocks, central gutter, two independent reading orders)",,True,False,False,False,,False
dataset_f7dfd857275e7c253a5aba4730f93428121e5156bd4281c4101fd79514b0d8d9,dataset_version_a51bddcb369babc7d5f603d6c6a465de9505061bc876c2d3fdecdc2bcf5eee6e,page_7ea5fa44a403cad2ff2e76fccf21f2c0d7819441a6b99994d9d57f4b65413967,document_dd87fdea457d9b42e525a316458b4ef449b18981177950b16ce545513784aca4,Kommissorialrätt_i_Bohus_län_ang__trolldomsväsendet__1670-1671_,R0001213,00022,dataset-rgb/Kommissorialrätt_i_Bohus_län_ang__trolldomsväsendet__1670-1671_/Kommissorialrätt_i_Bohus_län_ang__trolldomsväsendet__1670-1671__R0001213_00022.png,page_image_33325d5d1d5ae8efeff055b2cb8c9bbc1d01636b83bec1fea800a03936e68c0b,26316896,readable,PNG,5066,3949,1.2829,20005634,RGB,3,8,1.3155,False,False,,unique,,included,,Structurally difficult,"aspect ratio 1.2829 >= 1.15: double-page spread (two facing text blocks, central gutter, two independent reading orders)",,True,False,False,False,,False
dataset_f7dfd857275e7c253a5aba4730f93428121e5156bd4281c4101fd79514b0d8d9,dataset_version_a51bddcb369babc7d5f603d6c6a465de9505061bc876c2d3fdecdc2bcf5eee6e,page_caa1a2a57116580fa9ea8cc138167cd659059766c572c8cc6f2a3c80e55f24ea,document_dd87fdea457d9b42e525a316458b4ef449b18981177950b16ce545513784aca4,Kommissorialrätt_i_Bohus_län_ang__trolldomsväsendet__1670-1671_,R0001213,00023,dataset-rgb/Kommissorialrätt_i_Bohus_län_ang__trolldomsväsendet__1670-1671_/Kommissorialrätt_i_Bohus_län_ang__trolldomsväsendet__1670-1671__R0001213_00023.png,page_image_616365a7ef95459491837c7201fba3226a35f1f06fbd1af3fdf0932cb42a1ba0,26064505,readable,PNG,5075,3936,1.2894,19975200,RGB,3,8,1.3048,False,False,,unique,,included,,Structurally difficult,"aspect ratio 1.2894 >= 1.15: double-page spread (two facing text blocks, central gutter, two independent reading orders)",,True,False,False,False,,False
dataset_f7dfd857275e7c253a5aba4730f93428121e5156bd4281c4101fd79514b0d8d9,dataset_version_a51bddcb369babc7d5f603d6c6a465de9505061bc876c2d3fdecdc2bcf5eee6e,page_2cac22d06cf2081e9eaf644c266c2e9db9f8dc9835d8daf985946e97dfca2854,document_dd87fdea457d9b42e525a316458b4ef449b18981177950b16ce545513784aca4,Kommissorialrätt_i_Bohus_län_ang__trolldomsväsendet__1670-1671_,R0001213,00024,dataset-rgb/Kommissorialrätt_i_Bohus_län_ang__trolldomsväsendet__1670-1671_/Kommissorialrätt_i_Bohus_län_ang__trolldomsväsendet__1670-1671__R0001213_00024.png,page_image_92b654ecc566df6faa6f8f992d13452009855a7d01607f3ba83ce74ff7c681c4,26258224,readable,PNG,5082,3924,1.2951,19941768,RGB,3,8,1.3167,False,False,,unique,,included,,Structurally difficult,"aspect ratio 1.2951 >= 1.15: double-page spread (two facing text blocks, central gutter, two independent reading orders)",,True,False,False,False,,False
dataset_f7dfd857275e7c253a5aba4730f93428121e5156bd4281c4101fd79514b0d8d9,dataset_version_a51bddcb369babc7d5f603d6c6a465de9505061bc876c2d3fdecdc2bcf5eee6e,page_f6f283a514a099b5fae466f06873364808143e2b8b15cecf688eec496b83c726,document_dd87fdea457d9b42e525a316458b4ef449b18981177950b16ce545513784aca4,Kommissorialrätt_i_Bohus_län_ang__trolldomsväsendet__1670-1671_,R0001213,00025,dataset-rgb/Kommissorialrätt_i_Bohus_län_ang__trolldomsväsendet__1670-1671_/Kommissorialrätt_i_Bohus_län_ang__trolldomsväsendet__1670-1671__R0001213_00025.png,page_image_0793430ec6ba04ce3dfc02ee968e55ca47272cade2a04802693ecc08cdc0d300,26279595,readable,PNG,5090,3931,1.2948,20008790,RGB,3,8,1.3134,False,False,,unique,,included,,Structurally difficult,"aspect ratio 1.2948 >= 1.15: double-page spread (two facing text blocks, central gutter, two independent reading orders)",,True,False,False,False,,False
dataset_f7dfd857275e7c253a5aba4730f93428121e5156bd4281c4101fd79514b0d8d9,dataset_version_a51bddcb369babc7d5f603d6c6a465de9505061bc876c2d3fdecdc2bcf5eee6e,page_824c2de4b792e2cbf977ddbd81bfd37715c71bdab33596592fdb946118145483,document_dd87fdea457d9b42e525a316458b4ef449b18981177950b16ce545513784aca4,Kommissorialrätt_i_Bohus_län_ang__trolldomsväsendet__1670-1671_,R0001213,00026,dataset-rgb/Kommissorialrätt_i_Bohus_län_ang__trolldomsväsendet__1670-1671_/Kommissorialrätt_i_Bohus_län_ang__trolldomsväsendet__1670-1671__R0001213_00026.png,page_image_098efaf44fc099477b07db383b194b56f5b4cb34e7e67bbd3d677b153f0409b5,26126825,readable,PNG,5076,3932,1.2909,19958832,RGB,3,8,1.309,False,False,,unique,,included,,Structurally difficult,"aspect ratio 1.2909 >= 1.15: double-page spread (two facing text blocks, central gutter, two independent reading orders)",,True,False,False,False,,False
dataset_f7dfd857275e7c253a5aba4730f93428121e5156bd4281c4101fd79514b0d8d9,dataset_version_a51bddcb369babc7d5f603d6c6a465de9505061bc876c2d3fdecdc2bcf5eee6e,page_7e2cd26c69434093709439a10575387d0ebd9283bcb62d97dd5e88b7dc907501,document_dd87fdea457d9b42e525a316458b4ef449b18981177950b16ce545513784aca4,Kommissorialrätt_i_Bohus_län_ang__trolldomsväsendet__1670-1671_,R0001213,00027,dataset-rgb/Kommissorialrätt_i_Bohus_län_ang__trolldomsväsendet__1670-1671_/Kommissorialrätt_i_Bohus_län_ang__trolldomsväsendet__1670-1671__R0001213_00027.png,page_image_9d1e5e0a9f80d53e079503f89f758de046daafab2cd328e7972aa6f3f992f7ec,26403987,readable,PNG,5059,3935,1.2856,19907165,RGB,3,8,1.3264,False,False,,unique,,included,,Structurally difficult,"aspect ratio 1.2856 >= 1.15: double-page spread (two facing text blocks, central gutter, two independent reading orders)",,True,False,False,False,,False
dataset_f7dfd857275e7c253a5aba4730f93428121e5156bd4281c4101fd79514b0d8d9,dataset_version_a51bddcb369babc7d5f603d6c6a465de9505061bc876c2d3fdecdc2bcf5eee6e,page_f16009207169ecde987cade2bd48ffed0071a7053f34a5c9ba23883740be74a1,document_dd87fdea457d9b42e525a316458b4ef449b18981177950b16ce545513784aca4,Kommissorialrätt_i_Bohus_län_ang__trolldomsväsendet__1670-1671_,R0001213,00028,dataset-rgb/Kommissorialrätt_i_Bohus_län_ang__trolldomsväsendet__1670-1671_/Kommissorialrätt_i_Bohus_län_ang__trolldomsväsendet__1670-1671__R0001213_00028.png,page_image_8af98e8538973a5cb0b6dc884a34eaa14342284f1b839a1b435b05bba88e2b2c,26235489,readable,PNG,5061,3936,1.2858,19920096,RGB,3,8,1.317,False,False,,unique,,included,,Structurally difficult,"aspect ratio 1.2858 >= 1.15: double-page spread (two facing text blocks, central gutter, two independent reading orders)",,True,False,False,False,,False
dataset_f7dfd857275e7c253a5aba4730f93428121e5156bd4281c4101fd79514b0d8d9,dataset_version_a51bddcb369babc7d5f603d6c6a465de9505061bc876c2d3fdecdc2bcf5eee6e,page_eda7f408c97f5bcc780f19d7809986677a361902d270e1dec40f1da466facab7,document_dd87fdea457d9b42e525a316458b4ef449b18981177950b16ce545513784aca4,Kommissorialrätt_i_Bohus_län_ang__trolldomsväsendet__1670-1671_,R0001213,00029,dataset-rgb/Kommissorialrätt_i_Bohus_län_ang__trolldomsväsendet__1670-1671_/Kommissorialrätt_i_Bohus_län_ang__trolldomsväsendet__1670-1671__R0001213_00029.png,page_image_373cb1792a2801b6a3ff070987e3f5b388a299bf583a3f8cb13fa28ed80740e9,25687689,readable,PNG,5061,3940,1.2845,19940340,RGB,3,8,1.2882,False,False,,unique,,included,,Structurally difficult,"aspect ratio 1.2845 >= 1.15: double-page spread (two facing text blocks, central gutter, two independent reading orders)",,True,False,False,False,,False
dataset_f7dfd857275e7c253a5aba4730f93428121e5156bd4281c4101fd79514b0d8d9,dataset_version_a51bddcb369babc7d5f603d6c6a465de9505061bc876c2d3fdecdc2bcf5eee6e,page_f5e5155e6d8a165d8bc78b29f181c89dc1f596e47a6ad989d798c07ed3082af8,document_dd87fdea457d9b42e525a316458b4ef449b18981177950b16ce545513784aca4,Kommissorialrätt_i_Bohus_län_ang__trolldomsväsendet__1670-1671_,R0001213,00030,dataset-rgb/Kommissorialrätt_i_Bohus_län_ang__trolldomsväsendet__1670-1671_/Kommissorialrätt_i_Bohus_län_ang__trolldomsväsendet__1670-1671__R0001213_00030.png,page_image_b45dc256c2803951b70964f55d3d6034781c6e1a6fa292dc9a313667c14efc52,25959461,readable,PNG,5060,3938,1.2849,19926280,RGB,3,8,1.3028,False,False,,unique,,included,,Structurally difficult,"aspect ratio 1.2849 >= 1.15: double-page spread (two facing text blocks, central gutter, two independent reading orders)",,True,False,False,False,,False
dataset_f7dfd857275e7c253a5aba4730f93428121e5156bd4281c4101fd79514b0d8d9,dataset_version_a51bddcb369babc7d5f603d6c6a465de9505061bc876c2d3fdecdc2bcf5eee6e,page_0ac178976775e9a4f166f2cb2630f5c8bb8177a0689c241be0fa8f95240d175d,document_dd87fdea457d9b42e525a316458b4ef449b18981177950b16ce545513784aca4,Kommissorialrätt_i_Bohus_län_ang__trolldomsväsendet__1670-1671_,R0001213,00031,dataset-rgb/Kommissorialrätt_i_Bohus_län_ang__trolldomsväsendet__1670-1671_/Kommissorialrätt_i_Bohus_län_ang__trolldomsväsendet__1670-1671__R0001213_00031.png,page_image_baf3f208d91238afb3e1d41c95b1a2c708bcb28dd4848e0b6a1c18ac29b70209,25894234,readable,PNG,5063,3938,1.2857,19938094,RGB,3,8,1.2987,False,False,,unique,,included,,Structurally difficult,"aspect ratio 1.2857 >= 1.15: double-page spread (two facing text blocks, central gutter, two independent reading orders)",,True,False,False,False,,False
dataset_f7dfd857275e7c253a5aba4730f93428121e5156bd4281c4101fd79514b0d8d9,dataset_version_a51bddcb369babc7d5f603d6c6a465de9505061bc876c2d3fdecdc2bcf5eee6e,page_817adc94d5e60ccbd7c3cf28b0e6c278d5d53a449af445694c0b08f47bcedbd2,document_dd87fdea457d9b42e525a316458b4ef449b18981177950b16ce545513784aca4,Kommissorialrätt_i_Bohus_län_ang__trolldomsväsendet__1670-1671_,R0001213,00032,dataset-rgb/Kommissorialrätt_i_Bohus_län_ang__trolldomsväsendet__1670-1671_/Kommissorialrätt_i_Bohus_län_ang__trolldomsväsendet__1670-1671__R0001213_00032.png,page_image_271a9efddc0b27e5722427e26f966381a2da9c63dc9855cfed4c94fd2fe9b0f5,25906449,readable,PNG,5065,3939,1.2859,19951035,RGB,3,8,1.2985,False,False,,unique,,included,,Structurally difficult,"aspect ratio 1.2859 >= 1.15: double-page spread (two facing text blocks, central gutter, two independent reading orders)",,True,False,False,False,,False
dataset_f7dfd857275e7c253a5aba4730f93428121e5156bd4281c4101fd79514b0d8d9,dataset_version_a51bddcb369babc7d5f603d6c6a465de9505061bc876c2d3fdecdc2bcf5eee6e,page_41f2059f64def7c77ad5878c188bd35a2acd8e3d416523443ebc575d00344fed,document_dd87fdea457d9b42e525a316458b4ef449b18981177950b16ce545513784aca4,Kommissorialrätt_i_Bohus_län_ang__trolldomsväsendet__1670-1671_,R0001213,00033,dataset-rgb/Kommissorialrätt_i_Bohus_län_ang__trolldomsväsendet__1670-1671_/Kommissorialrätt_i_Bohus_län_ang__trolldomsväsendet__1670-1671__R0001213_00033.png,page_image_45db21bb030023e29e0b2f300a9a9a1dc65b313d4983e9c3497e22aca328e2b4,25482597,readable,PNG,5052,3933,1.2845,19869516,RGB,3,8,1.2825,False,False,,unique,,included,,Structurally difficult,"aspect ratio 1.2845 >= 1.15: double-page spread (two facing text blocks, central gutter, two independent reading orders)",,True,False,False,False,,False
dataset_f7dfd857275e7c253a5aba4730f93428121e5156bd4281c4101fd79514b0d8d9,dataset_version_a51bddcb369babc7d5f603d6c6a465de9505061bc876c2d3fdecdc2bcf5eee6e,page_d96e5765067f47ea88f42788aa857f5fae6ec670bc2a78d29d3d0d1167b276a5,document_dd87fdea457d9b42e525a316458b4ef449b18981177950b16ce545513784aca4,Kommissorialrätt_i_Bohus_län_ang__trolldomsväsendet__1670-1671_,R0001213,00034,dataset-rgb/Kommissorialrätt_i_Bohus_län_ang__trolldomsväsendet__1670-1671_/Kommissorialrätt_i_Bohus_län_ang__trolldomsväsendet__1670-1671__R0001213_00034.png,page_image_4ff44d839875edf61c4c69a7e69a74682367b24463834632c7aadf4214db0199,25078642,readable,PNG,5056,3925,1.2882,19844800,RGB,3,8,1.2637,False,False,,unique,,included,,Structurally difficult,"aspect ratio 1.2882 >= 1.15: double-page spread (two facing text blocks, central gutter, two independent reading orders)",,True,False,False,False,,False
dataset_f7dfd857275e7c253a5aba4730f93428121e5156bd4281c4101fd79514b0d8d9,dataset_version_a51bddcb369babc7d5f603d6c6a465de9505061bc876c2d3fdecdc2bcf5eee6e,page_f9a098e650c633cc996e5304a2cd494845c607977b3e6fea30ed2d1477c8b2ca,document_dd87fdea457d9b42e525a316458b4ef449b18981177950b16ce545513784aca4,Kommissorialrätt_i_Bohus_län_ang__trolldomsväsendet__1670-1671_,R0001213,00035,dataset-rgb/Kommissorialrätt_i_Bohus_län_ang__trolldomsväsendet__1670-1671_/Kommissorialrätt_i_Bohus_län_ang__trolldomsväsendet__1670-1671__R0001213_00035.png,page_image_7bb45b085c4b1932680eea7b34249775dedd471bb91f67c6a7a9eefb65df7bf1,24834264,readable,PNG,5064,3926,1.2899,19881264,RGB,3,8,1.2491,False,False,,unique,,included,,Structurally difficult,"aspect ratio 1.2899 >= 1.15: double-page spread (two facing text blocks, central gutter, two independent reading orders)",,True,False,False,False,,True
dataset_f7dfd857275e7c253a5aba4730f93428121e5156bd4281c4101fd79514b0d8d9,dataset_version_a51bddcb369babc7d5f603d6c6a465de9505061bc876c2d3fdecdc2bcf5eee6e,page_669cbd95b54eddd078d4e50db5309d04a5ace6670b18284e6226957f5243c2cb,document_dd87fdea457d9b42e525a316458b4ef449b18981177950b16ce545513784aca4,Kommissorialrätt_i_Bohus_län_ang__trolldomsväsendet__1670-1671_,R0001213,00036,dataset-rgb/Kommissorialrätt_i_Bohus_län_ang__trolldomsväsendet__1670-1671_/Kommissorialrätt_i_Bohus_län_ang__trolldomsväsendet__1670-1671__R0001213_00036.png,page_image_79f11e014ad14a4bb99bf8246ee2d7d2a3c4d1de9f2c940afaa6c377f17faf69,25901252,readable,PNG,5066,3924,1.291,19878984,RGB,3,8,1.3029,False,False,,unique,,included,,Structurally difficult,"aspect ratio 1.291 >= 1.15: double-page spread (two facing text blocks, central gutter, two independent reading orders)",,True,False,False,False,,False
dataset_f7dfd857275e7c253a5aba4730f93428121e5156bd4281c4101fd79514b0d8d9,dataset_version_a51bddcb369babc7d5f603d6c6a465de9505061bc876c2d3fdecdc2bcf5eee6e,page_4df443ae985a5327ad9e41a822a627349580018b0f25e5a7c0c8abea3d21fb2e,document_dd87fdea457d9b42e525a316458b4ef449b18981177950b16ce545513784aca4,Kommissorialrätt_i_Bohus_län_ang__trolldomsväsendet__1670-1671_,R0001213,00037,dataset-rgb/Kommissorialrätt_i_Bohus_län_ang__trolldomsväsendet__1670-1671_/Kommissorialrätt_i_Bohus_län_ang__trolldomsväsendet__1670-1671__R0001213_00037.png,page_image_5119b8c4e376302af42d3512b64fc766c076f923255626e4ad01524271244208,25247919,readable,PNG,5066,3923,1.2914,19873918,RGB,3,8,1.2704,False,False,,unique,,included,,Structurally difficult,"aspect ratio 1.2914 >= 1.15: double-page spread (two facing text blocks, central gutter, two independent reading orders)",,True,False,False,False,,False
dataset_f7dfd857275e7c253a5aba4730f93428121e5156bd4281c4101fd79514b0d8d9,dataset_version_a51bddcb369babc7d5f603d6c6a465de9505061bc876c2d3fdecdc2bcf5eee6e,page_eb0e08e410658439a109c19646064e444a02c94c74c0cffda2cc870a10ec3f65,document_dd87fdea457d9b42e525a316458b4ef449b18981177950b16ce545513784aca4,Kommissorialrätt_i_Bohus_län_ang__trolldomsväsendet__1670-1671_,R0001213,00038,dataset-rgb/Kommissorialrätt_i_Bohus_län_ang__trolldomsväsendet__1670-1671_/Kommissorialrätt_i_Bohus_län_ang__trolldomsväsendet__1670-1671__R0001213_00038.png,page_image_a3c5d04159948a8fdf64d1dc96e6026cab5dd41aeef898258d109d78db9020ef,24645925,readable,PNG,5072,3915,1.2955,19856880,RGB,3,8,1.2412,False,False,,unique,,included,,Structurally difficult,"aspect ratio 1.2955 >= 1.15: double-page spread (two facing text blocks, central gutter, two independent reading orders)",,True,False,False,False,,True
dataset_f7dfd857275e7c253a5aba4730f93428121e5156bd4281c4101fd79514b0d8d9,dataset_version_a51bddcb369babc7d5f603d6c6a465de9505061bc876c2d3fdecdc2bcf5eee6e,page_f080bb66ee542fbd54cb178b63b525bb42858063209df9c5b21b31a67bb121cf,document_dd87fdea457d9b42e525a316458b4ef449b18981177950b16ce545513784aca4,Kommissorialrätt_i_Bohus_län_ang__trolldomsväsendet__1670-1671_,R0001213,00039,dataset-rgb/Kommissorialrätt_i_Bohus_län_ang__trolldomsväsendet__1670-1671_/Kommissorialrätt_i_Bohus_län_ang__trolldomsväsendet__1670-1671__R0001213_00039.png,page_image_a971b3dadc0a4117b7f8b5a582ba3953ef61a2b4de940ead5f34c14bed681b0a,24923046,readable,PNG,5074,3915,1.296,19864710,RGB,3,8,1.2546,False,False,,unique,,included,,Structurally difficult,"aspect ratio 1.296 >= 1.15: double-page spread (two facing text blocks, central gutter, two independent reading orders)",,True,False,False,False,,False
dataset_f7dfd857275e7c253a5aba4730f93428121e5156bd4281c4101fd79514b0d8d9,dataset_version_a51bddcb369babc7d5f603d6c6a465de9505061bc876c2d3fdecdc2bcf5eee6e,page_3968597622611944abcbe45b875b8a854130f137af22e440dc339708566d795d,document_dd87fdea457d9b42e525a316458b4ef449b18981177950b16ce545513784aca4,Kommissorialrätt_i_Bohus_län_ang__trolldomsväsendet__1670-1671_,R0001213,00040,dataset-rgb/Kommissorialrätt_i_Bohus_län_ang__trolldomsväsendet__1670-1671_/Kommissorialrätt_i_Bohus_län_ang__trolldomsväsendet__1670-1671__R0001213_00040.png,page_image_5f2aec68df31f98b123b0ea4ce8f52f3462c6284685bc4ec604cddb4d438b41c,25379777,readable,PNG,5074,3914,1.2964,19859636,RGB,3,8,1.278,False,False,,unique,,included,,Structurally difficult,"aspect ratio 1.2964 >= 1.15: double-page spread (two facing text blocks, central gutter, two independent reading orders)",,True,False,False,False,,False
dataset_f7dfd857275e7c253a5aba4730f93428121e5156bd4281c4101fd79514b0d8d9,dataset_version_a51bddcb369babc7d5f603d6c6a465de9505061bc876c2d3fdecdc2bcf5eee6e,page_6e6425b91cd4659450ea6de17d654bd0c7d4274ba4fc212adac5a79b1499b65a,document_dd87fdea457d9b42e525a316458b4ef449b18981177950b16ce545513784aca4,Kommissorialrätt_i_Bohus_län_ang__trolldomsväsendet__1670-1671_,R0001213,00042,dataset-rgb/Kommissorialrätt_i_Bohus_län_ang__trolldomsväsendet__1670-1671_/Kommissorialrätt_i_Bohus_län_ang__trolldomsväsendet__1670-1671__R0001213_00042.png,page_image_aaa10aa0da40d9ec269ac73b2a826977ba8082b82b37b2c4431ca93c47b5adee,18309043,readable,PNG,5077,3909,1.2988,19845993,RGB,3,8,0.9226,False,False,,unique,,included,,Structurally difficult,"aspect ratio 1.2988 >= 1.15: double-page spread (two facing text blocks, central gutter, two independent reading orders)",,True,False,False,False,,False
dataset_f7dfd857275e7c253a5aba4730f93428121e5156bd4281c4101fd79514b0d8d9,dataset_version_a51bddcb369babc7d5f603d6c6a465de9505061bc876c2d3fdecdc2bcf5eee6e,page_037811871cb62c1d37669ffe73d03e964ebe0b4087d5ca82f1a7e17d3e3ce181,document_dd87fdea457d9b42e525a316458b4ef449b18981177950b16ce545513784aca4,Kommissorialrätt_i_Bohus_län_ang__trolldomsväsendet__1670-1671_,R0001213,00043,dataset-rgb/Kommissorialrätt_i_Bohus_län_ang__trolldomsväsendet__1670-1671_/Kommissorialrätt_i_Bohus_län_ang__trolldomsväsendet__1670-1671__R0001213_00043.png,page_image_6df8e3f808f8dc4f1e6b051dcba69a30c9fa794a0e7d2d1d8de72c38676c7917,28544271,readable,PNG,5080,3906,1.3006,19842480,RGB,3,8,1.4385,False,False,,unique,,included,,Structurally difficult,"aspect ratio 1.3006 >= 1.15: double-page spread (two facing text blocks, central gutter, two independent reading orders); 1.4385 encoded bytes/pixel > 1.42: unusually high-entropy lossless raster (heavy grain, show-through or bleed-through)",,True,False,True,False,,False
dataset_f7dfd857275e7c253a5aba4730f93428121e5156bd4281c4101fd79514b0d8d9,dataset_version_a51bddcb369babc7d5f603d6c6a465de9505061bc876c2d3fdecdc2bcf5eee6e,page_06780674374845d955cf73f87a0df1306ec376311530172b969931d3aa7f58d9,document_dd87fdea457d9b42e525a316458b4ef449b18981177950b16ce545513784aca4,Kommissorialrätt_i_Bohus_län_ang__trolldomsväsendet__1670-1671_,R0001213,00044,dataset-rgb/Kommissorialrätt_i_Bohus_län_ang__trolldomsväsendet__1670-1671_/Kommissorialrätt_i_Bohus_län_ang__trolldomsväsendet__1670-1671__R0001213_00044.png,page_image_916f9ebc3dd6c2f71962923b35bb941599dd299a0091c1c0112bc5b7a6895402,28552798,readable,PNG,5081,3897,1.3038,19800657,RGB,3,8,1.442,False,False,,unique,,included,,Structurally difficult,"aspect ratio 1.3038 >= 1.15: double-page spread (two facing text blocks, central gutter, two independent reading orders); 1.442 encoded bytes/pixel > 1.42: unusually high-entropy lossless raster (heavy grain, show-through or bleed-through)",,True,False,True,False,,False
dataset_f7dfd857275e7c253a5aba4730f93428121e5156bd4281c4101fd79514b0d8d9,dataset_version_a51bddcb369babc7d5f603d6c6a465de9505061bc876c2d3fdecdc2bcf5eee6e,page_47a4d498cbd5783a9a6ec95212acd1431d1fe41035eec32e711e42b67993e917,document_dd87fdea457d9b42e525a316458b4ef449b18981177950b16ce545513784aca4,Kommissorialrätt_i_Bohus_län_ang__trolldomsväsendet__1670-1671_,R0001213,00045,dataset-rgb/Kommissorialrätt_i_Bohus_län_ang__trolldomsväsendet__1670-1671_/Kommissorialrätt_i_Bohus_län_ang__trolldomsväsendet__1670-1671__R0001213_00045.png,page_image_7bc6834bdc80ea7ac21e3f436338bac08eab8ae18083063592b843f30757b166,28443915,readable,PNG,5084,3900,1.3036,19827600,RGB,3,8,1.4346,False,False,,unique,,included,,Structurally difficult,"aspect ratio 1.3036 >= 1.15: double-page spread (two facing text blocks, central gutter, two independent reading orders); 1.4346 encoded bytes/pixel > 1.42: unusually high-entropy lossless raster (heavy grain, show-through or bleed-through)",,True,False,True,False,,False
dataset_f7dfd857275e7c253a5aba4730f93428121e5156bd4281c4101fd79514b0d8d9,dataset_version_a51bddcb369babc7d5f603d6c6a465de9505061bc876c2d3fdecdc2bcf5eee6e,page_a6fcb42f2daf8c73b92818756d509432ece8282a1d1d566fa3a940ce79659a66,document_dd87fdea457d9b42e525a316458b4ef449b18981177950b16ce545513784aca4,Kommissorialrätt_i_Bohus_län_ang__trolldomsväsendet__1670-1671_,R0001213,00046,dataset-rgb/Kommissorialrätt_i_Bohus_län_ang__trolldomsväsendet__1670-1671_/Kommissorialrätt_i_Bohus_län_ang__trolldomsväsendet__1670-1671__R0001213_00046.png,page_image_b8c604ef61b9aa5e890c777ab0311b861e5832bec145e890f3b12fb496d2d66b,28324679,readable,PNG,5085,3901,1.3035,19836585,RGB,3,8,1.4279,False,False,,unique,,included,,Structurally difficult,"aspect ratio 1.3035 >= 1.15: double-page spread (two facing text blocks, central gutter, two independent reading orders); 1.4279 encoded bytes/pixel > 1.42: unusually high-entropy lossless raster (heavy grain, show-through or bleed-through)",,True,False,True,False,,False
dataset_f7dfd857275e7c253a5aba4730f93428121e5156bd4281c4101fd79514b0d8d9,dataset_version_a51bddcb369babc7d5f603d6c6a465de9505061bc876c2d3fdecdc2bcf5eee6e,page_f7d3d30d5932350941fd4af09f28df2e7ad8ac78a7c6b33e288483dde2cdcdd8,document_dd87fdea457d9b42e525a316458b4ef449b18981177950b16ce545513784aca4,Kommissorialrätt_i_Bohus_län_ang__trolldomsväsendet__1670-1671_,R0001213,00047,dataset-rgb/Kommissorialrätt_i_Bohus_län_ang__trolldomsväsendet__1670-1671_/Kommissorialrätt_i_Bohus_län_ang__trolldomsväsendet__1670-1671__R0001213_00047.png,page_image_c015bea9f9b515ef5cb8b05cb6116237f7405bd471ebc616aa123413837bd8b1,26868444,readable,PNG,5087,3905,1.3027,19864735,RGB,3,8,1.3526,False,False,,unique,,included,,Structurally difficult,"aspect ratio 1.3027 >= 1.15: double-page spread (two facing text blocks, central gutter, two independent reading orders)",,True,False,False,False,,False
dataset_f7dfd857275e7c253a5aba4730f93428121e5156bd4281c4101fd79514b0d8d9,dataset_version_a51bddcb369babc7d5f603d6c6a465de9505061bc876c2d3fdecdc2bcf5eee6e,page_6af7d989a84b18699f8ab09e7e7dbaee4827ddf814d64578a1b6eddecb23cd5b,document_dd87fdea457d9b42e525a316458b4ef449b18981177950b16ce545513784aca4,Kommissorialrätt_i_Bohus_län_ang__trolldomsväsendet__1670-1671_,R0001213,00048,dataset-rgb/Kommissorialrätt_i_Bohus_län_ang__trolldomsväsendet__1670-1671_/Kommissorialrätt_i_Bohus_län_ang__trolldomsväsendet__1670-1671__R0001213_00048.png,page_image_7bbe49d50a7133143181bf47a07589347d5ce59efda7a523a3827d7d2693f968,26783823,readable,PNG,5072,3900,1.3005,19780800,RGB,3,8,1.354,False,False,,unique,,included,,Structurally difficult,"aspect ratio 1.3005 >= 1.15: double-page spread (two facing text blocks, central gutter, two independent reading orders)",,True,False,False,False,,False
dataset_f7dfd857275e7c253a5aba4730f93428121e5156bd4281c4101fd79514b0d8d9,dataset_version_a51bddcb369babc7d5f603d6c6a465de9505061bc876c2d3fdecdc2bcf5eee6e,page_676e8acc3d0cb0838937783c2f8fc820c8b3a8ed559d9c97bb58e67c06c990ed,document_dd87fdea457d9b42e525a316458b4ef449b18981177950b16ce545513784aca4,Kommissorialrätt_i_Bohus_län_ang__trolldomsväsendet__1670-1671_,R0001213,00049,dataset-rgb/Kommissorialrätt_i_Bohus_län_ang__trolldomsväsendet__1670-1671_/Kommissorialrätt_i_Bohus_län_ang__trolldomsväsendet__1670-1671__R0001213_00049.png,page_image_ceffdcc1a456fcdc175c684580b36b2fde71e76c31bb11aa522df1e028fe0385,28281249,readable,PNG,5070,3898,1.3007,19762860,RGB,3,8,1.431,False,False,,unique,,included,,Structurally difficult,"aspect ratio 1.3007 >= 1.15: double-page spread (two facing text blocks, central gutter, two independent reading orders); 1.431 encoded bytes/pixel > 1.42: unusually high-entropy lossless raster (heavy grain, show-through or bleed-through)",,True,False,True,False,,False
dataset_f7dfd857275e7c253a5aba4730f93428121e5156bd4281c4101fd79514b0d8d9,dataset_version_a51bddcb369babc7d5f603d6c6a465de9505061bc876c2d3fdecdc2bcf5eee6e,page_57692728c483664f9726326ec1da391a555925b71dc43174641a57ad56e0e7c7,document_dd87fdea457d9b42e525a316458b4ef449b18981177950b16ce545513784aca4,Kommissorialrätt_i_Bohus_län_ang__trolldomsväsendet__1670-1671_,R0001213,00050,dataset-rgb/Kommissorialrätt_i_Bohus_län_ang__trolldomsväsendet__1670-1671_/Kommissorialrätt_i_Bohus_län_ang__trolldomsväsendet__1670-1671__R0001213_00050.png,page_image_9ef7b1ce0f585c361ac6213e6c435e12158dea552a4d4afcd4aadec8c2d89de3,27697588,readable,PNG,4941,3920,1.2605,19368720,RGB,3,8,1.43,False,False,,unique,,included,,Structurally difficult,"aspect ratio 1.2605 >= 1.15: double-page spread (two facing text blocks, central gutter, two independent reading orders); 1.43 encoded bytes/pixel > 1.42: unusually high-entropy lossless raster (heavy grain, show-through or bleed-through)",,True,False,True,False,,False
dataset_f7dfd857275e7c253a5aba4730f93428121e5156bd4281c4101fd79514b0d8d9,dataset_version_a51bddcb369babc7d5f603d6c6a465de9505061bc876c2d3fdecdc2bcf5eee6e,page_6127ed39945c2c890a167724d1058426c9aec4c30d0ade83c885ee7acdaceed2,document_dd87fdea457d9b42e525a316458b4ef449b18981177950b16ce545513784aca4,Kommissorialrätt_i_Bohus_län_ang__trolldomsväsendet__1670-1671_,R0001213,00051,dataset-rgb/Kommissorialrätt_i_Bohus_län_ang__trolldomsväsendet__1670-1671_/Kommissorialrätt_i_Bohus_län_ang__trolldomsväsendet__1670-1671__R0001213_00051.png,page_image_cb9f6737f7d208725d544c8c3f8136e5098c719aab99e361728cca832eb1a08d,25740104,readable,PNG,4943,3923,1.26,19391389,RGB,3,8,1.3274,False,False,,unique,,included,,Structurally difficult,"aspect ratio 1.26 >= 1.15: double-page spread (two facing text blocks, central gutter, two independent reading orders)",,True,False,False,False,,False
dataset_f7dfd857275e7c253a5aba4730f93428121e5156bd4281c4101fd79514b0d8d9,dataset_version_a51bddcb369babc7d5f603d6c6a465de9505061bc876c2d3fdecdc2bcf5eee6e,page_ea053b51c8ede7465aad091c4ab0d86ff14acea98bf6da53c39fa7e5ee892fcd,document_dd87fdea457d9b42e525a316458b4ef449b18981177950b16ce545513784aca4,Kommissorialrätt_i_Bohus_län_ang__trolldomsväsendet__1670-1671_,R0001213,00123,dataset-rgb/Kommissorialrätt_i_Bohus_län_ang__trolldomsväsendet__1670-1671_/Kommissorialrätt_i_Bohus_län_ang__trolldomsväsendet__1670-1671__R0001213_00123.png,page_image_be6277eb0c8490caa67b0610541f43c5af8ab79c0e29691faf9a3f45b6f98ad1,25813369,readable,PNG,5064,3892,1.3011,19709088,RGB,3,8,1.3097,False,False,,unique,,included,,Structurally difficult,"aspect ratio 1.3011 >= 1.15: double-page spread (two facing text blocks, central gutter, two independent reading orders)",,True,False,False,False,,False
dataset_f7dfd857275e7c253a5aba4730f93428121e5156bd4281c4101fd79514b0d8d9,dataset_version_a51bddcb369babc7d5f603d6c6a465de9505061bc876c2d3fdecdc2bcf5eee6e,page_fa205f269e883fc139dd6fc600a01818dfe5dd0caec8e9543a8a4d7c7e3f7f32,document_dd87fdea457d9b42e525a316458b4ef449b18981177950b16ce545513784aca4,Kommissorialrätt_i_Bohus_län_ang__trolldomsväsendet__1670-1671_,R0001213,00124,dataset-rgb/Kommissorialrätt_i_Bohus_län_ang__trolldomsväsendet__1670-1671_/Kommissorialrätt_i_Bohus_län_ang__trolldomsväsendet__1670-1671__R0001213_00124.png,page_image_721eec79e525d3d695a683aa3ce306535b3c07acf1fd5f63c021f16742171eed,26990676,readable,PNG,5069,3891,1.3027,19723479,RGB,3,8,1.3685,False,False,,unique,,included,,Structurally difficult,"aspect ratio 1.3027 >= 1.15: double-page spread (two facing text blocks, central gutter, two independent reading orders)",,True,False,False,False,,False
dataset_f7dfd857275e7c253a5aba4730f93428121e5156bd4281c4101fd79514b0d8d9,dataset_version_a51bddcb369babc7d5f603d6c6a465de9505061bc876c2d3fdecdc2bcf5eee6e,page_c8d0d44ce856d07e3400968a69c758fce2095c6ddd60c053111fb8dea0dfcb97,document_dd87fdea457d9b42e525a316458b4ef449b18981177950b16ce545513784aca4,Kommissorialrätt_i_Bohus_län_ang__trolldomsväsendet__1670-1671_,R0001213,00125,dataset-rgb/Kommissorialrätt_i_Bohus_län_ang__trolldomsväsendet__1670-1671_/Kommissorialrätt_i_Bohus_län_ang__trolldomsväsendet__1670-1671__R0001213_00125.png,page_image_3a100e65f63b67363ca17779a19e935bc4ae6271afca1fa87964210a96c9b105,27020357,readable,PNG,5076,3893,1.3039,19760868,RGB,3,8,1.3674,False,False,,unique,,included,,Structurally difficult,"aspect ratio 1.3039 >= 1.15: double-page spread (two facing text blocks, central gutter, two independent reading orders)",,True,False,False,False,,False
dataset_f7dfd857275e7c253a5aba4730f93428121e5156bd4281c4101fd79514b0d8d9,dataset_version_a51bddcb369babc7d5f603d6c6a465de9505061bc876c2d3fdecdc2bcf5eee6e,page_ce16feda106a81c006976e8819d58b8c0870548a1200f136b3b663e3b9b91af5,document_dd87fdea457d9b42e525a316458b4ef449b18981177950b16ce545513784aca4,Kommissorialrätt_i_Bohus_län_ang__trolldomsväsendet__1670-1671_,R0001213,00126,dataset-rgb/Kommissorialrätt_i_Bohus_län_ang__trolldomsväsendet__1670-1671_/Kommissorialrätt_i_Bohus_län_ang__trolldomsväsendet__1670-1671__R0001213_00126.png,page_image_3786e830b5e6816acaca14f54ac304e21fe819cfb446174c8e5294b70665da9f,26228008,readable,PNG,4984,3884,1.2832,19357856,RGB,3,8,1.3549,False,False,,unique,,included,,Structurally difficult,"aspect ratio 1.2832 >= 1.15: double-page spread (two facing text blocks, central gutter, two independent reading orders)",,True,False,False,False,,False
dataset_f7dfd857275e7c253a5aba4730f93428121e5156bd4281c4101fd79514b0d8d9,dataset_version_a51bddcb369babc7d5f603d6c6a465de9505061bc876c2d3fdecdc2bcf5eee6e,page_43295b2e0d96f39dfef9421e3007216742e3181f9c74f7a23aa8bc5d42ea3a44,document_dd87fdea457d9b42e525a316458b4ef449b18981177950b16ce545513784aca4,Kommissorialrätt_i_Bohus_län_ang__trolldomsväsendet__1670-1671_,R0001213,00127,dataset-rgb/Kommissorialrätt_i_Bohus_län_ang__trolldomsväsendet__1670-1671_/Kommissorialrätt_i_Bohus_län_ang__trolldomsväsendet__1670-1671__R0001213_00127.png,page_image_94c9d4dfd606cb50987f4b32bd2e763974b8b3ba9209dd17549e12ebba39a991,26275974,readable,PNG,4984,3884,1.2832,19357856,RGB,3,8,1.3574,False,False,,unique,,included,,Structurally difficult,"aspect ratio 1.2832 >= 1.15: double-page spread (two facing text blocks, central gutter, two independent reading orders)",,True,False,False,False,,False
dataset_f7dfd857275e7c253a5aba4730f93428121e5156bd4281c4101fd79514b0d8d9,dataset_version_a51bddcb369babc7d5f603d6c6a465de9505061bc876c2d3fdecdc2bcf5eee6e,page_2da3eb33a051be95ea4cb806b15d4978118ae614dbd4aa82096a25abfccfdb4e,document_dd87fdea457d9b42e525a316458b4ef449b18981177950b16ce545513784aca4,Kommissorialrätt_i_Bohus_län_ang__trolldomsväsendet__1670-1671_,R0001213,00128,dataset-rgb/Kommissorialrätt_i_Bohus_län_ang__trolldomsväsendet__1670-1671_/Kommissorialrätt_i_Bohus_län_ang__trolldomsväsendet__1670-1671__R0001213_00128.png,page_image_0e41abb2366154d98d23b979fba2fb326abbb2ad73013c8e6795306c80977945,26410163,readable,PNG,4995,3883,1.2864,19395585,RGB,3,8,1.3617,False,False,,unique,,included,,Structurally difficult,"aspect ratio 1.2864 >= 1.15: double-page spread (two facing text blocks, central gutter, two independent reading orders)",,True,False,False,False,,False
dataset_f7dfd857275e7c253a5aba4730f93428121e5156bd4281c4101fd79514b0d8d9,dataset_version_a51bddcb369babc7d5f603d6c6a465de9505061bc876c2d3fdecdc2bcf5eee6e,page_ed53a8f262085d72d096f04828a469555ad50e8a32740c2db080f0f52f17ee25,document_dd87fdea457d9b42e525a316458b4ef449b18981177950b16ce545513784aca4,Kommissorialrätt_i_Bohus_län_ang__trolldomsväsendet__1670-1671_,R0001213,00129,dataset-rgb/Kommissorialrätt_i_Bohus_län_ang__trolldomsväsendet__1670-1671_/Kommissorialrätt_i_Bohus_län_ang__trolldomsväsendet__1670-1671__R0001213_00129.png,page_image_e17a7694051f926dc8f3d2c2ab0ae429b9766f7cd863a7af9edaa8162ba4e7f7,26358011,readable,PNG,5012,3864,1.2971,19366368,RGB,3,8,1.361,False,False,,unique,,included,,Structurally difficult,"aspect ratio 1.2971 >= 1.15: double-page spread (two facing text blocks, central gutter, two independent reading orders)",,True,False,False,False,,False
dataset_f7dfd857275e7c253a5aba4730f93428121e5156bd4281c4101fd79514b0d8d9,dataset_version_a51bddcb369babc7d5f603d6c6a465de9505061bc876c2d3fdecdc2bcf5eee6e,page_738075a4585f005c8ccc1999dfe18604185ddeca93e32e9f2995fa8f0361851f,document_dd87fdea457d9b42e525a316458b4ef449b18981177950b16ce545513784aca4,Kommissorialrätt_i_Bohus_län_ang__trolldomsväsendet__1670-1671_,R0001213,00130,dataset-rgb/Kommissorialrätt_i_Bohus_län_ang__trolldomsväsendet__1670-1671_/Kommissorialrätt_i_Bohus_län_ang__trolldomsväsendet__1670-1671__R0001213_00130.png,page_image_67880ff289cc5216c0022a94b2b39d95073ae1256e30848b07ea6d9d90c435b0,26461053,readable,PNG,5024,3865,1.2999,19417760,RGB,3,8,1.3627,False,False,,unique,,included,,Structurally difficult,"aspect ratio 1.2999 >= 1.15: double-page spread (two facing text blocks, central gutter, two independent reading orders)",,True,False,False,False,,False
dataset_f7dfd857275e7c253a5aba4730f93428121e5156bd4281c4101fd79514b0d8d9,dataset_version_a51bddcb369babc7d5f603d6c6a465de9505061bc876c2d3fdecdc2bcf5eee6e,page_53005b29e2e8b90724fb1cec4f8ac43a7f8d0d1930b4772a6ed3ee0acf9f6c84,document_dd87fdea457d9b42e525a316458b4ef449b18981177950b16ce545513784aca4,Kommissorialrätt_i_Bohus_län_ang__trolldomsväsendet__1670-1671_,R0001213,00131,dataset-rgb/Kommissorialrätt_i_Bohus_län_ang__trolldomsväsendet__1670-1671_/Kommissorialrätt_i_Bohus_län_ang__trolldomsväsendet__1670-1671__R0001213_00131.png,page_image_bad81efb1b3f9701abfed773f0ee89323ac794455c5299a80160f9b8673ce6d2,26344819,readable,PNG,5040,3866,1.3037,19484640,RGB,3,8,1.3521,False,False,,unique,,included,,Structurally difficult,"aspect ratio 1.3037 >= 1.15: double-page spread (two facing text blocks, central gutter, two independent reading orders)",,True,False,False,False,,False
dataset_f7dfd857275e7c253a5aba4730f93428121e5156bd4281c4101fd79514b0d8d9,dataset_version_a51bddcb369babc7d5f603d6c6a465de9505061bc876c2d3fdecdc2bcf5eee6e,page_e2fc40dc0252bfa8c54a2e16b947d7ed7c04278d0f0114dcc4de765674a6ea76,document_dd87fdea457d9b42e525a316458b4ef449b18981177950b16ce545513784aca4,Kommissorialrätt_i_Bohus_län_ang__trolldomsväsendet__1670-1671_,R0001213,00132,dataset-rgb/Kommissorialrätt_i_Bohus_län_ang__trolldomsväsendet__1670-1671_/Kommissorialrätt_i_Bohus_län_ang__trolldomsväsendet__1670-1671__R0001213_00132.png,page_image_6862b514ecbc8932ac0db85a13af7724c438f4fe68c11d85c6e2d65736e38f19,24788296,readable,PNG,5044,3882,1.2993,19580808,RGB,3,8,1.2659,False,False,,unique,,included,,Structurally difficult,"aspect ratio 1.2993 >= 1.15: double-page spread (two facing text blocks, central gutter, two independent reading orders)",,True,False,False,False,,False
dataset_f7dfd857275e7c253a5aba4730f93428121e5156bd4281c4101fd79514b0d8d9,dataset_version_a51bddcb369babc7d5f603d6c6a465de9505061bc876c2d3fdecdc2bcf5eee6e,page_415638bcc3d84f85ca5561be1c2bebab4bef760f9c70ff3aabfa27d06245563e,document_dd87fdea457d9b42e525a316458b4ef449b18981177950b16ce545513784aca4,Kommissorialrätt_i_Bohus_län_ang__trolldomsväsendet__1670-1671_,R0001213,00133,dataset-rgb/Kommissorialrätt_i_Bohus_län_ang__trolldomsväsendet__1670-1671_/Kommissorialrätt_i_Bohus_län_ang__trolldomsväsendet__1670-1671__R0001213_00133.png,page_image_b077a4dcc20da211b2709ea2f23ff88940be8a3983c4df03893fb4c938c726bf,24233925,readable,PNG,5071,3906,1.2983,19807326,RGB,3,8,1.2235,False,False,,unique,,included,,Structurally difficult,"aspect ratio 1.2983 >= 1.15: double-page spread (two facing text blocks, central gutter, two independent reading orders)",,True,False,False,False,,False
dataset_f7dfd857275e7c253a5aba4730f93428121e5156bd4281c4101fd79514b0d8d9,dataset_version_a51bddcb369babc7d5f603d6c6a465de9505061bc876c2d3fdecdc2bcf5eee6e,page_8ca04209bbca4e41ca7f474bd43b755f6d386019343b7df175198ca8b82d1b1c,document_dd87fdea457d9b42e525a316458b4ef449b18981177950b16ce545513784aca4,Kommissorialrätt_i_Bohus_län_ang__trolldomsväsendet__1670-1671_,R0001213,00134,dataset-rgb/Kommissorialrätt_i_Bohus_län_ang__trolldomsväsendet__1670-1671_/Kommissorialrätt_i_Bohus_län_ang__trolldomsväsendet__1670-1671__R0001213_00134.png,page_image_7064b47d7694f319d47cd4af50596145611326871d140a3c6df0efa8b02fd0cc,25785179,readable,PNG,5109,3906,1.308,19955754,RGB,3,8,1.2921,False,False,,unique,,included,,Structurally difficult,"aspect ratio 1.308 >= 1.15: double-page spread (two facing text blocks, central gutter, two independent reading orders)",,True,False,False,False,,False
dataset_f7dfd857275e7c253a5aba4730f93428121e5156bd4281c4101fd79514b0d8d9,dataset_version_a51bddcb369babc7d5f603d6c6a465de9505061bc876c2d3fdecdc2bcf5eee6e,page_14191706300db07255f40cdebc82c1461abfe5b264022f35b3223a03f12c93d0,document_dd87fdea457d9b42e525a316458b4ef449b18981177950b16ce545513784aca4,Kommissorialrätt_i_Bohus_län_ang__trolldomsväsendet__1670-1671_,R0001213,00135,dataset-rgb/Kommissorialrätt_i_Bohus_län_ang__trolldomsväsendet__1670-1671_/Kommissorialrätt_i_Bohus_län_ang__trolldomsväsendet__1670-1671__R0001213_00135.png,page_image_d0492313e507c7bff8a0576f4190585cfbf82073a1ad30aae17a8ce8c407106f,25464251,readable,PNG,5116,3897,1.3128,19937052,RGB,3,8,1.2772,False,False,,unique,,included,,Structurally difficult,"aspect ratio 1.3128 >= 1.15: double-page spread (two facing text blocks, central gutter, two independent reading orders)",,True,False,False,False,,False
dataset_f7dfd857275e7c253a5aba4730f93428121e5156bd4281c4101fd79514b0d8d9,dataset_version_a51bddcb369babc7d5f603d6c6a465de9505061bc876c2d3fdecdc2bcf5eee6e,page_57cde9f96c8f777668c9d56be1f5f62a414609ac6b02c8a32b62483f203bbbaf,document_dd87fdea457d9b42e525a316458b4ef449b18981177950b16ce545513784aca4,Kommissorialrätt_i_Bohus_län_ang__trolldomsväsendet__1670-1671_,R0001213,00136,dataset-rgb/Kommissorialrätt_i_Bohus_län_ang__trolldomsväsendet__1670-1671_/Kommissorialrätt_i_Bohus_län_ang__trolldomsväsendet__1670-1671__R0001213_00136.png,page_image_65a85942652a0dbf487eda03b144ada8c1530dbffd738acdd4433e8b361888c1,25696240,readable,PNG,5045,3918,1.2876,19766310,RGB,3,8,1.3,False,False,,unique,,included,,Structurally difficult,"aspect ratio 1.2876 >= 1.15: double-page spread (two facing text blocks, central gutter, two independent reading orders)",,True,False,False,False,,False
dataset_f7dfd857275e7c253a5aba4730f93428121e5156bd4281c4101fd79514b0d8d9,dataset_version_a51bddcb369babc7d5f603d6c6a465de9505061bc876c2d3fdecdc2bcf5eee6e,page_9f80f5206a2bfc52ed2cc23102ed564641b7010a1164bc0f50679ddbf8524f6c,document_dd87fdea457d9b42e525a316458b4ef449b18981177950b16ce545513784aca4,Kommissorialrätt_i_Bohus_län_ang__trolldomsväsendet__1670-1671_,R0001213,00137,dataset-rgb/Kommissorialrätt_i_Bohus_län_ang__trolldomsväsendet__1670-1671_/Kommissorialrätt_i_Bohus_län_ang__trolldomsväsendet__1670-1671__R0001213_00137.png,page_image_13abdbb53070e1a1145c0a58e840a37a6d52c0b0294e9f02451c497b30796c4c,26359253,readable,PNG,5035,3877,1.2987,19520695,RGB,3,8,1.3503,False,False,,unique,,included,,Structurally difficult,"aspect ratio 1.2987 >= 1.15: double-page spread (two facing text blocks, central gutter, two independent reading orders)",,True,False,False,False,,False
dataset_f7dfd857275e7c253a5aba4730f93428121e5156bd4281c4101fd79514b0d8d9,dataset_version_a51bddcb369babc7d5f603d6c6a465de9505061bc876c2d3fdecdc2bcf5eee6e,page_55991cd660b1bba9397da4ad9c36311b4e2bf4c173f0f1d152a80bf3c0c32ea8,document_dd87fdea457d9b42e525a316458b4ef449b18981177950b16ce545513784aca4,Kommissorialrätt_i_Bohus_län_ang__trolldomsväsendet__1670-1671_,R0001213,00138,dataset-rgb/Kommissorialrätt_i_Bohus_län_ang__trolldomsväsendet__1670-1671_/Kommissorialrätt_i_Bohus_län_ang__trolldomsväsendet__1670-1671__R0001213_00138.png,page_image_aba1a9260f09b6c9ee32ba2443b60e0e1a6b18ab0e53c6c8d323f912ceb063a8,26016340,readable,PNG,5031,3871,1.2997,19475001,RGB,3,8,1.3359,False,False,,unique,,included,,Structurally difficult,"aspect ratio 1.2997 >= 1.15: double-page spread (two facing text blocks, central gutter, two independent reading orders)",,True,False,False,False,,False
dataset_f7dfd857275e7c253a5aba4730f93428121e5156bd4281c4101fd79514b0d8d9,dataset_version_a51bddcb369babc7d5f603d6c6a465de9505061bc876c2d3fdecdc2bcf5eee6e,page_db34fbc6a5b4338000cb5974bb1db6bfea0c6462ec4c4052809f6728c0eb92a9,document_dd87fdea457d9b42e525a316458b4ef449b18981177950b16ce545513784aca4,Kommissorialrätt_i_Bohus_län_ang__trolldomsväsendet__1670-1671_,R0001213,00139,dataset-rgb/Kommissorialrätt_i_Bohus_län_ang__trolldomsväsendet__1670-1671_/Kommissorialrätt_i_Bohus_län_ang__trolldomsväsendet__1670-1671__R0001213_00139.png,page_image_8437a8d24dacdfde97dbcb85f8c81a1fdbf96fb8df591d9b360aafdff3c250af,25241496,readable,PNG,5034,3871,1.3004,19486614,RGB,3,8,1.2953,False,False,,unique,,included,,Structurally difficult,"aspect ratio 1.3004 >= 1.15: double-page spread (two facing text blocks, central gutter, two independent reading orders)",,True,False,False,False,,False
dataset_f7dfd857275e7c253a5aba4730f93428121e5156bd4281c4101fd79514b0d8d9,dataset_version_a51bddcb369babc7d5f603d6c6a465de9505061bc876c2d3fdecdc2bcf5eee6e,page_6c8bac35687f4c688df48fd670aa59d3d3d560e38a57298370f395a8f4282506,document_dd87fdea457d9b42e525a316458b4ef449b18981177950b16ce545513784aca4,Kommissorialrätt_i_Bohus_län_ang__trolldomsväsendet__1670-1671_,R0001213,00140,dataset-rgb/Kommissorialrätt_i_Bohus_län_ang__trolldomsväsendet__1670-1671_/Kommissorialrätt_i_Bohus_län_ang__trolldomsväsendet__1670-1671__R0001213_00140.png,page_image_f1224c928f6b140c14aa9642e6d775bcea3f7feacb29641b2cc74e1794975b0e,25950588,readable,PNG,5033,3871,1.3002,19482743,RGB,3,8,1.332,False,False,,unique,,included,,Structurally difficult,"aspect ratio 1.3002 >= 1.15: double-page spread (two facing text blocks, central gutter, two independent reading orders)",,True,False,False,False,,False
dataset_f7dfd857275e7c253a5aba4730f93428121e5156bd4281c4101fd79514b0d8d9,dataset_version_a51bddcb369babc7d5f603d6c6a465de9505061bc876c2d3fdecdc2bcf5eee6e,page_80d7f1bb57edc9125a91adf6d9e2a1764e746220791c81eff1b57ee10333bba3,document_dd87fdea457d9b42e525a316458b4ef449b18981177950b16ce545513784aca4,Kommissorialrätt_i_Bohus_län_ang__trolldomsväsendet__1670-1671_,R0001213,00142,dataset-rgb/Kommissorialrätt_i_Bohus_län_ang__trolldomsväsendet__1670-1671_/Kommissorialrätt_i_Bohus_län_ang__trolldomsväsendet__1670-1671__R0001213_00142.png,page_image_9f9ba83b2d45d644bbb1b5d38a92bef0d91ace911f84c021f56d6603cde41060,23159526,readable,PNG,4989,3853,1.2948,19222617,RGB,3,8,1.2048,False,False,,unique,,included,,Structurally difficult,"aspect ratio 1.2948 >= 1.15: double-page spread (two facing text blocks, central gutter, two independent reading orders)",,True,False,False,False,,False
dataset_f7dfd857275e7c253a5aba4730f93428121e5156bd4281c4101fd79514b0d8d9,dataset_version_a51bddcb369babc7d5f603d6c6a465de9505061bc876c2d3fdecdc2bcf5eee6e,page_415875586b260b47530a7cc4d664914eaac1c3662a38b9cdfdde0cc4d810ece8,document_75644f8203e081144b9c10529c54bf207469d01060d806b90b496533c01310e2,Kommissorialrätt_i_Stockholm_ang__trolldomsväsendet__nr_1__1676-1677_,R0001203,00010,dataset-rgb/Kommissorialrätt_i_Stockholm_ang__trolldomsväsendet__nr_1__1676-1677_/Kommissorialrätt_i_Stockholm_ang__trolldomsväsendet__nr_1__1676-1677__R0001203_00010.png,page_image_614fe9f308f6cf1e4549b560d425752fed00bda95d1acac0d9fc5f1102d3a208,23877808,readable,PNG,4787,3684,1.2994,17635308,RGB,3,8,1.354,False,False,,unique,,included,,Structurally difficult,"aspect ratio 1.2994 >= 1.15: double-page spread (two facing text blocks, central gutter, two independent reading orders)",,True,False,False,False,,False
dataset_f7dfd857275e7c253a5aba4730f93428121e5156bd4281c4101fd79514b0d8d9,dataset_version_a51bddcb369babc7d5f603d6c6a465de9505061bc876c2d3fdecdc2bcf5eee6e,page_e3b625cc7e9ade0afb484a7a247f62cda52a6bc9140b31844793e223fbb36190,document_75644f8203e081144b9c10529c54bf207469d01060d806b90b496533c01310e2,Kommissorialrätt_i_Stockholm_ang__trolldomsväsendet__nr_1__1676-1677_,R0001203,00011,dataset-rgb/Kommissorialrätt_i_Stockholm_ang__trolldomsväsendet__nr_1__1676-1677_/Kommissorialrätt_i_Stockholm_ang__trolldomsväsendet__nr_1__1676-1677__R0001203_00011.png,page_image_5035ad421d9e1d3b2a789d4ce96070379f1923f24e6f25c49833cebef2efff5f,23798514,readable,PNG,4787,3678,1.3015,17606586,RGB,3,8,1.3517,False,False,,unique,,included,,Structurally difficult,"aspect ratio 1.3015 >= 1.15: double-page spread (two facing text blocks, central gutter, two independent reading orders)",,True,False,False,False,,False
dataset_f7dfd857275e7c253a5aba4730f93428121e5156bd4281c4101fd79514b0d8d9,dataset_version_a51bddcb369babc7d5f603d6c6a465de9505061bc876c2d3fdecdc2bcf5eee6e,page_1796079653e1ac68ffacc0c2d5ce453304771b887af71038f2316d4b256782de,document_75644f8203e081144b9c10529c54bf207469d01060d806b90b496533c01310e2,Kommissorialrätt_i_Stockholm_ang__trolldomsväsendet__nr_1__1676-1677_,R0001203,00012,dataset-rgb/Kommissorialrätt_i_Stockholm_ang__trolldomsväsendet__nr_1__1676-1677_/Kommissorialrätt_i_Stockholm_ang__trolldomsväsendet__nr_1__1676-1677__R0001203_00012.png,page_image_0df981b7b59f245cab35b14ebc675552f2444dea4a6e324e677b56cce3bb82b4,23567483,readable,PNG,4777,3658,1.3059,17474266,RGB,3,8,1.3487,False,False,,unique,,included,,Structurally difficult,"aspect ratio 1.3059 >= 1.15: double-page spread (two facing text blocks, central gutter, two independent reading orders)",,True,False,False,False,,False
dataset_f7dfd857275e7c253a5aba4730f93428121e5156bd4281c4101fd79514b0d8d9,dataset_version_a51bddcb369babc7d5f603d6c6a465de9505061bc876c2d3fdecdc2bcf5eee6e,page_0cc19c952f3bf638e968eb3680302d4b3a81708d42291dbeb6ca03bf9c45aa2c,document_75644f8203e081144b9c10529c54bf207469d01060d806b90b496533c01310e2,Kommissorialrätt_i_Stockholm_ang__trolldomsväsendet__nr_1__1676-1677_,R0001203,00013,dataset-rgb/Kommissorialrätt_i_Stockholm_ang__trolldomsväsendet__nr_1__1676-1677_/Kommissorialrätt_i_Stockholm_ang__trolldomsväsendet__nr_1__1676-1677__R0001203_00013.png,page_image_cf6eff34702b6f77873fd30676af54acaa1bd7be3ffda5b33ae34ad32a410084,23782397,readable,PNG,4780,3665,1.3042,17518700,RGB,3,8,1.3575,False,False,,unique,,included,,Structurally difficult,"aspect ratio 1.3042 >= 1.15: double-page spread (two facing text blocks, central gutter, two independent reading orders)",,True,False,False,False,,False
dataset_f7dfd857275e7c253a5aba4730f93428121e5156bd4281c4101fd79514b0d8d9,dataset_version_a51bddcb369babc7d5f603d6c6a465de9505061bc876c2d3fdecdc2bcf5eee6e,page_47fc3aa750d1d06cfecd33626f6145ba79667287321eed42652b6d0202a43993,document_75644f8203e081144b9c10529c54bf207469d01060d806b90b496533c01310e2,Kommissorialrätt_i_Stockholm_ang__trolldomsväsendet__nr_1__1676-1677_,R0001203,00014,dataset-rgb/Kommissorialrätt_i_Stockholm_ang__trolldomsväsendet__nr_1__1676-1677_/Kommissorialrätt_i_Stockholm_ang__trolldomsväsendet__nr_1__1676-1677__R0001203_00014.png,page_image_f3995ba545aede74e840bb31feee28682ec23fd609a6bc28440478edff989d85,23377261,readable,PNG,4784,3722,1.2853,17806048,RGB,3,8,1.3129,False,False,,unique,,included,,Structurally difficult,"aspect ratio 1.2853 >= 1.15: double-page spread (two facing text blocks, central gutter, two independent reading orders)",,True,False,False,False,,False
dataset_f7dfd857275e7c253a5aba4730f93428121e5156bd4281c4101fd79514b0d8d9,dataset_version_a51bddcb369babc7d5f603d6c6a465de9505061bc876c2d3fdecdc2bcf5eee6e,page_114b85c15f2805819ef618bbd77accb2489b817f79894172857bb0f9b64c1a6e,document_75644f8203e081144b9c10529c54bf207469d01060d806b90b496533c01310e2,Kommissorialrätt_i_Stockholm_ang__trolldomsväsendet__nr_1__1676-1677_,R0001203,00015,dataset-rgb/Kommissorialrätt_i_Stockholm_ang__trolldomsväsendet__nr_1__1676-1677_/Kommissorialrätt_i_Stockholm_ang__trolldomsväsendet__nr_1__1676-1677__R0001203_00015.png,page_image_858eb857e16dee79b97ee3b9edc6c57567a42ef1146ac756aaafe6bdae03f5bc,23622106,readable,PNG,4788,3724,1.2857,17830512,RGB,3,8,1.3248,False,False,,unique,,included,,Structurally difficult,"aspect ratio 1.2857 >= 1.15: double-page spread (two facing text blocks, central gutter, two independent reading orders)",,True,False,False,False,,False
dataset_f7dfd857275e7c253a5aba4730f93428121e5156bd4281c4101fd79514b0d8d9,dataset_version_a51bddcb369babc7d5f603d6c6a465de9505061bc876c2d3fdecdc2bcf5eee6e,page_5b141959a14860407636c49d665ec1c24a8944d2de2aa7f71086998ef6bd4e77,document_75644f8203e081144b9c10529c54bf207469d01060d806b90b496533c01310e2,Kommissorialrätt_i_Stockholm_ang__trolldomsväsendet__nr_1__1676-1677_,R0001203,00034,dataset-rgb/Kommissorialrätt_i_Stockholm_ang__trolldomsväsendet__nr_1__1676-1677_/Kommissorialrätt_i_Stockholm_ang__trolldomsväsendet__nr_1__1676-1677__R0001203_00034.png,page_image_fafd0f39360554cfa8c244f55d4890ee8c45645c48363678c93b49d1218bcc08,23752613,readable,PNG,4758,3667,1.2975,17447586,RGB,3,8,1.3614,False,False,,unique,,included,,Structurally difficult,"aspect ratio 1.2975 >= 1.15: double-page spread (two facing text blocks, central gutter, two independent reading orders)",,True,False,False,False,,False
dataset_f7dfd857275e7c253a5aba4730f93428121e5156bd4281c4101fd79514b0d8d9,dataset_version_a51bddcb369babc7d5f603d6c6a465de9505061bc876c2d3fdecdc2bcf5eee6e,page_2dc90e5d6ee73d788c257833e1bbb44a3fefaec721c923fce7833b5354f75f95,document_75644f8203e081144b9c10529c54bf207469d01060d806b90b496533c01310e2,Kommissorialrätt_i_Stockholm_ang__trolldomsväsendet__nr_1__1676-1677_,R0001203,00035,dataset-rgb/Kommissorialrätt_i_Stockholm_ang__trolldomsväsendet__nr_1__1676-1677_/Kommissorialrätt_i_Stockholm_ang__trolldomsväsendet__nr_1__1676-1677__R0001203_00035.png,page_image_ad19ebede74f3c294dec322828d4b6602065ddfaafcbd01214de59802d9991ff,23508484,readable,PNG,4759,3668,1.2974,17456012,RGB,3,8,1.3467,False,False,,unique,,included,,Structurally difficult,"aspect ratio 1.2974 >= 1.15: double-page spread (two facing text blocks, central gutter, two independent reading orders)",,True,False,False,False,,False
dataset_f7dfd857275e7c253a5aba4730f93428121e5156bd4281c4101fd79514b0d8d9,dataset_version_a51bddcb369babc7d5f603d6c6a465de9505061bc876c2d3fdecdc2bcf5eee6e,page_75edcac5bb0f17aed7043568a6257db9ed33b260291ffe08b4d4eebdfbfea91b,document_75644f8203e081144b9c10529c54bf207469d01060d806b90b496533c01310e2,Kommissorialrätt_i_Stockholm_ang__trolldomsväsendet__nr_1__1676-1677_,R0001203,00036,dataset-rgb/Kommissorialrätt_i_Stockholm_ang__trolldomsväsendet__nr_1__1676-1677_/Kommissorialrätt_i_Stockholm_ang__trolldomsväsendet__nr_1__1676-1677__R0001203_00036.png,page_image_4eb5cac904368cc91ff28b3f086a122d404b72ff4c19cb4869df67fec322f0bb,23600746,readable,PNG,4763,3667,1.2989,17465921,RGB,3,8,1.3512,False,False,,unique,,included,,Structurally difficult,"aspect ratio 1.2989 >= 1.15: double-page spread (two facing text blocks, central gutter, two independent reading orders)",,True,False,False,False,,False
dataset_f7dfd857275e7c253a5aba4730f93428121e5156bd4281c4101fd79514b0d8d9,dataset_version_a51bddcb369babc7d5f603d6c6a465de9505061bc876c2d3fdecdc2bcf5eee6e,page_ab47629784bca3bedda88110b5e0e023bbcebbdd8da8c28cdec53d780650e370,document_75644f8203e081144b9c10529c54bf207469d01060d806b90b496533c01310e2,Kommissorialrätt_i_Stockholm_ang__trolldomsväsendet__nr_1__1676-1677_,R0001203,00037,dataset-rgb/Kommissorialrätt_i_Stockholm_ang__trolldomsväsendet__nr_1__1676-1677_/Kommissorialrätt_i_Stockholm_ang__trolldomsväsendet__nr_1__1676-1677__R0001203_00037.png,page_image_57a9d1b2f145bcb2b35684fc8fed2e10a589802ed45c326fccb6ba383bfff110,23918020,readable,PNG,4767,3667,1.3,17480589,RGB,3,8,1.3683,False,False,,unique,,included,,Structurally difficult,"aspect ratio 1.3 >= 1.15: double-page spread (two facing text blocks, central gutter, two independent reading orders)",,True,False,False,False,,False
dataset_f7dfd857275e7c253a5aba4730f93428121e5156bd4281c4101fd79514b0d8d9,dataset_version_a51bddcb369babc7d5f603d6c6a465de9505061bc876c2d3fdecdc2bcf5eee6e,page_35e06e182ce080c264db4b53df39e5e3047fdb1fdf1f9f85c666d13335227620,document_75644f8203e081144b9c10529c54bf207469d01060d806b90b496533c01310e2,Kommissorialrätt_i_Stockholm_ang__trolldomsväsendet__nr_1__1676-1677_,R0001203,00057,dataset-rgb/Kommissorialrätt_i_Stockholm_ang__trolldomsväsendet__nr_1__1676-1677_/Kommissorialrätt_i_Stockholm_ang__trolldomsväsendet__nr_1__1676-1677__R0001203_00057.png,page_image_382a40bd0c8cd27ffe65e21729132664e25824fb2e8cb34035a55adde431c5a3,23099263,readable,PNG,4707,3674,1.2812,17293518,RGB,3,8,1.3357,False,False,,unique,,included,,Structurally difficult,"aspect ratio 1.2812 >= 1.15: double-page spread (two facing text blocks, central gutter, two independent reading orders)",,True,False,False,False,,False
dataset_f7dfd857275e7c253a5aba4730f93428121e5156bd4281c4101fd79514b0d8d9,dataset_version_a51bddcb369babc7d5f603d6c6a465de9505061bc876c2d3fdecdc2bcf5eee6e,page_666e08b859a39d6fe104bfecf891370a3215ade12e842762bb36e3bcf8ab64e0,document_75644f8203e081144b9c10529c54bf207469d01060d806b90b496533c01310e2,Kommissorialrätt_i_Stockholm_ang__trolldomsväsendet__nr_1__1676-1677_,R0001203,00070,dataset-rgb/Kommissorialrätt_i_Stockholm_ang__trolldomsväsendet__nr_1__1676-1677_/Kommissorialrätt_i_Stockholm_ang__trolldomsväsendet__nr_1__1676-1677__R0001203_00070.png,page_image_c4dde14a27c68d02807938c1494368cd2d6f62bff1bb2e91d2037a130e439d05,23584395,readable,PNG,4746,3680,1.2897,17465280,RGB,3,8,1.3504,False,False,,unique,,included,,Structurally difficult,"aspect ratio 1.2897 >= 1.15: double-page spread (two facing text blocks, central gutter, two independent reading orders)",,True,False,False,False,,False
dataset_f7dfd857275e7c253a5aba4730f93428121e5156bd4281c4101fd79514b0d8d9,dataset_version_a51bddcb369babc7d5f603d6c6a465de9505061bc876c2d3fdecdc2bcf5eee6e,page_518fd3b2bed633f9327a1363db6b721945b5022e690953b5460b899e981eea14,document_75644f8203e081144b9c10529c54bf207469d01060d806b90b496533c01310e2,Kommissorialrätt_i_Stockholm_ang__trolldomsväsendet__nr_1__1676-1677_,R0001203,00071,dataset-rgb/Kommissorialrätt_i_Stockholm_ang__trolldomsväsendet__nr_1__1676-1677_/Kommissorialrätt_i_Stockholm_ang__trolldomsväsendet__nr_1__1676-1677__R0001203_00071.png,page_image_0ef7ef6d923f6eb6a8b99ea8dce51086a3d6813a52294793231a8c0dcab7306d,23403138,readable,PNG,4748,3680,1.2902,17472640,RGB,3,8,1.3394,False,False,,unique,,included,,Structurally difficult,"aspect ratio 1.2902 >= 1.15: double-page spread (two facing text blocks, central gutter, two independent reading orders)",,True,False,False,False,,False
dataset_f7dfd857275e7c253a5aba4730f93428121e5156bd4281c4101fd79514b0d8d9,dataset_version_a51bddcb369babc7d5f603d6c6a465de9505061bc876c2d3fdecdc2bcf5eee6e,page_42b607a43ea455ce50449c1b8882e35002cdfe9bf149d002c73cacbe788eb7a4,document_75644f8203e081144b9c10529c54bf207469d01060d806b90b496533c01310e2,Kommissorialrätt_i_Stockholm_ang__trolldomsväsendet__nr_1__1676-1677_,R0001203,00072,dataset-rgb/Kommissorialrätt_i_Stockholm_ang__trolldomsväsendet__nr_1__1676-1677_/Kommissorialrätt_i_Stockholm_ang__trolldomsväsendet__nr_1__1676-1677__R0001203_00072.png,page_image_833e4a6a640a2cc10595c67aae431cbfa415b3f250c7e38a8843b1b6e3d137a1,23513817,readable,PNG,4738,3679,1.2878,17431102,RGB,3,8,1.349,False,False,,unique,,included,,Structurally difficult,"aspect ratio 1.2878 >= 1.15: double-page spread (two facing text blocks, central gutter, two independent reading orders)",,True,False,False,False,,False
dataset_f7dfd857275e7c253a5aba4730f93428121e5156bd4281c4101fd79514b0d8d9,dataset_version_a51bddcb369babc7d5f603d6c6a465de9505061bc876c2d3fdecdc2bcf5eee6e,page_aa76be4bb81881e4d9c76f19c4509ee25b495c0a78f748e244eb612e43eb1342,document_75644f8203e081144b9c10529c54bf207469d01060d806b90b496533c01310e2,Kommissorialrätt_i_Stockholm_ang__trolldomsväsendet__nr_1__1676-1677_,R0001203,00079,dataset-rgb/Kommissorialrätt_i_Stockholm_ang__trolldomsväsendet__nr_1__1676-1677_/Kommissorialrätt_i_Stockholm_ang__trolldomsväsendet__nr_1__1676-1677__R0001203_00079.png,page_image_db4789b8b739499ef9a8b38e6ed88ef907f147c98d61bcc7a9a9a8bdfd034879,23270307,readable,PNG,4701,3667,1.282,17238567,RGB,3,8,1.3499,False,False,,unique,,included,,Structurally difficult,"aspect ratio 1.282 >= 1.15: double-page spread (two facing text blocks, central gutter, two independent reading orders)",,True,False,False,False,,False
dataset_f7dfd857275e7c253a5aba4730f93428121e5156bd4281c4101fd79514b0d8d9,dataset_version_a51bddcb369babc7d5f603d6c6a465de9505061bc876c2d3fdecdc2bcf5eee6e,page_c4a76504bc93dd7d25cdb0831e869ca15de0c79de5c3fad3e307163041e2efe6,document_75644f8203e081144b9c10529c54bf207469d01060d806b90b496533c01310e2,Kommissorialrätt_i_Stockholm_ang__trolldomsväsendet__nr_1__1676-1677_,R0001203,00080,dataset-rgb/Kommissorialrätt_i_Stockholm_ang__trolldomsväsendet__nr_1__1676-1677_/Kommissorialrätt_i_Stockholm_ang__trolldomsväsendet__nr_1__1676-1677__R0001203_00080.png,page_image_4f7db470799a16f55d8a604cedb5e5bce624bdcde88a2cb06a1db00c1926cd38,23100824,readable,PNG,4687,3664,1.2792,17173168,RGB,3,8,1.3452,False,False,,unique,,included,,Structurally difficult,"aspect ratio 1.2792 >= 1.15: double-page spread (two facing text blocks, central gutter, two independent reading orders)",,True,False,False,False,,False
dataset_f7dfd857275e7c253a5aba4730f93428121e5156bd4281c4101fd79514b0d8d9,dataset_version_a51bddcb369babc7d5f603d6c6a465de9505061bc876c2d3fdecdc2bcf5eee6e,page_9e83749e313e8a588f7e2aff31ebbe37351d9d92d5462e736d35c78644b8d7de,document_75644f8203e081144b9c10529c54bf207469d01060d806b90b496533c01310e2,Kommissorialrätt_i_Stockholm_ang__trolldomsväsendet__nr_1__1676-1677_,R0001203,00081,dataset-rgb/Kommissorialrätt_i_Stockholm_ang__trolldomsväsendet__nr_1__1676-1677_/Kommissorialrätt_i_Stockholm_ang__trolldomsväsendet__nr_1__1676-1677__R0001203_00081.png,page_image_8684e3a2c1466a09ecd2350837cd17462ed22e5cc4303b2952302e6b4dd53813,23252780,readable,PNG,4690,3669,1.2783,17207610,RGB,3,8,1.3513,False,False,,unique,,included,,Structurally difficult,"aspect ratio 1.2783 >= 1.15: double-page spread (two facing text blocks, central gutter, two independent reading orders)",,True,False,False,False,,False
dataset_f7dfd857275e7c253a5aba4730f93428121e5156bd4281c4101fd79514b0d8d9,dataset_version_a51bddcb369babc7d5f603d6c6a465de9505061bc876c2d3fdecdc2bcf5eee6e,page_8db72731117773a03c31b6121c6f1fd3bc511ed69ffa5605349cde787010522c,document_75644f8203e081144b9c10529c54bf207469d01060d806b90b496533c01310e2,Kommissorialrätt_i_Stockholm_ang__trolldomsväsendet__nr_1__1676-1677_,R0001203,00082,dataset-rgb/Kommissorialrätt_i_Stockholm_ang__trolldomsväsendet__nr_1__1676-1677_/Kommissorialrätt_i_Stockholm_ang__trolldomsväsendet__nr_1__1676-1677__R0001203_00082.png,page_image_4efcc3dd9512b9150577cd5183dbf8a324662cdec407df98766b6523351e49dd,23063201,readable,PNG,4684,3666,1.2777,17171544,RGB,3,8,1.3431,False,False,,unique,,included,,Structurally difficult,"aspect ratio 1.2777 >= 1.15: double-page spread (two facing text blocks, central gutter, two independent reading orders)",,True,False,False,False,,False
dataset_f7dfd857275e7c253a5aba4730f93428121e5156bd4281c4101fd79514b0d8d9,dataset_version_a51bddcb369babc7d5f603d6c6a465de9505061bc876c2d3fdecdc2bcf5eee6e,page_ae0c8ca27b28831e5290e4832dfb1be6ae9c85c80420be846fa7b31975f545dc,document_75644f8203e081144b9c10529c54bf207469d01060d806b90b496533c01310e2,Kommissorialrätt_i_Stockholm_ang__trolldomsväsendet__nr_1__1676-1677_,R0001203,00083,dataset-rgb/Kommissorialrätt_i_Stockholm_ang__trolldomsväsendet__nr_1__1676-1677_/Kommissorialrätt_i_Stockholm_ang__trolldomsväsendet__nr_1__1676-1677__R0001203_00083.png,page_image_0bd52ccd49d7e888d80a686f32b08bd8733dcf4d5ae28e6dad126aad4c2c5188,23202345,readable,PNG,4692,3668,1.2792,17210256,RGB,3,8,1.3482,False,False,,unique,,included,,Structurally difficult,"aspect ratio 1.2792 >= 1.15: double-page spread (two facing text blocks, central gutter, two independent reading orders)",,True,False,False,False,,False
dataset_f7dfd857275e7c253a5aba4730f93428121e5156bd4281c4101fd79514b0d8d9,dataset_version_a51bddcb369babc7d5f603d6c6a465de9505061bc876c2d3fdecdc2bcf5eee6e,page_2970478dcaecd503f2e9bbe34cd547ce36e12dd56c51d492d5addac1c43c11a0,document_75644f8203e081144b9c10529c54bf207469d01060d806b90b496533c01310e2,Kommissorialrätt_i_Stockholm_ang__trolldomsväsendet__nr_1__1676-1677_,R0001203,00084,dataset-rgb/Kommissorialrätt_i_Stockholm_ang__trolldomsväsendet__nr_1__1676-1677_/Kommissorialrätt_i_Stockholm_ang__trolldomsväsendet__nr_1__1676-1677__R0001203_00084.png,page_image_b9c6c2d26a066f9028b6f592df71abae546b211e71cce9e3e129f1e31b886183,23347976,readable,PNG,4706,3667,1.2833,17256902,RGB,3,8,1.353,False,False,,unique,,included,,Structurally difficult,"aspect ratio 1.2833 >= 1.15: double-page spread (two facing text blocks, central gutter, two independent reading orders)",,True,False,False,False,,False
dataset_f7dfd857275e7c253a5aba4730f93428121e5156bd4281c4101fd79514b0d8d9,dataset_version_a51bddcb369babc7d5f603d6c6a465de9505061bc876c2d3fdecdc2bcf5eee6e,page_d668568004d34b47ed49976ae193e3df933036c7ff9c26ecb8b15babc4049d10,document_75644f8203e081144b9c10529c54bf207469d01060d806b90b496533c01310e2,Kommissorialrätt_i_Stockholm_ang__trolldomsväsendet__nr_1__1676-1677_,R0001203,00085,dataset-rgb/Kommissorialrätt_i_Stockholm_ang__trolldomsväsendet__nr_1__1676-1677_/Kommissorialrätt_i_Stockholm_ang__trolldomsväsendet__nr_1__1676-1677__R0001203_00085.png,page_image_883c417e79f6a7f39f46b85cc3e2b5da398803f5f149412fcd357b91b17722df,23123019,readable,PNG,4709,3668,1.2838,17272612,RGB,3,8,1.3387,False,False,,unique,,included,,Structurally difficult,"aspect ratio 1.2838 >= 1.15: double-page spread (two facing text blocks, central gutter, two independent reading orders)",,True,False,False,False,,False
dataset_f7dfd857275e7c253a5aba4730f93428121e5156bd4281c4101fd79514b0d8d9,dataset_version_a51bddcb369babc7d5f603d6c6a465de9505061bc876c2d3fdecdc2bcf5eee6e,page_b9eefadeea8b5fd89484e3a44b65af5ddb6fa7b25196c110b71226a8a76d2fff,document_75644f8203e081144b9c10529c54bf207469d01060d806b90b496533c01310e2,Kommissorialrätt_i_Stockholm_ang__trolldomsväsendet__nr_1__1676-1677_,R0001203,00086,dataset-rgb/Kommissorialrätt_i_Stockholm_ang__trolldomsväsendet__nr_1__1676-1677_/Kommissorialrätt_i_Stockholm_ang__trolldomsväsendet__nr_1__1676-1677__R0001203_00086.png,page_image_de7bf07c264a77617dc6fb0727a6a694446c24f5fe15908f32643b801e7c50dd,23321153,readable,PNG,4708,3669,1.2832,17273652,RGB,3,8,1.3501,False,False,,unique,,included,,Structurally difficult,"aspect ratio 1.2832 >= 1.15: double-page spread (two facing text blocks, central gutter, two independent reading orders)",,True,False,False,False,,False
dataset_f7dfd857275e7c253a5aba4730f93428121e5156bd4281c4101fd79514b0d8d9,dataset_version_a51bddcb369babc7d5f603d6c6a465de9505061bc876c2d3fdecdc2bcf5eee6e,page_7cb547d5a7c41b14868e9b62491c6102b2ea3161c380039efb894df8b1db297e,document_75644f8203e081144b9c10529c54bf207469d01060d806b90b496533c01310e2,Kommissorialrätt_i_Stockholm_ang__trolldomsväsendet__nr_1__1676-1677_,R0001203,00087,dataset-rgb/Kommissorialrätt_i_Stockholm_ang__trolldomsväsendet__nr_1__1676-1677_/Kommissorialrätt_i_Stockholm_ang__trolldomsväsendet__nr_1__1676-1677__R0001203_00087.png,page_image_0bf585a0f6fe549168ee1c92e4d26e6b494b713fb00439ad142760463135e783,22728591,readable,PNG,4703,3673,1.2804,17274119,RGB,3,8,1.3158,False,False,,unique,,included,,Structurally difficult,"aspect ratio 1.2804 >= 1.15: double-page spread (two facing text blocks, central gutter, two independent reading orders)",,True,False,False,False,,True
dataset_f7dfd857275e7c253a5aba4730f93428121e5156bd4281c4101fd79514b0d8d9,dataset_version_a51bddcb369babc7d5f603d6c6a465de9505061bc876c2d3fdecdc2bcf5eee6e,page_d92a266303230952fbbe46426e0c7f33cef8605585b32ff39e675967e94f5875,document_75644f8203e081144b9c10529c54bf207469d01060d806b90b496533c01310e2,Kommissorialrätt_i_Stockholm_ang__trolldomsväsendet__nr_1__1676-1677_,R0001203,00088,dataset-rgb/Kommissorialrätt_i_Stockholm_ang__trolldomsväsendet__nr_1__1676-1677_/Kommissorialrätt_i_Stockholm_ang__trolldomsväsendet__nr_1__1676-1677__R0001203_00088.png,page_image_01c4b39079d50e482cb0a94a4526abbdeef9b4248d174e8b729441dd8344b849,23076283,readable,PNG,4705,3676,1.2799,17295580,RGB,3,8,1.3342,False,False,,unique,,included,,Structurally difficult,"aspect ratio 1.2799 >= 1.15: double-page spread (two facing text blocks, central gutter, two independent reading orders)",,True,False,False,False,,False
dataset_f7dfd857275e7c253a5aba4730f93428121e5156bd4281c4101fd79514b0d8d9,dataset_version_a51bddcb369babc7d5f603d6c6a465de9505061bc876c2d3fdecdc2bcf5eee6e,page_611d8303c8613b5e4280d2efb25949a27a36e802b0674bafc9d24fbb462bdd4b,document_75644f8203e081144b9c10529c54bf207469d01060d806b90b496533c01310e2,Kommissorialrätt_i_Stockholm_ang__trolldomsväsendet__nr_1__1676-1677_,R0001203,00089,dataset-rgb/Kommissorialrätt_i_Stockholm_ang__trolldomsväsendet__nr_1__1676-1677_/Kommissorialrätt_i_Stockholm_ang__trolldomsväsendet__nr_1__1676-1677__R0001203_00089.png,page_image_74a118b6cd0067d995b1fadf16104019fb855dd9c24e9ba3733b7d361ed540a4,23134600,readable,PNG,4705,3674,1.2806,17286170,RGB,3,8,1.3383,False,False,,unique,,included,,Structurally difficult,"aspect ratio 1.2806 >= 1.15: double-page spread (two facing text blocks, central gutter, two independent reading orders)",,True,False,False,False,,False
dataset_f7dfd857275e7c253a5aba4730f93428121e5156bd4281c4101fd79514b0d8d9,dataset_version_a51bddcb369babc7d5f603d6c6a465de9505061bc876c2d3fdecdc2bcf5eee6e,page_70a014f9261a4aa49d0346efc7977118eb26ea7ad03d4afa9dee69487b3cbb74,document_75644f8203e081144b9c10529c54bf207469d01060d806b90b496533c01310e2,Kommissorialrätt_i_Stockholm_ang__trolldomsväsendet__nr_1__1676-1677_,R0001203,00090,dataset-rgb/Kommissorialrätt_i_Stockholm_ang__trolldomsväsendet__nr_1__1676-1677_/Kommissorialrätt_i_Stockholm_ang__trolldomsväsendet__nr_1__1676-1677__R0001203_00090.png,page_image_8984cad00087b82224caba14c249cdf9b9cad7f050d62b7a98a8e51ed0f20250,22779525,readable,PNG,4709,3674,1.2817,17300866,RGB,3,8,1.3167,False,False,,unique,,included,,Structurally difficult,"aspect ratio 1.2817 >= 1.15: double-page spread (two facing text blocks, central gutter, two independent reading orders)",,True,False,False,False,,False
dataset_f7dfd857275e7c253a5aba4730f93428121e5156bd4281c4101fd79514b0d8d9,dataset_version_a51bddcb369babc7d5f603d6c6a465de9505061bc876c2d3fdecdc2bcf5eee6e,page_e97e144bf7bc303a243eef2e68eb9917c8a74a24ca7fba63ef95243f0428819a,document_75644f8203e081144b9c10529c54bf207469d01060d806b90b496533c01310e2,Kommissorialrätt_i_Stockholm_ang__trolldomsväsendet__nr_1__1676-1677_,R0001203,00102,dataset-rgb/Kommissorialrätt_i_Stockholm_ang__trolldomsväsendet__nr_1__1676-1677_/Kommissorialrätt_i_Stockholm_ang__trolldomsväsendet__nr_1__1676-1677__R0001203_00102.png,page_image_816f4d6a2801f32e1dbe848275ade460058ba1c0515d79c92fc12ee43252012f,22923774,readable,PNG,4701,3673,1.2799,17266773,RGB,3,8,1.3276,False,False,,unique,,included,,Structurally difficult,"aspect ratio 1.2799 >= 1.15: double-page spread (two facing text blocks, central gutter, two independent reading orders)",,True,False,False,False,,False
dataset_f7dfd857275e7c253a5aba4730f93428121e5156bd4281c4101fd79514b0d8d9,dataset_version_a51bddcb369babc7d5f603d6c6a465de9505061bc876c2d3fdecdc2bcf5eee6e,page_4d14b96c4fa185f79aa6d6b0cd69d05f4bd9c6e5b183c5231733cf587a8e8b1e,document_75644f8203e081144b9c10529c54bf207469d01060d806b90b496533c01310e2,Kommissorialrätt_i_Stockholm_ang__trolldomsväsendet__nr_1__1676-1677_,R0001203,00103,dataset-rgb/Kommissorialrätt_i_Stockholm_ang__trolldomsväsendet__nr_1__1676-1677_/Kommissorialrätt_i_Stockholm_ang__trolldomsväsendet__nr_1__1676-1677__R0001203_00103.png,page_image_b6f9d6e9d7f6e69b9e7597592011ca6b7ac02d8d83f9b1c9caf747a9c3cac956,23274604,readable,PNG,4741,3674,1.2904,17418434,RGB,3,8,1.3362,False,False,,unique,,included,,Structurally difficult,"aspect ratio 1.2904 >= 1.15: double-page spread (two facing text blocks, central gutter, two independent reading orders)",,True,False,False,False,,False
dataset_f7dfd857275e7c253a5aba4730f93428121e5156bd4281c4101fd79514b0d8d9,dataset_version_a51bddcb369babc7d5f603d6c6a465de9505061bc876c2d3fdecdc2bcf5eee6e,page_4fc32547d0058838dc2942ed046856b3c964feccce0b25abefb8d19bc43f0c28,document_75644f8203e081144b9c10529c54bf207469d01060d806b90b496533c01310e2,Kommissorialrätt_i_Stockholm_ang__trolldomsväsendet__nr_1__1676-1677_,R0001203,00104,dataset-rgb/Kommissorialrätt_i_Stockholm_ang__trolldomsväsendet__nr_1__1676-1677_/Kommissorialrätt_i_Stockholm_ang__trolldomsväsendet__nr_1__1676-1677__R0001203_00104.png,page_image_18e3f65be220d8b009eed6ca4785049cdb8fe948c63d28d4026fbeb1b235d467,23335651,readable,PNG,4697,3673,1.2788,17252081,RGB,3,8,1.3526,False,False,,unique,,included,,Structurally difficult,"aspect ratio 1.2788 >= 1.15: double-page spread (two facing text blocks, central gutter, two independent reading orders)",,True,False,False,False,,False
dataset_f7dfd857275e7c253a5aba4730f93428121e5156bd4281c4101fd79514b0d8d9,dataset_version_a51bddcb369babc7d5f603d6c6a465de9505061bc876c2d3fdecdc2bcf5eee6e,page_6ce869be5516cf8a53108b71d7f6baed820a681369801f4ad9f316437efcbef3,document_75644f8203e081144b9c10529c54bf207469d01060d806b90b496533c01310e2,Kommissorialrätt_i_Stockholm_ang__trolldomsväsendet__nr_1__1676-1677_,R0001203,00105,dataset-rgb/Kommissorialrätt_i_Stockholm_ang__trolldomsväsendet__nr_1__1676-1677_/Kommissorialrätt_i_Stockholm_ang__trolldomsväsendet__nr_1__1676-1677__R0001203_00105.png,page_image_6c8c3007478ad0fa1b8e6b3476bbd1ce8893b992c3f00f5019bd601be773028f,23383069,readable,PNG,4699,3675,1.2786,17268825,RGB,3,8,1.3541,False,False,,unique,,included,,Structurally difficult,"aspect ratio 1.2786 >= 1.15: double-page spread (two facing text blocks, central gutter, two independent reading orders)",,True,False,False,False,,False
dataset_f7dfd857275e7c253a5aba4730f93428121e5156bd4281c4101fd79514b0d8d9,dataset_version_a51bddcb369babc7d5f603d6c6a465de9505061bc876c2d3fdecdc2bcf5eee6e,page_e2cb852c136045759f2c504ec636d3c60700966daa423d560955b1c243099ff3,document_75644f8203e081144b9c10529c54bf207469d01060d806b90b496533c01310e2,Kommissorialrätt_i_Stockholm_ang__trolldomsväsendet__nr_1__1676-1677_,R0001203,00106,dataset-rgb/Kommissorialrätt_i_Stockholm_ang__trolldomsväsendet__nr_1__1676-1677_/Kommissorialrätt_i_Stockholm_ang__trolldomsväsendet__nr_1__1676-1677__R0001203_00106.png,page_image_3003f09894b3be8c136f5f8b857fb8f58ca39789331bbf4fd17335de04bc3d0f,23606666,readable,PNG,4696,3672,1.2789,17243712,RGB,3,8,1.369,False,False,,unique,,included,,Structurally difficult,"aspect ratio 1.2789 >= 1.15: double-page spread (two facing text blocks, central gutter, two independent reading orders)",,True,False,False,False,,False
dataset_f7dfd857275e7c253a5aba4730f93428121e5156bd4281c4101fd79514b0d8d9,dataset_version_a51bddcb369babc7d5f603d6c6a465de9505061bc876c2d3fdecdc2bcf5eee6e,page_f70d9ad7f5fa3b37bbff3cbcbaf4cfabc80e33fcaa10c1db4364238899928c6d,document_75644f8203e081144b9c10529c54bf207469d01060d806b90b496533c01310e2,Kommissorialrätt_i_Stockholm_ang__trolldomsväsendet__nr_1__1676-1677_,R0001203,00107,dataset-rgb/Kommissorialrätt_i_Stockholm_ang__trolldomsväsendet__nr_1__1676-1677_/Kommissorialrätt_i_Stockholm_ang__trolldomsväsendet__nr_1__1676-1677__R0001203_00107.png,page_image_57a154c14a91af36349d79daf16473ed6ccdf4277dda3526573ee1eb3c4c19f1,23458614,readable,PNG,4693,3672,1.2781,17232696,RGB,3,8,1.3613,False,False,,unique,,included,,Structurally difficult,"aspect ratio 1.2781 >= 1.15: double-page spread (two facing text blocks, central gutter, two independent reading orders)",,True,False,False,False,,False
dataset_f7dfd857275e7c253a5aba4730f93428121e5156bd4281c4101fd79514b0d8d9,dataset_version_a51bddcb369babc7d5f603d6c6a465de9505061bc876c2d3fdecdc2bcf5eee6e,page_95a9abc42cb8f0d6ef719308e1590b03acfdd3b8a8b11e913b97b12e635061e5,document_75644f8203e081144b9c10529c54bf207469d01060d806b90b496533c01310e2,Kommissorialrätt_i_Stockholm_ang__trolldomsväsendet__nr_1__1676-1677_,R0001203,00108,dataset-rgb/Kommissorialrätt_i_Stockholm_ang__trolldomsväsendet__nr_1__1676-1677_/Kommissorialrätt_i_Stockholm_ang__trolldomsväsendet__nr_1__1676-1677__R0001203_00108.png,page_image_7dabe2743bffbdcb299616cc5217a97d9887160c0e3c5ba0a9b9c9f7944cd0ee,23409820,readable,PNG,4697,3674,1.2784,17256778,RGB,3,8,1.3566,False,False,,unique,,included,,Structurally difficult,"aspect ratio 1.2784 >= 1.15: double-page spread (two facing text blocks, central gutter, two independent reading orders)",,True,False,False,False,,False
dataset_f7dfd857275e7c253a5aba4730f93428121e5156bd4281c4101fd79514b0d8d9,dataset_version_a51bddcb369babc7d5f603d6c6a465de9505061bc876c2d3fdecdc2bcf5eee6e,page_5e953e392cc8b6e679e64d2e83a780e9065d69342edb86fdfd9dc4431b2e60c3,document_75644f8203e081144b9c10529c54bf207469d01060d806b90b496533c01310e2,Kommissorialrätt_i_Stockholm_ang__trolldomsväsendet__nr_1__1676-1677_,R0001203,00109,dataset-rgb/Kommissorialrätt_i_Stockholm_ang__trolldomsväsendet__nr_1__1676-1677_/Kommissorialrätt_i_Stockholm_ang__trolldomsväsendet__nr_1__1676-1677__R0001203_00109.png,page_image_d48c2edecf3a7b1658bb65b01bcc2d48544c663bcc9b785342ab763fe105f6f2,23229257,readable,PNG,4690,3671,1.2776,17216990,RGB,3,8,1.3492,False,False,,unique,,included,,Structurally difficult,"aspect ratio 1.2776 >= 1.15: double-page spread (two facing text blocks, central gutter, two independent reading orders)",,True,False,False,False,,False
dataset_f7dfd857275e7c253a5aba4730f93428121e5156bd4281c4101fd79514b0d8d9,dataset_version_a51bddcb369babc7d5f603d6c6a465de9505061bc876c2d3fdecdc2bcf5eee6e,page_2bbf3d339f8f17f49d58f4fc25669017fde6d09681ecb37c95a0f09e06a93f34,document_75644f8203e081144b9c10529c54bf207469d01060d806b90b496533c01310e2,Kommissorialrätt_i_Stockholm_ang__trolldomsväsendet__nr_1__1676-1677_,R0001203,00119,dataset-rgb/Kommissorialrätt_i_Stockholm_ang__trolldomsväsendet__nr_1__1676-1677_/Kommissorialrätt_i_Stockholm_ang__trolldomsväsendet__nr_1__1676-1677__R0001203_00119.png,page_image_4616c76c0ef8952ce810261766e2f4bf8c01678227bfffc38a4d5f145f7a6a95,23483005,readable,PNG,4696,3671,1.2792,17239016,RGB,3,8,1.3622,False,False,,unique,,included,,Structurally difficult,"aspect ratio 1.2792 >= 1.15: double-page spread (two facing text blocks, central gutter, two independent reading orders)",,True,False,False,False,,False
dataset_f7dfd857275e7c253a5aba4730f93428121e5156bd4281c4101fd79514b0d8d9,dataset_version_a51bddcb369babc7d5f603d6c6a465de9505061bc876c2d3fdecdc2bcf5eee6e,page_26aa981cc8c55256206c62bb1fa516b0d2edfbb0a8a09d741ff5c2335ccc8f31,document_75644f8203e081144b9c10529c54bf207469d01060d806b90b496533c01310e2,Kommissorialrätt_i_Stockholm_ang__trolldomsväsendet__nr_1__1676-1677_,R0001203,00120,dataset-rgb/Kommissorialrätt_i_Stockholm_ang__trolldomsväsendet__nr_1__1676-1677_/Kommissorialrätt_i_Stockholm_ang__trolldomsväsendet__nr_1__1676-1677__R0001203_00120.png,page_image_58e214401105ae9e7bb66c86fbbe204cde293d04e49a4a1dc46c55565a78a574,23450112,readable,PNG,4712,3669,1.2843,17288328,RGB,3,8,1.3564,False,False,,unique,,included,,Structurally difficult,"aspect ratio 1.2843 >= 1.15: double-page spread (two facing text blocks, central gutter, two independent reading orders)",,True,False,False,False,,False
dataset_f7dfd857275e7c253a5aba4730f93428121e5156bd4281c4101fd79514b0d8d9,dataset_version_a51bddcb369babc7d5f603d6c6a465de9505061bc876c2d3fdecdc2bcf5eee6e,page_42c5c5277d11bc6331618e644439da4e8d7098fca63b8d5bb8b72c16c2d3a42e,document_75644f8203e081144b9c10529c54bf207469d01060d806b90b496533c01310e2,Kommissorialrätt_i_Stockholm_ang__trolldomsväsendet__nr_1__1676-1677_,R0001203,00144,dataset-rgb/Kommissorialrätt_i_Stockholm_ang__trolldomsväsendet__nr_1__1676-1677_/Kommissorialrätt_i_Stockholm_ang__trolldomsväsendet__nr_1__1676-1677__R0001203_00144.png,page_image_eac54253a48f5efd1c4a40ff5f27dbe48b9da85a35eeacca6a3ef54a666afea3,22959309,readable,PNG,4745,3674,1.2915,17433130,RGB,3,8,1.317,False,False,,unique,,included,,Structurally difficult,"aspect ratio 1.2915 >= 1.15: double-page spread (two facing text blocks, central gutter, two independent reading orders)",,True,False,False,False,,False
dataset_f7dfd857275e7c253a5aba4730f93428121e5156bd4281c4101fd79514b0d8d9,dataset_version_a51bddcb369babc7d5f603d6c6a465de9505061bc876c2d3fdecdc2bcf5eee6e,page_4998ff1483a28e22ca5c6f092c941daa7a9b0e6c0e0ca87ab964eb8c16360345,document_75644f8203e081144b9c10529c54bf207469d01060d806b90b496533c01310e2,Kommissorialrätt_i_Stockholm_ang__trolldomsväsendet__nr_1__1676-1677_,R0001203,00145,dataset-rgb/Kommissorialrätt_i_Stockholm_ang__trolldomsväsendet__nr_1__1676-1677_/Kommissorialrätt_i_Stockholm_ang__trolldomsväsendet__nr_1__1676-1677__R0001203_00145.png,page_image_188e0946303751c13129f449b440c0838a57ee1b612317d2e23399ba872c08ce,22561752,readable,PNG,4734,3674,1.2885,17392716,RGB,3,8,1.2972,False,False,,unique,,included,,Structurally difficult,"aspect ratio 1.2885 >= 1.15: double-page spread (two facing text blocks, central gutter, two independent reading orders)",,True,False,False,False,,False
dataset_f7dfd857275e7c253a5aba4730f93428121e5156bd4281c4101fd79514b0d8d9,dataset_version_a51bddcb369babc7d5f603d6c6a465de9505061bc876c2d3fdecdc2bcf5eee6e,page_cb8ebad00b5c1a9291e5f83eb6765ff32e936ce8974213dc8d002384bd70cb35,document_75644f8203e081144b9c10529c54bf207469d01060d806b90b496533c01310e2,Kommissorialrätt_i_Stockholm_ang__trolldomsväsendet__nr_1__1676-1677_,R0001203,00164,dataset-rgb/Kommissorialrätt_i_Stockholm_ang__trolldomsväsendet__nr_1__1676-1677_/Kommissorialrätt_i_Stockholm_ang__trolldomsväsendet__nr_1__1676-1677__R0001203_00164.png,page_image_431d8e4442273314523692141ec5f1efd7daa74c18b40d3f5e73a7618fb3b88c,22216665,readable,PNG,4775,3726,1.2815,17791650,RGB,3,8,1.2487,False,False,,unique,,included,,Structurally difficult,"aspect ratio 1.2815 >= 1.15: double-page spread (two facing text blocks, central gutter, two independent reading orders)",,True,False,False,False,,False
dataset_f7dfd857275e7c253a5aba4730f93428121e5156bd4281c4101fd79514b0d8d9,dataset_version_a51bddcb369babc7d5f603d6c6a465de9505061bc876c2d3fdecdc2bcf5eee6e,page_9c4edb2bbf303e0d0882c07c97067f7e84778786ffa76189c9da48da32dc9851,document_75644f8203e081144b9c10529c54bf207469d01060d806b90b496533c01310e2,Kommissorialrätt_i_Stockholm_ang__trolldomsväsendet__nr_1__1676-1677_,R0001203,00165,dataset-rgb/Kommissorialrätt_i_Stockholm_ang__trolldomsväsendet__nr_1__1676-1677_/Kommissorialrätt_i_Stockholm_ang__trolldomsväsendet__nr_1__1676-1677__R0001203_00165.png,page_image_9b8d72749d85cd895979de9dfeb06baf41283d1d97e94e0a5d3bcae9f869a65e,22504838,readable,PNG,4773,3676,1.2984,17545548,RGB,3,8,1.2827,False,False,,unique,,included,,Structurally difficult,"aspect ratio 1.2984 >= 1.15: double-page spread (two facing text blocks, central gutter, two independent reading orders)",,True,False,False,False,,False
dataset_f7dfd857275e7c253a5aba4730f93428121e5156bd4281c4101fd79514b0d8d9,dataset_version_a51bddcb369babc7d5f603d6c6a465de9505061bc876c2d3fdecdc2bcf5eee6e,page_2fb86be922d42f8ae6e71bea1dc14869f773b739bce5cd89ea11ec95fe2d87bd,document_75644f8203e081144b9c10529c54bf207469d01060d806b90b496533c01310e2,Kommissorialrätt_i_Stockholm_ang__trolldomsväsendet__nr_1__1676-1677_,R0001203,00173,dataset-rgb/Kommissorialrätt_i_Stockholm_ang__trolldomsväsendet__nr_1__1676-1677_/Kommissorialrätt_i_Stockholm_ang__trolldomsväsendet__nr_1__1676-1677__R0001203_00173.png,page_image_c2769e6fd05d96731bef6da9bcbf1fc2d59e2c81f08fb188e8258ea182bf604f,22735980,readable,PNG,4767,3673,1.2978,17509191,RGB,3,8,1.2985,False,False,,unique,,included,,Structurally difficult,"aspect ratio 1.2978 >= 1.15: double-page spread (two facing text blocks, central gutter, two independent reading orders)",,True,False,False,False,,False
dataset_f7dfd857275e7c253a5aba4730f93428121e5156bd4281c4101fd79514b0d8d9,dataset_version_a51bddcb369babc7d5f603d6c6a465de9505061bc876c2d3fdecdc2bcf5eee6e,page_0112b27a1372c6b3c406720a4c67a1640f40fa01e98549db7495bc248b25c38c,document_75644f8203e081144b9c10529c54bf207469d01060d806b90b496533c01310e2,Kommissorialrätt_i_Stockholm_ang__trolldomsväsendet__nr_1__1676-1677_,R0001203,00174,dataset-rgb/Kommissorialrätt_i_Stockholm_ang__trolldomsväsendet__nr_1__1676-1677_/Kommissorialrätt_i_Stockholm_ang__trolldomsväsendet__nr_1__1676-1677__R0001203_00174.png,page_image_244b0bb9b12f77211141ce5e90aa40311c047223930481f2313f1c6a9f0925ba,23203212,readable,PNG,4762,3739,1.2736,17805118,RGB,3,8,1.3032,False,False,,unique,,included,,Structurally difficult,"aspect ratio 1.2736 >= 1.15: double-page spread (two facing text blocks, central gutter, two independent reading orders)",,True,False,False,False,,False
dataset_f7dfd857275e7c253a5aba4730f93428121e5156bd4281c4101fd79514b0d8d9,dataset_version_a51bddcb369babc7d5f603d6c6a465de9505061bc876c2d3fdecdc2bcf5eee6e,page_dee4213bffe3a8fa4fff6aaa3622f8d66aab74f3481e62239b01fd92a2fb1717,document_75644f8203e081144b9c10529c54bf207469d01060d806b90b496533c01310e2,Kommissorialrätt_i_Stockholm_ang__trolldomsväsendet__nr_1__1676-1677_,R0001203,00175,dataset-rgb/Kommissorialrätt_i_Stockholm_ang__trolldomsväsendet__nr_1__1676-1677_/Kommissorialrätt_i_Stockholm_ang__trolldomsväsendet__nr_1__1676-1677__R0001203_00175.png,page_image_a9192767bcbf461d79f597df8a798b18de20d0d00a65358061fda92f102200f8,23038098,readable,PNG,4764,3740,1.2738,17817360,RGB,3,8,1.293,False,False,,unique,,included,,Structurally difficult,"aspect ratio 1.2738 >= 1.15: double-page spread (two facing text blocks, central gutter, two independent reading orders)",,True,False,False,False,,False
dataset_f7dfd857275e7c253a5aba4730f93428121e5156bd4281c4101fd79514b0d8d9,dataset_version_a51bddcb369babc7d5f603d6c6a465de9505061bc876c2d3fdecdc2bcf5eee6e,page_4f9390f3b01c6f0eb10ba2f5b9b8fc9550fa44768c3c8e83ebb370ccdec7f779,document_75644f8203e081144b9c10529c54bf207469d01060d806b90b496533c01310e2,Kommissorialrätt_i_Stockholm_ang__trolldomsväsendet__nr_1__1676-1677_,R0001203,00176,dataset-rgb/Kommissorialrätt_i_Stockholm_ang__trolldomsväsendet__nr_1__1676-1677_/Kommissorialrätt_i_Stockholm_ang__trolldomsväsendet__nr_1__1676-1677__R0001203_00176.png,page_image_dbf045f340296b60445668d76964466bf7d9df0cb1382833d2d86d34d6ba1ab5,23157342,readable,PNG,4764,3670,1.2981,17483880,RGB,3,8,1.3245,False,False,,unique,,included,,Structurally difficult,"aspect ratio 1.2981 >= 1.15: double-page spread (two facing text blocks, central gutter, two independent reading orders)",,True,False,False,False,,False
dataset_f7dfd857275e7c253a5aba4730f93428121e5156bd4281c4101fd79514b0d8d9,dataset_version_a51bddcb369babc7d5f603d6c6a465de9505061bc876c2d3fdecdc2bcf5eee6e,page_b7f92aca7540df86c6da22691ca4cbb54d659c907f9c96822d423d8892971905,document_75644f8203e081144b9c10529c54bf207469d01060d806b90b496533c01310e2,Kommissorialrätt_i_Stockholm_ang__trolldomsväsendet__nr_1__1676-1677_,R0001203,00177,dataset-rgb/Kommissorialrätt_i_Stockholm_ang__trolldomsväsendet__nr_1__1676-1677_/Kommissorialrätt_i_Stockholm_ang__trolldomsväsendet__nr_1__1676-1677__R0001203_00177.png,page_image_41c03c7bfafc77b5505af88456c5baa2b55105bbaa86ba9ed97abc319fe20b0b,23008682,readable,PNG,4769,3670,1.2995,17502230,RGB,3,8,1.3146,False,False,,unique,,included,,Structurally difficult,"aspect ratio 1.2995 >= 1.15: double-page spread (two facing text blocks, central gutter, two independent reading orders)",,True,False,False,False,,False
dataset_f7dfd857275e7c253a5aba4730f93428121e5156bd4281c4101fd79514b0d8d9,dataset_version_a51bddcb369babc7d5f603d6c6a465de9505061bc876c2d3fdecdc2bcf5eee6e,page_b6e2cce2913c263c8ff986e3e781e109657a3aff6d0be2c39a598426ca4766d2,document_75644f8203e081144b9c10529c54bf207469d01060d806b90b496533c01310e2,Kommissorialrätt_i_Stockholm_ang__trolldomsväsendet__nr_1__1676-1677_,R0001203,00178,dataset-rgb/Kommissorialrätt_i_Stockholm_ang__trolldomsväsendet__nr_1__1676-1677_/Kommissorialrätt_i_Stockholm_ang__trolldomsväsendet__nr_1__1676-1677__R0001203_00178.png,page_image_87d9c693203b051cbe653f04c078f9e4f078eea615ad2900290776abc33780a6,23254410,readable,PNG,4776,3672,1.3007,17537472,RGB,3,8,1.326,False,False,,unique,,included,,Structurally difficult,"aspect ratio 1.3007 >= 1.15: double-page spread (two facing text blocks, central gutter, two independent reading orders)",,True,False,False,False,,False
dataset_f7dfd857275e7c253a5aba4730f93428121e5156bd4281c4101fd79514b0d8d9,dataset_version_a51bddcb369babc7d5f603d6c6a465de9505061bc876c2d3fdecdc2bcf5eee6e,page_780897908109856838a48665b29345f0e7728d48e1231fb7cdf788ba57584d69,document_75644f8203e081144b9c10529c54bf207469d01060d806b90b496533c01310e2,Kommissorialrätt_i_Stockholm_ang__trolldomsväsendet__nr_1__1676-1677_,R0001203,00184,dataset-rgb/Kommissorialrätt_i_Stockholm_ang__trolldomsväsendet__nr_1__1676-1677_/Kommissorialrätt_i_Stockholm_ang__trolldomsväsendet__nr_1__1676-1677__R0001203_00184.png,page_image_ba1275e29bf9143bc24cd110046f6d376eb3f8761beeb4faf097ebb2aecdfaa5,22955399,readable,PNG,4760,3674,1.2956,17488240,RGB,3,8,1.3126,False,False,,unique,,included,,Structurally difficult,"aspect ratio 1.2956 >= 1.15: double-page spread (two facing text blocks, central gutter, two independent reading orders)",,True,False,False,False,,False
dataset_f7dfd857275e7c253a5aba4730f93428121e5156bd4281c4101fd79514b0d8d9,dataset_version_a51bddcb369babc7d5f603d6c6a465de9505061bc876c2d3fdecdc2bcf5eee6e,page_72fd914c4ca86040d716fac16594f66ee06139c83f117476eeafd5f7581bd619,document_75644f8203e081144b9c10529c54bf207469d01060d806b90b496533c01310e2,Kommissorialrätt_i_Stockholm_ang__trolldomsväsendet__nr_1__1676-1677_,R0001203,00185,dataset-rgb/Kommissorialrätt_i_Stockholm_ang__trolldomsväsendet__nr_1__1676-1677_/Kommissorialrätt_i_Stockholm_ang__trolldomsväsendet__nr_1__1676-1677__R0001203_00185.png,page_image_d1d114e0710b00bcbfe82336ccc9c07b0123841e3fcb70141aed6b6148f15472,22650544,readable,PNG,4756,3674,1.2945,17473544,RGB,3,8,1.2963,False,False,,unique,,included,,Structurally difficult,"aspect ratio 1.2945 >= 1.15: double-page spread (two facing text blocks, central gutter, two independent reading orders)",,True,False,False,False,,False
dataset_f7dfd857275e7c253a5aba4730f93428121e5156bd4281c4101fd79514b0d8d9,dataset_version_a51bddcb369babc7d5f603d6c6a465de9505061bc876c2d3fdecdc2bcf5eee6e,page_2b98f3d2399195350ffc61ede29ff4923697809b0e9e70ad68b0c4b9a394a699,document_75644f8203e081144b9c10529c54bf207469d01060d806b90b496533c01310e2,Kommissorialrätt_i_Stockholm_ang__trolldomsväsendet__nr_1__1676-1677_,R0001203,00186,dataset-rgb/Kommissorialrätt_i_Stockholm_ang__trolldomsväsendet__nr_1__1676-1677_/Kommissorialrätt_i_Stockholm_ang__trolldomsväsendet__nr_1__1676-1677__R0001203_00186.png,page_image_3db008aca8ec576d8526a790660e7d7c192f43a3ac16723980bbc7a66de13e9b,22736498,readable,PNG,4754,3675,1.2936,17470950,RGB,3,8,1.3014,False,False,,unique,,included,,Structurally difficult,"aspect ratio 1.2936 >= 1.15: double-page spread (two facing text blocks, central gutter, two independent reading orders)",,True,False,False,False,,True
dataset_f7dfd857275e7c253a5aba4730f93428121e5156bd4281c4101fd79514b0d8d9,dataset_version_a51bddcb369babc7d5f603d6c6a465de9505061bc876c2d3fdecdc2bcf5eee6e,page_6b386b1486a734457fe64d08d60c8e4454cb3bf6c513c5e45a196858283f3c72,document_75644f8203e081144b9c10529c54bf207469d01060d806b90b496533c01310e2,Kommissorialrätt_i_Stockholm_ang__trolldomsväsendet__nr_1__1676-1677_,R0001203,00187,dataset-rgb/Kommissorialrätt_i_Stockholm_ang__trolldomsväsendet__nr_1__1676-1677_/Kommissorialrätt_i_Stockholm_ang__trolldomsväsendet__nr_1__1676-1677__R0001203_00187.png,page_image_9203d2a83186384e2a5d0bebda5008b1b3bef81c438a0c9bbd16f6d33bf132bd,22804490,readable,PNG,4766,3675,1.2969,17515050,RGB,3,8,1.302,False,False,,unique,,included,,Structurally difficult,"aspect ratio 1.2969 >= 1.15: double-page spread (two facing text blocks, central gutter, two independent reading orders)",,True,False,False,False,,False
dataset_f7dfd857275e7c253a5aba4730f93428121e5156bd4281c4101fd79514b0d8d9,dataset_version_a51bddcb369babc7d5f603d6c6a465de9505061bc876c2d3fdecdc2bcf5eee6e,page_c202412bc6dcec12ab5398d0f4dbb5f61eb64f47596515e1dea7233396ab2927,document_75644f8203e081144b9c10529c54bf207469d01060d806b90b496533c01310e2,Kommissorialrätt_i_Stockholm_ang__trolldomsväsendet__nr_1__1676-1677_,R0001203,00188,dataset-rgb/Kommissorialrätt_i_Stockholm_ang__trolldomsväsendet__nr_1__1676-1677_/Kommissorialrätt_i_Stockholm_ang__trolldomsväsendet__nr_1__1676-1677__R0001203_00188.png,page_image_a4b06964faa449d0ed8c9d80789501acd0101e4ce37d50ee5b85efca311acef6,22779169,readable,PNG,4761,3677,1.2948,17506197,RGB,3,8,1.3012,False,False,,unique,,included,,Structurally difficult,"aspect ratio 1.2948 >= 1.15: double-page spread (two facing text blocks, central gutter, two independent reading orders)",,True,False,False,False,,False
dataset_f7dfd857275e7c253a5aba4730f93428121e5156bd4281c4101fd79514b0d8d9,dataset_version_a51bddcb369babc7d5f603d6c6a465de9505061bc876c2d3fdecdc2bcf5eee6e,page_fbe0296ed69703c6b210900c7298df6df7a7ef95e89ca2b58e8134e94799b343,document_75644f8203e081144b9c10529c54bf207469d01060d806b90b496533c01310e2,Kommissorialrätt_i_Stockholm_ang__trolldomsväsendet__nr_1__1676-1677_,R0001203,00189,dataset-rgb/Kommissorialrätt_i_Stockholm_ang__trolldomsväsendet__nr_1__1676-1677_/Kommissorialrätt_i_Stockholm_ang__trolldomsväsendet__nr_1__1676-1677__R0001203_00189.png,page_image_b132af56692ae11b2f68fcffef58b8e3544e19944fd74346f6f2da9e00535e7e,23184144,readable,PNG,4763,3677,1.2953,17513551,RGB,3,8,1.3238,False,False,,unique,,included,,Structurally difficult,"aspect ratio 1.2953 >= 1.15: double-page spread (two facing text blocks, central gutter, two independent reading orders)",,True,False,False,False,,False
dataset_f7dfd857275e7c253a5aba4730f93428121e5156bd4281c4101fd79514b0d8d9,dataset_version_a51bddcb369babc7d5f603d6c6a465de9505061bc876c2d3fdecdc2bcf5eee6e,page_798e64ae374db6bb0fd4375e233e8b9614ca5d679a6dcae1bd3d8feae4cc0cec,document_75644f8203e081144b9c10529c54bf207469d01060d806b90b496533c01310e2,Kommissorialrätt_i_Stockholm_ang__trolldomsväsendet__nr_1__1676-1677_,R0001203,00190,dataset-rgb/Kommissorialrätt_i_Stockholm_ang__trolldomsväsendet__nr_1__1676-1677_/Kommissorialrätt_i_Stockholm_ang__trolldomsväsendet__nr_1__1676-1677__R0001203_00190.png,page_image_1363f2e359710f809b5e3996f7e4d62ebc0ec2dcdaa7d610560b4c21a5d8e3dc,23262841,readable,PNG,4767,3716,1.2828,17714172,RGB,3,8,1.3132,False,False,,unique,,included,,Structurally difficult,"aspect ratio 1.2828 >= 1.15: double-page spread (two facing text blocks, central gutter, two independent reading orders)",,True,False,False,False,,False
dataset_f7dfd857275e7c253a5aba4730f93428121e5156bd4281c4101fd79514b0d8d9,dataset_version_a51bddcb369babc7d5f603d6c6a465de9505061bc876c2d3fdecdc2bcf5eee6e,page_0c4610b605dbc1756d5cbec13e3745df2ffb65efde32e688be7528c313122ae5,document_75644f8203e081144b9c10529c54bf207469d01060d806b90b496533c01310e2,Kommissorialrätt_i_Stockholm_ang__trolldomsväsendet__nr_1__1676-1677_,R0001203,00198,dataset-rgb/Kommissorialrätt_i_Stockholm_ang__trolldomsväsendet__nr_1__1676-1677_/Kommissorialrätt_i_Stockholm_ang__trolldomsväsendet__nr_1__1676-1677__R0001203_00198.png,page_image_523b7d3674283329e52ea981c530185bba418b7c13c7c3f64cf9bc3ff76805e1,22702892,readable,PNG,4805,3681,1.3054,17687205,RGB,3,8,1.2836,False,False,,unique,,included,,Structurally difficult,"aspect ratio 1.3054 >= 1.15: double-page spread (two facing text blocks, central gutter, two independent reading orders)",,True,False,False,False,,False
dataset_f7dfd857275e7c253a5aba4730f93428121e5156bd4281c4101fd79514b0d8d9,dataset_version_a51bddcb369babc7d5f603d6c6a465de9505061bc876c2d3fdecdc2bcf5eee6e,page_81b89721db5c15564e5d65f92c4385930083f8ec36c9fa9ed3b99a44f47e58a6,document_75644f8203e081144b9c10529c54bf207469d01060d806b90b496533c01310e2,Kommissorialrätt_i_Stockholm_ang__trolldomsväsendet__nr_1__1676-1677_,R0001203,00199,dataset-rgb/Kommissorialrätt_i_Stockholm_ang__trolldomsväsendet__nr_1__1676-1677_/Kommissorialrätt_i_Stockholm_ang__trolldomsväsendet__nr_1__1676-1677__R0001203_00199.png,page_image_c8a65fe549a877386ca19b5faa4cc7da50dc607d30baf572757914b4ec2d46ca,22480813,readable,PNG,4808,3683,1.3055,17707864,RGB,3,8,1.2695,False,False,,unique,,included,,Structurally difficult,"aspect ratio 1.3055 >= 1.15: double-page spread (two facing text blocks, central gutter, two independent reading orders)",,True,False,False,False,,False
dataset_f7dfd857275e7c253a5aba4730f93428121e5156bd4281c4101fd79514b0d8d9,dataset_version_a51bddcb369babc7d5f603d6c6a465de9505061bc876c2d3fdecdc2bcf5eee6e,page_e1e187818148b542e80ae9bee5714e4048e9ebff4f901e65968449fec37cad9d,document_75644f8203e081144b9c10529c54bf207469d01060d806b90b496533c01310e2,Kommissorialrätt_i_Stockholm_ang__trolldomsväsendet__nr_1__1676-1677_,R0001203,00200,dataset-rgb/Kommissorialrätt_i_Stockholm_ang__trolldomsväsendet__nr_1__1676-1677_/Kommissorialrätt_i_Stockholm_ang__trolldomsväsendet__nr_1__1676-1677__R0001203_00200.png,page_image_14fc489a257afffe2dd829c6af6978d0fb1bb5241c1bfb794b41c2b0a11c1a36,22614752,readable,PNG,4809,3683,1.3057,17711547,RGB,3,8,1.2768,False,False,,unique,,included,,Structurally difficult,"aspect ratio 1.3057 >= 1.15: double-page spread (two facing text blocks, central gutter, two independent reading orders)",,True,False,False,False,,False
dataset_f7dfd857275e7c253a5aba4730f93428121e5156bd4281c4101fd79514b0d8d9,dataset_version_a51bddcb369babc7d5f603d6c6a465de9505061bc876c2d3fdecdc2bcf5eee6e,page_99e79721fbc0b65296f361c35f99e3241d1cc2469c8060af442d8e13d067fe5a,document_75644f8203e081144b9c10529c54bf207469d01060d806b90b496533c01310e2,Kommissorialrätt_i_Stockholm_ang__trolldomsväsendet__nr_1__1676-1677_,R0001203,00201,dataset-rgb/Kommissorialrätt_i_Stockholm_ang__trolldomsväsendet__nr_1__1676-1677_/Kommissorialrätt_i_Stockholm_ang__trolldomsväsendet__nr_1__1676-1677__R0001203_00201.png,page_image_e6dacbf797a579954637e9e30cbbb8d05337ac294b02402941dfbff63be07080,22593775,readable,PNG,4807,3682,1.3055,17699374,RGB,3,8,1.2765,False,False,,unique,,included,,Structurally difficult,"aspect ratio 1.3055 >= 1.15: double-page spread (two facing text blocks, central gutter, two independent reading orders)",,True,False,False,False,,False
dataset_f7dfd857275e7c253a5aba4730f93428121e5156bd4281c4101fd79514b0d8d9,dataset_version_a51bddcb369babc7d5f603d6c6a465de9505061bc876c2d3fdecdc2bcf5eee6e,page_9ddc898ae16f66d13d1bb1129b233e51160aa90171e019aa8cc89c69cb73055f,document_75644f8203e081144b9c10529c54bf207469d01060d806b90b496533c01310e2,Kommissorialrätt_i_Stockholm_ang__trolldomsväsendet__nr_1__1676-1677_,R0001203,00210,dataset-rgb/Kommissorialrätt_i_Stockholm_ang__trolldomsväsendet__nr_1__1676-1677_/Kommissorialrätt_i_Stockholm_ang__trolldomsväsendet__nr_1__1676-1677__R0001203_00210.png,page_image_10afd8a2cbc148e6787fc38d82198d2de8f433317c90acab236a50baab3ea010,21224479,readable,PNG,4821,3682,1.3093,17750922,RGB,3,8,1.1957,False,False,,unique,,included,,Structurally difficult,"aspect ratio 1.3093 >= 1.15: double-page spread (two facing text blocks, central gutter, two independent reading orders)",,True,False,False,False,,False
dataset_f7dfd857275e7c253a5aba4730f93428121e5156bd4281c4101fd79514b0d8d9,dataset_version_a51bddcb369babc7d5f603d6c6a465de9505061bc876c2d3fdecdc2bcf5eee6e,page_87cb5bbe7edb7253aa558e5f53ddb8fde67b0a30827a9700c170a289abad079a,document_75644f8203e081144b9c10529c54bf207469d01060d806b90b496533c01310e2,Kommissorialrätt_i_Stockholm_ang__trolldomsväsendet__nr_1__1676-1677_,R0001203,00211,dataset-rgb/Kommissorialrätt_i_Stockholm_ang__trolldomsväsendet__nr_1__1676-1677_/Kommissorialrätt_i_Stockholm_ang__trolldomsväsendet__nr_1__1676-1677__R0001203_00211.png,page_image_2ee844472d46694ec5ecdc9a3e2e4a29e85643f215eac4662e907271d7c8f637,22329838,readable,PNG,4816,3685,1.3069,17746960,RGB,3,8,1.2582,False,False,,unique,,included,,Structurally difficult,"aspect ratio 1.3069 >= 1.15: double-page spread (two facing text blocks, central gutter, two independent reading orders)",,True,False,False,False,,False
dataset_f7dfd857275e7c253a5aba4730f93428121e5156bd4281c4101fd79514b0d8d9,dataset_version_a51bddcb369babc7d5f603d6c6a465de9505061bc876c2d3fdecdc2bcf5eee6e,page_10beb1a81de84ec8976faa31ec4ce246ead967ce3c3ea7a97423181123989330,document_75644f8203e081144b9c10529c54bf207469d01060d806b90b496533c01310e2,Kommissorialrätt_i_Stockholm_ang__trolldomsväsendet__nr_1__1676-1677_,R0001203,00212,dataset-rgb/Kommissorialrätt_i_Stockholm_ang__trolldomsväsendet__nr_1__1676-1677_/Kommissorialrätt_i_Stockholm_ang__trolldomsväsendet__nr_1__1676-1677__R0001203_00212.png,page_image_f9c79dd4aca87e64d168fd5031e4f624f1bc2480c5cfa5d1080d67f10a512922,22358254,readable,PNG,4814,3681,1.3078,17720334,RGB,3,8,1.2617,False,False,,unique,,included,,Structurally difficult,"aspect ratio 1.3078 >= 1.15: double-page spread (two facing text blocks, central gutter, two independent reading orders)",,True,False,False,False,,False
dataset_f7dfd857275e7c253a5aba4730f93428121e5156bd4281c4101fd79514b0d8d9,dataset_version_a51bddcb369babc7d5f603d6c6a465de9505061bc876c2d3fdecdc2bcf5eee6e,page_f2571cbe30978e506a42b9f6cd474236a36593bf71bda55c7335dbde1fa3a110,document_75644f8203e081144b9c10529c54bf207469d01060d806b90b496533c01310e2,Kommissorialrätt_i_Stockholm_ang__trolldomsväsendet__nr_1__1676-1677_,R0001203,00213,dataset-rgb/Kommissorialrätt_i_Stockholm_ang__trolldomsväsendet__nr_1__1676-1677_/Kommissorialrätt_i_Stockholm_ang__trolldomsväsendet__nr_1__1676-1677__R0001203_00213.png,page_image_c7ec7e31360a151491998912d883658ef27937a1fb0daa76c1df9718dbf13989,22073759,readable,PNG,4821,3683,1.309,17755743,RGB,3,8,1.2432,False,False,,unique,,included,,Structurally difficult,"aspect ratio 1.309 >= 1.15: double-page spread (two facing text blocks, central gutter, two independent reading orders)",,True,False,False,False,,False
dataset_f7dfd857275e7c253a5aba4730f93428121e5156bd4281c4101fd79514b0d8d9,dataset_version_a51bddcb369babc7d5f603d6c6a465de9505061bc876c2d3fdecdc2bcf5eee6e,page_14a084171443bc3edfbbfa2391776a589b8c0a10d5922ba05465f91f85aa7f74,document_fa225aa3822712f4f1353849e4cfbca777e6b4b6669577e94571e4518af9d66a,Kommissorialrätt_i_Stockholm_ang__trolldomsväsendet__nr_2__1676_,R0001204,00005,dataset-rgb/Kommissorialrätt_i_Stockholm_ang__trolldomsväsendet__nr_2__1676_/Kommissorialrätt_i_Stockholm_ang__trolldomsväsendet__nr_2__1676__R0001204_00005.png,page_image_7e1d8b23d6dd3a69c09e88fff93145cd4044f90608c5fca8eb655e3a7a65cf61,20459489,readable,PNG,4600,3581,1.2846,16472600,RGB,3,8,1.242,False,False,,unique,,included,,Structurally difficult,"aspect ratio 1.2846 >= 1.15: double-page spread (two facing text blocks, central gutter, two independent reading orders)",,True,False,False,False,,False
dataset_f7dfd857275e7c253a5aba4730f93428121e5156bd4281c4101fd79514b0d8d9,dataset_version_a51bddcb369babc7d5f603d6c6a465de9505061bc876c2d3fdecdc2bcf5eee6e,page_b7b2b0adc4dc23a8c420ad3f3bb2e5b4b20c0ea473435512c76870c99643b37c,document_fa225aa3822712f4f1353849e4cfbca777e6b4b6669577e94571e4518af9d66a,Kommissorialrätt_i_Stockholm_ang__trolldomsväsendet__nr_2__1676_,R0001204,00006,dataset-rgb/Kommissorialrätt_i_Stockholm_ang__trolldomsväsendet__nr_2__1676_/Kommissorialrätt_i_Stockholm_ang__trolldomsväsendet__nr_2__1676__R0001204_00006.png,page_image_3efc3975ccbcd86e9a94a0b3d6ab99fe9effaa3c9ef471e9a23bfb3726a58b47,21481468,readable,PNG,4599,3581,1.2843,16469019,RGB,3,8,1.3044,False,False,,unique,,included,,Structurally difficult,"aspect ratio 1.2843 >= 1.15: double-page spread (two facing text blocks, central gutter, two independent reading orders)",,True,False,False,False,,False
dataset_f7dfd857275e7c253a5aba4730f93428121e5156bd4281c4101fd79514b0d8d9,dataset_version_a51bddcb369babc7d5f603d6c6a465de9505061bc876c2d3fdecdc2bcf5eee6e,page_ff6f4f8c91a4cffa5755d823e1c9d0e04fdaf39bc5043efa8270b6d8f2e0e893,document_fa225aa3822712f4f1353849e4cfbca777e6b4b6669577e94571e4518af9d66a,Kommissorialrätt_i_Stockholm_ang__trolldomsväsendet__nr_2__1676_,R0001204,00007,dataset-rgb/Kommissorialrätt_i_Stockholm_ang__trolldomsväsendet__nr_2__1676_/Kommissorialrätt_i_Stockholm_ang__trolldomsväsendet__nr_2__1676__R0001204_00007.png,page_image_fd0f6524e785a055c9d59427c7eb283a2593c507b2bcaddeadcf39799c402a95,21550555,readable,PNG,4606,3584,1.2852,16507904,RGB,3,8,1.3055,False,False,,unique,,included,,Structurally difficult,"aspect ratio 1.2852 >= 1.15: double-page spread (two facing text blocks, central gutter, two independent reading orders)",,True,False,False,False,,False
dataset_f7dfd857275e7c253a5aba4730f93428121e5156bd4281c4101fd79514b0d8d9,dataset_version_a51bddcb369babc7d5f603d6c6a465de9505061bc876c2d3fdecdc2bcf5eee6e,page_0a988ca9ebf9e2b8cb6aa396a8a5c595d94453aaf8617b220ff17e6b6e95804a,document_fa225aa3822712f4f1353849e4cfbca777e6b4b6669577e94571e4518af9d66a,Kommissorialrätt_i_Stockholm_ang__trolldomsväsendet__nr_2__1676_,R0001204,00008,dataset-rgb/Kommissorialrätt_i_Stockholm_ang__trolldomsväsendet__nr_2__1676_/Kommissorialrätt_i_Stockholm_ang__trolldomsväsendet__nr_2__1676__R0001204_00008.png,page_image_916f1231f223610352e201ae5f8c6c0bf769cb586abd9f78aea3a4f2f57c25b4,21708716,readable,PNG,4608,3583,1.2861,16510464,RGB,3,8,1.3148,False,False,,unique,,included,,Structurally difficult,"aspect ratio 1.2861 >= 1.15: double-page spread (two facing text blocks, central gutter, two independent reading orders)",,True,False,False,False,,False
dataset_f7dfd857275e7c253a5aba4730f93428121e5156bd4281c4101fd79514b0d8d9,dataset_version_a51bddcb369babc7d5f603d6c6a465de9505061bc876c2d3fdecdc2bcf5eee6e,page_7470da4af2cbb8c797e0c28ac582f8b3ddf8893c445a7540f1396b375521168b,document_fa225aa3822712f4f1353849e4cfbca777e6b4b6669577e94571e4518af9d66a,Kommissorialrätt_i_Stockholm_ang__trolldomsväsendet__nr_2__1676_,R0001204,00010,dataset-rgb/Kommissorialrätt_i_Stockholm_ang__trolldomsväsendet__nr_2__1676_/Kommissorialrätt_i_Stockholm_ang__trolldomsväsendet__nr_2__1676__R0001204_00010.png,page_image_7a72d6411e757bba74a0b97fcd265b710ebfabd919c61b96cfed90024a06451c,21585338,readable,PNG,4613,3588,1.2857,16551444,RGB,3,8,1.3041,False,False,,unique,,included,,Structurally difficult,"aspect ratio 1.2857 >= 1.15: double-page spread (two facing text blocks, central gutter, two independent reading orders)",,True,False,False,False,,False
dataset_f7dfd857275e7c253a5aba4730f93428121e5156bd4281c4101fd79514b0d8d9,dataset_version_a51bddcb369babc7d5f603d6c6a465de9505061bc876c2d3fdecdc2bcf5eee6e,page_27460ac925c41a3314401c4a69b1dab0256e1de2ab9e27f0d95c04cb0fcf92f6,document_fa225aa3822712f4f1353849e4cfbca777e6b4b6669577e94571e4518af9d66a,Kommissorialrätt_i_Stockholm_ang__trolldomsväsendet__nr_2__1676_,R0001204,00022,dataset-rgb/Kommissorialrätt_i_Stockholm_ang__trolldomsväsendet__nr_2__1676_/Kommissorialrätt_i_Stockholm_ang__trolldomsväsendet__nr_2__1676__R0001204_00022.png,page_image_3d33882a3c2a610c5fd159a8a648cbe583e85d738ac7e33bec06981c43f9c3b6,21096351,readable,PNG,4474,3564,1.2553,15945336,RGB,3,8,1.323,False,False,,unique,,included,,Structurally difficult,"aspect ratio 1.2553 >= 1.15: double-page spread (two facing text blocks, central gutter, two independent reading orders)",,True,False,False,False,,False
dataset_f7dfd857275e7c253a5aba4730f93428121e5156bd4281c4101fd79514b0d8d9,dataset_version_a51bddcb369babc7d5f603d6c6a465de9505061bc876c2d3fdecdc2bcf5eee6e,page_e993c44c0626476a59a3ef9b2c6713ff936b00f44c8eca083ecd3559883a0ed7,document_fa225aa3822712f4f1353849e4cfbca777e6b4b6669577e94571e4518af9d66a,Kommissorialrätt_i_Stockholm_ang__trolldomsväsendet__nr_2__1676_,R0001204,00023,dataset-rgb/Kommissorialrätt_i_Stockholm_ang__trolldomsväsendet__nr_2__1676_/Kommissorialrätt_i_Stockholm_ang__trolldomsväsendet__nr_2__1676__R0001204_00023.png,page_image_4e723a989f863566b5f773d0f17f0e53336e5d9eaafa3c4a7fdfb71c0d918665,21121289,readable,PNG,4479,3569,1.255,15985551,RGB,3,8,1.3213,False,False,,unique,,included,,Structurally difficult,"aspect ratio 1.255 >= 1.15: double-page spread (two facing text blocks, central gutter, two independent reading orders)",,True,False,False,False,,False
dataset_f7dfd857275e7c253a5aba4730f93428121e5156bd4281c4101fd79514b0d8d9,dataset_version_a51bddcb369babc7d5f603d6c6a465de9505061bc876c2d3fdecdc2bcf5eee6e,page_b0ad4a5fc0cfc4f0e4e92e8e2e5e25d4cc87da8e69fa04739bb4461db5afa50a,document_fa225aa3822712f4f1353849e4cfbca777e6b4b6669577e94571e4518af9d66a,Kommissorialrätt_i_Stockholm_ang__trolldomsväsendet__nr_2__1676_,R0001204,00024,dataset-rgb/Kommissorialrätt_i_Stockholm_ang__trolldomsväsendet__nr_2__1676_/Kommissorialrätt_i_Stockholm_ang__trolldomsväsendet__nr_2__1676__R0001204_00024.png,page_image_30073b2fe62a5ddb69a7c54fb18761c600ab30aa5cd46a223ff25192bef542e3,21327012,readable,PNG,4484,3650,1.2285,16366600,RGB,3,8,1.3031,False,False,,unique,,included,,Structurally difficult,"aspect ratio 1.2285 >= 1.15: double-page spread (two facing text blocks, central gutter, two independent reading orders)",,True,False,False,False,,False
dataset_f7dfd857275e7c253a5aba4730f93428121e5156bd4281c4101fd79514b0d8d9,dataset_version_a51bddcb369babc7d5f603d6c6a465de9505061bc876c2d3fdecdc2bcf5eee6e,page_2737e344130d49c5770d9df161adeea57171d9c4161537d67acec0cbef7dc2f7,document_fa225aa3822712f4f1353849e4cfbca777e6b4b6669577e94571e4518af9d66a,Kommissorialrätt_i_Stockholm_ang__trolldomsväsendet__nr_2__1676_,R0001204,00025,dataset-rgb/Kommissorialrätt_i_Stockholm_ang__trolldomsväsendet__nr_2__1676_/Kommissorialrätt_i_Stockholm_ang__trolldomsväsendet__nr_2__1676__R0001204_00025.png,page_image_3a29ee983586043edfdc58064263bd8f6f3480a430b9e442c932f984a8b6a93e,21190820,readable,PNG,4480,3565,1.2567,15971200,RGB,3,8,1.3268,False,False,,unique,,included,,Structurally difficult,"aspect ratio 1.2567 >= 1.15: double-page spread (two facing text blocks, central gutter, two independent reading orders)",,True,False,False,False,,False
dataset_f7dfd857275e7c253a5aba4730f93428121e5156bd4281c4101fd79514b0d8d9,dataset_version_a51bddcb369babc7d5f603d6c6a465de9505061bc876c2d3fdecdc2bcf5eee6e,page_f25428b0a900a062e0581f4950695df8b899da5d1ce17d3bfa28fefd578d543d,document_fa225aa3822712f4f1353849e4cfbca777e6b4b6669577e94571e4518af9d66a,Kommissorialrätt_i_Stockholm_ang__trolldomsväsendet__nr_2__1676_,R0001204,00026,dataset-rgb/Kommissorialrätt_i_Stockholm_ang__trolldomsväsendet__nr_2__1676_/Kommissorialrätt_i_Stockholm_ang__trolldomsväsendet__nr_2__1676__R0001204_00026.png,page_image_9a05ba87ec9480694eb29738d67e3ce511b390137fbf5413958ecbc6ae416a1f,21297715,readable,PNG,4497,3571,1.2593,16058787,RGB,3,8,1.3262,False,False,,unique,,included,,Structurally difficult,"aspect ratio 1.2593 >= 1.15: double-page spread (two facing text blocks, central gutter, two independent reading orders)",,True,False,False,False,,True
dataset_f7dfd857275e7c253a5aba4730f93428121e5156bd4281c4101fd79514b0d8d9,dataset_version_a51bddcb369babc7d5f603d6c6a465de9505061bc876c2d3fdecdc2bcf5eee6e,page_c4aff1707a98a41c2bc0ee9d90a0aad9962f9e961732f5ceb32de67ed97fbaf5,document_fa225aa3822712f4f1353849e4cfbca777e6b4b6669577e94571e4518af9d66a,Kommissorialrätt_i_Stockholm_ang__trolldomsväsendet__nr_2__1676_,R0001204,00027,dataset-rgb/Kommissorialrätt_i_Stockholm_ang__trolldomsväsendet__nr_2__1676_/Kommissorialrätt_i_Stockholm_ang__trolldomsväsendet__nr_2__1676__R0001204_00027.png,page_image_6fae163c2f4be7cc0f27924bf9f6cea151f5d840e7d7cac5f50471e4df08d3d9,21562905,readable,PNG,4548,3571,1.2736,16240908,RGB,3,8,1.3277,False,False,,unique,,included,,Structurally difficult,"aspect ratio 1.2736 >= 1.15: double-page spread (two facing text blocks, central gutter, two independent reading orders)",,True,False,False,False,,False
dataset_f7dfd857275e7c253a5aba4730f93428121e5156bd4281c4101fd79514b0d8d9,dataset_version_a51bddcb369babc7d5f603d6c6a465de9505061bc876c2d3fdecdc2bcf5eee6e,page_ee1bfa4dd9b015b9f4242c2c123a31e75bd0812fc3685ecf99f871ed1e508e22,document_fa225aa3822712f4f1353849e4cfbca777e6b4b6669577e94571e4518af9d66a,Kommissorialrätt_i_Stockholm_ang__trolldomsväsendet__nr_2__1676_,R0001204,00028,dataset-rgb/Kommissorialrätt_i_Stockholm_ang__trolldomsväsendet__nr_2__1676_/Kommissorialrätt_i_Stockholm_ang__trolldomsväsendet__nr_2__1676__R0001204_00028.png,page_image_96943eb80ea23da5e486afe7e1eedf97edffb076c6204bb4d14f4863f60f22ca,21532714,readable,PNG,4502,3653,1.2324,16445806,RGB,3,8,1.3093,False,False,,unique,,included,,Structurally difficult,"aspect ratio 1.2324 >= 1.15: double-page spread (two facing text blocks, central gutter, two independent reading orders)",,True,False,False,False,,False
dataset_f7dfd857275e7c253a5aba4730f93428121e5156bd4281c4101fd79514b0d8d9,dataset_version_a51bddcb369babc7d5f603d6c6a465de9505061bc876c2d3fdecdc2bcf5eee6e,page_2d9e1093315e39fee720f80b4cc30723da4dbd2f4009480be30c5ea0a3a725f4,document_fa225aa3822712f4f1353849e4cfbca777e6b4b6669577e94571e4518af9d66a,Kommissorialrätt_i_Stockholm_ang__trolldomsväsendet__nr_2__1676_,R0001204,00061,dataset-rgb/Kommissorialrätt_i_Stockholm_ang__trolldomsväsendet__nr_2__1676_/Kommissorialrätt_i_Stockholm_ang__trolldomsväsendet__nr_2__1676__R0001204_00061.png,page_image_7fcd599d88c4a125bd49008bf3a03d3df2fb63e8d6f1e40045186dbf464764e9,21185198,readable,PNG,4487,3567,1.2579,16005129,RGB,3,8,1.3237,False,False,,unique,,included,,Structurally difficult,"aspect ratio 1.2579 >= 1.15: double-page spread (two facing text blocks, central gutter, two independent reading orders)",,True,False,False,False,,False
dataset_f7dfd857275e7c253a5aba4730f93428121e5156bd4281c4101fd79514b0d8d9,dataset_version_a51bddcb369babc7d5f603d6c6a465de9505061bc876c2d3fdecdc2bcf5eee6e,page_234799769b73d6592b3b5ca41e98a9de8eb0fc4fb9eee8f4995c3b6e18a800cc,document_fa225aa3822712f4f1353849e4cfbca777e6b4b6669577e94571e4518af9d66a,Kommissorialrätt_i_Stockholm_ang__trolldomsväsendet__nr_2__1676_,R0001204,00062,dataset-rgb/Kommissorialrätt_i_Stockholm_ang__trolldomsväsendet__nr_2__1676_/Kommissorialrätt_i_Stockholm_ang__trolldomsväsendet__nr_2__1676__R0001204_00062.png,page_image_de7bf24ef62d8e6d0c6b47ac9e5476b8299915bdbc790c40d0e489dc4f323cbf,21160766,readable,PNG,4488,3573,1.2561,16035624,RGB,3,8,1.3196,False,False,,unique,,included,,Structurally difficult,"aspect ratio 1.2561 >= 1.15: double-page spread (two facing text blocks, central gutter, two independent reading orders)",,True,False,False,False,,False
dataset_f7dfd857275e7c253a5aba4730f93428121e5156bd4281c4101fd79514b0d8d9,dataset_version_a51bddcb369babc7d5f603d6c6a465de9505061bc876c2d3fdecdc2bcf5eee6e,page_390a0d8b30dba2374f60b53d3156784cee0a4392cc6bd1ef70eb90e4a77ee089,document_fa225aa3822712f4f1353849e4cfbca777e6b4b6669577e94571e4518af9d66a,Kommissorialrätt_i_Stockholm_ang__trolldomsväsendet__nr_2__1676_,R0001204,00063,dataset-rgb/Kommissorialrätt_i_Stockholm_ang__trolldomsväsendet__nr_2__1676_/Kommissorialrätt_i_Stockholm_ang__trolldomsväsendet__nr_2__1676__R0001204_00063.png,page_image_e959a01ff588eb493a97a5ec2054c8555cfa99f6df42c4ac0ffe366bf35c21ce,20904909,readable,PNG,4461,3563,1.252,15894543,RGB,3,8,1.3152,False,False,,unique,,included,,Structurally difficult,"aspect ratio 1.252 >= 1.15: double-page spread (two facing text blocks, central gutter, two independent reading orders)",,True,False,False,False,,False
dataset_f7dfd857275e7c253a5aba4730f93428121e5156bd4281c4101fd79514b0d8d9,dataset_version_a51bddcb369babc7d5f603d6c6a465de9505061bc876c2d3fdecdc2bcf5eee6e,page_2eb0f656c3cdc2684ee06a77d35a72627172df36afd859e2af737ca792011a97,document_fa225aa3822712f4f1353849e4cfbca777e6b4b6669577e94571e4518af9d66a,Kommissorialrätt_i_Stockholm_ang__trolldomsväsendet__nr_2__1676_,R0001204,00064,dataset-rgb/Kommissorialrätt_i_Stockholm_ang__trolldomsväsendet__nr_2__1676_/Kommissorialrätt_i_Stockholm_ang__trolldomsväsendet__nr_2__1676__R0001204_00064.png,page_image_9d941d59081b26f8d1f554e8cb2abaacf27c9ae66652691a62928b59cbabb398,20727383,readable,PNG,4464,3561,1.2536,15896304,RGB,3,8,1.3039,False,False,,unique,,included,,Structurally difficult,"aspect ratio 1.2536 >= 1.15: double-page spread (two facing text blocks, central gutter, two independent reading orders)",,True,False,False,False,,False
dataset_f7dfd857275e7c253a5aba4730f93428121e5156bd4281c4101fd79514b0d8d9,dataset_version_a51bddcb369babc7d5f603d6c6a465de9505061bc876c2d3fdecdc2bcf5eee6e,page_8159960ddd425fb5778d6929161e9e4973171848d0de9fa58ae349f89a67eefa,document_fa225aa3822712f4f1353849e4cfbca777e6b4b6669577e94571e4518af9d66a,Kommissorialrätt_i_Stockholm_ang__trolldomsväsendet__nr_2__1676_,R0001204,00224,dataset-rgb/Kommissorialrätt_i_Stockholm_ang__trolldomsväsendet__nr_2__1676_/Kommissorialrätt_i_Stockholm_ang__trolldomsväsendet__nr_2__1676__R0001204_00224.png,page_image_6c287d7af71cfc4303b93cba974020975d0e79e9291b6ed892ecc23df692de66,20897139,readable,PNG,4600,3566,1.29,16403600,RGB,3,8,1.2739,False,False,,unique,,included,,Structurally difficult,"aspect ratio 1.29 >= 1.15: double-page spread (two facing text blocks, central gutter, two independent reading orders)",,True,False,False,False,,False
dataset_f7dfd857275e7c253a5aba4730f93428121e5156bd4281c4101fd79514b0d8d9,dataset_version_a51bddcb369babc7d5f603d6c6a465de9505061bc876c2d3fdecdc2bcf5eee6e,page_b436b5496bd58a594cfef3d2a85572ae736a620c61b0ef14a5d490cc87757ee6,document_fa225aa3822712f4f1353849e4cfbca777e6b4b6669577e94571e4518af9d66a,Kommissorialrätt_i_Stockholm_ang__trolldomsväsendet__nr_2__1676_,R0001204,00228,dataset-rgb/Kommissorialrätt_i_Stockholm_ang__trolldomsväsendet__nr_2__1676_/Kommissorialrätt_i_Stockholm_ang__trolldomsväsendet__nr_2__1676__R0001204_00228.png,page_image_8fb39efc370772cccb5f6ebb786ed8175d48ea5fd9cf03616ce35202f23f7a8c,21329612,readable,PNG,4605,3570,1.2899,16439850,RGB,3,8,1.2974,False,False,,unique,,included,,Structurally difficult,"aspect ratio 1.2899 >= 1.15: double-page spread (two facing text blocks, central gutter, two independent reading orders)",,True,False,False,False,,False
dataset_f7dfd857275e7c253a5aba4730f93428121e5156bd4281c4101fd79514b0d8d9,dataset_version_a51bddcb369babc7d5f603d6c6a465de9505061bc876c2d3fdecdc2bcf5eee6e,page_27e9a42c028600f09a69d38f618604698b8c24cc812a1a8b4b1b815a58f4a7d1,document_fa225aa3822712f4f1353849e4cfbca777e6b4b6669577e94571e4518af9d66a,Kommissorialrätt_i_Stockholm_ang__trolldomsväsendet__nr_2__1676_,R0001204,00229,dataset-rgb/Kommissorialrätt_i_Stockholm_ang__trolldomsväsendet__nr_2__1676_/Kommissorialrätt_i_Stockholm_ang__trolldomsväsendet__nr_2__1676__R0001204_00229.png,page_image_a425c1270e8b2eff74ed61cba083d0543df6c2869d8ad143df9ed988de936bdb,21396758,readable,PNG,4605,3564,1.2921,16412220,RGB,3,8,1.3037,False,False,,unique,,included,,Structurally difficult,"aspect ratio 1.2921 >= 1.15: double-page spread (two facing text blocks, central gutter, two independent reading orders)",,True,False,False,False,,False
dataset_f7dfd857275e7c253a5aba4730f93428121e5156bd4281c4101fd79514b0d8d9,dataset_version_a51bddcb369babc7d5f603d6c6a465de9505061bc876c2d3fdecdc2bcf5eee6e,page_43e4da4e1b0fcff127379d5f8cf85d30add7b8fe34060d2452ea01918ea55dfd,document_fa225aa3822712f4f1353849e4cfbca777e6b4b6669577e94571e4518af9d66a,Kommissorialrätt_i_Stockholm_ang__trolldomsväsendet__nr_2__1676_,R0001204,00230,dataset-rgb/Kommissorialrätt_i_Stockholm_ang__trolldomsväsendet__nr_2__1676_/Kommissorialrätt_i_Stockholm_ang__trolldomsväsendet__nr_2__1676__R0001204_00230.png,page_image_56cfc7ab723c8ab50a0bd45a018f01ecad76c47d8a5833ffb65e9c7f404470de,21968486,readable,PNG,4607,3563,1.293,16414741,RGB,3,8,1.3383,False,False,,unique,,included,,Structurally difficult,"aspect ratio 1.293 >= 1.15: double-page spread (two facing text blocks, central gutter, two independent reading orders)",,True,False,False,False,,True
dataset_f7dfd857275e7c253a5aba4730f93428121e5156bd4281c4101fd79514b0d8d9,dataset_version_a51bddcb369babc7d5f603d6c6a465de9505061bc876c2d3fdecdc2bcf5eee6e,page_aefd91a3112694af0a3211047850083fcff678b3e9c9ec61ec018a01316ea1a2,document_af2edfaeec83e5e7215d4e1dda679e445428c350cb679fc78cf7219c4e8d5618,Kommissorialrätt_i_Stockholm_ang__trolldomsväsendet__nr_3__1676-1677_,R0001205,00004,dataset-rgb/Kommissorialrätt_i_Stockholm_ang__trolldomsväsendet__nr_3__1676-1677_/Kommissorialrätt_i_Stockholm_ang__trolldomsväsendet__nr_3__1676-1677__R0001205_00004.png,page_image_aafa14975f8aa49353c13d55bdcda7b503fe753d3595b8558b9663054d79c214,23554177,readable,PNG,5001,3971,1.2594,19858971,RGB,3,8,1.1861,False,False,,unique,,included,,Structurally difficult,"aspect ratio 1.2594 >= 1.15: double-page spread (two facing text blocks, central gutter, two independent reading orders)",,True,False,False,False,,False
dataset_f7dfd857275e7c253a5aba4730f93428121e5156bd4281c4101fd79514b0d8d9,dataset_version_a51bddcb369babc7d5f603d6c6a465de9505061bc876c2d3fdecdc2bcf5eee6e,page_5c3f7063e4adb6b4fbae8b76e20030a147f93bc5a7b784661f6bf49068758a30,document_af2edfaeec83e5e7215d4e1dda679e445428c350cb679fc78cf7219c4e8d5618,Kommissorialrätt_i_Stockholm_ang__trolldomsväsendet__nr_3__1676-1677_,R0001205,00005,dataset-rgb/Kommissorialrätt_i_Stockholm_ang__trolldomsväsendet__nr_3__1676-1677_/Kommissorialrätt_i_Stockholm_ang__trolldomsväsendet__nr_3__1676-1677__R0001205_00005.png,page_image_58aebced55991c3ddef3c6c2fd1f49c64a58104e6cb5d9680a6f022e819c0a74,22597781,readable,PNG,4951,3935,1.2582,19482185,RGB,3,8,1.1599,False,False,,unique,,included,,Structurally difficult,"aspect ratio 1.2582 >= 1.15: double-page spread (two facing text blocks, central gutter, two independent reading orders)",,True,False,False,False,,False
dataset_f7dfd857275e7c253a5aba4730f93428121e5156bd4281c4101fd79514b0d8d9,dataset_version_a51bddcb369babc7d5f603d6c6a465de9505061bc876c2d3fdecdc2bcf5eee6e,page_4f68e503bc2b3e4ceef60afd6e04395ed8f5729103b026388a03e81bd812c56b,document_af2edfaeec83e5e7215d4e1dda679e445428c350cb679fc78cf7219c4e8d5618,Kommissorialrätt_i_Stockholm_ang__trolldomsväsendet__nr_3__1676-1677_,R0001205,00008,dataset-rgb/Kommissorialrätt_i_Stockholm_ang__trolldomsväsendet__nr_3__1676-1677_/Kommissorialrätt_i_Stockholm_ang__trolldomsväsendet__nr_3__1676-1677__R0001205_00008.png,page_image_d58fdc5ba563413f3dd8120635bb456bd8ee9c31c00f59eb6d3a6c922ec9ba0e,25532753,readable,PNG,4957,3951,1.2546,19585107,RGB,3,8,1.3037,False,False,,unique,,included,,Structurally difficult,"aspect ratio 1.2546 >= 1.15: double-page spread (two facing text blocks, central gutter, two independent reading orders)",,True,False,False,False,,False
dataset_f7dfd857275e7c253a5aba4730f93428121e5156bd4281c4101fd79514b0d8d9,dataset_version_a51bddcb369babc7d5f603d6c6a465de9505061bc876c2d3fdecdc2bcf5eee6e,page_01d4b6ba304a18d80bf28843facd73230b047606169d4496ac8c59b4062e2d31,document_af2edfaeec83e5e7215d4e1dda679e445428c350cb679fc78cf7219c4e8d5618,Kommissorialrätt_i_Stockholm_ang__trolldomsväsendet__nr_3__1676-1677_,R0001205,00009,dataset-rgb/Kommissorialrätt_i_Stockholm_ang__trolldomsväsendet__nr_3__1676-1677_/Kommissorialrätt_i_Stockholm_ang__trolldomsväsendet__nr_3__1676-1677__R0001205_00009.png,page_image_34cdc6c48cfc86cf7889740d64fef827c16013ad50d7af962caab38edd8b2b27,24320023,readable,PNG,4958,3958,1.2527,19623764,RGB,3,8,1.2393,False,False,,unique,,included,,Structurally difficult,"aspect ratio 1.2527 >= 1.15: double-page spread (two facing text blocks, central gutter, two independent reading orders)",,True,False,False,False,,False
dataset_f7dfd857275e7c253a5aba4730f93428121e5156bd4281c4101fd79514b0d8d9,dataset_version_a51bddcb369babc7d5f603d6c6a465de9505061bc876c2d3fdecdc2bcf5eee6e,page_36356f7c5e71592838f9b65e4b93916ed12455486e13036be3f25abe6c867e31,document_af2edfaeec83e5e7215d4e1dda679e445428c350cb679fc78cf7219c4e8d5618,Kommissorialrätt_i_Stockholm_ang__trolldomsväsendet__nr_3__1676-1677_,R0001205,00013,dataset-rgb/Kommissorialrätt_i_Stockholm_ang__trolldomsväsendet__nr_3__1676-1677_/Kommissorialrätt_i_Stockholm_ang__trolldomsväsendet__nr_3__1676-1677__R0001205_00013.png,page_image_ce523083f3089c90a41101e940ee6425ca5382fd06690ce8c72ee724b3fb16ce,27696565,readable,PNG,4953,3989,1.2417,19757517,RGB,3,8,1.4018,False,False,,unique,,included,,Structurally difficult,"aspect ratio 1.2417 >= 1.15: double-page spread (two facing text blocks, central gutter, two independent reading orders)",,True,False,False,False,,False
dataset_f7dfd857275e7c253a5aba4730f93428121e5156bd4281c4101fd79514b0d8d9,dataset_version_a51bddcb369babc7d5f603d6c6a465de9505061bc876c2d3fdecdc2bcf5eee6e,page_5b6c5cd168d8ef5b5927090d55b54154a22d9d3c258a8614ddb7730a8d8c030f,document_af2edfaeec83e5e7215d4e1dda679e445428c350cb679fc78cf7219c4e8d5618,Kommissorialrätt_i_Stockholm_ang__trolldomsväsendet__nr_3__1676-1677_,R0001205,00015,dataset-rgb/Kommissorialrätt_i_Stockholm_ang__trolldomsväsendet__nr_3__1676-1677_/Kommissorialrätt_i_Stockholm_ang__trolldomsväsendet__nr_3__1676-1677__R0001205_00015.png,page_image_8558f9ff34cb31d37e0245e0944a30e4f3eb614164ccbafe330f63ba1246be49,24708885,readable,PNG,5230,4019,1.3013,21019370,RGB,3,8,1.1755,False,False,,unique,,included,,Structurally difficult,"aspect ratio 1.3013 >= 1.15: double-page spread (two facing text blocks, central gutter, two independent reading orders)",,True,False,False,False,,False
dataset_f7dfd857275e7c253a5aba4730f93428121e5156bd4281c4101fd79514b0d8d9,dataset_version_a51bddcb369babc7d5f603d6c6a465de9505061bc876c2d3fdecdc2bcf5eee6e,page_27ab1071dd6e6b0dca641bf641a29319b5ccfbfd11d587f26f03099b34117652,document_af2edfaeec83e5e7215d4e1dda679e445428c350cb679fc78cf7219c4e8d5618,Kommissorialrätt_i_Stockholm_ang__trolldomsväsendet__nr_3__1676-1677_,R0001205,00016,dataset-rgb/Kommissorialrätt_i_Stockholm_ang__trolldomsväsendet__nr_3__1676-1677_/Kommissorialrätt_i_Stockholm_ang__trolldomsväsendet__nr_3__1676-1677__R0001205_00016.png,page_image_252394ecc4ab086e14f6701d6273e54da0c2df2978d61625fc5100e07a410785,25726979,readable,PNG,5223,3997,1.3067,20876331,RGB,3,8,1.2324,False,False,,unique,,included,,Structurally difficult,"aspect ratio 1.3067 >= 1.15: double-page spread (two facing text blocks, central gutter, two independent reading orders)",,True,False,False,False,,False
dataset_f7dfd857275e7c253a5aba4730f93428121e5156bd4281c4101fd79514b0d8d9,dataset_version_a51bddcb369babc7d5f603d6c6a465de9505061bc876c2d3fdecdc2bcf5eee6e,page_65e61b5efaa60178b25967cbfde0d483fe2cc1ce41086335fb30e2d1fa126920,document_af2edfaeec83e5e7215d4e1dda679e445428c350cb679fc78cf7219c4e8d5618,Kommissorialrätt_i_Stockholm_ang__trolldomsväsendet__nr_3__1676-1677_,R0001205,00023,dataset-rgb/Kommissorialrätt_i_Stockholm_ang__trolldomsväsendet__nr_3__1676-1677_/Kommissorialrätt_i_Stockholm_ang__trolldomsväsendet__nr_3__1676-1677__R0001205_00023.png,page_image_cb5d2478215056b138b4c6219a9b64e689335c4dba14c1c391eed3acd6b510cb,24104405,readable,PNG,5013,3980,1.2595,19951740,RGB,3,8,1.2081,False,False,,unique,,included,,Structurally difficult,"aspect ratio 1.2595 >= 1.15: double-page spread (two facing text blocks, central gutter, two independent reading orders)",,True,False,False,False,,False
dataset_f7dfd857275e7c253a5aba4730f93428121e5156bd4281c4101fd79514b0d8d9,dataset_version_a51bddcb369babc7d5f603d6c6a465de9505061bc876c2d3fdecdc2bcf5eee6e,page_0654e0a4e27d6a3a8ae07c57a1685276d24fac7fcbfef41554a21b0fde2c8f81,document_af2edfaeec83e5e7215d4e1dda679e445428c350cb679fc78cf7219c4e8d5618,Kommissorialrätt_i_Stockholm_ang__trolldomsväsendet__nr_3__1676-1677_,R0001205,00024,dataset-rgb/Kommissorialrätt_i_Stockholm_ang__trolldomsväsendet__nr_3__1676-1677_/Kommissorialrätt_i_Stockholm_ang__trolldomsväsendet__nr_3__1676-1677__R0001205_00024.png,page_image_c1acc952d7a57ab9294b7b535e9b51740eff7332712a32ad43ab6784f36a87e7,25612116,readable,PNG,5016,4000,1.254,20064000,RGB,3,8,1.2765,False,False,,unique,,included,,Structurally difficult,"aspect ratio 1.254 >= 1.15: double-page spread (two facing text blocks, central gutter, two independent reading orders)",,True,False,False,False,,False
dataset_f7dfd857275e7c253a5aba4730f93428121e5156bd4281c4101fd79514b0d8d9,dataset_version_a51bddcb369babc7d5f603d6c6a465de9505061bc876c2d3fdecdc2bcf5eee6e,page_b0cdce961c1fdd3ed80c5df0bcd01ef6c70556727b98a3254422809e072c3d01,document_af2edfaeec83e5e7215d4e1dda679e445428c350cb679fc78cf7219c4e8d5618,Kommissorialrätt_i_Stockholm_ang__trolldomsväsendet__nr_3__1676-1677_,R0001205,00029,dataset-rgb/Kommissorialrätt_i_Stockholm_ang__trolldomsväsendet__nr_3__1676-1677_/Kommissorialrätt_i_Stockholm_ang__trolldomsväsendet__nr_3__1676-1677__R0001205_00029.png,page_image_cdd24aeabe6d6344bc2f5ac270f13534814c4325680719ac12472d5d0a83e050,25038621,readable,PNG,4960,3972,1.2487,19701120,RGB,3,8,1.2709,False,False,,unique,,included,,Structurally difficult,"aspect ratio 1.2487 >= 1.15: double-page spread (two facing text blocks, central gutter, two independent reading orders)",,True,False,False,False,,False
dataset_f7dfd857275e7c253a5aba4730f93428121e5156bd4281c4101fd79514b0d8d9,dataset_version_a51bddcb369babc7d5f603d6c6a465de9505061bc876c2d3fdecdc2bcf5eee6e,page_d897893ca0455d80953a04a3b4acfa4c70f5f5d193220f24cde1479d7730dc13,document_af2edfaeec83e5e7215d4e1dda679e445428c350cb679fc78cf7219c4e8d5618,Kommissorialrätt_i_Stockholm_ang__trolldomsväsendet__nr_3__1676-1677_,R0001205,00030,dataset-rgb/Kommissorialrätt_i_Stockholm_ang__trolldomsväsendet__nr_3__1676-1677_/Kommissorialrätt_i_Stockholm_ang__trolldomsväsendet__nr_3__1676-1677__R0001205_00030.png,page_image_87c962089acf7d65c2d84f79d68e430592141decfc8c420813c4743a19042ab2,24490508,readable,PNG,4962,3898,1.273,19341876,RGB,3,8,1.2662,False,False,,unique,,included,,Structurally difficult,"aspect ratio 1.273 >= 1.15: double-page spread (two facing text blocks, central gutter, two independent reading orders)",,True,False,False,False,,False
dataset_f7dfd857275e7c253a5aba4730f93428121e5156bd4281c4101fd79514b0d8d9,dataset_version_a51bddcb369babc7d5f603d6c6a465de9505061bc876c2d3fdecdc2bcf5eee6e,page_5b352b4cbc4adb61ffa574f0b85f5d80e65835d68dd0115a6f86145ab79e606a,document_af2edfaeec83e5e7215d4e1dda679e445428c350cb679fc78cf7219c4e8d5618,Kommissorialrätt_i_Stockholm_ang__trolldomsväsendet__nr_3__1676-1677_,R0001205,00033,dataset-rgb/Kommissorialrätt_i_Stockholm_ang__trolldomsväsendet__nr_3__1676-1677_/Kommissorialrätt_i_Stockholm_ang__trolldomsväsendet__nr_3__1676-1677__R0001205_00033.png,page_image_9215bf9b002d0633426abad631d2810d2b6622c235b4478afebba97da6f9994e,24619947,readable,PNG,4975,3977,1.2509,19785575,RGB,3,8,1.2443,False,False,,unique,,included,,Structurally difficult,"aspect ratio 1.2509 >= 1.15: double-page spread (two facing text blocks, central gutter, two independent reading orders)",,True,False,False,False,,False
dataset_f7dfd857275e7c253a5aba4730f93428121e5156bd4281c4101fd79514b0d8d9,dataset_version_a51bddcb369babc7d5f603d6c6a465de9505061bc876c2d3fdecdc2bcf5eee6e,page_c2900f42281a616ea8b82486d53b78c52e4bccbf37faada8f92c925062cc116c,document_af2edfaeec83e5e7215d4e1dda679e445428c350cb679fc78cf7219c4e8d5618,Kommissorialrätt_i_Stockholm_ang__trolldomsväsendet__nr_3__1676-1677_,R0001205,00034,dataset-rgb/Kommissorialrätt_i_Stockholm_ang__trolldomsväsendet__nr_3__1676-1677_/Kommissorialrätt_i_Stockholm_ang__trolldomsväsendet__nr_3__1676-1677__R0001205_00034.png,page_image_276cc1493642f94ceebb2b01a13fcbfdb5d6c1289c4ab46f5f8547d072af94fb,24055446,readable,PNG,4979,3903,1.2757,19433037,RGB,3,8,1.2379,False,False,,unique,,included,,Structurally difficult,"aspect ratio 1.2757 >= 1.15: double-page spread (two facing text blocks, central gutter, two independent reading orders)",,True,False,False,False,,False
dataset_f7dfd857275e7c253a5aba4730f93428121e5156bd4281c4101fd79514b0d8d9,dataset_version_a51bddcb369babc7d5f603d6c6a465de9505061bc876c2d3fdecdc2bcf5eee6e,page_c0ea8f656ed4de903c56854aa2fcebd5050efca1caee80164a1ab3103774ce35,document_af2edfaeec83e5e7215d4e1dda679e445428c350cb679fc78cf7219c4e8d5618,Kommissorialrätt_i_Stockholm_ang__trolldomsväsendet__nr_3__1676-1677_,R0001205,00035,dataset-rgb/Kommissorialrätt_i_Stockholm_ang__trolldomsväsendet__nr_3__1676-1677_/Kommissorialrätt_i_Stockholm_ang__trolldomsväsendet__nr_3__1676-1677__R0001205_00035.png,page_image_81d77b5a3fec2d52c03750a9528014a92d70b20a6f5082ee8b86acbe2ff923a6,23498314,readable,PNG,4982,3933,1.2667,19594206,RGB,3,8,1.1992,False,False,,unique,,included,,Structurally difficult,"aspect ratio 1.2667 >= 1.15: double-page spread (two facing text blocks, central gutter, two independent reading orders)",,True,False,False,False,,False
dataset_f7dfd857275e7c253a5aba4730f93428121e5156bd4281c4101fd79514b0d8d9,dataset_version_a51bddcb369babc7d5f603d6c6a465de9505061bc876c2d3fdecdc2bcf5eee6e,page_f54d62387e7e4bec2bda01af2784323f18c9a04f664c2b7abcc4e8ea09791dac,document_af2edfaeec83e5e7215d4e1dda679e445428c350cb679fc78cf7219c4e8d5618,Kommissorialrätt_i_Stockholm_ang__trolldomsväsendet__nr_3__1676-1677_,R0001205,00036,dataset-rgb/Kommissorialrätt_i_Stockholm_ang__trolldomsväsendet__nr_3__1676-1677_/Kommissorialrätt_i_Stockholm_ang__trolldomsväsendet__nr_3__1676-1677__R0001205_00036.png,page_image_626c5663148ee1845157874aad7032c3851fe493f46b049c860e0de20bbd3fe9,24085023,readable,PNG,4983,3906,1.2757,19463598,RGB,3,8,1.2374,False,False,,unique,,included,,Structurally difficult,"aspect ratio 1.2757 >= 1.15: double-page spread (two facing text blocks, central gutter, two independent reading orders)",,True,False,False,False,,False
dataset_f7dfd857275e7c253a5aba4730f93428121e5156bd4281c4101fd79514b0d8d9,dataset_version_a51bddcb369babc7d5f603d6c6a465de9505061bc876c2d3fdecdc2bcf5eee6e,page_b2452c70c4e38e14e6ce002340af5e1f257c6b11f9c282c41ad0234ff740d55c,document_af2edfaeec83e5e7215d4e1dda679e445428c350cb679fc78cf7219c4e8d5618,Kommissorialrätt_i_Stockholm_ang__trolldomsväsendet__nr_3__1676-1677_,R0001205,00037,dataset-rgb/Kommissorialrätt_i_Stockholm_ang__trolldomsväsendet__nr_3__1676-1677_/Kommissorialrätt_i_Stockholm_ang__trolldomsväsendet__nr_3__1676-1677__R0001205_00037.png,page_image_025d02e22ce192f118f9f67cd79304c56e919cc81daad360e790a41cf976f714,24734497,readable,PNG,4986,3907,1.2762,19480302,RGB,3,8,1.2697,False,False,,unique,,included,,Structurally difficult,"aspect ratio 1.2762 >= 1.15: double-page spread (two facing text blocks, central gutter, two independent reading orders)",,True,False,False,False,,False
dataset_f7dfd857275e7c253a5aba4730f93428121e5156bd4281c4101fd79514b0d8d9,dataset_version_a51bddcb369babc7d5f603d6c6a465de9505061bc876c2d3fdecdc2bcf5eee6e,page_19fdcf40948b9ba7da574d4e62fc5dc18a3f8a030d29773e07cb85bb05b26892,document_af2edfaeec83e5e7215d4e1dda679e445428c350cb679fc78cf7219c4e8d5618,Kommissorialrätt_i_Stockholm_ang__trolldomsväsendet__nr_3__1676-1677_,R0001205,00039,dataset-rgb/Kommissorialrätt_i_Stockholm_ang__trolldomsväsendet__nr_3__1676-1677_/Kommissorialrätt_i_Stockholm_ang__trolldomsväsendet__nr_3__1676-1677__R0001205_00039.png,page_image_fd4463ba081c5813b4839d4e119a4237a7e1af2ae5df477313b76d8f12ac5a72,23059267,readable,PNG,5040,4000,1.26,20160000,RGB,3,8,1.1438,False,False,,unique,,included,,Structurally difficult,"aspect ratio 1.26 >= 1.15: double-page spread (two facing text blocks, central gutter, two independent reading orders)",,True,False,False,False,,False
dataset_f7dfd857275e7c253a5aba4730f93428121e5156bd4281c4101fd79514b0d8d9,dataset_version_a51bddcb369babc7d5f603d6c6a465de9505061bc876c2d3fdecdc2bcf5eee6e,page_c2b39bfbbbf52d67f0c245346c722d0a9f27217488328099c6d724fae193b31d,document_af2edfaeec83e5e7215d4e1dda679e445428c350cb679fc78cf7219c4e8d5618,Kommissorialrätt_i_Stockholm_ang__trolldomsväsendet__nr_3__1676-1677_,R0001205,00040,dataset-rgb/Kommissorialrätt_i_Stockholm_ang__trolldomsväsendet__nr_3__1676-1677_/Kommissorialrätt_i_Stockholm_ang__trolldomsväsendet__nr_3__1676-1677__R0001205_00040.png,page_image_549fee4f3f682821e18b41f8b6bd79570f41638b5a26cebd905bd97cf3eb5644,18595411,readable,PNG,4996,3982,1.2546,19894072,RGB,3,8,0.9347,False,False,,unique,,included,,Structurally difficult,"aspect ratio 1.2546 >= 1.15: double-page spread (two facing text blocks, central gutter, two independent reading orders)",,True,False,False,False,,False
dataset_f7dfd857275e7c253a5aba4730f93428121e5156bd4281c4101fd79514b0d8d9,dataset_version_a51bddcb369babc7d5f603d6c6a465de9505061bc876c2d3fdecdc2bcf5eee6e,page_4856fe9c8fa19604bf467f23eea955ba14d36ba1a0e64c8a587032f1e0fb1040,document_af2edfaeec83e5e7215d4e1dda679e445428c350cb679fc78cf7219c4e8d5618,Kommissorialrätt_i_Stockholm_ang__trolldomsväsendet__nr_3__1676-1677_,R0001205,00041,dataset-rgb/Kommissorialrätt_i_Stockholm_ang__trolldomsväsendet__nr_3__1676-1677_/Kommissorialrätt_i_Stockholm_ang__trolldomsväsendet__nr_3__1676-1677__R0001205_00041.png,page_image_2f4672e00623cb87293f6c99b02478f4f59b6c7074d44bbc5cf838f8fb4219b5,24632066,readable,PNG,5001,3948,1.2667,19743948,RGB,3,8,1.2476,False,False,,unique,,included,,Structurally difficult,"aspect ratio 1.2667 >= 1.15: double-page spread (two facing text blocks, central gutter, two independent reading orders)",,True,False,False,False,,False
dataset_f7dfd857275e7c253a5aba4730f93428121e5156bd4281c4101fd79514b0d8d9,dataset_version_a51bddcb369babc7d5f603d6c6a465de9505061bc876c2d3fdecdc2bcf5eee6e,page_d30a1224ae0d4c948e6e41bcfbeb84d21b8b008755dc9fe716e44e07f9009f46,document_af2edfaeec83e5e7215d4e1dda679e445428c350cb679fc78cf7219c4e8d5618,Kommissorialrätt_i_Stockholm_ang__trolldomsväsendet__nr_3__1676-1677_,R0001205,00048,dataset-rgb/Kommissorialrätt_i_Stockholm_ang__trolldomsväsendet__nr_3__1676-1677_/Kommissorialrätt_i_Stockholm_ang__trolldomsväsendet__nr_3__1676-1677__R0001205_00048.png,page_image_4d5cac1c4fe53af63d6c13b508c087332166abbca4f5972eef0e49995c237f98,24755647,readable,PNG,4990,3990,1.2506,19910100,RGB,3,8,1.2434,False,False,,unique,,included,,Structurally difficult,"aspect ratio 1.2506 >= 1.15: double-page spread (two facing text blocks, central gutter, two independent reading orders)",,True,False,False,False,,False
dataset_f7dfd857275e7c253a5aba4730f93428121e5156bd4281c4101fd79514b0d8d9,dataset_version_a51bddcb369babc7d5f603d6c6a465de9505061bc876c2d3fdecdc2bcf5eee6e,page_ce3d213db94c03c91746fbf1e9a8bb1ab24e5184441944bbce631b19590a11c3,document_af2edfaeec83e5e7215d4e1dda679e445428c350cb679fc78cf7219c4e8d5618,Kommissorialrätt_i_Stockholm_ang__trolldomsväsendet__nr_3__1676-1677_,R0001205,00049,dataset-rgb/Kommissorialrätt_i_Stockholm_ang__trolldomsväsendet__nr_3__1676-1677_/Kommissorialrätt_i_Stockholm_ang__trolldomsväsendet__nr_3__1676-1677__R0001205_00049.png,page_image_5ac3b174ddf5476033d10201e615e88be8913be30da316db5c4810c434ed0127,24398354,readable,PNG,4933,3916,1.2597,19317628,RGB,3,8,1.263,False,False,,unique,,included,,Structurally difficult,"aspect ratio 1.2597 >= 1.15: double-page spread (two facing text blocks, central gutter, two independent reading orders)",,True,False,False,False,,False
dataset_f7dfd857275e7c253a5aba4730f93428121e5156bd4281c4101fd79514b0d8d9,dataset_version_a51bddcb369babc7d5f603d6c6a465de9505061bc876c2d3fdecdc2bcf5eee6e,page_b5b87b30957d5faaa2a8a6edbd63447655b76a3054f2180cb18a19a159559437,document_af2edfaeec83e5e7215d4e1dda679e445428c350cb679fc78cf7219c4e8d5618,Kommissorialrätt_i_Stockholm_ang__trolldomsväsendet__nr_3__1676-1677_,R0001205,00050,dataset-rgb/Kommissorialrätt_i_Stockholm_ang__trolldomsväsendet__nr_3__1676-1677_/Kommissorialrätt_i_Stockholm_ang__trolldomsväsendet__nr_3__1676-1677__R0001205_00050.png,page_image_8de9f96ddb4e35f48599600cc1650cbedca8bc60489f4e87d2782b1f06312db0,24332554,readable,PNG,4936,3989,1.2374,19689704,RGB,3,8,1.2358,False,False,,unique,,included,,Structurally difficult,"aspect ratio 1.2374 >= 1.15: double-page spread (two facing text blocks, central gutter, two independent reading orders)",,True,False,False,False,,False
dataset_f7dfd857275e7c253a5aba4730f93428121e5156bd4281c4101fd79514b0d8d9,dataset_version_a51bddcb369babc7d5f603d6c6a465de9505061bc876c2d3fdecdc2bcf5eee6e,page_70b495e56f51538cf17ea71d78b2c1b715df50a353d50eafd9d74ad66140426f,document_af2edfaeec83e5e7215d4e1dda679e445428c350cb679fc78cf7219c4e8d5618,Kommissorialrätt_i_Stockholm_ang__trolldomsväsendet__nr_3__1676-1677_,R0001205,00051,dataset-rgb/Kommissorialrätt_i_Stockholm_ang__trolldomsväsendet__nr_3__1676-1677_/Kommissorialrätt_i_Stockholm_ang__trolldomsväsendet__nr_3__1676-1677__R0001205_00051.png,page_image_a44f602143da8b7c482d7782b8365a0c8d9dba62b98b40e2e0e118e16c620bd4,26114703,readable,PNG,4926,3924,1.2554,19329624,RGB,3,8,1.351,False,False,,unique,,included,,Structurally difficult,"aspect ratio 1.2554 >= 1.15: double-page spread (two facing text blocks, central gutter, two independent reading orders)",,True,False,False,False,,False
dataset_f7dfd857275e7c253a5aba4730f93428121e5156bd4281c4101fd79514b0d8d9,dataset_version_a51bddcb369babc7d5f603d6c6a465de9505061bc876c2d3fdecdc2bcf5eee6e,page_aaf5c1b66651f513c1457bc817b6b450b2cd9b75232827b6d78b83be4b4869b9,document_af2edfaeec83e5e7215d4e1dda679e445428c350cb679fc78cf7219c4e8d5618,Kommissorialrätt_i_Stockholm_ang__trolldomsväsendet__nr_3__1676-1677_,R0001205,00052,dataset-rgb/Kommissorialrätt_i_Stockholm_ang__trolldomsväsendet__nr_3__1676-1677_/Kommissorialrätt_i_Stockholm_ang__trolldomsväsendet__nr_3__1676-1677__R0001205_00052.png,page_image_e53dca2435da9eeab3686e079782aa7e19a9723efa4f20f20bd10e1b1ec30e38,25653415,readable,PNG,4938,3921,1.2594,19361898,RGB,3,8,1.3249,False,False,,unique,,included,,Structurally difficult,"aspect ratio 1.2594 >= 1.15: double-page spread (two facing text blocks, central gutter, two independent reading orders)",,True,False,False,False,,True
dataset_f7dfd857275e7c253a5aba4730f93428121e5156bd4281c4101fd79514b0d8d9,dataset_version_a51bddcb369babc7d5f603d6c6a465de9505061bc876c2d3fdecdc2bcf5eee6e,page_dddd89deae1ab1ab3ad79ac04c05c42fc850338b338aaaed57646a8f1fc9e8e5,document_af2edfaeec83e5e7215d4e1dda679e445428c350cb679fc78cf7219c4e8d5618,Kommissorialrätt_i_Stockholm_ang__trolldomsväsendet__nr_3__1676-1677_,R0001205,00065,dataset-rgb/Kommissorialrätt_i_Stockholm_ang__trolldomsväsendet__nr_3__1676-1677_/Kommissorialrätt_i_Stockholm_ang__trolldomsväsendet__nr_3__1676-1677__R0001205_00065.png,page_image_546eb159a5fbb378296c64b345412a7f64bcec1a4375869c6bc4095bf24f7d6e,24447662,readable,PNG,4882,3904,1.2505,19059328,RGB,3,8,1.2827,False,False,,unique,,included,,Structurally difficult,"aspect ratio 1.2505 >= 1.15: double-page spread (two facing text blocks, central gutter, two independent reading orders)",,True,False,False,False,,False
dataset_f7dfd857275e7c253a5aba4730f93428121e5156bd4281c4101fd79514b0d8d9,dataset_version_a51bddcb369babc7d5f603d6c6a465de9505061bc876c2d3fdecdc2bcf5eee6e,page_6f80aa9e7d1346122f702a530194e94c7beb4e87c77968a00f7f5dada1a416c2,document_af2edfaeec83e5e7215d4e1dda679e445428c350cb679fc78cf7219c4e8d5618,Kommissorialrätt_i_Stockholm_ang__trolldomsväsendet__nr_3__1676-1677_,R0001205,00067,dataset-rgb/Kommissorialrätt_i_Stockholm_ang__trolldomsväsendet__nr_3__1676-1677_/Kommissorialrätt_i_Stockholm_ang__trolldomsväsendet__nr_3__1676-1677__R0001205_00067.png,page_image_328998b0c939131cc6c42992a7d9fde62d75c92ea94bbd45d4887b255bfd2b8f,23883253,readable,PNG,4870,3909,1.2458,19036830,RGB,3,8,1.2546,False,False,,unique,,included,,Structurally difficult,"aspect ratio 1.2458 >= 1.15: double-page spread (two facing text blocks, central gutter, two independent reading orders)",,True,False,False,False,,False
dataset_f7dfd857275e7c253a5aba4730f93428121e5156bd4281c4101fd79514b0d8d9,dataset_version_a51bddcb369babc7d5f603d6c6a465de9505061bc876c2d3fdecdc2bcf5eee6e,page_dfa6825762e37d3d53d9df30d7be94ebec041295f9bf9852fbc43f23f52f0a2d,document_af2edfaeec83e5e7215d4e1dda679e445428c350cb679fc78cf7219c4e8d5618,Kommissorialrätt_i_Stockholm_ang__trolldomsväsendet__nr_3__1676-1677_,R0001205,00071,dataset-rgb/Kommissorialrätt_i_Stockholm_ang__trolldomsväsendet__nr_3__1676-1677_/Kommissorialrätt_i_Stockholm_ang__trolldomsväsendet__nr_3__1676-1677__R0001205_00071.png,page_image_b931a853c9b0c13fe8bb0c6c3c772a38693a445647bcf916c56d6706a8d8b842,24407577,readable,PNG,5064,3935,1.2869,19926840,RGB,3,8,1.2249,False,False,,unique,,included,,Structurally difficult,"aspect ratio 1.2869 >= 1.15: double-page spread (two facing text blocks, central gutter, two independent reading orders)",,True,False,False,False,,False
dataset_f7dfd857275e7c253a5aba4730f93428121e5156bd4281c4101fd79514b0d8d9,dataset_version_a51bddcb369babc7d5f603d6c6a465de9505061bc876c2d3fdecdc2bcf5eee6e,page_f0f53484ac12c260d079247b6877fe204f9f593e348e1b59fa459045d73071f3,document_af2edfaeec83e5e7215d4e1dda679e445428c350cb679fc78cf7219c4e8d5618,Kommissorialrätt_i_Stockholm_ang__trolldomsväsendet__nr_3__1676-1677_,R0001205,00080,dataset-rgb/Kommissorialrätt_i_Stockholm_ang__trolldomsväsendet__nr_3__1676-1677_/Kommissorialrätt_i_Stockholm_ang__trolldomsväsendet__nr_3__1676-1677__R0001205_00080.png,page_image_7105b842b680c44310f5d5773b0836b5c2e353962cb72bd5852ed7cef6b43617,23173312,readable,PNG,4989,3921,1.2724,19561869,RGB,3,8,1.1846,False,False,,unique,,included,,Structurally difficult,"aspect ratio 1.2724 >= 1.15: double-page spread (two facing text blocks, central gutter, two independent reading orders)",,True,False,False,False,,False
dataset_f7dfd857275e7c253a5aba4730f93428121e5156bd4281c4101fd79514b0d8d9,dataset_version_a51bddcb369babc7d5f603d6c6a465de9505061bc876c2d3fdecdc2bcf5eee6e,page_f65a4e815a693cbca1929cb2b4550b81ea5e47da5cec6a5aa1c393d4c7e7ec32,document_af2edfaeec83e5e7215d4e1dda679e445428c350cb679fc78cf7219c4e8d5618,Kommissorialrätt_i_Stockholm_ang__trolldomsväsendet__nr_3__1676-1677_,R0001205,00081,dataset-rgb/Kommissorialrätt_i_Stockholm_ang__trolldomsväsendet__nr_3__1676-1677_/Kommissorialrätt_i_Stockholm_ang__trolldomsväsendet__nr_3__1676-1677__R0001205_00081.png,page_image_78d69396ca3f170a9b4b2baa9c14b3a0f903fd76d81f1fc9da48ba1841a5ccd6,25872534,readable,PNG,4984,4026,1.238,20065584,RGB,3,8,1.2894,False,False,,unique,,included,,Structurally difficult,"aspect ratio 1.238 >= 1.15: double-page spread (two facing text blocks, central gutter, two independent reading orders)",,True,False,False,False,,False
dataset_f7dfd857275e7c253a5aba4730f93428121e5156bd4281c4101fd79514b0d8d9,dataset_version_a51bddcb369babc7d5f603d6c6a465de9505061bc876c2d3fdecdc2bcf5eee6e,page_269826b778b3e70857f2d02a4d3c3cb636c5c288e8c0366ab2efbf9c93612f5b,document_af2edfaeec83e5e7215d4e1dda679e445428c350cb679fc78cf7219c4e8d5618,Kommissorialrätt_i_Stockholm_ang__trolldomsväsendet__nr_3__1676-1677_,R0001205,00083,dataset-rgb/Kommissorialrätt_i_Stockholm_ang__trolldomsväsendet__nr_3__1676-1677_/Kommissorialrätt_i_Stockholm_ang__trolldomsväsendet__nr_3__1676-1677__R0001205_00083.png,page_image_b6fd79226617f8d963e32387c31667d2cba3aca4dac85996743a510aac11d9aa,24629398,readable,PNG,4987,3936,1.267,19628832,RGB,3,8,1.2548,False,False,,unique,,included,,Structurally difficult,"aspect ratio 1.267 >= 1.15: double-page spread (two facing text blocks, central gutter, two independent reading orders)",,True,False,False,False,,False
dataset_f7dfd857275e7c253a5aba4730f93428121e5156bd4281c4101fd79514b0d8d9,dataset_version_a51bddcb369babc7d5f603d6c6a465de9505061bc876c2d3fdecdc2bcf5eee6e,page_6d22367121632ff7a389182c859360bca3a40b23de083cc4a0c4803e00e096a6,document_af2edfaeec83e5e7215d4e1dda679e445428c350cb679fc78cf7219c4e8d5618,Kommissorialrätt_i_Stockholm_ang__trolldomsväsendet__nr_3__1676-1677_,R0001205,00084,dataset-rgb/Kommissorialrätt_i_Stockholm_ang__trolldomsväsendet__nr_3__1676-1677_/Kommissorialrätt_i_Stockholm_ang__trolldomsväsendet__nr_3__1676-1677__R0001205_00084.png,page_image_6d9bd1481497320d9733f20dc95959af4b00bb7a6f46be34b3bda62b358805eb,25945638,readable,PNG,4984,3933,1.2672,19602072,RGB,3,8,1.3236,False,False,,unique,,included,,Structurally difficult,"aspect ratio 1.2672 >= 1.15: double-page spread (two facing text blocks, central gutter, two independent reading orders)",,True,False,False,False,,False
dataset_f7dfd857275e7c253a5aba4730f93428121e5156bd4281c4101fd79514b0d8d9,dataset_version_a51bddcb369babc7d5f603d6c6a465de9505061bc876c2d3fdecdc2bcf5eee6e,page_40e9683c65656f88284c53765f9d0b18f1cf85692f4c4e6a5bc1ed2aff7c75c1,document_af2edfaeec83e5e7215d4e1dda679e445428c350cb679fc78cf7219c4e8d5618,Kommissorialrätt_i_Stockholm_ang__trolldomsväsendet__nr_3__1676-1677_,R0001205,00093,dataset-rgb/Kommissorialrätt_i_Stockholm_ang__trolldomsväsendet__nr_3__1676-1677_/Kommissorialrätt_i_Stockholm_ang__trolldomsväsendet__nr_3__1676-1677__R0001205_00093.png,page_image_a24c7d7af97df13776d089a3efb99f27684763e0fb78ac8d08c92cee4ae5920e,24873941,readable,PNG,4963,3924,1.2648,19474812,RGB,3,8,1.2772,False,False,,unique,,included,,Structurally difficult,"aspect ratio 1.2648 >= 1.15: double-page spread (two facing text blocks, central gutter, two independent reading orders)",,True,False,False,False,,False
dataset_f7dfd857275e7c253a5aba4730f93428121e5156bd4281c4101fd79514b0d8d9,dataset_version_a51bddcb369babc7d5f603d6c6a465de9505061bc876c2d3fdecdc2bcf5eee6e,page_b77a48d0270bd3f1d223d02edcbe08830f650de82fadf493a3d93778f1ed3f97,document_af2edfaeec83e5e7215d4e1dda679e445428c350cb679fc78cf7219c4e8d5618,Kommissorialrätt_i_Stockholm_ang__trolldomsväsendet__nr_3__1676-1677_,R0001205,00094,dataset-rgb/Kommissorialrätt_i_Stockholm_ang__trolldomsväsendet__nr_3__1676-1677_/Kommissorialrätt_i_Stockholm_ang__trolldomsväsendet__nr_3__1676-1677__R0001205_00094.png,page_image_f799e6c64c3195c3c9b88f9396c503d7023bded0cb895e530d4ce40f93b9f361,25312349,readable,PNG,4967,3927,1.2648,19505409,RGB,3,8,1.2977,False,False,,unique,,included,,Structurally difficult,"aspect ratio 1.2648 >= 1.15: double-page spread (two facing text blocks, central gutter, two independent reading orders)",,True,False,False,False,,True
dataset_f7dfd857275e7c253a5aba4730f93428121e5156bd4281c4101fd79514b0d8d9,dataset_version_a51bddcb369babc7d5f603d6c6a465de9505061bc876c2d3fdecdc2bcf5eee6e,page_35a825e98fe3fbb36668606cf7670c7c19302026342ac7408a5a6fc1297f51e2,document_af2edfaeec83e5e7215d4e1dda679e445428c350cb679fc78cf7219c4e8d5618,Kommissorialrätt_i_Stockholm_ang__trolldomsväsendet__nr_3__1676-1677_,R0001205,00095,dataset-rgb/Kommissorialrätt_i_Stockholm_ang__trolldomsväsendet__nr_3__1676-1677_/Kommissorialrätt_i_Stockholm_ang__trolldomsväsendet__nr_3__1676-1677__R0001205_00095.png,page_image_be2c1a0181f0a400d5706dde0013a1e08a835424bbb502db7f1839f699cfa5c4,27799974,readable,PNG,4973,3928,1.266,19533944,RGB,3,8,1.4232,False,False,,unique,,included,,Structurally difficult,"aspect ratio 1.266 >= 1.15: double-page spread (two facing text blocks, central gutter, two independent reading orders); 1.4232 encoded bytes/pixel > 1.42: unusually high-entropy lossless raster (heavy grain, show-through or bleed-through)",,True,False,True,False,,False
dataset_f7dfd857275e7c253a5aba4730f93428121e5156bd4281c4101fd79514b0d8d9,dataset_version_a51bddcb369babc7d5f603d6c6a465de9505061bc876c2d3fdecdc2bcf5eee6e,page_abae03e0eefe1ec4fafbab4adab40ebaa18052dceb3f0142ab7f01d022bc28ff,document_af2edfaeec83e5e7215d4e1dda679e445428c350cb679fc78cf7219c4e8d5618,Kommissorialrätt_i_Stockholm_ang__trolldomsväsendet__nr_3__1676-1677_,R0001205,00096,dataset-rgb/Kommissorialrätt_i_Stockholm_ang__trolldomsväsendet__nr_3__1676-1677_/Kommissorialrätt_i_Stockholm_ang__trolldomsväsendet__nr_3__1676-1677__R0001205_00096.png,page_image_1182c343709f4da64cf2f31f8da627b6c526e8fcc6117add1957698ca0440991,27544172,readable,PNG,4982,3929,1.268,19574278,RGB,3,8,1.4072,False,False,,unique,,included,,Structurally difficult,"aspect ratio 1.268 >= 1.15: double-page spread (two facing text blocks, central gutter, two independent reading orders)",,True,False,False,False,,False
dataset_f7dfd857275e7c253a5aba4730f93428121e5156bd4281c4101fd79514b0d8d9,dataset_version_a51bddcb369babc7d5f603d6c6a465de9505061bc876c2d3fdecdc2bcf5eee6e,page_9225c490e2a369900a70f9a31b76019364e68d94a0122683d6314cb801999269,document_af2edfaeec83e5e7215d4e1dda679e445428c350cb679fc78cf7219c4e8d5618,Kommissorialrätt_i_Stockholm_ang__trolldomsväsendet__nr_3__1676-1677_,R0001205,00104,dataset-rgb/Kommissorialrätt_i_Stockholm_ang__trolldomsväsendet__nr_3__1676-1677_/Kommissorialrätt_i_Stockholm_ang__trolldomsväsendet__nr_3__1676-1677__R0001205_00104.png,page_image_2f571a7c74192e44c196396fbd7ccc74df864c68cdb683e396591078a1d64008,27153465,readable,PNG,4972,3925,1.2668,19515100,RGB,3,8,1.3914,False,False,,unique,,included,,Structurally difficult,"aspect ratio 1.2668 >= 1.15: double-page spread (two facing text blocks, central gutter, two independent reading orders)",,True,False,False,False,,False
dataset_f7dfd857275e7c253a5aba4730f93428121e5156bd4281c4101fd79514b0d8d9,dataset_version_a51bddcb369babc7d5f603d6c6a465de9505061bc876c2d3fdecdc2bcf5eee6e,page_2468013a9741027454312c10a03eec29ec3919add4a240bfbcbd55e41f6a2846,document_af2edfaeec83e5e7215d4e1dda679e445428c350cb679fc78cf7219c4e8d5618,Kommissorialrätt_i_Stockholm_ang__trolldomsväsendet__nr_3__1676-1677_,R0001205,00107,dataset-rgb/Kommissorialrätt_i_Stockholm_ang__trolldomsväsendet__nr_3__1676-1677_/Kommissorialrätt_i_Stockholm_ang__trolldomsväsendet__nr_3__1676-1677__R0001205_00107.png,page_image_82419b217e302d4dc00f6813172a40e1fa3d20aaf66732492c01afdf0e261116,26042762,readable,PNG,4980,3939,1.2643,19616220,RGB,3,8,1.3276,False,False,,unique,,included,,Structurally difficult,"aspect ratio 1.2643 >= 1.15: double-page spread (two facing text blocks, central gutter, two independent reading orders)",,True,False,False,False,,False
dataset_f7dfd857275e7c253a5aba4730f93428121e5156bd4281c4101fd79514b0d8d9,dataset_version_a51bddcb369babc7d5f603d6c6a465de9505061bc876c2d3fdecdc2bcf5eee6e,page_14f59e9dd0fad7d6fa0c68bd8ae1e7098ba80f44df4ecc275d21d680f9f35e23,document_af2edfaeec83e5e7215d4e1dda679e445428c350cb679fc78cf7219c4e8d5618,Kommissorialrätt_i_Stockholm_ang__trolldomsväsendet__nr_3__1676-1677_,R0001205,00108,dataset-rgb/Kommissorialrätt_i_Stockholm_ang__trolldomsväsendet__nr_3__1676-1677_/Kommissorialrätt_i_Stockholm_ang__trolldomsväsendet__nr_3__1676-1677__R0001205_00108.png,page_image_f15031ef25ae36482b79023955d1cea9f23f12037b9f7b4b045b73b816da4d9a,23227676,readable,PNG,4982,3943,1.2635,19644026,RGB,3,8,1.1824,False,False,,unique,,included,,Structurally difficult,"aspect ratio 1.2635 >= 1.15: double-page spread (two facing text blocks, central gutter, two independent reading orders)",,True,False,False,False,,False
dataset_f7dfd857275e7c253a5aba4730f93428121e5156bd4281c4101fd79514b0d8d9,dataset_version_a51bddcb369babc7d5f603d6c6a465de9505061bc876c2d3fdecdc2bcf5eee6e,page_fa67f97ecd7009edac99553b51e36f1f7d7e567c87ee8ad70619c42579289a7a,document_af2edfaeec83e5e7215d4e1dda679e445428c350cb679fc78cf7219c4e8d5618,Kommissorialrätt_i_Stockholm_ang__trolldomsväsendet__nr_3__1676-1677_,R0001205,00109,dataset-rgb/Kommissorialrätt_i_Stockholm_ang__trolldomsväsendet__nr_3__1676-1677_/Kommissorialrätt_i_Stockholm_ang__trolldomsväsendet__nr_3__1676-1677__R0001205_00109.png,page_image_495aead865067cf7d7709cd444a9eba0887ad1ee99c365fc6e947d283eb4833c,25505340,readable,PNG,4975,3938,1.2633,19591550,RGB,3,8,1.3019,False,False,,unique,,included,,Structurally difficult,"aspect ratio 1.2633 >= 1.15: double-page spread (two facing text blocks, central gutter, two independent reading orders)",,True,False,False,False,,False
dataset_f7dfd857275e7c253a5aba4730f93428121e5156bd4281c4101fd79514b0d8d9,dataset_version_a51bddcb369babc7d5f603d6c6a465de9505061bc876c2d3fdecdc2bcf5eee6e,page_dd62ad96706d49cc72eea9d1cdd660f320aba558f07df7739b844455221668cb,document_af2edfaeec83e5e7215d4e1dda679e445428c350cb679fc78cf7219c4e8d5618,Kommissorialrätt_i_Stockholm_ang__trolldomsväsendet__nr_3__1676-1677_,R0001205,00110,dataset-rgb/Kommissorialrätt_i_Stockholm_ang__trolldomsväsendet__nr_3__1676-1677_/Kommissorialrätt_i_Stockholm_ang__trolldomsväsendet__nr_3__1676-1677__R0001205_00110.png,page_image_17d91299203e66ab19d30635f9870e621754e6637f38afa793e4bd532df911fa,22853930,readable,PNG,4971,3962,1.2547,19695102,RGB,3,8,1.1604,False,False,,unique,,included,,Structurally difficult,"aspect ratio 1.2547 >= 1.15: double-page spread (two facing text blocks, central gutter, two independent reading orders)",,True,False,False,False,,False
dataset_f7dfd857275e7c253a5aba4730f93428121e5156bd4281c4101fd79514b0d8d9,dataset_version_a51bddcb369babc7d5f603d6c6a465de9505061bc876c2d3fdecdc2bcf5eee6e,page_4393f6f83b798dcaaebd2e9fd97ab530d76dcd08356afc9f07359474dfd80519,document_af2edfaeec83e5e7215d4e1dda679e445428c350cb679fc78cf7219c4e8d5618,Kommissorialrätt_i_Stockholm_ang__trolldomsväsendet__nr_3__1676-1677_,R0001205,00111,dataset-rgb/Kommissorialrätt_i_Stockholm_ang__trolldomsväsendet__nr_3__1676-1677_/Kommissorialrätt_i_Stockholm_ang__trolldomsväsendet__nr_3__1676-1677__R0001205_00111.png,page_image_dafff9a5d5ea9fed5beb17c2b73d11b5d52d3bd529a17c214667f50a4e60b4d4,24143005,readable,PNG,4973,3959,1.2561,19688107,RGB,3,8,1.2263,False,False,,unique,,included,,Structurally difficult,"aspect ratio 1.2561 >= 1.15: double-page spread (two facing text blocks, central gutter, two independent reading orders)",,True,False,False,False,,False
dataset_f7dfd857275e7c253a5aba4730f93428121e5156bd4281c4101fd79514b0d8d9,dataset_version_a51bddcb369babc7d5f603d6c6a465de9505061bc876c2d3fdecdc2bcf5eee6e,page_0cc54a0fb2809fee3c5bf07b2eb884831baa22dcf5757235d8b2f18beba17d9e,document_af2edfaeec83e5e7215d4e1dda679e445428c350cb679fc78cf7219c4e8d5618,Kommissorialrätt_i_Stockholm_ang__trolldomsväsendet__nr_3__1676-1677_,R0001205,00112,dataset-rgb/Kommissorialrätt_i_Stockholm_ang__trolldomsväsendet__nr_3__1676-1677_/Kommissorialrätt_i_Stockholm_ang__trolldomsväsendet__nr_3__1676-1677__R0001205_00112.png,page_image_7399a6d55b1a76e875a89c411730c6263a1b5852cd9497239191fc0d22c9d32f,25160417,readable,PNG,4896,3915,1.2506,19167840,RGB,3,8,1.3126,False,False,,unique,,included,,Structurally difficult,"aspect ratio 1.2506 >= 1.15: double-page spread (two facing text blocks, central gutter, two independent reading orders)",,True,False,False,False,,False
dataset_f7dfd857275e7c253a5aba4730f93428121e5156bd4281c4101fd79514b0d8d9,dataset_version_a51bddcb369babc7d5f603d6c6a465de9505061bc876c2d3fdecdc2bcf5eee6e,page_06f278bae064ac3cd8be72a86c31044f266479c065cca4898e9b3e87770ee9aa,document_af2edfaeec83e5e7215d4e1dda679e445428c350cb679fc78cf7219c4e8d5618,Kommissorialrätt_i_Stockholm_ang__trolldomsväsendet__nr_3__1676-1677_,R0001205,00120,dataset-rgb/Kommissorialrätt_i_Stockholm_ang__trolldomsväsendet__nr_3__1676-1677_/Kommissorialrätt_i_Stockholm_ang__trolldomsväsendet__nr_3__1676-1677__R0001205_00120.png,page_image_34758732d9e59108e2cbd2aaf593b661abb110f5716b75db8c3a35e879e45225,24323346,readable,PNG,4947,3933,1.2578,19456551,RGB,3,8,1.2501,False,False,,unique,,included,,Structurally difficult,"aspect ratio 1.2578 >= 1.15: double-page spread (two facing text blocks, central gutter, two independent reading orders)",,True,False,False,False,,False
dataset_f7dfd857275e7c253a5aba4730f93428121e5156bd4281c4101fd79514b0d8d9,dataset_version_a51bddcb369babc7d5f603d6c6a465de9505061bc876c2d3fdecdc2bcf5eee6e,page_24ac138bb9fb4e8dd021d08ea0155d3ba6003029b5032011b7b8a778df8d01f5,document_af2edfaeec83e5e7215d4e1dda679e445428c350cb679fc78cf7219c4e8d5618,Kommissorialrätt_i_Stockholm_ang__trolldomsväsendet__nr_3__1676-1677_,R0001205,00126,dataset-rgb/Kommissorialrätt_i_Stockholm_ang__trolldomsväsendet__nr_3__1676-1677_/Kommissorialrätt_i_Stockholm_ang__trolldomsväsendet__nr_3__1676-1677__R0001205_00126.png,page_image_681a9ec23c2536db8459945bb754d4054632eae6485752711b5724e47ffc20c9,23553570,readable,PNG,4842,3873,1.2502,18753066,RGB,3,8,1.256,False,False,,unique,,included,,Structurally difficult,"aspect ratio 1.2502 >= 1.15: double-page spread (two facing text blocks, central gutter, two independent reading orders)",,True,False,False,False,,False
dataset_f7dfd857275e7c253a5aba4730f93428121e5156bd4281c4101fd79514b0d8d9,dataset_version_a51bddcb369babc7d5f603d6c6a465de9505061bc876c2d3fdecdc2bcf5eee6e,page_6e80ab6b1f1de5aa59b1dad45bbae0379de97cec02b3882c98065499414e9427,document_af2edfaeec83e5e7215d4e1dda679e445428c350cb679fc78cf7219c4e8d5618,Kommissorialrätt_i_Stockholm_ang__trolldomsväsendet__nr_3__1676-1677_,R0001205,00127,dataset-rgb/Kommissorialrätt_i_Stockholm_ang__trolldomsväsendet__nr_3__1676-1677_/Kommissorialrätt_i_Stockholm_ang__trolldomsväsendet__nr_3__1676-1677__R0001205_00127.png,page_image_e135d1ba65ac7c98be45ee4168553c9abfe8ec2407c8cefc925f00e2bf3c29d7,25035922,readable,PNG,4872,3867,1.2599,18840024,RGB,3,8,1.3289,False,False,,unique,,included,,Structurally difficult,"aspect ratio 1.2599 >= 1.15: double-page spread (two facing text blocks, central gutter, two independent reading orders)",,True,False,False,False,,False
dataset_f7dfd857275e7c253a5aba4730f93428121e5156bd4281c4101fd79514b0d8d9,dataset_version_a51bddcb369babc7d5f603d6c6a465de9505061bc876c2d3fdecdc2bcf5eee6e,page_44063ae755ede5b08152a38c78400bcad73e6079302462e905bb4fefd456f345,document_af2edfaeec83e5e7215d4e1dda679e445428c350cb679fc78cf7219c4e8d5618,Kommissorialrätt_i_Stockholm_ang__trolldomsväsendet__nr_3__1676-1677_,R0001205,00130,dataset-rgb/Kommissorialrätt_i_Stockholm_ang__trolldomsväsendet__nr_3__1676-1677_/Kommissorialrätt_i_Stockholm_ang__trolldomsväsendet__nr_3__1676-1677__R0001205_00130.png,page_image_2e1c073ccd15985c984813e6fafd0a385272eee7c3f9b64c5c1bb69b3b3c764e,23978848,readable,PNG,4873,3996,1.2195,19472508,RGB,3,8,1.2314,False,False,,unique,,included,,Structurally difficult,"aspect ratio 1.2195 >= 1.15: double-page spread (two facing text blocks, central gutter, two independent reading orders)",,True,False,False,False,,False
dataset_f7dfd857275e7c253a5aba4730f93428121e5156bd4281c4101fd79514b0d8d9,dataset_version_a51bddcb369babc7d5f603d6c6a465de9505061bc876c2d3fdecdc2bcf5eee6e,page_dfb26fcfc84ddcef472d28d1d16d22681f84f68984de96f87f9487634504c7fd,document_af2edfaeec83e5e7215d4e1dda679e445428c350cb679fc78cf7219c4e8d5618,Kommissorialrätt_i_Stockholm_ang__trolldomsväsendet__nr_3__1676-1677_,R0001205,00131,dataset-rgb/Kommissorialrätt_i_Stockholm_ang__trolldomsväsendet__nr_3__1676-1677_/Kommissorialrätt_i_Stockholm_ang__trolldomsväsendet__nr_3__1676-1677__R0001205_00131.png,page_image_7b4751b7644baf54b0aec9c272c423780be52c88d442d0fcc535922035ddcd51,24503094,readable,PNG,4869,3999,1.2176,19471131,RGB,3,8,1.2584,False,False,,unique,,included,,Structurally difficult,"aspect ratio 1.2176 >= 1.15: double-page spread (two facing text blocks, central gutter, two independent reading orders)",,True,False,False,False,,False
dataset_f7dfd857275e7c253a5aba4730f93428121e5156bd4281c4101fd79514b0d8d9,dataset_version_a51bddcb369babc7d5f603d6c6a465de9505061bc876c2d3fdecdc2bcf5eee6e,page_6a9a5c5c569476d5d0ac4607c386c09d8ace51dbece27bb5d2017fec1eb235a6,document_af2edfaeec83e5e7215d4e1dda679e445428c350cb679fc78cf7219c4e8d5618,Kommissorialrätt_i_Stockholm_ang__trolldomsväsendet__nr_3__1676-1677_,R0001205,00132,dataset-rgb/Kommissorialrätt_i_Stockholm_ang__trolldomsväsendet__nr_3__1676-1677_/Kommissorialrätt_i_Stockholm_ang__trolldomsväsendet__nr_3__1676-1677__R0001205_00132.png,page_image_c42f331ee798ef75eaa2aef5726cd6c26afbcd8014551dfcb5011b4e87cd9693,24640602,readable,PNG,4859,3949,1.2304,19188191,RGB,3,8,1.2842,False,False,,unique,,included,,Structurally difficult,"aspect ratio 1.2304 >= 1.15: double-page spread (two facing text blocks, central gutter, two independent reading orders)",,True,False,False,False,,False
dataset_f7dfd857275e7c253a5aba4730f93428121e5156bd4281c4101fd79514b0d8d9,dataset_version_a51bddcb369babc7d5f603d6c6a465de9505061bc876c2d3fdecdc2bcf5eee6e,page_6f3ba9b06cdecfeb153ccebe14c7f88983e8726a84785dedef787cff5b18e193,document_af2edfaeec83e5e7215d4e1dda679e445428c350cb679fc78cf7219c4e8d5618,Kommissorialrätt_i_Stockholm_ang__trolldomsväsendet__nr_3__1676-1677_,R0001205,00139,dataset-rgb/Kommissorialrätt_i_Stockholm_ang__trolldomsväsendet__nr_3__1676-1677_/Kommissorialrätt_i_Stockholm_ang__trolldomsväsendet__nr_3__1676-1677__R0001205_00139.png,page_image_6b93ad1e90453a1dbee8a59a3184188c5e3bef5f2c1b93d6be7ecc6bb89932a1,27378199,readable,PNG,4994,3991,1.2513,19931054,RGB,3,8,1.3736,False,False,,unique,,included,,Structurally difficult,"aspect ratio 1.2513 >= 1.15: double-page spread (two facing text blocks, central gutter, two independent reading orders)",,True,False,False,False,,False
dataset_f7dfd857275e7c253a5aba4730f93428121e5156bd4281c4101fd79514b0d8d9,dataset_version_a51bddcb369babc7d5f603d6c6a465de9505061bc876c2d3fdecdc2bcf5eee6e,page_8cc3f574705ed082b2293c12e4a3d0714c1ffd71f0d78b81e40a71b09ae74881,document_af2edfaeec83e5e7215d4e1dda679e445428c350cb679fc78cf7219c4e8d5618,Kommissorialrätt_i_Stockholm_ang__trolldomsväsendet__nr_3__1676-1677_,R0001205,00144,dataset-rgb/Kommissorialrätt_i_Stockholm_ang__trolldomsväsendet__nr_3__1676-1677_/Kommissorialrätt_i_Stockholm_ang__trolldomsväsendet__nr_3__1676-1677__R0001205_00144.png,page_image_a4a71de204fad1922500117936a467ea89fd4aa83ad2862b032baf00031ebca2,24068515,readable,PNG,4946,3996,1.2377,19764216,RGB,3,8,1.2178,False,False,,unique,,included,,Structurally difficult,"aspect ratio 1.2377 >= 1.15: double-page spread (two facing text blocks, central gutter, two independent reading orders)",,True,False,False,False,,False
dataset_f7dfd857275e7c253a5aba4730f93428121e5156bd4281c4101fd79514b0d8d9,dataset_version_a51bddcb369babc7d5f603d6c6a465de9505061bc876c2d3fdecdc2bcf5eee6e,page_00f7a93ee80218a5ea6f1b9289abf6bcffdb9fba8f8fc12ca3add5b1aad20cf4,document_af2edfaeec83e5e7215d4e1dda679e445428c350cb679fc78cf7219c4e8d5618,Kommissorialrätt_i_Stockholm_ang__trolldomsväsendet__nr_3__1676-1677_,R0001205,00146,dataset-rgb/Kommissorialrätt_i_Stockholm_ang__trolldomsväsendet__nr_3__1676-1677_/Kommissorialrätt_i_Stockholm_ang__trolldomsväsendet__nr_3__1676-1677__R0001205_00146.png,page_image_3b4a08b47dca62e21a155efb49a438afc210f01bc2ac4e619121adf523498088,25922553,readable,PNG,4941,3990,1.2383,19714590,RGB,3,8,1.3149,False,False,,unique,,included,,Structurally difficult,"aspect ratio 1.2383 >= 1.15: double-page spread (two facing text blocks, central gutter, two independent reading orders)",,True,False,False,False,,False
dataset_f7dfd857275e7c253a5aba4730f93428121e5156bd4281c4101fd79514b0d8d9,dataset_version_a51bddcb369babc7d5f603d6c6a465de9505061bc876c2d3fdecdc2bcf5eee6e,page_30f216d30a97b7999a8fd78a6dbefbdfec6cd255484f20736bba23c2a8e91124,document_af2edfaeec83e5e7215d4e1dda679e445428c350cb679fc78cf7219c4e8d5618,Kommissorialrätt_i_Stockholm_ang__trolldomsväsendet__nr_3__1676-1677_,R0001205,00154,dataset-rgb/Kommissorialrätt_i_Stockholm_ang__trolldomsväsendet__nr_3__1676-1677_/Kommissorialrätt_i_Stockholm_ang__trolldomsväsendet__nr_3__1676-1677__R0001205_00154.png,page_image_4ff9f57c1900da8a8c4cdbcf86438253bb4a469cf98f5d5693ac9022a5ef3e03,24875585,readable,PNG,4961,3944,1.2579,19566184,RGB,3,8,1.2714,False,False,,unique,,included,,Structurally difficult,"aspect ratio 1.2579 >= 1.15: double-page spread (two facing text blocks, central gutter, two independent reading orders)",,True,False,False,False,,False
dataset_f7dfd857275e7c253a5aba4730f93428121e5156bd4281c4101fd79514b0d8d9,dataset_version_a51bddcb369babc7d5f603d6c6a465de9505061bc876c2d3fdecdc2bcf5eee6e,page_5f3d01df38c9e46fb247ec80293b433e8dd648377bee761f6cfbdf17e974838b,document_af2edfaeec83e5e7215d4e1dda679e445428c350cb679fc78cf7219c4e8d5618,Kommissorialrätt_i_Stockholm_ang__trolldomsväsendet__nr_3__1676-1677_,R0001205,00155,dataset-rgb/Kommissorialrätt_i_Stockholm_ang__trolldomsväsendet__nr_3__1676-1677_/Kommissorialrätt_i_Stockholm_ang__trolldomsväsendet__nr_3__1676-1677__R0001205_00155.png,page_image_97e3cc00dfc3134d565c4c16fb36f9d3cf0d6eec1fe3d3fe3abf9ace347d8fcd,24873365,readable,PNG,4961,3944,1.2579,19566184,RGB,3,8,1.2712,False,False,,unique,,included,,Structurally difficult,"aspect ratio 1.2579 >= 1.15: double-page spread (two facing text blocks, central gutter, two independent reading orders)",,True,False,False,False,,False
dataset_f7dfd857275e7c253a5aba4730f93428121e5156bd4281c4101fd79514b0d8d9,dataset_version_a51bddcb369babc7d5f603d6c6a465de9505061bc876c2d3fdecdc2bcf5eee6e,page_28d0846c4e19e31e85efc81847a35ee6ed82892eb87ea3f312f9257e7a8a7667,document_af2edfaeec83e5e7215d4e1dda679e445428c350cb679fc78cf7219c4e8d5618,Kommissorialrätt_i_Stockholm_ang__trolldomsväsendet__nr_3__1676-1677_,R0001205,00161,dataset-rgb/Kommissorialrätt_i_Stockholm_ang__trolldomsväsendet__nr_3__1676-1677_/Kommissorialrätt_i_Stockholm_ang__trolldomsväsendet__nr_3__1676-1677__R0001205_00161.png,page_image_a32f58593760d61e2c3c435c819165907e5a2bb476430efd517539aa30196a31,23407920,readable,PNG,4918,3935,1.2498,19352330,RGB,3,8,1.2096,False,False,,unique,,included,,Structurally difficult,"aspect ratio 1.2498 >= 1.15: double-page spread (two facing text blocks, central gutter, two independent reading orders)",,True,False,False,False,,False
dataset_f7dfd857275e7c253a5aba4730f93428121e5156bd4281c4101fd79514b0d8d9,dataset_version_a51bddcb369babc7d5f603d6c6a465de9505061bc876c2d3fdecdc2bcf5eee6e,page_87df996c8a734785a62858b9c5598bf6f965aaeaa4bdc1cf20fcb00b6fd55682,document_cafe0c20570a89ddb22344721e5818bd369391b2b01c8dd03d40ce6ba8ebeecd,Kommissorialrätt_i_Stockholm_ang__trolldomsväsendet__nr_4__1676_,R0001206,00009,dataset-rgb/Kommissorialrätt_i_Stockholm_ang__trolldomsväsendet__nr_4__1676_/Kommissorialrätt_i_Stockholm_ang__trolldomsväsendet__nr_4__1676__R0001206_00009.png,page_image_b79f4d6a2a836e4ceda18c4bbff3e2d5cbfc75376937a9523b3c09c5bf2f6b83,25243489,readable,PNG,4933,3854,1.28,19011782,RGB,3,8,1.3278,False,False,,unique,,included,,Structurally difficult,"aspect ratio 1.28 >= 1.15: double-page spread (two facing text blocks, central gutter, two independent reading orders)",,True,False,False,False,,False
dataset_f7dfd857275e7c253a5aba4730f93428121e5156bd4281c4101fd79514b0d8d9,dataset_version_a51bddcb369babc7d5f603d6c6a465de9505061bc876c2d3fdecdc2bcf5eee6e,page_a8a6c953212383f3fbd4af95883f56ffab58b1f03cfe3c43e774ec2381ee2eef,document_cafe0c20570a89ddb22344721e5818bd369391b2b01c8dd03d40ce6ba8ebeecd,Kommissorialrätt_i_Stockholm_ang__trolldomsväsendet__nr_4__1676_,R0001206,00011,dataset-rgb/Kommissorialrätt_i_Stockholm_ang__trolldomsväsendet__nr_4__1676_/Kommissorialrätt_i_Stockholm_ang__trolldomsväsendet__nr_4__1676__R0001206_00011.png,page_image_84e613cae6398deaea104c1c2e0a181b12383b6a367965cd29fc1a9fc3db5bd5,24947904,readable,PNG,4936,3857,1.2798,19038152,RGB,3,8,1.3104,False,False,,unique,,included,,Structurally difficult,"aspect ratio 1.2798 >= 1.15: double-page spread (two facing text blocks, central gutter, two independent reading orders)",,True,False,False,False,,False
dataset_f7dfd857275e7c253a5aba4730f93428121e5156bd4281c4101fd79514b0d8d9,dataset_version_a51bddcb369babc7d5f603d6c6a465de9505061bc876c2d3fdecdc2bcf5eee6e,page_50073b75c402221e0ba9e930c77d151e625126e4a6099c0ba19a9308b2102332,document_cafe0c20570a89ddb22344721e5818bd369391b2b01c8dd03d40ce6ba8ebeecd,Kommissorialrätt_i_Stockholm_ang__trolldomsväsendet__nr_4__1676_,R0001206,00012,dataset-rgb/Kommissorialrätt_i_Stockholm_ang__trolldomsväsendet__nr_4__1676_/Kommissorialrätt_i_Stockholm_ang__trolldomsväsendet__nr_4__1676__R0001206_00012.png,page_image_0d3ce538d8464c526f6a1fa1a4f27576abe2bc4995dc81ad5bae1e9a318a088d,24965535,readable,PNG,4940,3837,1.2875,18954780,RGB,3,8,1.3171,False,False,,unique,,included,,Structurally difficult,"aspect ratio 1.2875 >= 1.15: double-page spread (two facing text blocks, central gutter, two independent reading orders)",,True,False,False,False,,False
dataset_f7dfd857275e7c253a5aba4730f93428121e5156bd4281c4101fd79514b0d8d9,dataset_version_a51bddcb369babc7d5f603d6c6a465de9505061bc876c2d3fdecdc2bcf5eee6e,page_0e77a6f1fe74e916a96e930cef105c6fadd9173951a70ddba433e7b99cc34f85,document_cafe0c20570a89ddb22344721e5818bd369391b2b01c8dd03d40ce6ba8ebeecd,Kommissorialrätt_i_Stockholm_ang__trolldomsväsendet__nr_4__1676_,R0001206,00013,dataset-rgb/Kommissorialrätt_i_Stockholm_ang__trolldomsväsendet__nr_4__1676_/Kommissorialrätt_i_Stockholm_ang__trolldomsväsendet__nr_4__1676__R0001206_00013.png,page_image_9aabad2398313276891a8755d5e90b199d31e63b2bdfc658e8c63d631ec223cf,25002684,readable,PNG,4937,3840,1.2857,18958080,RGB,3,8,1.3188,False,False,,unique,,included,,Structurally difficult,"aspect ratio 1.2857 >= 1.15: double-page spread (two facing text blocks, central gutter, two independent reading orders)",,True,False,False,False,,True
dataset_f7dfd857275e7c253a5aba4730f93428121e5156bd4281c4101fd79514b0d8d9,dataset_version_a51bddcb369babc7d5f603d6c6a465de9505061bc876c2d3fdecdc2bcf5eee6e,page_ba0b771b24143913a3afc7902c3b404e0bfae24167a5a7e21bf76df66fa6f84a,document_cafe0c20570a89ddb22344721e5818bd369391b2b01c8dd03d40ce6ba8ebeecd,Kommissorialrätt_i_Stockholm_ang__trolldomsväsendet__nr_4__1676_,R0001206,00014,dataset-rgb/Kommissorialrätt_i_Stockholm_ang__trolldomsväsendet__nr_4__1676_/Kommissorialrätt_i_Stockholm_ang__trolldomsväsendet__nr_4__1676__R0001206_00014.png,page_image_dbe0b95f711ebd5ccc4b2b93dc5b8158661defd59ceb202715a8a48daa89ebd3,24531160,readable,PNG,4965,3882,1.279,19274130,RGB,3,8,1.2728,False,False,,unique,,included,,Structurally difficult,"aspect ratio 1.279 >= 1.15: double-page spread (two facing text blocks, central gutter, two independent reading orders)",,True,False,False,False,,False
dataset_f7dfd857275e7c253a5aba4730f93428121e5156bd4281c4101fd79514b0d8d9,dataset_version_a51bddcb369babc7d5f603d6c6a465de9505061bc876c2d3fdecdc2bcf5eee6e,page_ef0c2698d825be874095dca3a9cc05e838a80f708e5ec869197d65564209795a,document_cafe0c20570a89ddb22344721e5818bd369391b2b01c8dd03d40ce6ba8ebeecd,Kommissorialrätt_i_Stockholm_ang__trolldomsväsendet__nr_4__1676_,R0001206,00015,dataset-rgb/Kommissorialrätt_i_Stockholm_ang__trolldomsväsendet__nr_4__1676_/Kommissorialrätt_i_Stockholm_ang__trolldomsväsendet__nr_4__1676__R0001206_00015.png,page_image_7cdd195f295bdb3b5c0c925937b103d5dc91a39f8963bf56c1b4c0af57cdfa18,23610217,readable,PNG,4999,3876,1.2897,19376124,RGB,3,8,1.2185,False,False,,unique,,included,,Structurally difficult,"aspect ratio 1.2897 >= 1.15: double-page spread (two facing text blocks, central gutter, two independent reading orders)",,True,False,False,False,,False
dataset_f7dfd857275e7c253a5aba4730f93428121e5156bd4281c4101fd79514b0d8d9,dataset_version_a51bddcb369babc7d5f603d6c6a465de9505061bc876c2d3fdecdc2bcf5eee6e,page_ec9e8c2dfd237e32ba2a92a92090dcf0ff7fbe926b96ff9196c25910df449e99,document_cafe0c20570a89ddb22344721e5818bd369391b2b01c8dd03d40ce6ba8ebeecd,Kommissorialrätt_i_Stockholm_ang__trolldomsväsendet__nr_4__1676_,R0001206,00022,dataset-rgb/Kommissorialrätt_i_Stockholm_ang__trolldomsväsendet__nr_4__1676_/Kommissorialrätt_i_Stockholm_ang__trolldomsväsendet__nr_4__1676__R0001206_00022.png,page_image_b88eafc22779100adc7a694a8c0dd68a7637a06081a0d3169d5cb27ea979cab3,25203392,readable,PNG,4994,3861,1.2934,19281834,RGB,3,8,1.3071,False,False,,unique,,included,,Structurally difficult,"aspect ratio 1.2934 >= 1.15: double-page spread (two facing text blocks, central gutter, two independent reading orders)",,True,False,False,False,,True
dataset_f7dfd857275e7c253a5aba4730f93428121e5156bd4281c4101fd79514b0d8d9,dataset_version_a51bddcb369babc7d5f603d6c6a465de9505061bc876c2d3fdecdc2bcf5eee6e,page_179383781a06374cf4f5bde994dd7ce2e4d89e3173a001c8698ed707dd019f65,document_cafe0c20570a89ddb22344721e5818bd369391b2b01c8dd03d40ce6ba8ebeecd,Kommissorialrätt_i_Stockholm_ang__trolldomsväsendet__nr_4__1676_,R0001206,00023,dataset-rgb/Kommissorialrätt_i_Stockholm_ang__trolldomsväsendet__nr_4__1676_/Kommissorialrätt_i_Stockholm_ang__trolldomsväsendet__nr_4__1676__R0001206_00023.png,page_image_32a2104ce60f774e0a82b2af1dee805bc0ed09540db18074e78337d624e449e7,23863305,readable,PNG,4995,3869,1.291,19325655,RGB,3,8,1.2348,False,False,,unique,,included,,Structurally difficult,"aspect ratio 1.291 >= 1.15: double-page spread (two facing text blocks, central gutter, two independent reading orders)",,True,False,False,False,,False
dataset_f7dfd857275e7c253a5aba4730f93428121e5156bd4281c4101fd79514b0d8d9,dataset_version_a51bddcb369babc7d5f603d6c6a465de9505061bc876c2d3fdecdc2bcf5eee6e,page_d6b01a2b758772488ee17a502797205ead561e64fefc91579337e714ba034fe7,document_cafe0c20570a89ddb22344721e5818bd369391b2b01c8dd03d40ce6ba8ebeecd,Kommissorialrätt_i_Stockholm_ang__trolldomsväsendet__nr_4__1676_,R0001206,00024,dataset-rgb/Kommissorialrätt_i_Stockholm_ang__trolldomsväsendet__nr_4__1676_/Kommissorialrätt_i_Stockholm_ang__trolldomsväsendet__nr_4__1676__R0001206_00024.png,page_image_2f8570fd29ba26e1d0f05a71f60d5ef159db527bad20fd4b15876f042bcafd33,23738425,readable,PNG,4942,3855,1.282,19051410,RGB,3,8,1.246,False,False,,unique,,included,,Structurally difficult,"aspect ratio 1.282 >= 1.15: double-page spread (two facing text blocks, central gutter, two independent reading orders)",,True,False,False,False,,False
dataset_f7dfd857275e7c253a5aba4730f93428121e5156bd4281c4101fd79514b0d8d9,dataset_version_a51bddcb369babc7d5f603d6c6a465de9505061bc876c2d3fdecdc2bcf5eee6e,page_a317422c76fac56790bbdda6d5b944f73ef2226e4b6fb13046488086f1200488,document_cafe0c20570a89ddb22344721e5818bd369391b2b01c8dd03d40ce6ba8ebeecd,Kommissorialrätt_i_Stockholm_ang__trolldomsväsendet__nr_4__1676_,R0001206,00036,dataset-rgb/Kommissorialrätt_i_Stockholm_ang__trolldomsväsendet__nr_4__1676_/Kommissorialrätt_i_Stockholm_ang__trolldomsväsendet__nr_4__1676__R0001206_00036.png,page_image_1fcf54cdec6ed220143a52d647102c8e6c5270d300e8986d4cb6d67f9e82c493,25276212,readable,PNG,4873,3818,1.2763,18605114,RGB,3,8,1.3586,False,False,,unique,,included,,Structurally difficult,"aspect ratio 1.2763 >= 1.15: double-page spread (two facing text blocks, central gutter, two independent reading orders)",,True,False,False,False,,False
dataset_f7dfd857275e7c253a5aba4730f93428121e5156bd4281c4101fd79514b0d8d9,dataset_version_a51bddcb369babc7d5f603d6c6a465de9505061bc876c2d3fdecdc2bcf5eee6e,page_3073f96bb9c328744a3586b65711315344cc821fd75321ba1b282e390e3b945b,document_cafe0c20570a89ddb22344721e5818bd369391b2b01c8dd03d40ce6ba8ebeecd,Kommissorialrätt_i_Stockholm_ang__trolldomsväsendet__nr_4__1676_,R0001206,00037,dataset-rgb/Kommissorialrätt_i_Stockholm_ang__trolldomsväsendet__nr_4__1676_/Kommissorialrätt_i_Stockholm_ang__trolldomsväsendet__nr_4__1676__R0001206_00037.png,page_image_cfcc212818f92fc8843fd81283ec5fc58118113e343aa901781a2639a27f7f7f,24920076,readable,PNG,4877,3820,1.2767,18630140,RGB,3,8,1.3376,False,False,,unique,,included,,Structurally difficult,"aspect ratio 1.2767 >= 1.15: double-page spread (two facing text blocks, central gutter, two independent reading orders)",,True,False,False,False,,False
dataset_f7dfd857275e7c253a5aba4730f93428121e5156bd4281c4101fd79514b0d8d9,dataset_version_a51bddcb369babc7d5f603d6c6a465de9505061bc876c2d3fdecdc2bcf5eee6e,page_a4b7fdb368874747f0e603aa6ef5b4f87018b4f5e257b4e54cf1942357656e74,document_cafe0c20570a89ddb22344721e5818bd369391b2b01c8dd03d40ce6ba8ebeecd,Kommissorialrätt_i_Stockholm_ang__trolldomsväsendet__nr_4__1676_,R0001206,00038,dataset-rgb/Kommissorialrätt_i_Stockholm_ang__trolldomsväsendet__nr_4__1676_/Kommissorialrätt_i_Stockholm_ang__trolldomsväsendet__nr_4__1676__R0001206_00038.png,page_image_763fac05bce3a43be8f5c7a3381967b4788101852b55330d86bf267b152e9e72,25319517,readable,PNG,4877,3821,1.2764,18635017,RGB,3,8,1.3587,False,False,,unique,,included,,Structurally difficult,"aspect ratio 1.2764 >= 1.15: double-page spread (two facing text blocks, central gutter, two independent reading orders)",,True,False,False,False,,False
dataset_f7dfd857275e7c253a5aba4730f93428121e5156bd4281c4101fd79514b0d8d9,dataset_version_a51bddcb369babc7d5f603d6c6a465de9505061bc876c2d3fdecdc2bcf5eee6e,page_6dfa0737dbc8024e193272e5fb2c57776b3acede91c8f3e591aac4e8a117e5a4,document_cafe0c20570a89ddb22344721e5818bd369391b2b01c8dd03d40ce6ba8ebeecd,Kommissorialrätt_i_Stockholm_ang__trolldomsväsendet__nr_4__1676_,R0001206,00039,dataset-rgb/Kommissorialrätt_i_Stockholm_ang__trolldomsväsendet__nr_4__1676_/Kommissorialrätt_i_Stockholm_ang__trolldomsväsendet__nr_4__1676__R0001206_00039.png,page_image_471f375e0e77d854103848596ab0a64ec936971df8b689f56ea04f09d0381aeb,24974595,readable,PNG,4879,3817,1.2782,18623143,RGB,3,8,1.3411,False,False,,unique,,included,,Structurally difficult,"aspect ratio 1.2782 >= 1.15: double-page spread (two facing text blocks, central gutter, two independent reading orders)",,True,False,False,False,,False
dataset_f7dfd857275e7c253a5aba4730f93428121e5156bd4281c4101fd79514b0d8d9,dataset_version_a51bddcb369babc7d5f603d6c6a465de9505061bc876c2d3fdecdc2bcf5eee6e,page_b89e51ed5eed938abf65868bd652902417cccad113d7622a97f570bef536925a,document_cafe0c20570a89ddb22344721e5818bd369391b2b01c8dd03d40ce6ba8ebeecd,Kommissorialrätt_i_Stockholm_ang__trolldomsväsendet__nr_4__1676_,R0001206,00040,dataset-rgb/Kommissorialrätt_i_Stockholm_ang__trolldomsväsendet__nr_4__1676_/Kommissorialrätt_i_Stockholm_ang__trolldomsväsendet__nr_4__1676__R0001206_00040.png,page_image_db00766018f559cbcf555f4322e66c851085d89378d6d8a354cd646830309844,25185365,readable,PNG,4885,3816,1.2801,18641160,RGB,3,8,1.3511,False,False,,unique,,included,,Structurally difficult,"aspect ratio 1.2801 >= 1.15: double-page spread (two facing text blocks, central gutter, two independent reading orders)",,True,False,False,False,,False
dataset_f7dfd857275e7c253a5aba4730f93428121e5156bd4281c4101fd79514b0d8d9,dataset_version_a51bddcb369babc7d5f603d6c6a465de9505061bc876c2d3fdecdc2bcf5eee6e,page_ad7cbed6cdefe45602911f416cf89f39590ec7358926ce61a4ccd3af8a54cb03,document_cafe0c20570a89ddb22344721e5818bd369391b2b01c8dd03d40ce6ba8ebeecd,Kommissorialrätt_i_Stockholm_ang__trolldomsväsendet__nr_4__1676_,R0001206,00041,dataset-rgb/Kommissorialrätt_i_Stockholm_ang__trolldomsväsendet__nr_4__1676_/Kommissorialrätt_i_Stockholm_ang__trolldomsväsendet__nr_4__1676__R0001206_00041.png,page_image_32ccff80487d281f01993d2b2b62bf9b20c4768d8741f8b3a3247a701f6d3bf6,25635229,readable,PNG,4961,3887,1.2763,19283407,RGB,3,8,1.3294,False,False,,unique,,included,,Structurally difficult,"aspect ratio 1.2763 >= 1.15: double-page spread (two facing text blocks, central gutter, two independent reading orders)",,True,False,False,False,,False
dataset_f7dfd857275e7c253a5aba4730f93428121e5156bd4281c4101fd79514b0d8d9,dataset_version_a51bddcb369babc7d5f603d6c6a465de9505061bc876c2d3fdecdc2bcf5eee6e,page_c21c9227639902fb8cd7120ad032bcb5b25919472858938a3e04cb9a75df46c9,document_cafe0c20570a89ddb22344721e5818bd369391b2b01c8dd03d40ce6ba8ebeecd,Kommissorialrätt_i_Stockholm_ang__trolldomsväsendet__nr_4__1676_,R0001206,00045,dataset-rgb/Kommissorialrätt_i_Stockholm_ang__trolldomsväsendet__nr_4__1676_/Kommissorialrätt_i_Stockholm_ang__trolldomsväsendet__nr_4__1676__R0001206_00045.png,page_image_e0409303a0ca6c233081281d0ce38b6c2335bbbdfe7cd420e0e3a08eb28326b3,24892017,readable,PNG,4984,3889,1.2816,19382776,RGB,3,8,1.2842,False,False,,unique,,included,,Structurally difficult,"aspect ratio 1.2816 >= 1.15: double-page spread (two facing text blocks, central gutter, two independent reading orders)",,True,False,False,False,,False
dataset_f7dfd857275e7c253a5aba4730f93428121e5156bd4281c4101fd79514b0d8d9,dataset_version_a51bddcb369babc7d5f603d6c6a465de9505061bc876c2d3fdecdc2bcf5eee6e,page_c066092b9784d84514496db4b9373489c717be2ef970c99bbcfeed13ad9df037,document_cafe0c20570a89ddb22344721e5818bd369391b2b01c8dd03d40ce6ba8ebeecd,Kommissorialrätt_i_Stockholm_ang__trolldomsväsendet__nr_4__1676_,R0001206,00051,dataset-rgb/Kommissorialrätt_i_Stockholm_ang__trolldomsväsendet__nr_4__1676_/Kommissorialrätt_i_Stockholm_ang__trolldomsväsendet__nr_4__1676__R0001206_00051.png,page_image_9b70b7b68d61bbed5e53ee3643e66cda8878c0b593b4aee419dc64017efe9ac4,25267404,readable,PNG,4989,3898,1.2799,19447122,RGB,3,8,1.2993,False,False,,unique,,included,,Structurally difficult,"aspect ratio 1.2799 >= 1.15: double-page spread (two facing text blocks, central gutter, two independent reading orders)",,True,False,False,False,,False
dataset_f7dfd857275e7c253a5aba4730f93428121e5156bd4281c4101fd79514b0d8d9,dataset_version_a51bddcb369babc7d5f603d6c6a465de9505061bc876c2d3fdecdc2bcf5eee6e,page_a200b6aa90cac4aaa1cffa6358396a4e5c15e43846d7e68f74fb16cc1c49f4b6,document_cafe0c20570a89ddb22344721e5818bd369391b2b01c8dd03d40ce6ba8ebeecd,Kommissorialrätt_i_Stockholm_ang__trolldomsväsendet__nr_4__1676_,R0001206,00052,dataset-rgb/Kommissorialrätt_i_Stockholm_ang__trolldomsväsendet__nr_4__1676_/Kommissorialrätt_i_Stockholm_ang__trolldomsväsendet__nr_4__1676__R0001206_00052.png,page_image_7df3f72d34a7495588c4a317b6ffe2d818f62e9f7f4525f3014bda79d1090fa5,25289836,readable,PNG,4990,3890,1.2828,19411100,RGB,3,8,1.3029,False,False,,unique,,included,,Structurally difficult,"aspect ratio 1.2828 >= 1.15: double-page spread (two facing text blocks, central gutter, two independent reading orders)",,True,False,False,False,,False
dataset_f7dfd857275e7c253a5aba4730f93428121e5156bd4281c4101fd79514b0d8d9,dataset_version_a51bddcb369babc7d5f603d6c6a465de9505061bc876c2d3fdecdc2bcf5eee6e,page_ce27a23e3ced90c188bad2f79e07f565312dc91940cf29b042ebb6170dc7a35c,document_97aaaba7d87445ba6b84d3e1d03b389eb2ef1ca5a639f8b6e63cdcf490528632,Kommissorialrätt_i_Stockholm_ang__trolldomsväsendet__nr_5__1676_,R0001207,00003,dataset-rgb/Kommissorialrätt_i_Stockholm_ang__trolldomsväsendet__nr_5__1676_/Kommissorialrätt_i_Stockholm_ang__trolldomsväsendet__nr_5__1676__R0001207_00003.png,page_image_13cd67f1fd87f57c1bc79268ae179bf6ce91899151c5b8e1fff3c0b67e34dfbf,12442572,readable,PNG,2507,3811,0.6578,9554177,RGB,3,8,1.3023,False,False,,unique,,included,,Ordinary,"single-page portrait raster with no detected technical anomaly; note that structural difficulty beyond page-spread geometry (dense marginalia, tables, multi-column layout, insertions, damage) is NOT automatically detectable without a layout model and is explicitly out of scope for this pass -- this page may be reclassified 'Structurally difficult' by supervised human correction",,False,False,False,False,,True
dataset_f7dfd857275e7c253a5aba4730f93428121e5156bd4281c4101fd79514b0d8d9,dataset_version_a51bddcb369babc7d5f603d6c6a465de9505061bc876c2d3fdecdc2bcf5eee6e,page_1ac3a87f9336c42fc68fdf7640be8f3ba81473b9cba21bb2dc2bdd15a8919f1d,document_97aaaba7d87445ba6b84d3e1d03b389eb2ef1ca5a639f8b6e63cdcf490528632,Kommissorialrätt_i_Stockholm_ang__trolldomsväsendet__nr_5__1676_,R0001207,00004,dataset-rgb/Kommissorialrätt_i_Stockholm_ang__trolldomsväsendet__nr_5__1676_/Kommissorialrätt_i_Stockholm_ang__trolldomsväsendet__nr_5__1676__R0001207_00004.png,page_image_eb0d63bc71cd11f0df0654a5493e0ee7b85f12796970f8c92a3ad2f2f25cc08c,24148177,readable,PNG,4964,3818,1.3002,18952552,RGB,3,8,1.2741,False,False,,unique,,included,,Structurally difficult,"aspect ratio 1.3002 >= 1.15: double-page spread (two facing text blocks, central gutter, two independent reading orders)",,True,False,False,False,,False
dataset_f7dfd857275e7c253a5aba4730f93428121e5156bd4281c4101fd79514b0d8d9,dataset_version_a51bddcb369babc7d5f603d6c6a465de9505061bc876c2d3fdecdc2bcf5eee6e,page_2bb529328e81c5550b75caeb988d8e7a9005fb5fae99de04911ce578958f6e18,document_97aaaba7d87445ba6b84d3e1d03b389eb2ef1ca5a639f8b6e63cdcf490528632,Kommissorialrätt_i_Stockholm_ang__trolldomsväsendet__nr_5__1676_,R0001207,00006,dataset-rgb/Kommissorialrätt_i_Stockholm_ang__trolldomsväsendet__nr_5__1676_/Kommissorialrätt_i_Stockholm_ang__trolldomsväsendet__nr_5__1676__R0001207_00006.png,page_image_cbce08915fcbb487a373abdb85bd9b264ace5269b853db4c8155778b5df484b8,25392205,readable,PNG,4994,3819,1.3077,19072086,RGB,3,8,1.3314,False,False,,unique,,included,,Structurally difficult,"aspect ratio 1.3077 >= 1.15: double-page spread (two facing text blocks, central gutter, two independent reading orders)",,True,False,False,False,,False
dataset_f7dfd857275e7c253a5aba4730f93428121e5156bd4281c4101fd79514b0d8d9,dataset_version_a51bddcb369babc7d5f603d6c6a465de9505061bc876c2d3fdecdc2bcf5eee6e,page_6c75954551497def5e0a2f240bdbd22b057a2eab893bbf39f23d18accb050c76,document_97aaaba7d87445ba6b84d3e1d03b389eb2ef1ca5a639f8b6e63cdcf490528632,Kommissorialrätt_i_Stockholm_ang__trolldomsväsendet__nr_5__1676_,R0001207,00007,dataset-rgb/Kommissorialrätt_i_Stockholm_ang__trolldomsväsendet__nr_5__1676_/Kommissorialrätt_i_Stockholm_ang__trolldomsväsendet__nr_5__1676__R0001207_00007.png,page_image_0b7dc4377248b3df21baeae0cd672851a3e5e4a161bdbeeee66c5340ba6fc164,24889087,readable,PNG,4949,3813,1.2979,18870537,RGB,3,8,1.3189,False,False,,unique,,included,,Structurally difficult,"aspect ratio 1.2979 >= 1.15: double-page spread (two facing text blocks, central gutter, two independent reading orders)",,True,False,False,False,,False
dataset_f7dfd857275e7c253a5aba4730f93428121e5156bd4281c4101fd79514b0d8d9,dataset_version_a51bddcb369babc7d5f603d6c6a465de9505061bc876c2d3fdecdc2bcf5eee6e,page_01ffb82362bd1df91c25c6841190f3093f941109d95fadda48ec4b4cd8973a2a,document_97aaaba7d87445ba6b84d3e1d03b389eb2ef1ca5a639f8b6e63cdcf490528632,Kommissorialrätt_i_Stockholm_ang__trolldomsväsendet__nr_5__1676_,R0001207,00019,dataset-rgb/Kommissorialrätt_i_Stockholm_ang__trolldomsväsendet__nr_5__1676_/Kommissorialrätt_i_Stockholm_ang__trolldomsväsendet__nr_5__1676__R0001207_00019.png,page_image_90d23997ad5ba819494c5fcdfe01cb7191e229edb559f92f7e498866682155f0,26257802,readable,PNG,5121,3871,1.3229,19823391,RGB,3,8,1.3246,False,False,,unique,,included,,Structurally difficult,"aspect ratio 1.3229 >= 1.15: double-page spread (two facing text blocks, central gutter, two independent reading orders)",,True,False,False,False,,False
dataset_f7dfd857275e7c253a5aba4730f93428121e5156bd4281c4101fd79514b0d8d9,dataset_version_a51bddcb369babc7d5f603d6c6a465de9505061bc876c2d3fdecdc2bcf5eee6e,page_74f89ddaddd59a8b595e4e21aa9d71fbf00aabebb0edcd7fb8b37956d0b88755,document_97aaaba7d87445ba6b84d3e1d03b389eb2ef1ca5a639f8b6e63cdcf490528632,Kommissorialrätt_i_Stockholm_ang__trolldomsväsendet__nr_5__1676_,R0001207,00020,dataset-rgb/Kommissorialrätt_i_Stockholm_ang__trolldomsväsendet__nr_5__1676_/Kommissorialrätt_i_Stockholm_ang__trolldomsväsendet__nr_5__1676__R0001207_00020.png,page_image_12ed4079b9f6aa211929b034083dd1ab46d97196369924845a53608846e3a555,26977576,readable,PNG,5107,3967,1.2874,20259469,RGB,3,8,1.3316,False,False,,unique,,included,,Structurally difficult,"aspect ratio 1.2874 >= 1.15: double-page spread (two facing text blocks, central gutter, two independent reading orders)",,True,False,False,False,,False
dataset_f7dfd857275e7c253a5aba4730f93428121e5156bd4281c4101fd79514b0d8d9,dataset_version_a51bddcb369babc7d5f603d6c6a465de9505061bc876c2d3fdecdc2bcf5eee6e,page_cece0d467aa873a2190b6084a31354fa91bc438ffca36f0ea9b4fe782f0bdecb,document_97aaaba7d87445ba6b84d3e1d03b389eb2ef1ca5a639f8b6e63cdcf490528632,Kommissorialrätt_i_Stockholm_ang__trolldomsväsendet__nr_5__1676_,R0001207,00021,dataset-rgb/Kommissorialrätt_i_Stockholm_ang__trolldomsväsendet__nr_5__1676_/Kommissorialrätt_i_Stockholm_ang__trolldomsväsendet__nr_5__1676__R0001207_00021.png,page_image_d57d75a1448f0c99a7137605eb75ceacfdc56263f6dec4f4b0534a63bf67b79f,27206394,readable,PNG,5110,3970,1.2872,20286700,RGB,3,8,1.3411,False,False,,unique,,included,,Structurally difficult,"aspect ratio 1.2872 >= 1.15: double-page spread (two facing text blocks, central gutter, two independent reading orders)",,True,False,False,False,,False
dataset_f7dfd857275e7c253a5aba4730f93428121e5156bd4281c4101fd79514b0d8d9,dataset_version_a51bddcb369babc7d5f603d6c6a465de9505061bc876c2d3fdecdc2bcf5eee6e,page_654e5214fa769692ab374e75c3cead5aaf3613f805401fb3ae562af72041a46b,document_97aaaba7d87445ba6b84d3e1d03b389eb2ef1ca5a639f8b6e63cdcf490528632,Kommissorialrätt_i_Stockholm_ang__trolldomsväsendet__nr_5__1676_,R0001207,00022,dataset-rgb/Kommissorialrätt_i_Stockholm_ang__trolldomsväsendet__nr_5__1676_/Kommissorialrätt_i_Stockholm_ang__trolldomsväsendet__nr_5__1676__R0001207_00022.png,page_image_0942eadcab7d8a14d153c381006f203ac4b513146f328ec0c3223c747c8a44ff,26139904,readable,PNG,4932,3852,1.2804,18998064,RGB,3,8,1.3759,False,False,,unique,,included,,Structurally difficult,"aspect ratio 1.2804 >= 1.15: double-page spread (two facing text blocks, central gutter, two independent reading orders)",,True,False,False,False,,False
dataset_f7dfd857275e7c253a5aba4730f93428121e5156bd4281c4101fd79514b0d8d9,dataset_version_a51bddcb369babc7d5f603d6c6a465de9505061bc876c2d3fdecdc2bcf5eee6e,page_522d56f46c09cd6e5914ddd5a133066deca937f8b46be53bf19e53410da42154,document_97aaaba7d87445ba6b84d3e1d03b389eb2ef1ca5a639f8b6e63cdcf490528632,Kommissorialrätt_i_Stockholm_ang__trolldomsväsendet__nr_5__1676_,R0001207,00023,dataset-rgb/Kommissorialrätt_i_Stockholm_ang__trolldomsväsendet__nr_5__1676_/Kommissorialrätt_i_Stockholm_ang__trolldomsväsendet__nr_5__1676__R0001207_00023.png,page_image_32ffcc3afed03751e98b4787c545d3558a0f6a77882b9ffe7a8a73b62626d8da,26176527,readable,PNG,4930,3851,1.2802,18985430,RGB,3,8,1.3788,False,False,,unique,,included,,Structurally difficult,"aspect ratio 1.2802 >= 1.15: double-page spread (two facing text blocks, central gutter, two independent reading orders)",,True,False,False,False,,False
dataset_f7dfd857275e7c253a5aba4730f93428121e5156bd4281c4101fd79514b0d8d9,dataset_version_a51bddcb369babc7d5f603d6c6a465de9505061bc876c2d3fdecdc2bcf5eee6e,page_5e222e471db8347f528a2ff243463e81cd13b2053d602d8ea5f9f6bb0d67d9d1,document_97aaaba7d87445ba6b84d3e1d03b389eb2ef1ca5a639f8b6e63cdcf490528632,Kommissorialrätt_i_Stockholm_ang__trolldomsväsendet__nr_5__1676_,R0001207,00024,dataset-rgb/Kommissorialrätt_i_Stockholm_ang__trolldomsväsendet__nr_5__1676_/Kommissorialrätt_i_Stockholm_ang__trolldomsväsendet__nr_5__1676__R0001207_00024.png,page_image_9d2cf023a7efe088441c0b25c3685be810f7ec0a521f3b2e8cfd8077008fa346,26284115,readable,PNG,4923,3843,1.281,18919089,RGB,3,8,1.3893,False,False,,unique,,included,,Structurally difficult,"aspect ratio 1.281 >= 1.15: double-page spread (two facing text blocks, central gutter, two independent reading orders)",,True,False,False,False,,False
dataset_f7dfd857275e7c253a5aba4730f93428121e5156bd4281c4101fd79514b0d8d9,dataset_version_a51bddcb369babc7d5f603d6c6a465de9505061bc876c2d3fdecdc2bcf5eee6e,page_7ad62af6deff6f6ddf6558fd0a73539b88cc2121f61eabdadace57cb81840961,document_97aaaba7d87445ba6b84d3e1d03b389eb2ef1ca5a639f8b6e63cdcf490528632,Kommissorialrätt_i_Stockholm_ang__trolldomsväsendet__nr_5__1676_,R0001207,00025,dataset-rgb/Kommissorialrätt_i_Stockholm_ang__trolldomsväsendet__nr_5__1676_/Kommissorialrätt_i_Stockholm_ang__trolldomsväsendet__nr_5__1676__R0001207_00025.png,page_image_62e5e70d3154f2482e954d9677ed6b3320ed3b0bd31a63d3752e59b4f7dc3938,26293134,readable,PNG,4924,3865,1.274,19031260,RGB,3,8,1.3816,False,False,,unique,,included,,Structurally difficult,"aspect ratio 1.274 >= 1.15: double-page spread (two facing text blocks, central gutter, two independent reading orders)",,True,False,False,False,,False
dataset_f7dfd857275e7c253a5aba4730f93428121e5156bd4281c4101fd79514b0d8d9,dataset_version_a51bddcb369babc7d5f603d6c6a465de9505061bc876c2d3fdecdc2bcf5eee6e,page_c7577897b4e7f1f77e2626b25f96ba41b91be9f4d058d3f11da6406e6f770a2f,document_97aaaba7d87445ba6b84d3e1d03b389eb2ef1ca5a639f8b6e63cdcf490528632,Kommissorialrätt_i_Stockholm_ang__trolldomsväsendet__nr_5__1676_,R0001207,00026,dataset-rgb/Kommissorialrätt_i_Stockholm_ang__trolldomsväsendet__nr_5__1676_/Kommissorialrätt_i_Stockholm_ang__trolldomsväsendet__nr_5__1676__R0001207_00026.png,page_image_d87a460a3d5cd1b142f4a420012a8d672b908fbe713730c42bb4032b75d094e2,25576211,readable,PNG,4883,3862,1.2644,18858146,RGB,3,8,1.3562,False,False,,unique,,included,,Structurally difficult,"aspect ratio 1.2644 >= 1.15: double-page spread (two facing text blocks, central gutter, two independent reading orders)",,True,False,False,False,,False
dataset_f7dfd857275e7c253a5aba4730f93428121e5156bd4281c4101fd79514b0d8d9,dataset_version_a51bddcb369babc7d5f603d6c6a465de9505061bc876c2d3fdecdc2bcf5eee6e,page_79050f2a9e0117f16b7e171d58676babe9ea3195f02b5f13ea60aac592aa85b5,document_97aaaba7d87445ba6b84d3e1d03b389eb2ef1ca5a639f8b6e63cdcf490528632,Kommissorialrätt_i_Stockholm_ang__trolldomsväsendet__nr_5__1676_,R0001207,00027,dataset-rgb/Kommissorialrätt_i_Stockholm_ang__trolldomsväsendet__nr_5__1676_/Kommissorialrätt_i_Stockholm_ang__trolldomsväsendet__nr_5__1676__R0001207_00027.png,page_image_809162ff00d90000f1d998c2c5b88551b924655af8c5d8beb0f9889c95773c64,25704499,readable,PNG,4912,3848,1.2765,18901376,RGB,3,8,1.3599,False,False,,unique,,included,,Structurally difficult,"aspect ratio 1.2765 >= 1.15: double-page spread (two facing text blocks, central gutter, two independent reading orders)",,True,False,False,False,,False
dataset_f7dfd857275e7c253a5aba4730f93428121e5156bd4281c4101fd79514b0d8d9,dataset_version_a51bddcb369babc7d5f603d6c6a465de9505061bc876c2d3fdecdc2bcf5eee6e,page_5152cceed3991c2ed096fc7f3ab2c527cb628ce0833b3eecd169819c502f577b,document_97aaaba7d87445ba6b84d3e1d03b389eb2ef1ca5a639f8b6e63cdcf490528632,Kommissorialrätt_i_Stockholm_ang__trolldomsväsendet__nr_5__1676_,R0001207,00028,dataset-rgb/Kommissorialrätt_i_Stockholm_ang__trolldomsväsendet__nr_5__1676_/Kommissorialrätt_i_Stockholm_ang__trolldomsväsendet__nr_5__1676__R0001207_00028.png,page_image_605e7c89fc92b1677f5bf6fb0554b18535fcf50bf08e832d7e87b78d880e76bc,25473401,readable,PNG,4890,3851,1.2698,18831390,RGB,3,8,1.3527,False,False,,unique,,included,,Structurally difficult,"aspect ratio 1.2698 >= 1.15: double-page spread (two facing text blocks, central gutter, two independent reading orders)",,True,False,False,False,,False
dataset_f7dfd857275e7c253a5aba4730f93428121e5156bd4281c4101fd79514b0d8d9,dataset_version_a51bddcb369babc7d5f603d6c6a465de9505061bc876c2d3fdecdc2bcf5eee6e,page_317837c0cbb38073e1f4de2dee5176967e5ad00092b3ba33ee0a602ff3ce7779,document_97aaaba7d87445ba6b84d3e1d03b389eb2ef1ca5a639f8b6e63cdcf490528632,Kommissorialrätt_i_Stockholm_ang__trolldomsväsendet__nr_5__1676_,R0001207,00029,dataset-rgb/Kommissorialrätt_i_Stockholm_ang__trolldomsväsendet__nr_5__1676_/Kommissorialrätt_i_Stockholm_ang__trolldomsväsendet__nr_5__1676__R0001207_00029.png,page_image_5b523b808ee604c7edf9b97303c6f5d15c6364bc74226f2f6606152e4218263a,25653643,readable,PNG,4902,3849,1.2736,18867798,RGB,3,8,1.3597,False,False,,unique,,included,,Structurally difficult,"aspect ratio 1.2736 >= 1.15: double-page spread (two facing text blocks, central gutter, two independent reading orders)",,True,False,False,False,,False
dataset_f7dfd857275e7c253a5aba4730f93428121e5156bd4281c4101fd79514b0d8d9,dataset_version_a51bddcb369babc7d5f603d6c6a465de9505061bc876c2d3fdecdc2bcf5eee6e,page_d3652f13465f37fd88318ed3b08ecffe540122d4ee6120e3297e1cacc55d0639,document_97aaaba7d87445ba6b84d3e1d03b389eb2ef1ca5a639f8b6e63cdcf490528632,Kommissorialrätt_i_Stockholm_ang__trolldomsväsendet__nr_5__1676_,R0001207,00030,dataset-rgb/Kommissorialrätt_i_Stockholm_ang__trolldomsväsendet__nr_5__1676_/Kommissorialrätt_i_Stockholm_ang__trolldomsväsendet__nr_5__1676__R0001207_00030.png,page_image_db80f7bdd01666bcc3fb1d9878fd88a91c05d45157781edbc145d2b73edb9299,25451492,readable,PNG,4913,3855,1.2744,18939615,RGB,3,8,1.3438,False,False,,unique,,included,,Structurally difficult,"aspect ratio 1.2744 >= 1.15: double-page spread (two facing text blocks, central gutter, two independent reading orders)",,True,False,False,False,,False
dataset_f7dfd857275e7c253a5aba4730f93428121e5156bd4281c4101fd79514b0d8d9,dataset_version_a51bddcb369babc7d5f603d6c6a465de9505061bc876c2d3fdecdc2bcf5eee6e,page_23e7c92ce65bfbe0e004bf94098dc25c074f4be4a0b40d61e108d3c9c5fe2a4d,document_97aaaba7d87445ba6b84d3e1d03b389eb2ef1ca5a639f8b6e63cdcf490528632,Kommissorialrätt_i_Stockholm_ang__trolldomsväsendet__nr_5__1676_,R0001207,00031,dataset-rgb/Kommissorialrätt_i_Stockholm_ang__trolldomsväsendet__nr_5__1676_/Kommissorialrätt_i_Stockholm_ang__trolldomsväsendet__nr_5__1676__R0001207_00031.png,page_image_f304a886473d951d50e0c4566dfb5f0d7482785bd418278137884b3276ca7a7f,25506243,readable,PNG,4911,3850,1.2756,18907350,RGB,3,8,1.349,False,False,,unique,,included,,Structurally difficult,"aspect ratio 1.2756 >= 1.15: double-page spread (two facing text blocks, central gutter, two independent reading orders)",,True,False,False,False,,False
dataset_f7dfd857275e7c253a5aba4730f93428121e5156bd4281c4101fd79514b0d8d9,dataset_version_a51bddcb369babc7d5f603d6c6a465de9505061bc876c2d3fdecdc2bcf5eee6e,page_6424ab8561cdb46564878a3915d8c1b7abee6c6fb170d5b555422e70a4a4f3be,document_97aaaba7d87445ba6b84d3e1d03b389eb2ef1ca5a639f8b6e63cdcf490528632,Kommissorialrätt_i_Stockholm_ang__trolldomsväsendet__nr_5__1676_,R0001207,00032,dataset-rgb/Kommissorialrätt_i_Stockholm_ang__trolldomsväsendet__nr_5__1676_/Kommissorialrätt_i_Stockholm_ang__trolldomsväsendet__nr_5__1676__R0001207_00032.png,page_image_e479bbf6ccf4c07e5064e30d39bc4e42a003d6381be567ef6c7a6388d148df90,26012339,readable,PNG,4931,3856,1.2788,19013936,RGB,3,8,1.3681,False,False,,unique,,included,,Structurally difficult,"aspect ratio 1.2788 >= 1.15: double-page spread (two facing text blocks, central gutter, two independent reading orders)",,True,False,False,False,,False
dataset_f7dfd857275e7c253a5aba4730f93428121e5156bd4281c4101fd79514b0d8d9,dataset_version_a51bddcb369babc7d5f603d6c6a465de9505061bc876c2d3fdecdc2bcf5eee6e,page_00c9a2e877ee8fb3147ab32dd4d69ddcd447b89fe3aa5a51c0a40a877ee8cc87,document_97aaaba7d87445ba6b84d3e1d03b389eb2ef1ca5a639f8b6e63cdcf490528632,Kommissorialrätt_i_Stockholm_ang__trolldomsväsendet__nr_5__1676_,R0001207,00033,dataset-rgb/Kommissorialrätt_i_Stockholm_ang__trolldomsväsendet__nr_5__1676_/Kommissorialrätt_i_Stockholm_ang__trolldomsväsendet__nr_5__1676__R0001207_00033.png,page_image_a4da0fd8a1c88213c02dbef7f0e5bd57e762e7bc20348c7b0fccc6b24f831295,26736796,readable,PNG,5014,3904,1.2843,19574656,RGB,3,8,1.3659,False,False,,unique,,included,,Structurally difficult,"aspect ratio 1.2843 >= 1.15: double-page spread (two facing text blocks, central gutter, two independent reading orders)",,True,False,False,False,,False
dataset_f7dfd857275e7c253a5aba4730f93428121e5156bd4281c4101fd79514b0d8d9,dataset_version_a51bddcb369babc7d5f603d6c6a465de9505061bc876c2d3fdecdc2bcf5eee6e,page_43378993456769821d71c30a5857f3e645000d42576ab593b238393502ef09b2,document_97aaaba7d87445ba6b84d3e1d03b389eb2ef1ca5a639f8b6e63cdcf490528632,Kommissorialrätt_i_Stockholm_ang__trolldomsväsendet__nr_5__1676_,R0001207,00034,dataset-rgb/Kommissorialrätt_i_Stockholm_ang__trolldomsväsendet__nr_5__1676_/Kommissorialrätt_i_Stockholm_ang__trolldomsväsendet__nr_5__1676__R0001207_00034.png,page_image_ea71793de7922bb17e78a69b4ddcd3ae21b6acc44fbdbfb0045db47c6fe11b6e,26957936,readable,PNG,5012,3833,1.3076,19210996,RGB,3,8,1.4033,False,False,,unique,,included,,Structurally difficult,"aspect ratio 1.3076 >= 1.15: double-page spread (two facing text blocks, central gutter, two independent reading orders)",,True,False,False,False,,False
dataset_f7dfd857275e7c253a5aba4730f93428121e5156bd4281c4101fd79514b0d8d9,dataset_version_a51bddcb369babc7d5f603d6c6a465de9505061bc876c2d3fdecdc2bcf5eee6e,page_edefd374fb9060731984ac4d0825365e0d86fe8572a79de1c90527c3a66b7e36,document_97aaaba7d87445ba6b84d3e1d03b389eb2ef1ca5a639f8b6e63cdcf490528632,Kommissorialrätt_i_Stockholm_ang__trolldomsväsendet__nr_5__1676_,R0001207,00036,dataset-rgb/Kommissorialrätt_i_Stockholm_ang__trolldomsväsendet__nr_5__1676_/Kommissorialrätt_i_Stockholm_ang__trolldomsväsendet__nr_5__1676__R0001207_00036.png,page_image_df9b356217aedbfb51e545c13f6f2aab4ee649ba48a094007ff07d63563e90a3,26170182,readable,PNG,4998,3857,1.2958,19277286,RGB,3,8,1.3576,False,False,,unique,,included,,Structurally difficult,"aspect ratio 1.2958 >= 1.15: double-page spread (two facing text blocks, central gutter, two independent reading orders)",,True,False,False,False,,False
dataset_f7dfd857275e7c253a5aba4730f93428121e5156bd4281c4101fd79514b0d8d9,dataset_version_a51bddcb369babc7d5f603d6c6a465de9505061bc876c2d3fdecdc2bcf5eee6e,page_7599fb2ff4b315fbe6e96aef580763030634500cbf87e9598800686a0a36efa1,document_97aaaba7d87445ba6b84d3e1d03b389eb2ef1ca5a639f8b6e63cdcf490528632,Kommissorialrätt_i_Stockholm_ang__trolldomsväsendet__nr_5__1676_,R0001207,00037,dataset-rgb/Kommissorialrätt_i_Stockholm_ang__trolldomsväsendet__nr_5__1676_/Kommissorialrätt_i_Stockholm_ang__trolldomsväsendet__nr_5__1676__R0001207_00037.png,page_image_b51f7938026999f24fc65b29f9cda3f26bd63fd1c8a8665e4b9e3369c1a3470f,26782365,readable,PNG,4997,3855,1.2962,19263435,RGB,3,8,1.3903,False,False,,unique,,included,,Structurally difficult,"aspect ratio 1.2962 >= 1.15: double-page spread (two facing text blocks, central gutter, two independent reading orders)",,True,False,False,False,,False
dataset_f7dfd857275e7c253a5aba4730f93428121e5156bd4281c4101fd79514b0d8d9,dataset_version_a51bddcb369babc7d5f603d6c6a465de9505061bc876c2d3fdecdc2bcf5eee6e,page_5af82c44da1347ba920d6638120aae0325ea1f4a31e4ec73d4adef20d8ea0d2f,document_97aaaba7d87445ba6b84d3e1d03b389eb2ef1ca5a639f8b6e63cdcf490528632,Kommissorialrätt_i_Stockholm_ang__trolldomsväsendet__nr_5__1676_,R0001207,00038,dataset-rgb/Kommissorialrätt_i_Stockholm_ang__trolldomsväsendet__nr_5__1676_/Kommissorialrätt_i_Stockholm_ang__trolldomsväsendet__nr_5__1676__R0001207_00038.png,page_image_9073c1c25587517475b598baff8832ea066e180ccd546025ac57f3a33561861a,26374352,readable,PNG,4967,3906,1.2716,19401102,RGB,3,8,1.3594,False,False,,unique,,included,,Structurally difficult,"aspect ratio 1.2716 >= 1.15: double-page spread (two facing text blocks, central gutter, two independent reading orders)",,True,False,False,False,,False
dataset_f7dfd857275e7c253a5aba4730f93428121e5156bd4281c4101fd79514b0d8d9,dataset_version_a51bddcb369babc7d5f603d6c6a465de9505061bc876c2d3fdecdc2bcf5eee6e,page_7e55a46bdb22480ebf1a705b05ee7ae19751660a7a5c182f794610699017da8e,document_97aaaba7d87445ba6b84d3e1d03b389eb2ef1ca5a639f8b6e63cdcf490528632,Kommissorialrätt_i_Stockholm_ang__trolldomsväsendet__nr_5__1676_,R0001207,00039,dataset-rgb/Kommissorialrätt_i_Stockholm_ang__trolldomsväsendet__nr_5__1676_/Kommissorialrätt_i_Stockholm_ang__trolldomsväsendet__nr_5__1676__R0001207_00039.png,page_image_64f7a8664b7a17d52aec0b6cf63ea6a54abc5211aab3e9f508aacf9b15f5b288,26439222,readable,PNG,4967,3901,1.2733,19376267,RGB,3,8,1.3645,False,False,,unique,,included,,Structurally difficult,"aspect ratio 1.2733 >= 1.15: double-page spread (two facing text blocks, central gutter, two independent reading orders)",,True,False,False,False,,False
dataset_f7dfd857275e7c253a5aba4730f93428121e5156bd4281c4101fd79514b0d8d9,dataset_version_a51bddcb369babc7d5f603d6c6a465de9505061bc876c2d3fdecdc2bcf5eee6e,page_b15dcf40b4956333824d154c5cdb8bcf3b2e8246871b9e9b7d0985982a75e9da,document_97aaaba7d87445ba6b84d3e1d03b389eb2ef1ca5a639f8b6e63cdcf490528632,Kommissorialrätt_i_Stockholm_ang__trolldomsväsendet__nr_5__1676_,R0001207,00040,dataset-rgb/Kommissorialrätt_i_Stockholm_ang__trolldomsväsendet__nr_5__1676_/Kommissorialrätt_i_Stockholm_ang__trolldomsväsendet__nr_5__1676__R0001207_00040.png,page_image_d29d7735d81ab2269bfe1cfd78eb5cfbc3211d56da8c177c60cea885eeb1887a,26343466,readable,PNG,4965,3897,1.2741,19348605,RGB,3,8,1.3615,False,False,,unique,,included,,Structurally difficult,"aspect ratio 1.2741 >= 1.15: double-page spread (two facing text blocks, central gutter, two independent reading orders)",,True,False,False,False,,True
dataset_f7dfd857275e7c253a5aba4730f93428121e5156bd4281c4101fd79514b0d8d9,dataset_version_a51bddcb369babc7d5f603d6c6a465de9505061bc876c2d3fdecdc2bcf5eee6e,page_6f6c86f653e6dbb7f85dd2f726ebeca266ad02df2b6e9a8462fa83b2891f3b51,document_97aaaba7d87445ba6b84d3e1d03b389eb2ef1ca5a639f8b6e63cdcf490528632,Kommissorialrätt_i_Stockholm_ang__trolldomsväsendet__nr_5__1676_,R0001207,00041,dataset-rgb/Kommissorialrätt_i_Stockholm_ang__trolldomsväsendet__nr_5__1676_/Kommissorialrätt_i_Stockholm_ang__trolldomsväsendet__nr_5__1676__R0001207_00041.png,page_image_a1355999e8f18cf7a2038fb0e58f58f41b8a45567ad4adbb02fa8d6b634d8e56,26627935,readable,PNG,4966,3894,1.2753,19337604,RGB,3,8,1.377,False,False,,unique,,included,,Structurally difficult,"aspect ratio 1.2753 >= 1.15: double-page spread (two facing text blocks, central gutter, two independent reading orders)",,True,False,False,False,,False
dataset_f7dfd857275e7c253a5aba4730f93428121e5156bd4281c4101fd79514b0d8d9,dataset_version_a51bddcb369babc7d5f603d6c6a465de9505061bc876c2d3fdecdc2bcf5eee6e,page_602ba701e252087331f88009abb6d9dfc82b41825508c2b10c8b26088c3c90ec,document_97aaaba7d87445ba6b84d3e1d03b389eb2ef1ca5a639f8b6e63cdcf490528632,Kommissorialrätt_i_Stockholm_ang__trolldomsväsendet__nr_5__1676_,R0001207,00042,dataset-rgb/Kommissorialrätt_i_Stockholm_ang__trolldomsväsendet__nr_5__1676_/Kommissorialrätt_i_Stockholm_ang__trolldomsväsendet__nr_5__1676__R0001207_00042.png,page_image_f47e7a0c3c143eeee521bf3f2e88b43491ede0df52cf083778393b30b2c08930,26432553,readable,PNG,4964,3892,1.2754,19319888,RGB,3,8,1.3682,False,False,,unique,,included,,Structurally difficult,"aspect ratio 1.2754 >= 1.15: double-page spread (two facing text blocks, central gutter, two independent reading orders)",,True,False,False,False,,False
dataset_f7dfd857275e7c253a5aba4730f93428121e5156bd4281c4101fd79514b0d8d9,dataset_version_a51bddcb369babc7d5f603d6c6a465de9505061bc876c2d3fdecdc2bcf5eee6e,page_5211f335ffd41ef1d52e038b78fcd08092a3f40428af51a86a939fefaa9d010c,document_97aaaba7d87445ba6b84d3e1d03b389eb2ef1ca5a639f8b6e63cdcf490528632,Kommissorialrätt_i_Stockholm_ang__trolldomsväsendet__nr_5__1676_,R0001207,00043,dataset-rgb/Kommissorialrätt_i_Stockholm_ang__trolldomsväsendet__nr_5__1676_/Kommissorialrätt_i_Stockholm_ang__trolldomsväsendet__nr_5__1676__R0001207_00043.png,page_image_71e0a5887f6959c1366a25dfcb7a5a6c675a9715eb310dc802a72b73a3c5fa6f,26488734,readable,PNG,4968,3886,1.2784,19305648,RGB,3,8,1.3721,False,False,,unique,,included,,Structurally difficult,"aspect ratio 1.2784 >= 1.15: double-page spread (two facing text blocks, central gutter, two independent reading orders)",,True,False,False,False,,False
dataset_f7dfd857275e7c253a5aba4730f93428121e5156bd4281c4101fd79514b0d8d9,dataset_version_a51bddcb369babc7d5f603d6c6a465de9505061bc876c2d3fdecdc2bcf5eee6e,page_b11e96aa0b6581c9e20f5f4e8f350c378bd15598457d34c06c7e096c919b5730,document_97aaaba7d87445ba6b84d3e1d03b389eb2ef1ca5a639f8b6e63cdcf490528632,Kommissorialrätt_i_Stockholm_ang__trolldomsväsendet__nr_5__1676_,R0001207,00044,dataset-rgb/Kommissorialrätt_i_Stockholm_ang__trolldomsväsendet__nr_5__1676_/Kommissorialrätt_i_Stockholm_ang__trolldomsväsendet__nr_5__1676__R0001207_00044.png,page_image_bff9fe9f2c1351b2929348001ad576957b84f0a99ad002ef21918a0a578dc354,26425536,readable,PNG,4968,3884,1.2791,19295712,RGB,3,8,1.3695,False,False,,unique,,included,,Structurally difficult,"aspect ratio 1.2791 >= 1.15: double-page spread (two facing text blocks, central gutter, two independent reading orders)",,True,False,False,False,,False
dataset_f7dfd857275e7c253a5aba4730f93428121e5156bd4281c4101fd79514b0d8d9,dataset_version_a51bddcb369babc7d5f603d6c6a465de9505061bc876c2d3fdecdc2bcf5eee6e,page_244d548e13149a3f61976518d61f109491f1fc31eb725d833e2cc8fbf88918e0,document_97aaaba7d87445ba6b84d3e1d03b389eb2ef1ca5a639f8b6e63cdcf490528632,Kommissorialrätt_i_Stockholm_ang__trolldomsväsendet__nr_5__1676_,R0001207,00045,dataset-rgb/Kommissorialrätt_i_Stockholm_ang__trolldomsväsendet__nr_5__1676_/Kommissorialrätt_i_Stockholm_ang__trolldomsväsendet__nr_5__1676__R0001207_00045.png,page_image_6213109e513208d08f95fba64a8ec9cd3c01907e08d62807026759fab5fe3291,26776936,readable,PNG,4969,3881,1.2803,19284689,RGB,3,8,1.3885,False,False,,unique,,included,,Structurally difficult,"aspect ratio 1.2803 >= 1.15: double-page spread (two facing text blocks, central gutter, two independent reading orders)",,True,False,False,False,,True
dataset_f7dfd857275e7c253a5aba4730f93428121e5156bd4281c4101fd79514b0d8d9,dataset_version_a51bddcb369babc7d5f603d6c6a465de9505061bc876c2d3fdecdc2bcf5eee6e,page_90fba131fbc1747ad31d6f1361f266b879cd1bad8a4f6023f4c0920fbd817c96,document_97aaaba7d87445ba6b84d3e1d03b389eb2ef1ca5a639f8b6e63cdcf490528632,Kommissorialrätt_i_Stockholm_ang__trolldomsväsendet__nr_5__1676_,R0001207,00046,dataset-rgb/Kommissorialrätt_i_Stockholm_ang__trolldomsväsendet__nr_5__1676_/Kommissorialrätt_i_Stockholm_ang__trolldomsväsendet__nr_5__1676__R0001207_00046.png,page_image_5d65b87c3d2209e620ca39e93bf9bb8cbb63c48e3532d92b21c8f8a05152ac8c,26406486,readable,PNG,4969,3878,1.2813,19269782,RGB,3,8,1.3704,False,False,,unique,,included,,Structurally difficult,"aspect ratio 1.2813 >= 1.15: double-page spread (two facing text blocks, central gutter, two independent reading orders)",,True,False,False,False,,False
dataset_f7dfd857275e7c253a5aba4730f93428121e5156bd4281c4101fd79514b0d8d9,dataset_version_a51bddcb369babc7d5f603d6c6a465de9505061bc876c2d3fdecdc2bcf5eee6e,page_6bcd02e2d85fd26e2af592cff9bfec2cbdbf875b585e5bb91c35ac71910222ff,document_97aaaba7d87445ba6b84d3e1d03b389eb2ef1ca5a639f8b6e63cdcf490528632,Kommissorialrätt_i_Stockholm_ang__trolldomsväsendet__nr_5__1676_,R0001207,00047,dataset-rgb/Kommissorialrätt_i_Stockholm_ang__trolldomsväsendet__nr_5__1676_/Kommissorialrätt_i_Stockholm_ang__trolldomsväsendet__nr_5__1676__R0001207_00047.png,page_image_b889b8402a2d65247734799c0f61b310707a88183ff309fde12a066913c75378,26082107,readable,PNG,4968,3875,1.2821,19251000,RGB,3,8,1.3548,False,False,,unique,,included,,Structurally difficult,"aspect ratio 1.2821 >= 1.15: double-page spread (two facing text blocks, central gutter, two independent reading orders)",,True,False,False,False,,False
dataset_f7dfd857275e7c253a5aba4730f93428121e5156bd4281c4101fd79514b0d8d9,dataset_version_a51bddcb369babc7d5f603d6c6a465de9505061bc876c2d3fdecdc2bcf5eee6e,page_f52aca7baebda974889ad1be3aba4f007ff0f2aa0f839410e4fd2227700e038a,document_97aaaba7d87445ba6b84d3e1d03b389eb2ef1ca5a639f8b6e63cdcf490528632,Kommissorialrätt_i_Stockholm_ang__trolldomsväsendet__nr_5__1676_,R0001207,00048,dataset-rgb/Kommissorialrätt_i_Stockholm_ang__trolldomsväsendet__nr_5__1676_/Kommissorialrätt_i_Stockholm_ang__trolldomsväsendet__nr_5__1676__R0001207_00048.png,page_image_ee9c2fee2f713aaf0c10a42ac30e3baaec80b54a057debf9014e5ae36a357b72,26282437,readable,PNG,4962,3870,1.2822,19202940,RGB,3,8,1.3687,False,False,,unique,,included,,Structurally difficult,"aspect ratio 1.2822 >= 1.15: double-page spread (two facing text blocks, central gutter, two independent reading orders)",,True,False,False,False,,False
dataset_f7dfd857275e7c253a5aba4730f93428121e5156bd4281c4101fd79514b0d8d9,dataset_version_a51bddcb369babc7d5f603d6c6a465de9505061bc876c2d3fdecdc2bcf5eee6e,page_c856dc6ed89fa565b8f36bcb9e877872860b62edd07295ec09dfdf1445d4569e,document_97aaaba7d87445ba6b84d3e1d03b389eb2ef1ca5a639f8b6e63cdcf490528632,Kommissorialrätt_i_Stockholm_ang__trolldomsväsendet__nr_5__1676_,R0001207,00049,dataset-rgb/Kommissorialrätt_i_Stockholm_ang__trolldomsväsendet__nr_5__1676_/Kommissorialrätt_i_Stockholm_ang__trolldomsväsendet__nr_5__1676__R0001207_00049.png,page_image_aca6b79912a9f2bb7d12c3ea19fdaa8c3ee85700ed9b37af7c99fdcaaae2d1e6,26178520,readable,PNG,5015,3915,1.281,19633725,RGB,3,8,1.3333,False,False,,unique,,included,,Structurally difficult,"aspect ratio 1.281 >= 1.15: double-page spread (two facing text blocks, central gutter, two independent reading orders)",,True,False,False,False,,False
dataset_f7dfd857275e7c253a5aba4730f93428121e5156bd4281c4101fd79514b0d8d9,dataset_version_a51bddcb369babc7d5f603d6c6a465de9505061bc876c2d3fdecdc2bcf5eee6e,page_43e82ad98f4d1f4df702c17a9b98936e46fb630b8bb32f65d7e44d90a1dd1906,document_97aaaba7d87445ba6b84d3e1d03b389eb2ef1ca5a639f8b6e63cdcf490528632,Kommissorialrätt_i_Stockholm_ang__trolldomsväsendet__nr_5__1676_,R0001207,00050,dataset-rgb/Kommissorialrätt_i_Stockholm_ang__trolldomsväsendet__nr_5__1676_/Kommissorialrätt_i_Stockholm_ang__trolldomsväsendet__nr_5__1676__R0001207_00050.png,page_image_067aed45052f6c254f91737126518250de199c9861bbe69687bcd638acfe464a,26107737,readable,PNG,4988,3953,1.2618,19717564,RGB,3,8,1.3241,False,False,,unique,,included,,Structurally difficult,"aspect ratio 1.2618 >= 1.15: double-page spread (two facing text blocks, central gutter, two independent reading orders)",,True,False,False,False,,False
dataset_f7dfd857275e7c253a5aba4730f93428121e5156bd4281c4101fd79514b0d8d9,dataset_version_a51bddcb369babc7d5f603d6c6a465de9505061bc876c2d3fdecdc2bcf5eee6e,page_a48c355e1ec4f1e36926642263bdabd36317d09c19a523cd6879569e97ac8417,document_97aaaba7d87445ba6b84d3e1d03b389eb2ef1ca5a639f8b6e63cdcf490528632,Kommissorialrätt_i_Stockholm_ang__trolldomsväsendet__nr_5__1676_,R0001207,00051,dataset-rgb/Kommissorialrätt_i_Stockholm_ang__trolldomsväsendet__nr_5__1676_/Kommissorialrätt_i_Stockholm_ang__trolldomsväsendet__nr_5__1676__R0001207_00051.png,page_image_22d55e45f8cdc2fea3ab5c9603df6e956f21989b96d48f916b3f8b1aef23b607,23776059,readable,PNG,4946,3923,1.2608,19403158,RGB,3,8,1.2254,False,False,,unique,,included,,Structurally difficult,"aspect ratio 1.2608 >= 1.15: double-page spread (two facing text blocks, central gutter, two independent reading orders)",,True,False,False,False,,False
dataset_f7dfd857275e7c253a5aba4730f93428121e5156bd4281c4101fd79514b0d8d9,dataset_version_a51bddcb369babc7d5f603d6c6a465de9505061bc876c2d3fdecdc2bcf5eee6e,page_5c054a353c36a402ba7de7bf5bf7ac0148e86b708d8017793649b6db7d9f2efb,document_97aaaba7d87445ba6b84d3e1d03b389eb2ef1ca5a639f8b6e63cdcf490528632,Kommissorialrätt_i_Stockholm_ang__trolldomsväsendet__nr_5__1676_,R0001207,00082,dataset-rgb/Kommissorialrätt_i_Stockholm_ang__trolldomsväsendet__nr_5__1676_/Kommissorialrätt_i_Stockholm_ang__trolldomsväsendet__nr_5__1676__R0001207_00082.png,page_image_71259b069dd91348a2dde13b4a3f91387f06998db50a7f8792b5e1036152f091,25646544,readable,PNG,5147,3959,1.3001,20376973,RGB,3,8,1.2586,False,False,,unique,,included,,Structurally difficult,"aspect ratio 1.3001 >= 1.15: double-page spread (two facing text blocks, central gutter, two independent reading orders)",,True,False,False,False,,False
dataset_f7dfd857275e7c253a5aba4730f93428121e5156bd4281c4101fd79514b0d8d9,dataset_version_a51bddcb369babc7d5f603d6c6a465de9505061bc876c2d3fdecdc2bcf5eee6e,page_6c1ff2670c7b31b38d233d5b8bb1be4b0927b95c98e4fab8c299c1acfab7a41c,document_97aaaba7d87445ba6b84d3e1d03b389eb2ef1ca5a639f8b6e63cdcf490528632,Kommissorialrätt_i_Stockholm_ang__trolldomsväsendet__nr_5__1676_,R0001207,00085,dataset-rgb/Kommissorialrätt_i_Stockholm_ang__trolldomsväsendet__nr_5__1676_/Kommissorialrätt_i_Stockholm_ang__trolldomsväsendet__nr_5__1676__R0001207_00085.png,page_image_02c3207953cf3dce1892454cb161836d310d48cab66ee2ce33c0352cae76743d,23893243,readable,PNG,5153,3957,1.3022,20390421,RGB,3,8,1.1718,False,False,,unique,,included,,Structurally difficult,"aspect ratio 1.3022 >= 1.15: double-page spread (two facing text blocks, central gutter, two independent reading orders)",,True,False,False,False,,False
dataset_f7dfd857275e7c253a5aba4730f93428121e5156bd4281c4101fd79514b0d8d9,dataset_version_a51bddcb369babc7d5f603d6c6a465de9505061bc876c2d3fdecdc2bcf5eee6e,page_fb51ad830cd3f5019657c67f7ef6646837bd18ade47e6331e94efe30c66c9f04,document_97aaaba7d87445ba6b84d3e1d03b389eb2ef1ca5a639f8b6e63cdcf490528632,Kommissorialrätt_i_Stockholm_ang__trolldomsväsendet__nr_5__1676_,R0001207,00086,dataset-rgb/Kommissorialrätt_i_Stockholm_ang__trolldomsväsendet__nr_5__1676_/Kommissorialrätt_i_Stockholm_ang__trolldomsväsendet__nr_5__1676__R0001207_00086.png,page_image_54274a9877c117221f3d4399a83c7c75464d33a1f324c1290378966b7ddc1f36,25163672,readable,PNG,5167,3961,1.3045,20466487,RGB,3,8,1.2295,False,False,,unique,,included,,Structurally difficult,"aspect ratio 1.3045 >= 1.15: double-page spread (two facing text blocks, central gutter, two independent reading orders)",,True,False,False,False,,False
dataset_f7dfd857275e7c253a5aba4730f93428121e5156bd4281c4101fd79514b0d8d9,dataset_version_a51bddcb369babc7d5f603d6c6a465de9505061bc876c2d3fdecdc2bcf5eee6e,page_3b921589432b0e1c8fd8e3ff2e181ce11dcdccdb0142dde35b266c7e25a664bf,document_97aaaba7d87445ba6b84d3e1d03b389eb2ef1ca5a639f8b6e63cdcf490528632,Kommissorialrätt_i_Stockholm_ang__trolldomsväsendet__nr_5__1676_,R0001207,00087,dataset-rgb/Kommissorialrätt_i_Stockholm_ang__trolldomsväsendet__nr_5__1676_/Kommissorialrätt_i_Stockholm_ang__trolldomsväsendet__nr_5__1676__R0001207_00087.png,page_image_e40640f88d8c6a2aa11529c572cf6d9daf5aea0073dcf3c3163acbea06c68b1f,24050416,readable,PNG,5166,3963,1.3036,20472858,RGB,3,8,1.1747,False,False,,unique,,included,,Structurally difficult,"aspect ratio 1.3036 >= 1.15: double-page spread (two facing text blocks, central gutter, two independent reading orders)",,True,False,False,False,,False
dataset_f7dfd857275e7c253a5aba4730f93428121e5156bd4281c4101fd79514b0d8d9,dataset_version_a51bddcb369babc7d5f603d6c6a465de9505061bc876c2d3fdecdc2bcf5eee6e,page_8fe44962ddd4d7f48671539775479212920e4ad499ae5c0b10772f54546ac6b5,document_97aaaba7d87445ba6b84d3e1d03b389eb2ef1ca5a639f8b6e63cdcf490528632,Kommissorialrätt_i_Stockholm_ang__trolldomsväsendet__nr_5__1676_,R0001207,00088,dataset-rgb/Kommissorialrätt_i_Stockholm_ang__trolldomsväsendet__nr_5__1676_/Kommissorialrätt_i_Stockholm_ang__trolldomsväsendet__nr_5__1676__R0001207_00088.png,page_image_7bfcc59cb7ca7dce5e6b1bc2064a267c95df660b8cba12e3e02c082a01a4ed1b,24003436,readable,PNG,4965,3906,1.2711,19393290,RGB,3,8,1.2377,False,False,,unique,,included,,Structurally difficult,"aspect ratio 1.2711 >= 1.15: double-page spread (two facing text blocks, central gutter, two independent reading orders)",,True,False,False,False,,False
dataset_f7dfd857275e7c253a5aba4730f93428121e5156bd4281c4101fd79514b0d8d9,dataset_version_a51bddcb369babc7d5f603d6c6a465de9505061bc876c2d3fdecdc2bcf5eee6e,page_405aa76371b7a52a1c3ba459187ad62c686738d5d4fb445731512ad1dd66efcc,document_97aaaba7d87445ba6b84d3e1d03b389eb2ef1ca5a639f8b6e63cdcf490528632,Kommissorialrätt_i_Stockholm_ang__trolldomsväsendet__nr_5__1676_,R0001207,00089,dataset-rgb/Kommissorialrätt_i_Stockholm_ang__trolldomsväsendet__nr_5__1676_/Kommissorialrätt_i_Stockholm_ang__trolldomsväsendet__nr_5__1676__R0001207_00089.png,page_image_50af841a784ae70da15f6ff1606c168f2e2722184badccf5862c17c63758eca7,26952763,readable,PNG,4993,3931,1.2702,19627483,RGB,3,8,1.3732,False,False,,unique,,included,,Structurally difficult,"aspect ratio 1.2702 >= 1.15: double-page spread (two facing text blocks, central gutter, two independent reading orders)",,True,False,False,False,,False
dataset_f7dfd857275e7c253a5aba4730f93428121e5156bd4281c4101fd79514b0d8d9,dataset_version_a51bddcb369babc7d5f603d6c6a465de9505061bc876c2d3fdecdc2bcf5eee6e,page_82d807aba06b1964b7b916ea56708bef01d293ddc131f3712b64ce11ddb39d75,document_97aaaba7d87445ba6b84d3e1d03b389eb2ef1ca5a639f8b6e63cdcf490528632,Kommissorialrätt_i_Stockholm_ang__trolldomsväsendet__nr_5__1676_,R0001207,00090,dataset-rgb/Kommissorialrätt_i_Stockholm_ang__trolldomsväsendet__nr_5__1676_/Kommissorialrätt_i_Stockholm_ang__trolldomsväsendet__nr_5__1676__R0001207_00090.png,page_image_30257fc6c46e96c09691119634bece91a1bcd47641f8aed5ea049ecb8305a3c5,28679511,readable,PNG,5171,3904,1.3245,20187584,RGB,3,8,1.4207,False,False,,unique,,included,,Structurally difficult,"aspect ratio 1.3245 >= 1.15: double-page spread (two facing text blocks, central gutter, two independent reading orders); 1.4207 encoded bytes/pixel > 1.42: unusually high-entropy lossless raster (heavy grain, show-through or bleed-through)",,True,False,True,False,,False
dataset_f7dfd857275e7c253a5aba4730f93428121e5156bd4281c4101fd79514b0d8d9,dataset_version_a51bddcb369babc7d5f603d6c6a465de9505061bc876c2d3fdecdc2bcf5eee6e,page_db6538384c2f45a354319d843a060ce8e0a31512dfac7b4e2a8767d05e38d0da,document_97aaaba7d87445ba6b84d3e1d03b389eb2ef1ca5a639f8b6e63cdcf490528632,Kommissorialrätt_i_Stockholm_ang__trolldomsväsendet__nr_5__1676_,R0001207,00091,dataset-rgb/Kommissorialrätt_i_Stockholm_ang__trolldomsväsendet__nr_5__1676_/Kommissorialrätt_i_Stockholm_ang__trolldomsväsendet__nr_5__1676__R0001207_00091.png,page_image_cb4c4fcf5178fd23faa58fb9cebd73f01da104692cf0f72c3f2b756fd4ac6cf0,25078048,readable,PNG,5170,3906,1.3236,20194020,RGB,3,8,1.2419,False,False,,unique,,included,,Structurally difficult,"aspect ratio 1.3236 >= 1.15: double-page spread (two facing text blocks, central gutter, two independent reading orders)",,True,False,False,False,,False
dataset_f7dfd857275e7c253a5aba4730f93428121e5156bd4281c4101fd79514b0d8d9,dataset_version_a51bddcb369babc7d5f603d6c6a465de9505061bc876c2d3fdecdc2bcf5eee6e,page_53badbb6ea194d5ba1de57651f4bf74c71a5fd3c397fa85e298f264b47e5cfa7,document_97aaaba7d87445ba6b84d3e1d03b389eb2ef1ca5a639f8b6e63cdcf490528632,Kommissorialrätt_i_Stockholm_ang__trolldomsväsendet__nr_5__1676_,R0001207,00094,dataset-rgb/Kommissorialrätt_i_Stockholm_ang__trolldomsväsendet__nr_5__1676_/Kommissorialrätt_i_Stockholm_ang__trolldomsväsendet__nr_5__1676__R0001207_00094.png,page_image_f4328450c1ea17f3c506fc572dd3f852048da11fd2260f5915369226875474be,28532777,readable,PNG,5122,3911,1.3096,20032142,RGB,3,8,1.4243,False,False,,unique,,included,,Structurally difficult,"aspect ratio 1.3096 >= 1.15: double-page spread (two facing text blocks, central gutter, two independent reading orders); 1.4243 encoded bytes/pixel > 1.42: unusually high-entropy lossless raster (heavy grain, show-through or bleed-through)",,True,False,True,False,,False
dataset_f7dfd857275e7c253a5aba4730f93428121e5156bd4281c4101fd79514b0d8d9,dataset_version_a51bddcb369babc7d5f603d6c6a465de9505061bc876c2d3fdecdc2bcf5eee6e,page_edebb7aa422f92168cbbcb874dffedea0d1f51f23d35a4bcca388a9750ee4b5c,document_97aaaba7d87445ba6b84d3e1d03b389eb2ef1ca5a639f8b6e63cdcf490528632,Kommissorialrätt_i_Stockholm_ang__trolldomsväsendet__nr_5__1676_,R0001207,00100,dataset-rgb/Kommissorialrätt_i_Stockholm_ang__trolldomsväsendet__nr_5__1676_/Kommissorialrätt_i_Stockholm_ang__trolldomsväsendet__nr_5__1676__R0001207_00100.png,page_image_2d7cb1ae6b9172348fa34ab55c977a3d70e79c346d926eb26949e5968579a318,25406575,readable,PNG,5092,3898,1.3063,19848616,RGB,3,8,1.28,False,False,,unique,,included,,Structurally difficult,"aspect ratio 1.3063 >= 1.15: double-page spread (two facing text blocks, central gutter, two independent reading orders)",,True,False,False,False,,False
dataset_f7dfd857275e7c253a5aba4730f93428121e5156bd4281c4101fd79514b0d8d9,dataset_version_a51bddcb369babc7d5f603d6c6a465de9505061bc876c2d3fdecdc2bcf5eee6e,page_0cd6710b3adfb2a2777438332b9f368ece678e537ca8f230bb0f9d0cd1632f0e,document_97aaaba7d87445ba6b84d3e1d03b389eb2ef1ca5a639f8b6e63cdcf490528632,Kommissorialrätt_i_Stockholm_ang__trolldomsväsendet__nr_5__1676_,R0001207,00101,dataset-rgb/Kommissorialrätt_i_Stockholm_ang__trolldomsväsendet__nr_5__1676_/Kommissorialrätt_i_Stockholm_ang__trolldomsväsendet__nr_5__1676__R0001207_00101.png,page_image_fe4c8bd885bfc0016fe983e1a9dca0690b8c41803bdd8ad83b7c6251c68594f3,24996558,readable,PNG,5080,3890,1.3059,19761200,RGB,3,8,1.2649,False,False,,unique,,included,,Structurally difficult,"aspect ratio 1.3059 >= 1.15: double-page spread (two facing text blocks, central gutter, two independent reading orders)",,True,False,False,False,,False
dataset_f7dfd857275e7c253a5aba4730f93428121e5156bd4281c4101fd79514b0d8d9,dataset_version_a51bddcb369babc7d5f603d6c6a465de9505061bc876c2d3fdecdc2bcf5eee6e,page_69fdfcbe35ab5258e9579f3e8ff828f4bf199b9c73ade7c0f394ab549a270fbc,document_97aaaba7d87445ba6b84d3e1d03b389eb2ef1ca5a639f8b6e63cdcf490528632,Kommissorialrätt_i_Stockholm_ang__trolldomsväsendet__nr_5__1676_,R0001207,00102,dataset-rgb/Kommissorialrätt_i_Stockholm_ang__trolldomsväsendet__nr_5__1676_/Kommissorialrätt_i_Stockholm_ang__trolldomsväsendet__nr_5__1676__R0001207_00102.png,page_image_5bf41d67486fcdcf07a1e300217d11abb8ae53667ef926d2e5597be2a52f1eb5,25392986,readable,PNG,5077,3889,1.3055,19744453,RGB,3,8,1.2861,False,False,,unique,,included,,Structurally difficult,"aspect ratio 1.3055 >= 1.15: double-page spread (two facing text blocks, central gutter, two independent reading orders)",,True,False,False,False,,False
dataset_f7dfd857275e7c253a5aba4730f93428121e5156bd4281c4101fd79514b0d8d9,dataset_version_a51bddcb369babc7d5f603d6c6a465de9505061bc876c2d3fdecdc2bcf5eee6e,page_91169b09798cda20e253df262c623373272ae80ba72e9d2cf622760530800812,document_97aaaba7d87445ba6b84d3e1d03b389eb2ef1ca5a639f8b6e63cdcf490528632,Kommissorialrätt_i_Stockholm_ang__trolldomsväsendet__nr_5__1676_,R0001207,00103,dataset-rgb/Kommissorialrätt_i_Stockholm_ang__trolldomsväsendet__nr_5__1676_/Kommissorialrätt_i_Stockholm_ang__trolldomsväsendet__nr_5__1676__R0001207_00103.png,page_image_379402a747be7fd117f03769f4dabfca556a820ea30335138e8492c0e1a6ccfe,24761466,readable,PNG,5077,3898,1.3025,19790146,RGB,3,8,1.2512,False,False,,unique,,included,,Structurally difficult,"aspect ratio 1.3025 >= 1.15: double-page spread (two facing text blocks, central gutter, two independent reading orders)",,True,False,False,False,,False
dataset_f7dfd857275e7c253a5aba4730f93428121e5156bd4281c4101fd79514b0d8d9,dataset_version_a51bddcb369babc7d5f603d6c6a465de9505061bc876c2d3fdecdc2bcf5eee6e,page_2a79ab688cfad6c1880996aaac0c316b5e4c7c021b986a15ae5f97dfdc7e6d51,document_97aaaba7d87445ba6b84d3e1d03b389eb2ef1ca5a639f8b6e63cdcf490528632,Kommissorialrätt_i_Stockholm_ang__trolldomsväsendet__nr_5__1676_,R0001207,00104,dataset-rgb/Kommissorialrätt_i_Stockholm_ang__trolldomsväsendet__nr_5__1676_/Kommissorialrätt_i_Stockholm_ang__trolldomsväsendet__nr_5__1676__R0001207_00104.png,page_image_131b1a87381378734c7768a80d69204b69e4f86a6299df24e80cb55f47957cb4,25682721,readable,PNG,5064,3897,1.2995,19734408,RGB,3,8,1.3014,False,False,,unique,,included,,Structurally difficult,"aspect ratio 1.2995 >= 1.15: double-page spread (two facing text blocks, central gutter, two independent reading orders)",,True,False,False,False,,False
dataset_f7dfd857275e7c253a5aba4730f93428121e5156bd4281c4101fd79514b0d8d9,dataset_version_a51bddcb369babc7d5f603d6c6a465de9505061bc876c2d3fdecdc2bcf5eee6e,page_0186df0514cf7b5dfe6369db73b648c690f28079960c91e764b46f25352f834d,document_97aaaba7d87445ba6b84d3e1d03b389eb2ef1ca5a639f8b6e63cdcf490528632,Kommissorialrätt_i_Stockholm_ang__trolldomsväsendet__nr_5__1676_,R0001207,00105,dataset-rgb/Kommissorialrätt_i_Stockholm_ang__trolldomsväsendet__nr_5__1676_/Kommissorialrätt_i_Stockholm_ang__trolldomsväsendet__nr_5__1676__R0001207_00105.png,page_image_c32adbddcc691b2f9ff54e4fca4789202d493e6a277a08446a1efb21424872e6,26462665,readable,PNG,5054,3899,1.2962,19705546,RGB,3,8,1.3429,False,False,,unique,,included,,Structurally difficult,"aspect ratio 1.2962 >= 1.15: double-page spread (two facing text blocks, central gutter, two independent reading orders)",,True,False,False,False,,False
dataset_f7dfd857275e7c253a5aba4730f93428121e5156bd4281c4101fd79514b0d8d9,dataset_version_a51bddcb369babc7d5f603d6c6a465de9505061bc876c2d3fdecdc2bcf5eee6e,page_3051a1c11dca14da6c272192d630817539fe3c3032673c3973a66120401fd732,document_97aaaba7d87445ba6b84d3e1d03b389eb2ef1ca5a639f8b6e63cdcf490528632,Kommissorialrätt_i_Stockholm_ang__trolldomsväsendet__nr_5__1676_,R0001207,00106,dataset-rgb/Kommissorialrätt_i_Stockholm_ang__trolldomsväsendet__nr_5__1676_/Kommissorialrätt_i_Stockholm_ang__trolldomsväsendet__nr_5__1676__R0001207_00106.png,page_image_e6047b224364c89a886c68e9bb63d6012207d1d6a1507f58e0fa613282449442,26852500,readable,PNG,5056,3895,1.2981,19693120,RGB,3,8,1.3635,False,False,,unique,,included,,Structurally difficult,"aspect ratio 1.2981 >= 1.15: double-page spread (two facing text blocks, central gutter, two independent reading orders)",,True,False,False,False,,False
dataset_f7dfd857275e7c253a5aba4730f93428121e5156bd4281c4101fd79514b0d8d9,dataset_version_a51bddcb369babc7d5f603d6c6a465de9505061bc876c2d3fdecdc2bcf5eee6e,page_3987e136a62232050fcfc1e1be2473007828d3c18fcfd98f5d0206f609e6a780,document_97aaaba7d87445ba6b84d3e1d03b389eb2ef1ca5a639f8b6e63cdcf490528632,Kommissorialrätt_i_Stockholm_ang__trolldomsväsendet__nr_5__1676_,R0001207,00109,dataset-rgb/Kommissorialrätt_i_Stockholm_ang__trolldomsväsendet__nr_5__1676_/Kommissorialrätt_i_Stockholm_ang__trolldomsväsendet__nr_5__1676__R0001207_00109.png,page_image_f7aee4b0806391e437767b9e3c0948485612a913572d9886b14b45f47697c875,23858042,readable,PNG,5056,3889,1.3001,19662784,RGB,3,8,1.2134,False,False,,unique,,included,,Structurally difficult,"aspect ratio 1.3001 >= 1.15: double-page spread (two facing text blocks, central gutter, two independent reading orders)",,True,False,False,False,,False
dataset_f7dfd857275e7c253a5aba4730f93428121e5156bd4281c4101fd79514b0d8d9,dataset_version_a51bddcb369babc7d5f603d6c6a465de9505061bc876c2d3fdecdc2bcf5eee6e,page_861e35d0cfbf00d6b0ca272526099451f3c9aa9c9b3df95be187e750d6d6c031,document_97aaaba7d87445ba6b84d3e1d03b389eb2ef1ca5a639f8b6e63cdcf490528632,Kommissorialrätt_i_Stockholm_ang__trolldomsväsendet__nr_5__1676_,R0001207,00110,dataset-rgb/Kommissorialrätt_i_Stockholm_ang__trolldomsväsendet__nr_5__1676_/Kommissorialrätt_i_Stockholm_ang__trolldomsväsendet__nr_5__1676__R0001207_00110.png,page_image_1b1ed3fbfc326310dfb2765a258b2b362ef97c3e8d8e9460ada0af6ae83cc271,25060586,readable,PNG,5067,3885,1.3042,19685295,RGB,3,8,1.2731,False,False,,unique,,included,,Structurally difficult,"aspect ratio 1.3042 >= 1.15: double-page spread (two facing text blocks, central gutter, two independent reading orders)",,True,False,False,False,,False
dataset_f7dfd857275e7c253a5aba4730f93428121e5156bd4281c4101fd79514b0d8d9,dataset_version_a51bddcb369babc7d5f603d6c6a465de9505061bc876c2d3fdecdc2bcf5eee6e,page_7aafb1c4a4c895afbc07afd7271f729afdf65861bf6676f3973f8a208aedd2f5,document_97aaaba7d87445ba6b84d3e1d03b389eb2ef1ca5a639f8b6e63cdcf490528632,Kommissorialrätt_i_Stockholm_ang__trolldomsväsendet__nr_5__1676_,R0001207,00111,dataset-rgb/Kommissorialrätt_i_Stockholm_ang__trolldomsväsendet__nr_5__1676_/Kommissorialrätt_i_Stockholm_ang__trolldomsväsendet__nr_5__1676__R0001207_00111.png,page_image_7d18141ee8a5a732e83726eca009b2585f47b89b25b6a6e224774f2493d0fa26,24840217,readable,PNG,5074,3890,1.3044,19737860,RGB,3,8,1.2585,False,False,,unique,,included,,Structurally difficult,"aspect ratio 1.3044 >= 1.15: double-page spread (two facing text blocks, central gutter, two independent reading orders)",,True,False,False,False,,False
dataset_f7dfd857275e7c253a5aba4730f93428121e5156bd4281c4101fd79514b0d8d9,dataset_version_a51bddcb369babc7d5f603d6c6a465de9505061bc876c2d3fdecdc2bcf5eee6e,page_fa11ed7e8835761720489e3fbf45aea9f0623cc2ed8e7854608e655ea364f02b,document_97aaaba7d87445ba6b84d3e1d03b389eb2ef1ca5a639f8b6e63cdcf490528632,Kommissorialrätt_i_Stockholm_ang__trolldomsväsendet__nr_5__1676_,R0001207,00112,dataset-rgb/Kommissorialrätt_i_Stockholm_ang__trolldomsväsendet__nr_5__1676_/Kommissorialrätt_i_Stockholm_ang__trolldomsväsendet__nr_5__1676__R0001207_00112.png,page_image_677951e846f47c26e2ee535780a54850f2d1fd72030bd7ddb552d547862cd423,23369068,readable,PNG,5082,3894,1.3051,19789308,RGB,3,8,1.1809,False,False,,unique,,included,,Structurally difficult,"aspect ratio 1.3051 >= 1.15: double-page spread (two facing text blocks, central gutter, two independent reading orders)",,True,False,False,False,,False
dataset_f7dfd857275e7c253a5aba4730f93428121e5156bd4281c4101fd79514b0d8d9,dataset_version_a51bddcb369babc7d5f603d6c6a465de9505061bc876c2d3fdecdc2bcf5eee6e,page_0ec6f05514e77a8a90c6fc547e5ed88cdd163586cdba116c21b74d2568cb6bfe,document_97aaaba7d87445ba6b84d3e1d03b389eb2ef1ca5a639f8b6e63cdcf490528632,Kommissorialrätt_i_Stockholm_ang__trolldomsväsendet__nr_5__1676_,R0001207,00113,dataset-rgb/Kommissorialrätt_i_Stockholm_ang__trolldomsväsendet__nr_5__1676_/Kommissorialrätt_i_Stockholm_ang__trolldomsväsendet__nr_5__1676__R0001207_00113.png,page_image_f138fafa4ce8f9102733a2f201179566bae3b84c202f2eae2d8fa4ca9c820586,24282304,readable,PNG,4957,3898,1.2717,19322386,RGB,3,8,1.2567,False,False,,unique,,included,,Structurally difficult,"aspect ratio 1.2717 >= 1.15: double-page spread (two facing text blocks, central gutter, two independent reading orders)",,True,False,False,False,,False
dataset_f7dfd857275e7c253a5aba4730f93428121e5156bd4281c4101fd79514b0d8d9,dataset_version_a51bddcb369babc7d5f603d6c6a465de9505061bc876c2d3fdecdc2bcf5eee6e,page_d8680420b5effe3e206b13ea12a6e8032fba55a1442cfdbad2e455c62d12b894,document_97aaaba7d87445ba6b84d3e1d03b389eb2ef1ca5a639f8b6e63cdcf490528632,Kommissorialrätt_i_Stockholm_ang__trolldomsväsendet__nr_5__1676_,R0001207,00114,dataset-rgb/Kommissorialrätt_i_Stockholm_ang__trolldomsväsendet__nr_5__1676_/Kommissorialrätt_i_Stockholm_ang__trolldomsväsendet__nr_5__1676__R0001207_00114.png,page_image_7d50cb4a7a0ac56ee244ce16630f56f0caccba4c579711e61bae3699b490d307,24405481,readable,PNG,4957,3903,1.27,19347171,RGB,3,8,1.2614,False,False,,unique,,included,,Structurally difficult,"aspect ratio 1.27 >= 1.15: double-page spread (two facing text blocks, central gutter, two independent reading orders)",,True,False,False,False,,False
dataset_f7dfd857275e7c253a5aba4730f93428121e5156bd4281c4101fd79514b0d8d9,dataset_version_a51bddcb369babc7d5f603d6c6a465de9505061bc876c2d3fdecdc2bcf5eee6e,page_e0cdb634b93270a829e1f2ee57e8117ba6dbab90c41055656790446346c6513e,document_97aaaba7d87445ba6b84d3e1d03b389eb2ef1ca5a639f8b6e63cdcf490528632,Kommissorialrätt_i_Stockholm_ang__trolldomsväsendet__nr_5__1676_,R0001207,00115,dataset-rgb/Kommissorialrätt_i_Stockholm_ang__trolldomsväsendet__nr_5__1676_/Kommissorialrätt_i_Stockholm_ang__trolldomsväsendet__nr_5__1676__R0001207_00115.png,page_image_c239aa2113f14f33789efe4daf153f0fd1e0ced205fb8da72926c8bd89620642,24223273,readable,PNG,4958,3904,1.27,19356032,RGB,3,8,1.2515,False,False,,unique,,included,,Structurally difficult,"aspect ratio 1.27 >= 1.15: double-page spread (two facing text blocks, central gutter, two independent reading orders)",,True,False,False,False,,False
dataset_f7dfd857275e7c253a5aba4730f93428121e5156bd4281c4101fd79514b0d8d9,dataset_version_a51bddcb369babc7d5f603d6c6a465de9505061bc876c2d3fdecdc2bcf5eee6e,page_ae4f3cac93991a7290173d212f97ca14dd57c429885c98937840bc44fa7c9e2d,document_97aaaba7d87445ba6b84d3e1d03b389eb2ef1ca5a639f8b6e63cdcf490528632,Kommissorialrätt_i_Stockholm_ang__trolldomsväsendet__nr_5__1676_,R0001207,00116,dataset-rgb/Kommissorialrätt_i_Stockholm_ang__trolldomsväsendet__nr_5__1676_/Kommissorialrätt_i_Stockholm_ang__trolldomsväsendet__nr_5__1676__R0001207_00116.png,page_image_bc34645963a18a0f80953b11d6cebcc1c48cd29c77ab67794d3a14496503b10e,24338997,readable,PNG,4956,3913,1.2665,19392828,RGB,3,8,1.2551,False,False,,unique,,included,,Structurally difficult,"aspect ratio 1.2665 >= 1.15: double-page spread (two facing text blocks, central gutter, two independent reading orders)",,True,False,False,False,,False
dataset_f7dfd857275e7c253a5aba4730f93428121e5156bd4281c4101fd79514b0d8d9,dataset_version_a51bddcb369babc7d5f603d6c6a465de9505061bc876c2d3fdecdc2bcf5eee6e,page_191afcbba24b6978d63a204128964f31c58fe03824f60effd197b54b24f70995,document_97aaaba7d87445ba6b84d3e1d03b389eb2ef1ca5a639f8b6e63cdcf490528632,Kommissorialrätt_i_Stockholm_ang__trolldomsväsendet__nr_5__1676_,R0001207,00117,dataset-rgb/Kommissorialrätt_i_Stockholm_ang__trolldomsväsendet__nr_5__1676_/Kommissorialrätt_i_Stockholm_ang__trolldomsväsendet__nr_5__1676__R0001207_00117.png,page_image_ead84030cc05d31beb8697a6609d727c87b6b9407acf9eb43841367d1bc3e33d,24612829,readable,PNG,4959,3917,1.266,19424403,RGB,3,8,1.2671,False,False,,unique,,included,,Structurally difficult,"aspect ratio 1.266 >= 1.15: double-page spread (two facing text blocks, central gutter, two independent reading orders)",,True,False,False,False,,False
dataset_f7dfd857275e7c253a5aba4730f93428121e5156bd4281c4101fd79514b0d8d9,dataset_version_a51bddcb369babc7d5f603d6c6a465de9505061bc876c2d3fdecdc2bcf5eee6e,page_1f5293da619c5ca5f7e174f799c010a6b9b40ad5776c57ec4d5a3623d62eb64a,document_97aaaba7d87445ba6b84d3e1d03b389eb2ef1ca5a639f8b6e63cdcf490528632,Kommissorialrätt_i_Stockholm_ang__trolldomsväsendet__nr_5__1676_,R0001207,00118,dataset-rgb/Kommissorialrätt_i_Stockholm_ang__trolldomsväsendet__nr_5__1676_/Kommissorialrätt_i_Stockholm_ang__trolldomsväsendet__nr_5__1676__R0001207_00118.png,page_image_b91aae1f4fdd2367ca0889eb6a2d7fa45842d25655b7008c5d115b49a6c00e52,23124116,readable,PNG,4971,3920,1.2681,19486320,RGB,3,8,1.1867,False,False,,unique,,included,,Structurally difficult,"aspect ratio 1.2681 >= 1.15: double-page spread (two facing text blocks, central gutter, two independent reading orders)",,True,False,False,False,,False
dataset_f7dfd857275e7c253a5aba4730f93428121e5156bd4281c4101fd79514b0d8d9,dataset_version_a51bddcb369babc7d5f603d6c6a465de9505061bc876c2d3fdecdc2bcf5eee6e,page_d4441325d3a12cd9f7d7f5ecfa6f2806bef9e15ee156eee6969dbd23488efe4d,document_97aaaba7d87445ba6b84d3e1d03b389eb2ef1ca5a639f8b6e63cdcf490528632,Kommissorialrätt_i_Stockholm_ang__trolldomsväsendet__nr_5__1676_,R0001207,00120,dataset-rgb/Kommissorialrätt_i_Stockholm_ang__trolldomsväsendet__nr_5__1676_/Kommissorialrätt_i_Stockholm_ang__trolldomsväsendet__nr_5__1676__R0001207_00120.png,page_image_79f6f0e26c6473d8d2084357039eddba23869acba0190faa6d891e374d8ebdbb,24124624,readable,PNG,4963,3934,1.2616,19524442,RGB,3,8,1.2356,False,False,,unique,,included,,Structurally difficult,"aspect ratio 1.2616 >= 1.15: double-page spread (two facing text blocks, central gutter, two independent reading orders)",,True,False,False,False,,False
dataset_f7dfd857275e7c253a5aba4730f93428121e5156bd4281c4101fd79514b0d8d9,dataset_version_a51bddcb369babc7d5f603d6c6a465de9505061bc876c2d3fdecdc2bcf5eee6e,page_71b0e1d2bd0a8f42894c5ff8d3c50b524aa6684cd24fd9bff1aec530004b3132,document_97aaaba7d87445ba6b84d3e1d03b389eb2ef1ca5a639f8b6e63cdcf490528632,Kommissorialrätt_i_Stockholm_ang__trolldomsväsendet__nr_5__1676_,R0001207,00121,dataset-rgb/Kommissorialrätt_i_Stockholm_ang__trolldomsväsendet__nr_5__1676_/Kommissorialrätt_i_Stockholm_ang__trolldomsväsendet__nr_5__1676__R0001207_00121.png,page_image_ad513c19807b610fc64243c15a38088cb9cb54259d6efda5967bdd9502bcf9b9,26870992,readable,PNG,4974,3950,1.2592,19647300,RGB,3,8,1.3677,False,False,,unique,,included,,Structurally difficult,"aspect ratio 1.2592 >= 1.15: double-page spread (two facing text blocks, central gutter, two independent reading orders)",,True,False,False,False,,False
dataset_f7dfd857275e7c253a5aba4730f93428121e5156bd4281c4101fd79514b0d8d9,dataset_version_a51bddcb369babc7d5f603d6c6a465de9505061bc876c2d3fdecdc2bcf5eee6e,page_db319658eeb04ebff976e0e6ef4b6f3090895b21c3e5b08e297b3acc06e75b2b,document_97aaaba7d87445ba6b84d3e1d03b389eb2ef1ca5a639f8b6e63cdcf490528632,Kommissorialrätt_i_Stockholm_ang__trolldomsväsendet__nr_5__1676_,R0001207,00122,dataset-rgb/Kommissorialrätt_i_Stockholm_ang__trolldomsväsendet__nr_5__1676_/Kommissorialrätt_i_Stockholm_ang__trolldomsväsendet__nr_5__1676__R0001207_00122.png,page_image_156edec1367fd0d608f2068cc6865339e85e31077359198bdd33ba61c5f458bf,27153336,readable,PNG,4978,3955,1.2587,19687990,RGB,3,8,1.3792,False,False,,unique,,included,,Structurally difficult,"aspect ratio 1.2587 >= 1.15: double-page spread (two facing text blocks, central gutter, two independent reading orders)",,True,False,False,False,,False
dataset_f7dfd857275e7c253a5aba4730f93428121e5156bd4281c4101fd79514b0d8d9,dataset_version_a51bddcb369babc7d5f603d6c6a465de9505061bc876c2d3fdecdc2bcf5eee6e,page_b3f551e0cbf68aa9882e63065588ecfe3b51008732e9a7f4b60142757333ff01,document_97aaaba7d87445ba6b84d3e1d03b389eb2ef1ca5a639f8b6e63cdcf490528632,Kommissorialrätt_i_Stockholm_ang__trolldomsväsendet__nr_5__1676_,R0001207,00123,dataset-rgb/Kommissorialrätt_i_Stockholm_ang__trolldomsväsendet__nr_5__1676_/Kommissorialrätt_i_Stockholm_ang__trolldomsväsendet__nr_5__1676__R0001207_00123.png,page_image_60f25f4b7a38f77f70b93f3273dd819b046d1a9b87596e96b25714eb8cf5059d,25399779,readable,PNG,4976,3955,1.2582,19680080,RGB,3,8,1.2906,False,False,,unique,,included,,Structurally difficult,"aspect ratio 1.2582 >= 1.15: double-page spread (two facing text blocks, central gutter, two independent reading orders)",,True,False,False,False,,False
dataset_f7dfd857275e7c253a5aba4730f93428121e5156bd4281c4101fd79514b0d8d9,dataset_version_a51bddcb369babc7d5f603d6c6a465de9505061bc876c2d3fdecdc2bcf5eee6e,page_cf41f8ae88f29cfdc10973075b82bac73f714690698ef2f882c65437a61afa52,document_97aaaba7d87445ba6b84d3e1d03b389eb2ef1ca5a639f8b6e63cdcf490528632,Kommissorialrätt_i_Stockholm_ang__trolldomsväsendet__nr_5__1676_,R0001207,00124,dataset-rgb/Kommissorialrätt_i_Stockholm_ang__trolldomsväsendet__nr_5__1676_/Kommissorialrätt_i_Stockholm_ang__trolldomsväsendet__nr_5__1676__R0001207_00124.png,page_image_b4da0d5dd87fb0056939628fedc8455a8b3c455550ce2cf6dff676beaff7629a,25420749,readable,PNG,5124,3900,1.3138,19983600,RGB,3,8,1.2721,False,False,,unique,,included,,Structurally difficult,"aspect ratio 1.3138 >= 1.15: double-page spread (two facing text blocks, central gutter, two independent reading orders)",,True,False,False,False,,False
dataset_f7dfd857275e7c253a5aba4730f93428121e5156bd4281c4101fd79514b0d8d9,dataset_version_a51bddcb369babc7d5f603d6c6a465de9505061bc876c2d3fdecdc2bcf5eee6e,page_def02619a2bc2a4af0aba68094a1f42669d8a750ac5f7dcf0f3cfe9071209f8e,document_97aaaba7d87445ba6b84d3e1d03b389eb2ef1ca5a639f8b6e63cdcf490528632,Kommissorialrätt_i_Stockholm_ang__trolldomsväsendet__nr_5__1676_,R0001207,00125,dataset-rgb/Kommissorialrätt_i_Stockholm_ang__trolldomsväsendet__nr_5__1676_/Kommissorialrätt_i_Stockholm_ang__trolldomsväsendet__nr_5__1676__R0001207_00125.png,page_image_0922e2a6ed8875f2d65a248fa6116294f4ab99783ea866bebc6c226f80e7cd57,24060023,readable,PNG,5129,3906,1.3131,20033874,RGB,3,8,1.201,False,False,,unique,,included,,Structurally difficult,"aspect ratio 1.3131 >= 1.15: double-page spread (two facing text blocks, central gutter, two independent reading orders)",,True,False,False,False,,False
dataset_f7dfd857275e7c253a5aba4730f93428121e5156bd4281c4101fd79514b0d8d9,dataset_version_a51bddcb369babc7d5f603d6c6a465de9505061bc876c2d3fdecdc2bcf5eee6e,page_36687ae784cf0a06c32caedc8d0da67e3a83b36850432a349fd5cb38ee1535c6,document_97aaaba7d87445ba6b84d3e1d03b389eb2ef1ca5a639f8b6e63cdcf490528632,Kommissorialrätt_i_Stockholm_ang__trolldomsväsendet__nr_5__1676_,R0001207,00126,dataset-rgb/Kommissorialrätt_i_Stockholm_ang__trolldomsväsendet__nr_5__1676_/Kommissorialrätt_i_Stockholm_ang__trolldomsväsendet__nr_5__1676__R0001207_00126.png,page_image_1e02c888a9f7c33c608d1554ec4e5cabe218281dcbee9a0691bd4932b8ce3fac,25782475,readable,PNG,5141,3910,1.3148,20101310,RGB,3,8,1.2826,False,False,,unique,,included,,Structurally difficult,"aspect ratio 1.3148 >= 1.15: double-page spread (two facing text blocks, central gutter, two independent reading orders)",,True,False,False,False,,False
dataset_f7dfd857275e7c253a5aba4730f93428121e5156bd4281c4101fd79514b0d8d9,dataset_version_a51bddcb369babc7d5f603d6c6a465de9505061bc876c2d3fdecdc2bcf5eee6e,page_864d7a9b557d91031210db51b954f0e5614cefc8bee33d6dde89c89f8c6f7ddf,document_97aaaba7d87445ba6b84d3e1d03b389eb2ef1ca5a639f8b6e63cdcf490528632,Kommissorialrätt_i_Stockholm_ang__trolldomsväsendet__nr_5__1676_,R0001207,00127,dataset-rgb/Kommissorialrätt_i_Stockholm_ang__trolldomsväsendet__nr_5__1676_/Kommissorialrätt_i_Stockholm_ang__trolldomsväsendet__nr_5__1676__R0001207_00127.png,page_image_73299b3a5723e4947d4ae6a8ee4fd65eab97b84fc97b0e09f47b9079913706cf,26318665,readable,PNG,5140,3902,1.3173,20056280,RGB,3,8,1.3122,False,False,,unique,,included,,Structurally difficult,"aspect ratio 1.3173 >= 1.15: double-page spread (two facing text blocks, central gutter, two independent reading orders)",,True,False,False,False,,False
dataset_f7dfd857275e7c253a5aba4730f93428121e5156bd4281c4101fd79514b0d8d9,dataset_version_a51bddcb369babc7d5f603d6c6a465de9505061bc876c2d3fdecdc2bcf5eee6e,page_a1051c3bdf0f99001ee7b615d739d4f7c530fa22e2b47f27252f2045f5add47e,document_97aaaba7d87445ba6b84d3e1d03b389eb2ef1ca5a639f8b6e63cdcf490528632,Kommissorialrätt_i_Stockholm_ang__trolldomsväsendet__nr_5__1676_,R0001207,00132,dataset-rgb/Kommissorialrätt_i_Stockholm_ang__trolldomsväsendet__nr_5__1676_/Kommissorialrätt_i_Stockholm_ang__trolldomsväsendet__nr_5__1676__R0001207_00132.png,page_image_f86393de6f897f044e1d3eac20875bce0eee8fec17c0b5e63378bc3988b95189,27107292,readable,PNG,5191,3900,1.331,20244900,RGB,3,8,1.339,False,False,,unique,,included,,Structurally difficult,"aspect ratio 1.331 >= 1.15: double-page spread (two facing text blocks, central gutter, two independent reading orders)",,True,False,False,False,,False
dataset_f7dfd857275e7c253a5aba4730f93428121e5156bd4281c4101fd79514b0d8d9,dataset_version_a51bddcb369babc7d5f603d6c6a465de9505061bc876c2d3fdecdc2bcf5eee6e,page_69e2bb458723d639c93414e8333e9a3f5551a0022d43a77d83a180c0aa955261,document_97aaaba7d87445ba6b84d3e1d03b389eb2ef1ca5a639f8b6e63cdcf490528632,Kommissorialrätt_i_Stockholm_ang__trolldomsväsendet__nr_5__1676_,R0001207,00134,dataset-rgb/Kommissorialrätt_i_Stockholm_ang__trolldomsväsendet__nr_5__1676_/Kommissorialrätt_i_Stockholm_ang__trolldomsväsendet__nr_5__1676__R0001207_00134.png,page_image_74eeabf849d039b23312e72393db8e858b8c49ec5967c2bb9f649a6850f03eb3,26718633,readable,PNG,5138,3924,1.3094,20161512,RGB,3,8,1.3252,False,False,,unique,,included,,Structurally difficult,"aspect ratio 1.3094 >= 1.15: double-page spread (two facing text blocks, central gutter, two independent reading orders)",,True,False,False,False,,False
dataset_f7dfd857275e7c253a5aba4730f93428121e5156bd4281c4101fd79514b0d8d9,dataset_version_a51bddcb369babc7d5f603d6c6a465de9505061bc876c2d3fdecdc2bcf5eee6e,page_8226f900b8838f18fc25e28c10f033f6f48737d38180214158c8824ae46ea32a,document_97aaaba7d87445ba6b84d3e1d03b389eb2ef1ca5a639f8b6e63cdcf490528632,Kommissorialrätt_i_Stockholm_ang__trolldomsväsendet__nr_5__1676_,R0001207,00135,dataset-rgb/Kommissorialrätt_i_Stockholm_ang__trolldomsväsendet__nr_5__1676_/Kommissorialrätt_i_Stockholm_ang__trolldomsväsendet__nr_5__1676__R0001207_00135.png,page_image_046131578d26471fd4aa79096f3c5645c1e72c6f964a9d2d12b777399b918830,27262223,readable,PNG,5137,3914,1.3125,20106218,RGB,3,8,1.3559,False,False,,unique,,included,,Structurally difficult,"aspect ratio 1.3125 >= 1.15: double-page spread (two facing text blocks, central gutter, two independent reading orders)",,True,False,False,False,,False
dataset_f7dfd857275e7c253a5aba4730f93428121e5156bd4281c4101fd79514b0d8d9,dataset_version_a51bddcb369babc7d5f603d6c6a465de9505061bc876c2d3fdecdc2bcf5eee6e,page_ca89c096fed9bba6d5b03a61af265a2d1cb891160768fa4ba7898d778f99fbf6,document_97aaaba7d87445ba6b84d3e1d03b389eb2ef1ca5a639f8b6e63cdcf490528632,Kommissorialrätt_i_Stockholm_ang__trolldomsväsendet__nr_5__1676_,R0001207,00136,dataset-rgb/Kommissorialrätt_i_Stockholm_ang__trolldomsväsendet__nr_5__1676_/Kommissorialrätt_i_Stockholm_ang__trolldomsväsendet__nr_5__1676__R0001207_00136.png,page_image_dcc24033c9613176bf2981d9daa0f2835609d44e98aeaccd4c8ffbc8b5391b9b,24961248,readable,PNG,5097,3908,1.3042,19919076,RGB,3,8,1.2531,False,False,,unique,,included,,Structurally difficult,"aspect ratio 1.3042 >= 1.15: double-page spread (two facing text blocks, central gutter, two independent reading orders)",,True,False,False,False,,False
dataset_f7dfd857275e7c253a5aba4730f93428121e5156bd4281c4101fd79514b0d8d9,dataset_version_a51bddcb369babc7d5f603d6c6a465de9505061bc876c2d3fdecdc2bcf5eee6e,page_c27425f4bbb4ec3a84489b7cd48aa2622a9ee0631e36fc0a610c8fe6b8447b0b,document_97aaaba7d87445ba6b84d3e1d03b389eb2ef1ca5a639f8b6e63cdcf490528632,Kommissorialrätt_i_Stockholm_ang__trolldomsväsendet__nr_5__1676_,R0001207,00137,dataset-rgb/Kommissorialrätt_i_Stockholm_ang__trolldomsväsendet__nr_5__1676_/Kommissorialrätt_i_Stockholm_ang__trolldomsväsendet__nr_5__1676__R0001207_00137.png,page_image_60e9e16f7f32eda16deac18d12874d1246ebead9294f3cfc5a4530f031da9670,21653700,readable,PNG,5093,3915,1.3009,19939095,RGB,3,8,1.086,False,False,,unique,,included,,Structurally difficult,"aspect ratio 1.3009 >= 1.15: double-page spread (two facing text blocks, central gutter, two independent reading orders)",,True,False,False,False,,False
dataset_f7dfd857275e7c253a5aba4730f93428121e5156bd4281c4101fd79514b0d8d9,dataset_version_a51bddcb369babc7d5f603d6c6a465de9505061bc876c2d3fdecdc2bcf5eee6e,page_6e1dcf6386515f7e6969de6c2b79b3e1ffaf762abcb83532861228bf7fabe843,document_97aaaba7d87445ba6b84d3e1d03b389eb2ef1ca5a639f8b6e63cdcf490528632,Kommissorialrätt_i_Stockholm_ang__trolldomsväsendet__nr_5__1676_,R0001207,00138,dataset-rgb/Kommissorialrätt_i_Stockholm_ang__trolldomsväsendet__nr_5__1676_/Kommissorialrätt_i_Stockholm_ang__trolldomsväsendet__nr_5__1676__R0001207_00138.png,page_image_a77bda128141a9bfa28bce8b2cab58313b9545e097c587c95e251b12b10c4d93,25159223,readable,PNG,5090,3909,1.3021,19896810,RGB,3,8,1.2645,False,False,,unique,,included,,Structurally difficult,"aspect ratio 1.3021 >= 1.15: double-page spread (two facing text blocks, central gutter, two independent reading orders)",,True,False,False,False,,False
dataset_f7dfd857275e7c253a5aba4730f93428121e5156bd4281c4101fd79514b0d8d9,dataset_version_a51bddcb369babc7d5f603d6c6a465de9505061bc876c2d3fdecdc2bcf5eee6e,page_6a9b9821e9f517212edfd06ddb9460326cac8c6283e3e953f7c226b04033b7aa,document_97aaaba7d87445ba6b84d3e1d03b389eb2ef1ca5a639f8b6e63cdcf490528632,Kommissorialrätt_i_Stockholm_ang__trolldomsväsendet__nr_5__1676_,R0001207,00140,dataset-rgb/Kommissorialrätt_i_Stockholm_ang__trolldomsväsendet__nr_5__1676_/Kommissorialrätt_i_Stockholm_ang__trolldomsväsendet__nr_5__1676__R0001207_00140.png,page_image_e4e0399bb089537b80512ca48f80790b6e0119aced38e3bb0bbf4fd8542497f6,29727932,readable,PNG,6007,3940,1.5246,23667580,RGB,3,8,1.2561,False,False,,unique,,included,,Structurally difficult,"aspect ratio 1.5246 >= 1.15: double-page spread (two facing text blocks, central gutter, two independent reading orders)",,True,False,False,False,,False
dataset_f7dfd857275e7c253a5aba4730f93428121e5156bd4281c4101fd79514b0d8d9,dataset_version_a51bddcb369babc7d5f603d6c6a465de9505061bc876c2d3fdecdc2bcf5eee6e,page_79791c3231f6529d1614ba8c284cc94376ff4d5c884effa6163d920370f7daca,document_97aaaba7d87445ba6b84d3e1d03b389eb2ef1ca5a639f8b6e63cdcf490528632,Kommissorialrätt_i_Stockholm_ang__trolldomsväsendet__nr_5__1676_,R0001207,00141,dataset-rgb/Kommissorialrätt_i_Stockholm_ang__trolldomsväsendet__nr_5__1676_/Kommissorialrätt_i_Stockholm_ang__trolldomsväsendet__nr_5__1676__R0001207_00141.png,page_image_360ce14cb19aa1a7209ce0dfe0a0fc96420e0418fdb402e8de224af257a359b0,24698441,readable,PNG,5005,3927,1.2745,19654635,RGB,3,8,1.2566,False,False,,unique,,included,,Structurally difficult,"aspect ratio 1.2745 >= 1.15: double-page spread (two facing text blocks, central gutter, two independent reading orders)",,True,False,False,False,,False
dataset_f7dfd857275e7c253a5aba4730f93428121e5156bd4281c4101fd79514b0d8d9,dataset_version_a51bddcb369babc7d5f603d6c6a465de9505061bc876c2d3fdecdc2bcf5eee6e,page_b8083c9a489d05cfa57b21c7d10ff122ed0bdb2ccc3f776a059316b276e25d52,document_97aaaba7d87445ba6b84d3e1d03b389eb2ef1ca5a639f8b6e63cdcf490528632,Kommissorialrätt_i_Stockholm_ang__trolldomsväsendet__nr_5__1676_,R0001207,00142,dataset-rgb/Kommissorialrätt_i_Stockholm_ang__trolldomsväsendet__nr_5__1676_/Kommissorialrätt_i_Stockholm_ang__trolldomsväsendet__nr_5__1676__R0001207_00142.png,page_image_4b5e2e7896c3e0aef0ac2d09b217d8a03f7023893327b9c30134659386f2d263,27469358,readable,PNG,5014,3934,1.2745,19725076,RGB,3,8,1.3926,False,False,,unique,,included,,Structurally difficult,"aspect ratio 1.2745 >= 1.15: double-page spread (two facing text blocks, central gutter, two independent reading orders)",,True,False,False,False,,False
dataset_f7dfd857275e7c253a5aba4730f93428121e5156bd4281c4101fd79514b0d8d9,dataset_version_a51bddcb369babc7d5f603d6c6a465de9505061bc876c2d3fdecdc2bcf5eee6e,page_c7399c14a4662f1cfd4a1d9919d801f74839e1ca52459074ca2016e414da1a86,document_97aaaba7d87445ba6b84d3e1d03b389eb2ef1ca5a639f8b6e63cdcf490528632,Kommissorialrätt_i_Stockholm_ang__trolldomsväsendet__nr_5__1676_,R0001207,00143,dataset-rgb/Kommissorialrätt_i_Stockholm_ang__trolldomsväsendet__nr_5__1676_/Kommissorialrätt_i_Stockholm_ang__trolldomsväsendet__nr_5__1676__R0001207_00143.png,page_image_879577f456c65e6b99dbfebc45107042e94a61624203b862f0f6e3dbed9db984,28129925,readable,PNG,4999,3938,1.2694,19686062,RGB,3,8,1.4289,False,False,,unique,,included,,Structurally difficult,"aspect ratio 1.2694 >= 1.15: double-page spread (two facing text blocks, central gutter, two independent reading orders); 1.4289 encoded bytes/pixel > 1.42: unusually high-entropy lossless raster (heavy grain, show-through or bleed-through)",,True,False,True,False,,False
dataset_f7dfd857275e7c253a5aba4730f93428121e5156bd4281c4101fd79514b0d8d9,dataset_version_a51bddcb369babc7d5f603d6c6a465de9505061bc876c2d3fdecdc2bcf5eee6e,page_2a2566f0de1bcd95520439c91a99f7875c495e6940f67bf021700051bbd30e8a,document_97aaaba7d87445ba6b84d3e1d03b389eb2ef1ca5a639f8b6e63cdcf490528632,Kommissorialrätt_i_Stockholm_ang__trolldomsväsendet__nr_5__1676_,R0001207,00144,dataset-rgb/Kommissorialrätt_i_Stockholm_ang__trolldomsväsendet__nr_5__1676_/Kommissorialrätt_i_Stockholm_ang__trolldomsväsendet__nr_5__1676__R0001207_00144.png,page_image_cf2b73756e758b3be4e57aef6b20ff1defe839b353817b5bd27a724d38092303,27725436,readable,PNG,5012,3952,1.2682,19807424,RGB,3,8,1.3997,False,False,,unique,,included,,Structurally difficult,"aspect ratio 1.2682 >= 1.15: double-page spread (two facing text blocks, central gutter, two independent reading orders)",,True,False,False,False,,False
dataset_f7dfd857275e7c253a5aba4730f93428121e5156bd4281c4101fd79514b0d8d9,dataset_version_a51bddcb369babc7d5f603d6c6a465de9505061bc876c2d3fdecdc2bcf5eee6e,page_73fd4470bb5b0a82178df36714801327f92938b6b1f55763d84ddb735ddd3c1f,document_97aaaba7d87445ba6b84d3e1d03b389eb2ef1ca5a639f8b6e63cdcf490528632,Kommissorialrätt_i_Stockholm_ang__trolldomsväsendet__nr_5__1676_,R0001207,00153,dataset-rgb/Kommissorialrätt_i_Stockholm_ang__trolldomsväsendet__nr_5__1676_/Kommissorialrätt_i_Stockholm_ang__trolldomsväsendet__nr_5__1676__R0001207_00153.png,page_image_92853744f86127bad34647d271fb001b9e686aedd7a9e8fa89598510b568a841,24703477,readable,PNG,5034,3915,1.2858,19708110,RGB,3,8,1.2535,False,False,,unique,,included,,Structurally difficult,"aspect ratio 1.2858 >= 1.15: double-page spread (two facing text blocks, central gutter, two independent reading orders)",,True,False,False,False,,False
dataset_f7dfd857275e7c253a5aba4730f93428121e5156bd4281c4101fd79514b0d8d9,dataset_version_a51bddcb369babc7d5f603d6c6a465de9505061bc876c2d3fdecdc2bcf5eee6e,page_5775359a8b62113df706994029d093aa75ab14f0452589eabb0839dab576ecce,document_97aaaba7d87445ba6b84d3e1d03b389eb2ef1ca5a639f8b6e63cdcf490528632,Kommissorialrätt_i_Stockholm_ang__trolldomsväsendet__nr_5__1676_,R0001207,00154,dataset-rgb/Kommissorialrätt_i_Stockholm_ang__trolldomsväsendet__nr_5__1676_/Kommissorialrätt_i_Stockholm_ang__trolldomsväsendet__nr_5__1676__R0001207_00154.png,page_image_c6b8f26eb38fcb5d06f5fbb13df9a1ef68b35b9cfdb392cb61fa9ac04bd3748c,24008855,readable,PNG,4959,3796,1.3064,18824364,RGB,3,8,1.2754,False,False,,unique,,included,,Structurally difficult,"aspect ratio 1.3064 >= 1.15: double-page spread (two facing text blocks, central gutter, two independent reading orders)",,True,False,False,False,,False
dataset_f7dfd857275e7c253a5aba4730f93428121e5156bd4281c4101fd79514b0d8d9,dataset_version_a51bddcb369babc7d5f603d6c6a465de9505061bc876c2d3fdecdc2bcf5eee6e,page_69609be5e914f12290a78b320a4ae985fac3dfc85631828d4bd07ac3974f7b59,document_97aaaba7d87445ba6b84d3e1d03b389eb2ef1ca5a639f8b6e63cdcf490528632,Kommissorialrätt_i_Stockholm_ang__trolldomsväsendet__nr_5__1676_,R0001207,00155,dataset-rgb/Kommissorialrätt_i_Stockholm_ang__trolldomsväsendet__nr_5__1676_/Kommissorialrätt_i_Stockholm_ang__trolldomsväsendet__nr_5__1676__R0001207_00155.png,page_image_03ca46210dd9951d1516a2a23cddf844dd2614e0edb0e27b5535305278586018,23970390,readable,PNG,4950,3794,1.3047,18780300,RGB,3,8,1.2764,False,False,,unique,,included,,Structurally difficult,"aspect ratio 1.3047 >= 1.15: double-page spread (two facing text blocks, central gutter, two independent reading orders)",,True,False,False,False,,False
dataset_f7dfd857275e7c253a5aba4730f93428121e5156bd4281c4101fd79514b0d8d9,dataset_version_a51bddcb369babc7d5f603d6c6a465de9505061bc876c2d3fdecdc2bcf5eee6e,page_d7252c5198aff23fc0b08a3f19a7d13a095774ca5ce75089b835847b8fdd71f6,document_97aaaba7d87445ba6b84d3e1d03b389eb2ef1ca5a639f8b6e63cdcf490528632,Kommissorialrätt_i_Stockholm_ang__trolldomsväsendet__nr_5__1676_,R0001207,00156,dataset-rgb/Kommissorialrätt_i_Stockholm_ang__trolldomsväsendet__nr_5__1676_/Kommissorialrätt_i_Stockholm_ang__trolldomsväsendet__nr_5__1676__R0001207_00156.png,page_image_db7e60aac8b7858cd5a69b94386bd2bc6f69ba0fce74ef69bd2060c4103c2f78,24228476,readable,PNG,4944,3793,1.3035,18752592,RGB,3,8,1.292,False,False,,unique,,included,,Structurally difficult,"aspect ratio 1.3035 >= 1.15: double-page spread (two facing text blocks, central gutter, two independent reading orders)",,True,False,False,False,,False
dataset_f7dfd857275e7c253a5aba4730f93428121e5156bd4281c4101fd79514b0d8d9,dataset_version_a51bddcb369babc7d5f603d6c6a465de9505061bc876c2d3fdecdc2bcf5eee6e,page_4e9897635ecf1122e0239d0d8ec66470a2ae75bfa7662b9bdfb6f1e3f6f99c78,document_97aaaba7d87445ba6b84d3e1d03b389eb2ef1ca5a639f8b6e63cdcf490528632,Kommissorialrätt_i_Stockholm_ang__trolldomsväsendet__nr_5__1676_,R0001207,00157,dataset-rgb/Kommissorialrätt_i_Stockholm_ang__trolldomsväsendet__nr_5__1676_/Kommissorialrätt_i_Stockholm_ang__trolldomsväsendet__nr_5__1676__R0001207_00157.png,page_image_d94e4c1e70adb48973e6cb3229b2e1eaeb7a61be059893e3b9542ad92724cc46,23988707,readable,PNG,4947,3802,1.3012,18808494,RGB,3,8,1.2754,False,False,,unique,,included,,Structurally difficult,"aspect ratio 1.3012 >= 1.15: double-page spread (two facing text blocks, central gutter, two independent reading orders)",,True,False,False,False,,False
dataset_f7dfd857275e7c253a5aba4730f93428121e5156bd4281c4101fd79514b0d8d9,dataset_version_a51bddcb369babc7d5f603d6c6a465de9505061bc876c2d3fdecdc2bcf5eee6e,page_6f5ea04b1981d0289f4fb4997c48fb7d3da04362b2c19020b6c02208f3a6ed8f,document_97aaaba7d87445ba6b84d3e1d03b389eb2ef1ca5a639f8b6e63cdcf490528632,Kommissorialrätt_i_Stockholm_ang__trolldomsväsendet__nr_5__1676_,R0001207,00158,dataset-rgb/Kommissorialrätt_i_Stockholm_ang__trolldomsväsendet__nr_5__1676_/Kommissorialrätt_i_Stockholm_ang__trolldomsväsendet__nr_5__1676__R0001207_00158.png,page_image_8af656cda1201c88ea344573352368d660b994f127b88055f7dd1d22e5b342c9,24343116,readable,PNG,5021,3804,1.3199,19099884,RGB,3,8,1.2745,False,False,,unique,,included,,Structurally difficult,"aspect ratio 1.3199 >= 1.15: double-page spread (two facing text blocks, central gutter, two independent reading orders)",,True,False,False,False,,False
dataset_f7dfd857275e7c253a5aba4730f93428121e5156bd4281c4101fd79514b0d8d9,dataset_version_a51bddcb369babc7d5f603d6c6a465de9505061bc876c2d3fdecdc2bcf5eee6e,page_d64dbe45a01437b7e82bd83f2137422d80c4cd42c77ad9f382c30c35c421d0b2,document_97aaaba7d87445ba6b84d3e1d03b389eb2ef1ca5a639f8b6e63cdcf490528632,Kommissorialrätt_i_Stockholm_ang__trolldomsväsendet__nr_5__1676_,R0001207,00159,dataset-rgb/Kommissorialrätt_i_Stockholm_ang__trolldomsväsendet__nr_5__1676_/Kommissorialrätt_i_Stockholm_ang__trolldomsväsendet__nr_5__1676__R0001207_00159.png,page_image_7c600619a617bc59a48b9c75085763b9813f66bf8a760004605bd5a311f866cf,24947557,readable,PNG,5012,3811,1.3151,19100732,RGB,3,8,1.3061,False,False,,unique,,included,,Structurally difficult,"aspect ratio 1.3151 >= 1.15: double-page spread (two facing text blocks, central gutter, two independent reading orders)",,True,False,False,False,,False
dataset_f7dfd857275e7c253a5aba4730f93428121e5156bd4281c4101fd79514b0d8d9,dataset_version_a51bddcb369babc7d5f603d6c6a465de9505061bc876c2d3fdecdc2bcf5eee6e,page_b238d47761e1a2262b18fd71438d5c24643d57c4ccecc71d1e48afbf165fa08b,document_97aaaba7d87445ba6b84d3e1d03b389eb2ef1ca5a639f8b6e63cdcf490528632,Kommissorialrätt_i_Stockholm_ang__trolldomsväsendet__nr_5__1676_,R0001207,00160,dataset-rgb/Kommissorialrätt_i_Stockholm_ang__trolldomsväsendet__nr_5__1676_/Kommissorialrätt_i_Stockholm_ang__trolldomsväsendet__nr_5__1676__R0001207_00160.png,page_image_d16590640377b1d3394a704217ef776dcc5636e8e48159602863a171176aa1e1,24452997,readable,PNG,5005,3812,1.313,19079060,RGB,3,8,1.2817,False,False,,unique,,included,,Structurally difficult,"aspect ratio 1.313 >= 1.15: double-page spread (two facing text blocks, central gutter, two independent reading orders)",,True,False,False,False,,False
dataset_f7dfd857275e7c253a5aba4730f93428121e5156bd4281c4101fd79514b0d8d9,dataset_version_a51bddcb369babc7d5f603d6c6a465de9505061bc876c2d3fdecdc2bcf5eee6e,page_3815e531fac4226ad68a95c14aac3be1d30788d6896ba7a7783da5cce1995aad,document_97aaaba7d87445ba6b84d3e1d03b389eb2ef1ca5a639f8b6e63cdcf490528632,Kommissorialrätt_i_Stockholm_ang__trolldomsväsendet__nr_5__1676_,R0001207,00161,dataset-rgb/Kommissorialrätt_i_Stockholm_ang__trolldomsväsendet__nr_5__1676_/Kommissorialrätt_i_Stockholm_ang__trolldomsväsendet__nr_5__1676__R0001207_00161.png,page_image_f4bfe5c78bbe0483409dd4300c7f38dfa8fb90f0fcca701fab10105588c40299,22721146,readable,PNG,4960,3809,1.3022,18892640,RGB,3,8,1.2026,False,False,,unique,,included,,Structurally difficult,"aspect ratio 1.3022 >= 1.15: double-page spread (two facing text blocks, central gutter, two independent reading orders)",,True,False,False,False,,False
dataset_f7dfd857275e7c253a5aba4730f93428121e5156bd4281c4101fd79514b0d8d9,dataset_version_a51bddcb369babc7d5f603d6c6a465de9505061bc876c2d3fdecdc2bcf5eee6e,page_8fd9c673f3dede3ffe621e91199f00625110a05b840c53554a819d1db661bd10,document_97aaaba7d87445ba6b84d3e1d03b389eb2ef1ca5a639f8b6e63cdcf490528632,Kommissorialrätt_i_Stockholm_ang__trolldomsväsendet__nr_5__1676_,R0001207,00162,dataset-rgb/Kommissorialrätt_i_Stockholm_ang__trolldomsväsendet__nr_5__1676_/Kommissorialrätt_i_Stockholm_ang__trolldomsväsendet__nr_5__1676__R0001207_00162.png,page_image_146fd1637a4f56d1a6833e3c2ef38e35c36c4cb929ade331f3bdc45c62c25318,23861290,readable,PNG,5038,3810,1.3223,19194780,RGB,3,8,1.2431,False,False,,unique,,included,,Structurally difficult,"aspect ratio 1.3223 >= 1.15: double-page spread (two facing text blocks, central gutter, two independent reading orders)",,True,False,False,False,,False
dataset_f7dfd857275e7c253a5aba4730f93428121e5156bd4281c4101fd79514b0d8d9,dataset_version_a51bddcb369babc7d5f603d6c6a465de9505061bc876c2d3fdecdc2bcf5eee6e,page_616054abaec63dca083600735419e2d93f5b1a26b856372e443140987114877e,document_97aaaba7d87445ba6b84d3e1d03b389eb2ef1ca5a639f8b6e63cdcf490528632,Kommissorialrätt_i_Stockholm_ang__trolldomsväsendet__nr_5__1676_,R0001207,00163,dataset-rgb/Kommissorialrätt_i_Stockholm_ang__trolldomsväsendet__nr_5__1676_/Kommissorialrätt_i_Stockholm_ang__trolldomsväsendet__nr_5__1676__R0001207_00163.png,page_image_51e81f170f99d083d3e691ab1c35f82135c7b2ca2ac40c9d4798e7a5bf9bd660,24851006,readable,PNG,4942,3798,1.3012,18769716,RGB,3,8,1.324,False,False,,unique,,included,,Structurally difficult,"aspect ratio 1.3012 >= 1.15: double-page spread (two facing text blocks, central gutter, two independent reading orders)",,True,False,False,False,,False
dataset_f7dfd857275e7c253a5aba4730f93428121e5156bd4281c4101fd79514b0d8d9,dataset_version_a51bddcb369babc7d5f603d6c6a465de9505061bc876c2d3fdecdc2bcf5eee6e,page_80d7c64cb483c869cc39e12b3259cca0e6f36e9b652004404133132064e388a9,document_97aaaba7d87445ba6b84d3e1d03b389eb2ef1ca5a639f8b6e63cdcf490528632,Kommissorialrätt_i_Stockholm_ang__trolldomsväsendet__nr_5__1676_,R0001207,00165,dataset-rgb/Kommissorialrätt_i_Stockholm_ang__trolldomsväsendet__nr_5__1676_/Kommissorialrätt_i_Stockholm_ang__trolldomsväsendet__nr_5__1676__R0001207_00165.png,page_image_87207149c3a1580e034f9e1bf8b58c1f31febeabc6d0dd4f08834c84f828fa2b,24826991,readable,PNG,5042,3909,1.2898,19709178,RGB,3,8,1.2597,False,False,,unique,,included,,Structurally difficult,"aspect ratio 1.2898 >= 1.15: double-page spread (two facing text blocks, central gutter, two independent reading orders)",,True,False,False,False,,False
dataset_f7dfd857275e7c253a5aba4730f93428121e5156bd4281c4101fd79514b0d8d9,dataset_version_a51bddcb369babc7d5f603d6c6a465de9505061bc876c2d3fdecdc2bcf5eee6e,page_b19b16494e25e5a3d82dea959a757db431c7d480311caab0b92e8d3a39690b74,document_97aaaba7d87445ba6b84d3e1d03b389eb2ef1ca5a639f8b6e63cdcf490528632,Kommissorialrätt_i_Stockholm_ang__trolldomsväsendet__nr_5__1676_,R0001207,00166,dataset-rgb/Kommissorialrätt_i_Stockholm_ang__trolldomsväsendet__nr_5__1676_/Kommissorialrätt_i_Stockholm_ang__trolldomsväsendet__nr_5__1676__R0001207_00166.png,page_image_94cd59d265d9e61eb403c1669e8fb7710a08b154bcac48805745852a31f98150,27333937,readable,PNG,5055,3861,1.3092,19517355,RGB,3,8,1.4005,False,False,,unique,,included,,Structurally difficult,"aspect ratio 1.3092 >= 1.15: double-page spread (two facing text blocks, central gutter, two independent reading orders)",,True,False,False,False,,False
dataset_f7dfd857275e7c253a5aba4730f93428121e5156bd4281c4101fd79514b0d8d9,dataset_version_a51bddcb369babc7d5f603d6c6a465de9505061bc876c2d3fdecdc2bcf5eee6e,page_6465a2015f7d8a89f619972d748b1cbee3c155edd9a812a6aa2d9c8cc5b0593f,document_97aaaba7d87445ba6b84d3e1d03b389eb2ef1ca5a639f8b6e63cdcf490528632,Kommissorialrätt_i_Stockholm_ang__trolldomsväsendet__nr_5__1676_,R0001207,00167,dataset-rgb/Kommissorialrätt_i_Stockholm_ang__trolldomsväsendet__nr_5__1676_/Kommissorialrätt_i_Stockholm_ang__trolldomsväsendet__nr_5__1676__R0001207_00167.png,page_image_ec149973af18fc853ef2999a0fb22beef6dc5d375e58fb4fbabd13bc5847961e,25369383,readable,PNG,5064,3881,1.3048,19653384,RGB,3,8,1.2908,False,False,,unique,,included,,Structurally difficult,"aspect ratio 1.3048 >= 1.15: double-page spread (two facing text blocks, central gutter, two independent reading orders)",,True,False,False,False,,False
dataset_f7dfd857275e7c253a5aba4730f93428121e5156bd4281c4101fd79514b0d8d9,dataset_version_a51bddcb369babc7d5f603d6c6a465de9505061bc876c2d3fdecdc2bcf5eee6e,page_a5b23ea6ad8ab4ec997eee9016579cf38e2ae2fa7f220c19c49b06cac0f8e533,document_23b1d7b0dedeb356fadea0d489f197f9489d270e400b1093965490c2c2cb4d11,Kommissorialrätt_i_Stockholm_ang__trolldomsväsendet__nr_6__1676-1677_,R0001208,00004,dataset-rgb/Kommissorialrätt_i_Stockholm_ang__trolldomsväsendet__nr_6__1676-1677_/Kommissorialrätt_i_Stockholm_ang__trolldomsväsendet__nr_6__1676-1677__R0001208_00004.png,page_image_2a49d04846c240184f4b815f16da1083fd853b0b39accc82d462c8379255893b,21249876,readable,PNG,5163,3928,1.3144,20280264,RGB,3,8,1.0478,False,False,,unique,,included,,Structurally difficult,"aspect ratio 1.3144 >= 1.15: double-page spread (two facing text blocks, central gutter, two independent reading orders)",,True,False,False,False,,False
dataset_f7dfd857275e7c253a5aba4730f93428121e5156bd4281c4101fd79514b0d8d9,dataset_version_a51bddcb369babc7d5f603d6c6a465de9505061bc876c2d3fdecdc2bcf5eee6e,page_65806058b6413f1d4ae07f9f6860b00aa683e284ad5410a21231be2d04ae24da,document_23b1d7b0dedeb356fadea0d489f197f9489d270e400b1093965490c2c2cb4d11,Kommissorialrätt_i_Stockholm_ang__trolldomsväsendet__nr_6__1676-1677_,R0001208,00008,dataset-rgb/Kommissorialrätt_i_Stockholm_ang__trolldomsväsendet__nr_6__1676-1677_/Kommissorialrätt_i_Stockholm_ang__trolldomsväsendet__nr_6__1676-1677__R0001208_00008.png,page_image_678e2ea5dba68d267840cb57ba3c69fed8dd90368c0acad174bad93cb7a7569f,22999899,readable,PNG,5163,3928,1.3144,20280264,RGB,3,8,1.1341,False,False,,unique,,included,,Structurally difficult,"aspect ratio 1.3144 >= 1.15: double-page spread (two facing text blocks, central gutter, two independent reading orders)",,True,False,False,False,,False
dataset_f7dfd857275e7c253a5aba4730f93428121e5156bd4281c4101fd79514b0d8d9,dataset_version_a51bddcb369babc7d5f603d6c6a465de9505061bc876c2d3fdecdc2bcf5eee6e,page_8ed27cf62955ab28aad0085bb8f327275dc8c6883e43089860ced4f09dc8e2de,document_23b1d7b0dedeb356fadea0d489f197f9489d270e400b1093965490c2c2cb4d11,Kommissorialrätt_i_Stockholm_ang__trolldomsväsendet__nr_6__1676-1677_,R0001208,00009,dataset-rgb/Kommissorialrätt_i_Stockholm_ang__trolldomsväsendet__nr_6__1676-1677_/Kommissorialrätt_i_Stockholm_ang__trolldomsväsendet__nr_6__1676-1677__R0001208_00009.png,page_image_f04650b219932d92b05a80b5bbe47f67141cb1ff67f62d2f417aabffe1fc2f6e,23171513,readable,PNG,5162,3929,1.3138,20281498,RGB,3,8,1.1425,False,False,,unique,,included,,Structurally difficult,"aspect ratio 1.3138 >= 1.15: double-page spread (two facing text blocks, central gutter, two independent reading orders)",,True,False,False,False,,False
dataset_f7dfd857275e7c253a5aba4730f93428121e5156bd4281c4101fd79514b0d8d9,dataset_version_a51bddcb369babc7d5f603d6c6a465de9505061bc876c2d3fdecdc2bcf5eee6e,page_c5aceccca1914ecadc3f9b72f4d8de4d0cdc7d3d8b7c1a370ae7dac51c026656,document_23b1d7b0dedeb356fadea0d489f197f9489d270e400b1093965490c2c2cb4d11,Kommissorialrätt_i_Stockholm_ang__trolldomsväsendet__nr_6__1676-1677_,R0001208,00012,dataset-rgb/Kommissorialrätt_i_Stockholm_ang__trolldomsväsendet__nr_6__1676-1677_/Kommissorialrätt_i_Stockholm_ang__trolldomsväsendet__nr_6__1676-1677__R0001208_00012.png,page_image_6f23c20460ba1e823fd2e122ed68cbe89c8127c8ea75a90ee932c951cb214742,24585733,readable,PNG,5159,3925,1.3144,20249075,RGB,3,8,1.2142,False,False,,unique,,included,,Structurally difficult,"aspect ratio 1.3144 >= 1.15: double-page spread (two facing text blocks, central gutter, two independent reading orders)",,True,False,False,False,,False
dataset_f7dfd857275e7c253a5aba4730f93428121e5156bd4281c4101fd79514b0d8d9,dataset_version_a51bddcb369babc7d5f603d6c6a465de9505061bc876c2d3fdecdc2bcf5eee6e,page_a9cfe2a83a6aa439d197b539bd949b127cceaf603137e4c2fd6b29cfd876be54,document_23b1d7b0dedeb356fadea0d489f197f9489d270e400b1093965490c2c2cb4d11,Kommissorialrätt_i_Stockholm_ang__trolldomsväsendet__nr_6__1676-1677_,R0001208,00017,dataset-rgb/Kommissorialrätt_i_Stockholm_ang__trolldomsväsendet__nr_6__1676-1677_/Kommissorialrätt_i_Stockholm_ang__trolldomsväsendet__nr_6__1676-1677__R0001208_00017.png,page_image_088a95c687a2b506a5e063400d28045ffc1e85aabd1e55f34dc939d4f96e5c83,20805136,readable,PNG,4605,3563,1.2925,16407615,RGB,3,8,1.268,False,False,,unique,,included,,Structurally difficult,"aspect ratio 1.2925 >= 1.15: double-page spread (two facing text blocks, central gutter, two independent reading orders)",,True,False,False,False,,False
dataset_f7dfd857275e7c253a5aba4730f93428121e5156bd4281c4101fd79514b0d8d9,dataset_version_a51bddcb369babc7d5f603d6c6a465de9505061bc876c2d3fdecdc2bcf5eee6e,page_15a1930dca89644570016fad12dad1290cd98210fae0a79d0c5361bb0ccb0b29,document_23b1d7b0dedeb356fadea0d489f197f9489d270e400b1093965490c2c2cb4d11,Kommissorialrätt_i_Stockholm_ang__trolldomsväsendet__nr_6__1676-1677_,R0001208,00018,dataset-rgb/Kommissorialrätt_i_Stockholm_ang__trolldomsväsendet__nr_6__1676-1677_/Kommissorialrätt_i_Stockholm_ang__trolldomsväsendet__nr_6__1676-1677__R0001208_00018.png,page_image_db96b1e9b975e0cf012e26e8e55164e9a9ca8f7bcadf788148c64860d10fa0a3,22138458,readable,PNG,4607,3563,1.293,16414741,RGB,3,8,1.3487,False,False,,unique,,included,,Structurally difficult,"aspect ratio 1.293 >= 1.15: double-page spread (two facing text blocks, central gutter, two independent reading orders)",,True,False,False,False,,False
dataset_f7dfd857275e7c253a5aba4730f93428121e5156bd4281c4101fd79514b0d8d9,dataset_version_a51bddcb369babc7d5f603d6c6a465de9505061bc876c2d3fdecdc2bcf5eee6e,page_99fcdb58a038b45fe90ad5cf3ce4261358aadb721e644418b0a0c7f61a4bd79c,document_23b1d7b0dedeb356fadea0d489f197f9489d270e400b1093965490c2c2cb4d11,Kommissorialrätt_i_Stockholm_ang__trolldomsväsendet__nr_6__1676-1677_,R0001208,00033,dataset-rgb/Kommissorialrätt_i_Stockholm_ang__trolldomsväsendet__nr_6__1676-1677_/Kommissorialrätt_i_Stockholm_ang__trolldomsväsendet__nr_6__1676-1677__R0001208_00033.png,page_image_99f38c7860a94fbcc29a9f3ad4314bb806fefc7a4eca1a26f979c6ee12767d54,20976804,readable,PNG,4566,3545,1.288,16186470,RGB,3,8,1.2959,False,False,,unique,,included,,Structurally difficult,"aspect ratio 1.288 >= 1.15: double-page spread (two facing text blocks, central gutter, two independent reading orders)",,True,False,False,False,,False
dataset_f7dfd857275e7c253a5aba4730f93428121e5156bd4281c4101fd79514b0d8d9,dataset_version_a51bddcb369babc7d5f603d6c6a465de9505061bc876c2d3fdecdc2bcf5eee6e,page_267489746b18dd1f1218306ab8388ec9ea71ef6cb35c616ff6caf2d88183264f,document_23b1d7b0dedeb356fadea0d489f197f9489d270e400b1093965490c2c2cb4d11,Kommissorialrätt_i_Stockholm_ang__trolldomsväsendet__nr_6__1676-1677_,R0001208,00034,dataset-rgb/Kommissorialrätt_i_Stockholm_ang__trolldomsväsendet__nr_6__1676-1677_/Kommissorialrätt_i_Stockholm_ang__trolldomsväsendet__nr_6__1676-1677__R0001208_00034.png,page_image_9d8aa40a3beafe0433c77acfd6f41a8696cd87e85060373061cab1e97b2dc252,21162576,readable,PNG,4568,3546,1.2882,16198128,RGB,3,8,1.3065,False,False,,unique,,included,,Structurally difficult,"aspect ratio 1.2882 >= 1.15: double-page spread (two facing text blocks, central gutter, two independent reading orders)",,True,False,False,False,,False
dataset_f7dfd857275e7c253a5aba4730f93428121e5156bd4281c4101fd79514b0d8d9,dataset_version_a51bddcb369babc7d5f603d6c6a465de9505061bc876c2d3fdecdc2bcf5eee6e,page_288fdb4297ee0550be666c5c092eec667d83ae6af324ec52484201314a1a5b6b,document_23b1d7b0dedeb356fadea0d489f197f9489d270e400b1093965490c2c2cb4d11,Kommissorialrätt_i_Stockholm_ang__trolldomsväsendet__nr_6__1676-1677_,R0001208,00035,dataset-rgb/Kommissorialrätt_i_Stockholm_ang__trolldomsväsendet__nr_6__1676-1677_/Kommissorialrätt_i_Stockholm_ang__trolldomsväsendet__nr_6__1676-1677__R0001208_00035.png,page_image_b1a04993f33975dcde4e89453699ec47e79ae6715bd1365a1a647b1a2a4fb6e3,21375771,readable,PNG,4571,3545,1.2894,16204195,RGB,3,8,1.3192,False,False,,unique,,included,,Structurally difficult,"aspect ratio 1.2894 >= 1.15: double-page spread (two facing text blocks, central gutter, two independent reading orders)",,True,False,False,False,,True
dataset_f7dfd857275e7c253a5aba4730f93428121e5156bd4281c4101fd79514b0d8d9,dataset_version_a51bddcb369babc7d5f603d6c6a465de9505061bc876c2d3fdecdc2bcf5eee6e,page_a99ba9f28f31ffc26959c260275ad42726070fbff832e359a8b29c4e13428d76,document_23b1d7b0dedeb356fadea0d489f197f9489d270e400b1093965490c2c2cb4d11,Kommissorialrätt_i_Stockholm_ang__trolldomsväsendet__nr_6__1676-1677_,R0001208,00042,dataset-rgb/Kommissorialrätt_i_Stockholm_ang__trolldomsväsendet__nr_6__1676-1677_/Kommissorialrätt_i_Stockholm_ang__trolldomsväsendet__nr_6__1676-1677__R0001208_00042.png,page_image_ff89a1a3231b8db4dfedf327e0c2e129bf424f9eb596265733593150f6de0c68,20990733,readable,PNG,4597,3537,1.2997,16259589,RGB,3,8,1.291,False,False,,unique,,included,,Structurally difficult,"aspect ratio 1.2997 >= 1.15: double-page spread (two facing text blocks, central gutter, two independent reading orders)",,True,False,False,False,,False
dataset_f7dfd857275e7c253a5aba4730f93428121e5156bd4281c4101fd79514b0d8d9,dataset_version_a51bddcb369babc7d5f603d6c6a465de9505061bc876c2d3fdecdc2bcf5eee6e,page_9ac725270ba8c6ff8cf49efd9cfdc60e503b8dff42c99d40c3fd44d8edb72fba,document_23b1d7b0dedeb356fadea0d489f197f9489d270e400b1093965490c2c2cb4d11,Kommissorialrätt_i_Stockholm_ang__trolldomsväsendet__nr_6__1676-1677_,R0001208,00043,dataset-rgb/Kommissorialrätt_i_Stockholm_ang__trolldomsväsendet__nr_6__1676-1677_/Kommissorialrätt_i_Stockholm_ang__trolldomsväsendet__nr_6__1676-1677__R0001208_00043.png,page_image_bae917c56d6534f9ed4c5b3c4a3cfa83862933d1f1ee0095b0d349d593bfc1d5,21058675,readable,PNG,4599,3537,1.3003,16266663,RGB,3,8,1.2946,False,False,,unique,,included,,Structurally difficult,"aspect ratio 1.3003 >= 1.15: double-page spread (two facing text blocks, central gutter, two independent reading orders)",,True,False,False,False,,False
dataset_f7dfd857275e7c253a5aba4730f93428121e5156bd4281c4101fd79514b0d8d9,dataset_version_a51bddcb369babc7d5f603d6c6a465de9505061bc876c2d3fdecdc2bcf5eee6e,page_3587574256054751fb7f38de560689f3099e6f1b76e50cfd8e8841c650e9268f,document_23b1d7b0dedeb356fadea0d489f197f9489d270e400b1093965490c2c2cb4d11,Kommissorialrätt_i_Stockholm_ang__trolldomsväsendet__nr_6__1676-1677_,R0001208,00044,dataset-rgb/Kommissorialrätt_i_Stockholm_ang__trolldomsväsendet__nr_6__1676-1677_/Kommissorialrätt_i_Stockholm_ang__trolldomsväsendet__nr_6__1676-1677__R0001208_00044.png,page_image_d3951d324035fedda35d5e3ff403c01f1438a56f0a8a4424e000177f6421dd9c,20798711,readable,PNG,4567,3535,1.2919,16144345,RGB,3,8,1.2883,False,False,,unique,,included,,Structurally difficult,"aspect ratio 1.2919 >= 1.15: double-page spread (two facing text blocks, central gutter, two independent reading orders)",,True,False,False,False,,False
dataset_f7dfd857275e7c253a5aba4730f93428121e5156bd4281c4101fd79514b0d8d9,dataset_version_a51bddcb369babc7d5f603d6c6a465de9505061bc876c2d3fdecdc2bcf5eee6e,page_014209a060c494a6b0912b9d45e2c4e7dc4b8c088ef658abedd540ec1473b232,document_23b1d7b0dedeb356fadea0d489f197f9489d270e400b1093965490c2c2cb4d11,Kommissorialrätt_i_Stockholm_ang__trolldomsväsendet__nr_6__1676-1677_,R0001208,00045,dataset-rgb/Kommissorialrätt_i_Stockholm_ang__trolldomsväsendet__nr_6__1676-1677_/Kommissorialrätt_i_Stockholm_ang__trolldomsväsendet__nr_6__1676-1677__R0001208_00045.png,page_image_637a977003a3b11c42f8ec3c9d2939bf434843319a83d658e36d58f1736162d4,20860763,readable,PNG,4573,3539,1.2922,16183847,RGB,3,8,1.289,False,False,,unique,,included,,Structurally difficult,"aspect ratio 1.2922 >= 1.15: double-page spread (two facing text blocks, central gutter, two independent reading orders)",,True,False,False,False,,True
dataset_f7dfd857275e7c253a5aba4730f93428121e5156bd4281c4101fd79514b0d8d9,dataset_version_a51bddcb369babc7d5f603d6c6a465de9505061bc876c2d3fdecdc2bcf5eee6e,page_59b57c500aad760546c1db0970418ba762eade66549b6cf67ece3360df00e6d6,document_23b1d7b0dedeb356fadea0d489f197f9489d270e400b1093965490c2c2cb4d11,Kommissorialrätt_i_Stockholm_ang__trolldomsväsendet__nr_6__1676-1677_,R0001208,00046,dataset-rgb/Kommissorialrätt_i_Stockholm_ang__trolldomsväsendet__nr_6__1676-1677_/Kommissorialrätt_i_Stockholm_ang__trolldomsväsendet__nr_6__1676-1677__R0001208_00046.png,page_image_eb912dab2f23f435da79a4b39d18b08ba8fc9f2b2b99aa9f766ba3126cd69978,20986494,readable,PNG,4570,3532,1.2939,16141240,RGB,3,8,1.3002,False,False,,unique,,included,,Structurally difficult,"aspect ratio 1.2939 >= 1.15: double-page spread (two facing text blocks, central gutter, two independent reading orders)",,True,False,False,False,,False
dataset_f7dfd857275e7c253a5aba4730f93428121e5156bd4281c4101fd79514b0d8d9,dataset_version_a51bddcb369babc7d5f603d6c6a465de9505061bc876c2d3fdecdc2bcf5eee6e,page_bf46ff8ace481404c3b7be59bc4f4736c2e24b002e1a36f85a876a7281781f4c,document_23b1d7b0dedeb356fadea0d489f197f9489d270e400b1093965490c2c2cb4d11,Kommissorialrätt_i_Stockholm_ang__trolldomsväsendet__nr_6__1676-1677_,R0001208,00047,dataset-rgb/Kommissorialrätt_i_Stockholm_ang__trolldomsväsendet__nr_6__1676-1677_/Kommissorialrätt_i_Stockholm_ang__trolldomsväsendet__nr_6__1676-1677__R0001208_00047.png,page_image_54bd2c82931feb7ca3fbd1475b16f03c8c8e177ebe6fea1214ab91a72a44c3b1,21105241,readable,PNG,4578,3534,1.2954,16178652,RGB,3,8,1.3045,False,False,,unique,,included,,Structurally difficult,"aspect ratio 1.2954 >= 1.15: double-page spread (two facing text blocks, central gutter, two independent reading orders)",,True,False,False,False,,False
dataset_f7dfd857275e7c253a5aba4730f93428121e5156bd4281c4101fd79514b0d8d9,dataset_version_a51bddcb369babc7d5f603d6c6a465de9505061bc876c2d3fdecdc2bcf5eee6e,page_24a4168b21b891644a7ef90822bf2ed80fa2db734661ae04a6482c3d480bba73,document_23b1d7b0dedeb356fadea0d489f197f9489d270e400b1093965490c2c2cb4d11,Kommissorialrätt_i_Stockholm_ang__trolldomsväsendet__nr_6__1676-1677_,R0001208,00048,dataset-rgb/Kommissorialrätt_i_Stockholm_ang__trolldomsväsendet__nr_6__1676-1677_/Kommissorialrätt_i_Stockholm_ang__trolldomsväsendet__nr_6__1676-1677__R0001208_00048.png,page_image_96f2764f6256e1773cb479c95800a2610c91cf2b34372c3ce2fe7b2c2919ef08,21013245,readable,PNG,4583,3541,1.2943,16228403,RGB,3,8,1.2948,False,False,,unique,,included,,Structurally difficult,"aspect ratio 1.2943 >= 1.15: double-page spread (two facing text blocks, central gutter, two independent reading orders)",,True,False,False,False,,False
dataset_f7dfd857275e7c253a5aba4730f93428121e5156bd4281c4101fd79514b0d8d9,dataset_version_a51bddcb369babc7d5f603d6c6a465de9505061bc876c2d3fdecdc2bcf5eee6e,page_4c0e6a7b097ac57b87df68ab8bbf6dee485216571293015fd7bdc76b112606c9,document_23b1d7b0dedeb356fadea0d489f197f9489d270e400b1093965490c2c2cb4d11,Kommissorialrätt_i_Stockholm_ang__trolldomsväsendet__nr_6__1676-1677_,R0001208,00049,dataset-rgb/Kommissorialrätt_i_Stockholm_ang__trolldomsväsendet__nr_6__1676-1677_/Kommissorialrätt_i_Stockholm_ang__trolldomsväsendet__nr_6__1676-1677__R0001208_00049.png,page_image_c3fa70f2cc321d35b080094bc3c4bc34a7839062359660d8208507a58fcead77,21099982,readable,PNG,4584,3534,1.2971,16199856,RGB,3,8,1.3025,False,False,,unique,,included,,Structurally difficult,"aspect ratio 1.2971 >= 1.15: double-page spread (two facing text blocks, central gutter, two independent reading orders)",,True,False,False,False,,False
dataset_f7dfd857275e7c253a5aba4730f93428121e5156bd4281c4101fd79514b0d8d9,dataset_version_a51bddcb369babc7d5f603d6c6a465de9505061bc876c2d3fdecdc2bcf5eee6e,page_ac867afc0dab581a1fabcc47f5f925373674b947519b4ca6818e2968dbf78855,document_23b1d7b0dedeb356fadea0d489f197f9489d270e400b1093965490c2c2cb4d11,Kommissorialrätt_i_Stockholm_ang__trolldomsväsendet__nr_6__1676-1677_,R0001208,00050,dataset-rgb/Kommissorialrätt_i_Stockholm_ang__trolldomsväsendet__nr_6__1676-1677_/Kommissorialrätt_i_Stockholm_ang__trolldomsväsendet__nr_6__1676-1677__R0001208_00050.png,page_image_f5be4688c8b64f1a415551df93ee11edf424b111acaf177e8f10d6d3a95d8402,20929450,readable,PNG,4588,3530,1.2997,16195640,RGB,3,8,1.2923,False,False,,unique,,included,,Structurally difficult,"aspect ratio 1.2997 >= 1.15: double-page spread (two facing text blocks, central gutter, two independent reading orders)",,True,False,False,False,,False
dataset_f7dfd857275e7c253a5aba4730f93428121e5156bd4281c4101fd79514b0d8d9,dataset_version_a51bddcb369babc7d5f603d6c6a465de9505061bc876c2d3fdecdc2bcf5eee6e,page_3d490668d65e71da3f97665fcde3ce6225ad8283b1e98e7f209977245e5775c2,document_23b1d7b0dedeb356fadea0d489f197f9489d270e400b1093965490c2c2cb4d11,Kommissorialrätt_i_Stockholm_ang__trolldomsväsendet__nr_6__1676-1677_,R0001208,00051,dataset-rgb/Kommissorialrätt_i_Stockholm_ang__trolldomsväsendet__nr_6__1676-1677_/Kommissorialrätt_i_Stockholm_ang__trolldomsväsendet__nr_6__1676-1677__R0001208_00051.png,page_image_3c4e7d9c60f8574bde9c57b9cb14fe5fcb0a2e4817560b150d2fb971e4002294,20985721,readable,PNG,4592,3533,1.2997,16223536,RGB,3,8,1.2935,False,False,,unique,,included,,Structurally difficult,"aspect ratio 1.2997 >= 1.15: double-page spread (two facing text blocks, central gutter, two independent reading orders)",,True,False,False,False,,False
dataset_f7dfd857275e7c253a5aba4730f93428121e5156bd4281c4101fd79514b0d8d9,dataset_version_a51bddcb369babc7d5f603d6c6a465de9505061bc876c2d3fdecdc2bcf5eee6e,page_8ebe412c3984c98dc0d0f005c2387c5fb95893fb3c9e44c56ce23e546a849760,document_d78dd80c308edde2269fe715a9ca75f4da575cdfd03c0993b02cc78ad79e0900,Kommissorialrätt_i_Uppsala_ang__trolldomsväsendet__1676-1677_,R0001210,00003,dataset-rgb/Kommissorialrätt_i_Uppsala_ang__trolldomsväsendet__1676-1677_/Kommissorialrätt_i_Uppsala_ang__trolldomsväsendet__1676-1677__R0001210_00003.png,page_image_9fccb0ce731d179d9b7d7f0d97ff1a8eb06d874ab085269e5e5a2f418ebc77ff,26489547,readable,PNG,5412,4232,1.2788,22903584,RGB,3,8,1.1566,False,False,,unique,,included,,Structurally difficult,"aspect ratio 1.2788 >= 1.15: double-page spread (two facing text blocks, central gutter, two independent reading orders)",,True,False,False,False,,True
dataset_f7dfd857275e7c253a5aba4730f93428121e5156bd4281c4101fd79514b0d8d9,dataset_version_a51bddcb369babc7d5f603d6c6a465de9505061bc876c2d3fdecdc2bcf5eee6e,page_1e28998097deccea020367297c3d101f503abffa2cbb38a3706b0b00a38f6d4b,document_d78dd80c308edde2269fe715a9ca75f4da575cdfd03c0993b02cc78ad79e0900,Kommissorialrätt_i_Uppsala_ang__trolldomsväsendet__1676-1677_,R0001210,00004,dataset-rgb/Kommissorialrätt_i_Uppsala_ang__trolldomsväsendet__1676-1677_/Kommissorialrätt_i_Uppsala_ang__trolldomsväsendet__1676-1677__R0001210_00004.png,page_image_6e80b29c5363feecff4e77df5adf0bfec443f12783ab84ac0a994a8346f0d2da,27094335,readable,PNG,5415,4231,1.2798,22910865,RGB,3,8,1.1826,False,False,,unique,,included,,Structurally difficult,"aspect ratio 1.2798 >= 1.15: double-page spread (two facing text blocks, central gutter, two independent reading orders)",,True,False,False,False,,False
dataset_f7dfd857275e7c253a5aba4730f93428121e5156bd4281c4101fd79514b0d8d9,dataset_version_a51bddcb369babc7d5f603d6c6a465de9505061bc876c2d3fdecdc2bcf5eee6e,page_a18cca5d1eadc15afd3f30c416c07c12d5047eaf6a650e721d2f01a8b20cb6cb,document_d78dd80c308edde2269fe715a9ca75f4da575cdfd03c0993b02cc78ad79e0900,Kommissorialrätt_i_Uppsala_ang__trolldomsväsendet__1676-1677_,R0001210,00005,dataset-rgb/Kommissorialrätt_i_Uppsala_ang__trolldomsväsendet__1676-1677_/Kommissorialrätt_i_Uppsala_ang__trolldomsväsendet__1676-1677__R0001210_00005.png,page_image_f29ddf1f92025ae28a6df7c8e8046b4a7254857285bc26212a32853f883ca286,28583366,readable,PNG,5414,4230,1.2799,22901220,RGB,3,8,1.2481,False,False,,unique,,included,,Structurally difficult,"aspect ratio 1.2799 >= 1.15: double-page spread (two facing text blocks, central gutter, two independent reading orders)",,True,False,False,False,,False
dataset_f7dfd857275e7c253a5aba4730f93428121e5156bd4281c4101fd79514b0d8d9,dataset_version_a51bddcb369babc7d5f603d6c6a465de9505061bc876c2d3fdecdc2bcf5eee6e,page_93bad9f586f0715aebcd734dc21b74fbb4fb5a8610071332f9a7b5f2857d8a5f,document_d78dd80c308edde2269fe715a9ca75f4da575cdfd03c0993b02cc78ad79e0900,Kommissorialrätt_i_Uppsala_ang__trolldomsväsendet__1676-1677_,R0001210,00006,dataset-rgb/Kommissorialrätt_i_Uppsala_ang__trolldomsväsendet__1676-1677_/Kommissorialrätt_i_Uppsala_ang__trolldomsväsendet__1676-1677__R0001210_00006.png,page_image_fb31082327f9e89e725009f132e60997882ca1b4ebe1aef5c3667dff19384a3b,29136819,readable,PNG,5414,4230,1.2799,22901220,RGB,3,8,1.2723,False,False,,unique,,included,,Structurally difficult,"aspect ratio 1.2799 >= 1.15: double-page spread (two facing text blocks, central gutter, two independent reading orders)",,True,False,False,False,,False
dataset_f7dfd857275e7c253a5aba4730f93428121e5156bd4281c4101fd79514b0d8d9,dataset_version_a51bddcb369babc7d5f603d6c6a465de9505061bc876c2d3fdecdc2bcf5eee6e,page_12b2fcb2df7e4dfd53a85f8576808025de0e5d1b17c87438b72c76128f5109bf,document_d78dd80c308edde2269fe715a9ca75f4da575cdfd03c0993b02cc78ad79e0900,Kommissorialrätt_i_Uppsala_ang__trolldomsväsendet__1676-1677_,R0001210,00007,dataset-rgb/Kommissorialrätt_i_Uppsala_ang__trolldomsväsendet__1676-1677_/Kommissorialrätt_i_Uppsala_ang__trolldomsväsendet__1676-1677__R0001210_00007.png,page_image_af816739b9ca29fb24e489a997fd437c95ecc1f1758cd3dbbfbee44920469cfb,27538806,readable,PNG,5415,4229,1.2804,22900035,RGB,3,8,1.2026,False,False,,unique,,included,,Structurally difficult,"aspect ratio 1.2804 >= 1.15: double-page spread (two facing text blocks, central gutter, two independent reading orders)",,True,False,False,False,,True
dataset_f7dfd857275e7c253a5aba4730f93428121e5156bd4281c4101fd79514b0d8d9,dataset_version_a51bddcb369babc7d5f603d6c6a465de9505061bc876c2d3fdecdc2bcf5eee6e,page_387d8df8d34901847a4b216aead507f6b350df2e156705180063731144c22a08,document_d78dd80c308edde2269fe715a9ca75f4da575cdfd03c0993b02cc78ad79e0900,Kommissorialrätt_i_Uppsala_ang__trolldomsväsendet__1676-1677_,R0001210,00008,dataset-rgb/Kommissorialrätt_i_Uppsala_ang__trolldomsväsendet__1676-1677_/Kommissorialrätt_i_Uppsala_ang__trolldomsväsendet__1676-1677__R0001210_00008.png,page_image_ecceee82d5281a7e58535d3c857b2d37e824053fc77e73e6d1d7b79230a0fae1,26789067,readable,PNG,5416,4230,1.2804,22909680,RGB,3,8,1.1693,False,False,,unique,,included,,Structurally difficult,"aspect ratio 1.2804 >= 1.15: double-page spread (two facing text blocks, central gutter, two independent reading orders)",,True,False,False,False,,False
dataset_f7dfd857275e7c253a5aba4730f93428121e5156bd4281c4101fd79514b0d8d9,dataset_version_a51bddcb369babc7d5f603d6c6a465de9505061bc876c2d3fdecdc2bcf5eee6e,page_489c2d271e535bebb5963c94ade833378db5c84f0795be43f5a83d4ee25babc0,document_d78dd80c308edde2269fe715a9ca75f4da575cdfd03c0993b02cc78ad79e0900,Kommissorialrätt_i_Uppsala_ang__trolldomsväsendet__1676-1677_,R0001210,00009,dataset-rgb/Kommissorialrätt_i_Uppsala_ang__trolldomsväsendet__1676-1677_/Kommissorialrätt_i_Uppsala_ang__trolldomsväsendet__1676-1677__R0001210_00009.png,page_image_5a0e5e5ff2daac3522d48b3d5920e3ac4051fa364ebf3eecc7e5cbc86fe87f4e,26779021,readable,PNG,5415,4230,1.2801,22905450,RGB,3,8,1.1691,False,False,,unique,,included,,Structurally difficult,"aspect ratio 1.2801 >= 1.15: double-page spread (two facing text blocks, central gutter, two independent reading orders)",,True,False,False,False,,False
dataset_f7dfd857275e7c253a5aba4730f93428121e5156bd4281c4101fd79514b0d8d9,dataset_version_a51bddcb369babc7d5f603d6c6a465de9505061bc876c2d3fdecdc2bcf5eee6e,page_022f9ced531472f72d7c2789acaf92bbc8fec00d3a0759b0971a4993c5b34318,document_d78dd80c308edde2269fe715a9ca75f4da575cdfd03c0993b02cc78ad79e0900,Kommissorialrätt_i_Uppsala_ang__trolldomsväsendet__1676-1677_,R0001210,00010,dataset-rgb/Kommissorialrätt_i_Uppsala_ang__trolldomsväsendet__1676-1677_/Kommissorialrätt_i_Uppsala_ang__trolldomsväsendet__1676-1677__R0001210_00010.png,page_image_9de8eb6a8e08880d2713e6bd44244919dce50ad894a8a1aa5200e6797f77a05a,26574007,readable,PNG,5414,4229,1.2802,22895806,RGB,3,8,1.1606,False,False,,unique,,included,,Structurally difficult,"aspect ratio 1.2802 >= 1.15: double-page spread (two facing text blocks, central gutter, two independent reading orders)",,True,False,False,False,,False
dataset_f7dfd857275e7c253a5aba4730f93428121e5156bd4281c4101fd79514b0d8d9,dataset_version_a51bddcb369babc7d5f603d6c6a465de9505061bc876c2d3fdecdc2bcf5eee6e,page_6d0589a3b339dc970b964c4f7b0e7b5fca972d59cb2786b627412d092c9c914a,document_d78dd80c308edde2269fe715a9ca75f4da575cdfd03c0993b02cc78ad79e0900,Kommissorialrätt_i_Uppsala_ang__trolldomsväsendet__1676-1677_,R0001210,00011,dataset-rgb/Kommissorialrätt_i_Uppsala_ang__trolldomsväsendet__1676-1677_/Kommissorialrätt_i_Uppsala_ang__trolldomsväsendet__1676-1677__R0001210_00011.png,page_image_16852f2956d298a2c5051fdea68562ac864090d8cb1332aabd11e0955f1a47ca,22845104,readable,PNG,5413,4232,1.2791,22907816,RGB,3,8,0.9973,False,False,,unique,,included,,Structurally difficult,"aspect ratio 1.2791 >= 1.15: double-page spread (two facing text blocks, central gutter, two independent reading orders)",,True,False,False,False,,False
dataset_f7dfd857275e7c253a5aba4730f93428121e5156bd4281c4101fd79514b0d8d9,dataset_version_a51bddcb369babc7d5f603d6c6a465de9505061bc876c2d3fdecdc2bcf5eee6e,page_8d5aeef19b067fc53b9b842966d3ce3b6a1672ef8dc943852ed234f8cfb74424,document_2b1010b3a476030f9f6cf84d207bdbc1c1d751f26f0fbbc59a905b79d86bd7bb,Kommissorialrätt_i_Västernorrland_ang__trolldomsväsendet__1674-1675_,A0060208,00012,dataset-rgb/Kommissorialrätt_i_Västernorrland_ang__trolldomsväsendet__1674-1675_/Kommissorialrätt_i_Västernorrland_ang__trolldomsväsendet__1674-1675__A0060208_00012.png,page_image_ea3f5694d4860dc4e8eecc8bb3a5925c36fdb66acf2b16ffcf56a544f1790170,22954620,readable,PNG,6504,4808,1.3527,31271232,RGB,3,8,0.734,False,False,,unique,,included,,Structurally difficult,"aspect ratio 1.3527 >= 1.15: double-page spread (two facing text blocks, central gutter, two independent reading orders)",,True,False,False,False,,False
dataset_f7dfd857275e7c253a5aba4730f93428121e5156bd4281c4101fd79514b0d8d9,dataset_version_a51bddcb369babc7d5f603d6c6a465de9505061bc876c2d3fdecdc2bcf5eee6e,page_2b1c53372a4cb6ce08dac31c1d2c7ac3f8d2fdea2397f169a6a17cd74ff31e00,document_2b1010b3a476030f9f6cf84d207bdbc1c1d751f26f0fbbc59a905b79d86bd7bb,Kommissorialrätt_i_Västernorrland_ang__trolldomsväsendet__1674-1675_,A0060208,00013,dataset-rgb/Kommissorialrätt_i_Västernorrland_ang__trolldomsväsendet__1674-1675_/Kommissorialrätt_i_Västernorrland_ang__trolldomsväsendet__1674-1675__A0060208_00013.png,page_image_3f2bf881c6f76b23ebdd4470aac1014a0cebad69baff0bae2ad7b90e1b8ca92a,22072509,readable,PNG,6504,4832,1.346,31427328,RGB,3,8,0.7023,False,False,,unique,,included,,Structurally difficult,"aspect ratio 1.346 >= 1.15: double-page spread (two facing text blocks, central gutter, two independent reading orders)",,True,False,False,False,,False
dataset_f7dfd857275e7c253a5aba4730f93428121e5156bd4281c4101fd79514b0d8d9,dataset_version_a51bddcb369babc7d5f603d6c6a465de9505061bc876c2d3fdecdc2bcf5eee6e,page_7f8b2ec1c9579a6d6c88782195786a8a884d828196da7be8e24b5f6939e6d250,document_2b1010b3a476030f9f6cf84d207bdbc1c1d751f26f0fbbc59a905b79d86bd7bb,Kommissorialrätt_i_Västernorrland_ang__trolldomsväsendet__1674-1675_,A0060208,00018,dataset-rgb/Kommissorialrätt_i_Västernorrland_ang__trolldomsväsendet__1674-1675_/Kommissorialrätt_i_Västernorrland_ang__trolldomsväsendet__1674-1675__A0060208_00018.png,page_image_a98ada6631887ca5212cc0b725cab3c4791a8598a5c6e0e9efd39dcbf22baa05,20823526,readable,PNG,6480,4824,1.3433,31259520,RGB,3,8,0.6661,False,False,,unique,,included,,Structurally difficult,"aspect ratio 1.3433 >= 1.15: double-page spread (two facing text blocks, central gutter, two independent reading orders)",,True,False,False,False,,False
dataset_f7dfd857275e7c253a5aba4730f93428121e5156bd4281c4101fd79514b0d8d9,dataset_version_a51bddcb369babc7d5f603d6c6a465de9505061bc876c2d3fdecdc2bcf5eee6e,page_ace9135d33acbd0e7ea740dc9878114567a8a48b136cf2a21421f9e719b831a5,document_2b1010b3a476030f9f6cf84d207bdbc1c1d751f26f0fbbc59a905b79d86bd7bb,Kommissorialrätt_i_Västernorrland_ang__trolldomsväsendet__1674-1675_,A0060208,00019,dataset-rgb/Kommissorialrätt_i_Västernorrland_ang__trolldomsväsendet__1674-1675_/Kommissorialrätt_i_Västernorrland_ang__trolldomsväsendet__1674-1675__A0060208_00019.png,page_image_27863939965b08d916c47b579fb9fda288dd287683412f2eb58602a0ba5e9f09,21502455,readable,PNG,6480,4832,1.3411,31311360,RGB,3,8,0.6867,False,False,,unique,,included,,Structurally difficult,"aspect ratio 1.3411 >= 1.15: double-page spread (two facing text blocks, central gutter, two independent reading orders)",,True,False,False,False,,False
dataset_f7dfd857275e7c253a5aba4730f93428121e5156bd4281c4101fd79514b0d8d9,dataset_version_a51bddcb369babc7d5f603d6c6a465de9505061bc876c2d3fdecdc2bcf5eee6e,page_775e97b0395e943551c3cc2300d886fbba40ce0eedc5c32d535f6bbf87f1a46d,document_2b1010b3a476030f9f6cf84d207bdbc1c1d751f26f0fbbc59a905b79d86bd7bb,Kommissorialrätt_i_Västernorrland_ang__trolldomsväsendet__1674-1675_,A0060208,00042,dataset-rgb/Kommissorialrätt_i_Västernorrland_ang__trolldomsväsendet__1674-1675_/Kommissorialrätt_i_Västernorrland_ang__trolldomsväsendet__1674-1675__A0060208_00042.png,page_image_a50207fb2188c8c4334100687f702c7e49745ccca091c5287568fbb682a73778,18561898,readable,PNG,6496,4824,1.3466,31336704,RGB,3,8,0.5923,False,False,,unique,,included,,Structurally difficult,"aspect ratio 1.3466 >= 1.15: double-page spread (two facing text blocks, central gutter, two independent reading orders)",,True,False,False,False,,False
dataset_f7dfd857275e7c253a5aba4730f93428121e5156bd4281c4101fd79514b0d8d9,dataset_version_a51bddcb369babc7d5f603d6c6a465de9505061bc876c2d3fdecdc2bcf5eee6e,page_a6ad24639dfcc5b285bc0413e7bf6caf70906164afb5ccdf6ced5aceea585efb,document_2b1010b3a476030f9f6cf84d207bdbc1c1d751f26f0fbbc59a905b79d86bd7bb,Kommissorialrätt_i_Västernorrland_ang__trolldomsväsendet__1674-1675_,A0060208,00043,dataset-rgb/Kommissorialrätt_i_Västernorrland_ang__trolldomsväsendet__1674-1675_/Kommissorialrätt_i_Västernorrland_ang__trolldomsväsendet__1674-1675__A0060208_00043.png,page_image_1b501052ca6c20e2a40114db84f8c87e14560c363ec80ad7eed696208a29e787,17712971,readable,PNG,6504,4832,1.346,31427328,RGB,3,8,0.5636,False,False,,unique,,included,,Structurally difficult,"aspect ratio 1.346 >= 1.15: double-page spread (two facing text blocks, central gutter, two independent reading orders)",,True,False,False,False,,False
dataset_f7dfd857275e7c253a5aba4730f93428121e5156bd4281c4101fd79514b0d8d9,dataset_version_a51bddcb369babc7d5f603d6c6a465de9505061bc876c2d3fdecdc2bcf5eee6e,page_21ca7fd2a0065ed7e1130a3d24b8639c8c99cdd5dc8b21af72259d6041e2255b,document_2b1010b3a476030f9f6cf84d207bdbc1c1d751f26f0fbbc59a905b79d86bd7bb,Kommissorialrätt_i_Västernorrland_ang__trolldomsväsendet__1674-1675_,A0060208,00045,dataset-rgb/Kommissorialrätt_i_Västernorrland_ang__trolldomsväsendet__1674-1675_/Kommissorialrätt_i_Västernorrland_ang__trolldomsväsendet__1674-1675__A0060208_00045.png,page_image_fc50cfc50df58f7b02e2f845f71194c260fa0ffa4012e55f0fc7000653d1e21f,21506203,readable,PNG,6488,4840,1.3405,31401920,RGB,3,8,0.6849,False,False,,unique,,included,,Structurally difficult,"aspect ratio 1.3405 >= 1.15: double-page spread (two facing text blocks, central gutter, two independent reading orders)",,True,False,False,False,,False
dataset_f7dfd857275e7c253a5aba4730f93428121e5156bd4281c4101fd79514b0d8d9,dataset_version_a51bddcb369babc7d5f603d6c6a465de9505061bc876c2d3fdecdc2bcf5eee6e,page_31b5a61226ff3dc9dffac5344e99fa52cae0039fa198642df1da37a73bfd23d1,document_2b1010b3a476030f9f6cf84d207bdbc1c1d751f26f0fbbc59a905b79d86bd7bb,Kommissorialrätt_i_Västernorrland_ang__trolldomsväsendet__1674-1675_,A0060208,00067,dataset-rgb/Kommissorialrätt_i_Västernorrland_ang__trolldomsväsendet__1674-1675_/Kommissorialrätt_i_Västernorrland_ang__trolldomsväsendet__1674-1675__A0060208_00067.png,page_image_24d97785808f03ee5649bc5bd206fcc40318bfdfb0eba2efa1dc2798b9e67c9a,20532667,readable,PNG,6496,4832,1.3444,31388672,RGB,3,8,0.6541,False,False,,unique,,included,,Structurally difficult,"aspect ratio 1.3444 >= 1.15: double-page spread (two facing text blocks, central gutter, two independent reading orders)",,True,False,False,False,,True
dataset_f7dfd857275e7c253a5aba4730f93428121e5156bd4281c4101fd79514b0d8d9,dataset_version_a51bddcb369babc7d5f603d6c6a465de9505061bc876c2d3fdecdc2bcf5eee6e,page_62923f1178f5c39dab7b44f3347b863cd3441eb77611b7215f887db4a44f39ef,document_2b1010b3a476030f9f6cf84d207bdbc1c1d751f26f0fbbc59a905b79d86bd7bb,Kommissorialrätt_i_Västernorrland_ang__trolldomsväsendet__1674-1675_,A0060208,00068,dataset-rgb/Kommissorialrätt_i_Västernorrland_ang__trolldomsväsendet__1674-1675_/Kommissorialrätt_i_Västernorrland_ang__trolldomsväsendet__1674-1675__A0060208_00068.png,page_image_4ce592f0fc7fd2198f029883ce00f48aea19b2ef8c198e3c81b057b824dc2533,19912335,readable,PNG,6488,4832,1.3427,31350016,RGB,3,8,0.6352,False,False,,unique,,included,,Structurally difficult,"aspect ratio 1.3427 >= 1.15: double-page spread (two facing text blocks, central gutter, two independent reading orders)",,True,False,False,False,,False
dataset_f7dfd857275e7c253a5aba4730f93428121e5156bd4281c4101fd79514b0d8d9,dataset_version_a51bddcb369babc7d5f603d6c6a465de9505061bc876c2d3fdecdc2bcf5eee6e,page_7703227d58d2d4ed28952bcbd18e007300703808a502955feda11ade29491de4,document_2b1010b3a476030f9f6cf84d207bdbc1c1d751f26f0fbbc59a905b79d86bd7bb,Kommissorialrätt_i_Västernorrland_ang__trolldomsväsendet__1674-1675_,A0060208,00069,dataset-rgb/Kommissorialrätt_i_Västernorrland_ang__trolldomsväsendet__1674-1675_/Kommissorialrätt_i_Västernorrland_ang__trolldomsväsendet__1674-1675__A0060208_00069.png,page_image_3e5f66ebd26b9fc480feaf0b9d45769104b16a64dfb376cc5a49b578751bc5e3,23766471,readable,PNG,6496,4832,1.3444,31388672,RGB,3,8,0.7572,False,False,,unique,,included,,Structurally difficult,"aspect ratio 1.3444 >= 1.15: double-page spread (two facing text blocks, central gutter, two independent reading orders)",,True,False,False,False,,False
dataset_f7dfd857275e7c253a5aba4730f93428121e5156bd4281c4101fd79514b0d8d9,dataset_version_a51bddcb369babc7d5f603d6c6a465de9505061bc876c2d3fdecdc2bcf5eee6e,page_8c1e97dcf33de375f233bb0da280f551b7cd9457dfeb4c49cf8571e88ced7c2a,document_2b1010b3a476030f9f6cf84d207bdbc1c1d751f26f0fbbc59a905b79d86bd7bb,Kommissorialrätt_i_Västernorrland_ang__trolldomsväsendet__1674-1675_,A0060208,00071,dataset-rgb/Kommissorialrätt_i_Västernorrland_ang__trolldomsväsendet__1674-1675_/Kommissorialrätt_i_Västernorrland_ang__trolldomsväsendet__1674-1675__A0060208_00071.png,page_image_39c44829d8e0e28e3fba48cb193ad40d884de0f5c84a3c2bc9ca7d857283553c,22469620,readable,PNG,6520,4832,1.3493,31504640,RGB,3,8,0.7132,False,False,,unique,,included,,Structurally difficult,"aspect ratio 1.3493 >= 1.15: double-page spread (two facing text blocks, central gutter, two independent reading orders)",,True,False,False,False,,False
dataset_f7dfd857275e7c253a5aba4730f93428121e5156bd4281c4101fd79514b0d8d9,dataset_version_a51bddcb369babc7d5f603d6c6a465de9505061bc876c2d3fdecdc2bcf5eee6e,page_22e1f03c7c9cb2bcfffaf3fac5ef5fa143a29c433b911801f178e2da333a8f4c,document_2b1010b3a476030f9f6cf84d207bdbc1c1d751f26f0fbbc59a905b79d86bd7bb,Kommissorialrätt_i_Västernorrland_ang__trolldomsväsendet__1674-1675_,A0060208,00092,dataset-rgb/Kommissorialrätt_i_Västernorrland_ang__trolldomsväsendet__1674-1675_/Kommissorialrätt_i_Västernorrland_ang__trolldomsväsendet__1674-1675__A0060208_00092.png,page_image_e365388ed807381adc162685eb0cd1ce0519105c5849409081f3bd37119f052d,23355250,readable,PNG,6544,4824,1.3566,31568256,RGB,3,8,0.7398,False,False,,unique,,included,,Structurally difficult,"aspect ratio 1.3566 >= 1.15: double-page spread (two facing text blocks, central gutter, two independent reading orders)",,True,False,False,False,,False
dataset_f7dfd857275e7c253a5aba4730f93428121e5156bd4281c4101fd79514b0d8d9,dataset_version_a51bddcb369babc7d5f603d6c6a465de9505061bc876c2d3fdecdc2bcf5eee6e,page_7e5a82259146d42973d7e54d3d377ade2764ff7e36d439e96475f3dc2f3d78c5,document_2b1010b3a476030f9f6cf84d207bdbc1c1d751f26f0fbbc59a905b79d86bd7bb,Kommissorialrätt_i_Västernorrland_ang__trolldomsväsendet__1674-1675_,A0060208,00093,dataset-rgb/Kommissorialrätt_i_Västernorrland_ang__trolldomsväsendet__1674-1675_/Kommissorialrätt_i_Västernorrland_ang__trolldomsväsendet__1674-1675__A0060208_00093.png,page_image_ef586e6f12daddfb853c1eb7e6dae91c320abb7bbafb734d9bdea0c19c286671,20930902,readable,PNG,6520,4832,1.3493,31504640,RGB,3,8,0.6644,False,False,,unique,,included,,Structurally difficult,"aspect ratio 1.3493 >= 1.15: double-page spread (two facing text blocks, central gutter, two independent reading orders)",,True,False,False,False,,True
dataset_f7dfd857275e7c253a5aba4730f93428121e5156bd4281c4101fd79514b0d8d9,dataset_version_a51bddcb369babc7d5f603d6c6a465de9505061bc876c2d3fdecdc2bcf5eee6e,page_4d2f3a8022bcbf9d59641fcbed54a099efe8a827fb57f49dabf6c70d2155f1bb,document_2b1010b3a476030f9f6cf84d207bdbc1c1d751f26f0fbbc59a905b79d86bd7bb,Kommissorialrätt_i_Västernorrland_ang__trolldomsväsendet__1674-1675_,A0060208,00094,dataset-rgb/Kommissorialrätt_i_Västernorrland_ang__trolldomsväsendet__1674-1675_/Kommissorialrätt_i_Västernorrland_ang__trolldomsväsendet__1674-1675__A0060208_00094.png,page_image_afa16c9cf09e8712995ad1af88f6b27607868345e25e26eca8ec9dc01d54cc39,22405405,readable,PNG,6528,4832,1.351,31543296,RGB,3,8,0.7103,False,False,,unique,,included,,Structurally difficult,"aspect ratio 1.351 >= 1.15: double-page spread (two facing text blocks, central gutter, two independent reading orders)",,True,False,False,False,,False
dataset_f7dfd857275e7c253a5aba4730f93428121e5156bd4281c4101fd79514b0d8d9,dataset_version_a51bddcb369babc7d5f603d6c6a465de9505061bc876c2d3fdecdc2bcf5eee6e,page_53d0f90eb618409af7cd2d827491c3d318caedf3e9df9ecbd62d29046873dd3a,document_2b1010b3a476030f9f6cf84d207bdbc1c1d751f26f0fbbc59a905b79d86bd7bb,Kommissorialrätt_i_Västernorrland_ang__trolldomsväsendet__1674-1675_,A0060208,00097,dataset-rgb/Kommissorialrätt_i_Västernorrland_ang__trolldomsväsendet__1674-1675_/Kommissorialrätt_i_Västernorrland_ang__trolldomsväsendet__1674-1675__A0060208_00097.png,page_image_e89638f1eaf8e23ccd922546d467e002950ef13fbc0d3315689188892e848708,18796620,readable,PNG,6528,4832,1.351,31543296,RGB,3,8,0.5959,False,False,,unique,,included,,Structurally difficult,"aspect ratio 1.351 >= 1.15: double-page spread (two facing text blocks, central gutter, two independent reading orders)",,True,False,False,False,,False
dataset_f7dfd857275e7c253a5aba4730f93428121e5156bd4281c4101fd79514b0d8d9,dataset_version_a51bddcb369babc7d5f603d6c6a465de9505061bc876c2d3fdecdc2bcf5eee6e,page_f6226f76a941bb6f424325971982526a1348170c0d57807e1efde0be333dd436,document_2b1010b3a476030f9f6cf84d207bdbc1c1d751f26f0fbbc59a905b79d86bd7bb,Kommissorialrätt_i_Västernorrland_ang__trolldomsväsendet__1674-1675_,A0060208,00098,dataset-rgb/Kommissorialrätt_i_Västernorrland_ang__trolldomsväsendet__1674-1675_/Kommissorialrätt_i_Västernorrland_ang__trolldomsväsendet__1674-1675__A0060208_00098.png,page_image_a697bfbb24ce95fd90bc30ae9aeb5613a1cf17f857f59da87a2b549917d16e09,23325626,readable,PNG,6528,4824,1.3532,31491072,RGB,3,8,0.7407,False,False,,unique,,included,,Structurally difficult,"aspect ratio 1.3532 >= 1.15: double-page spread (two facing text blocks, central gutter, two independent reading orders)",,True,False,False,False,,False
dataset_f7dfd857275e7c253a5aba4730f93428121e5156bd4281c4101fd79514b0d8d9,dataset_version_a51bddcb369babc7d5f603d6c6a465de9505061bc876c2d3fdecdc2bcf5eee6e,page_2d20c2128e6545a8626b5c39a0eb60d41386bda604eec44d1bc423487f932a06,document_2b1010b3a476030f9f6cf84d207bdbc1c1d751f26f0fbbc59a905b79d86bd7bb,Kommissorialrätt_i_Västernorrland_ang__trolldomsväsendet__1674-1675_,A0060208,00119,dataset-rgb/Kommissorialrätt_i_Västernorrland_ang__trolldomsväsendet__1674-1675_/Kommissorialrätt_i_Västernorrland_ang__trolldomsväsendet__1674-1675__A0060208_00119.png,page_image_e86fad7796e40a4f1a88a75d1514ca7f1a61ca305f8aaee797f837eb866d6f6e,16290584,readable,PNG,6496,4800,1.3533,31180800,RGB,3,8,0.5225,False,False,,unique,,included,,Structurally difficult,"aspect ratio 1.3533 >= 1.15: double-page spread (two facing text blocks, central gutter, two independent reading orders)",,True,False,False,False,,False
dataset_f7dfd857275e7c253a5aba4730f93428121e5156bd4281c4101fd79514b0d8d9,dataset_version_a51bddcb369babc7d5f603d6c6a465de9505061bc876c2d3fdecdc2bcf5eee6e,page_23e7a04826844c3ccdadc5c3a0c3d750561f7d711fda9d769ed9a4a6a198d327,document_2b1010b3a476030f9f6cf84d207bdbc1c1d751f26f0fbbc59a905b79d86bd7bb,Kommissorialrätt_i_Västernorrland_ang__trolldomsväsendet__1674-1675_,A0060208,00170,dataset-rgb/Kommissorialrätt_i_Västernorrland_ang__trolldomsväsendet__1674-1675_/Kommissorialrätt_i_Västernorrland_ang__trolldomsväsendet__1674-1675__A0060208_00170.png,page_image_da19d9a93b685c4152c8ea7087e5ffcefceaf85a61cfe6ed1577eea69b48107e,23764404,readable,PNG,6528,4824,1.3532,31491072,RGB,3,8,0.7546,False,False,,unique,,included,,Structurally difficult,"aspect ratio 1.3532 >= 1.15: double-page spread (two facing text blocks, central gutter, two independent reading orders)",,True,False,False,False,,False
dataset_f7dfd857275e7c253a5aba4730f93428121e5156bd4281c4101fd79514b0d8d9,dataset_version_a51bddcb369babc7d5f603d6c6a465de9505061bc876c2d3fdecdc2bcf5eee6e,page_5e26a57382a2dc1a08629805a354d4c4a19fe6f6210af01009c37e675958ebfd,document_2b1010b3a476030f9f6cf84d207bdbc1c1d751f26f0fbbc59a905b79d86bd7bb,Kommissorialrätt_i_Västernorrland_ang__trolldomsväsendet__1674-1675_,A0060208,00171,dataset-rgb/Kommissorialrätt_i_Västernorrland_ang__trolldomsväsendet__1674-1675_/Kommissorialrätt_i_Västernorrland_ang__trolldomsväsendet__1674-1675__A0060208_00171.png,page_image_b5b7c4750d36e41713139f5a7545adf161b474c2891e217cc3b848bfb1cbe608,23259340,readable,PNG,6552,4824,1.3582,31606848,RGB,3,8,0.7359,False,False,,unique,,included,,Structurally difficult,"aspect ratio 1.3582 >= 1.15: double-page spread (two facing text blocks, central gutter, two independent reading orders)",,True,False,False,False,,False
dataset_f7dfd857275e7c253a5aba4730f93428121e5156bd4281c4101fd79514b0d8d9,dataset_version_a51bddcb369babc7d5f603d6c6a465de9505061bc876c2d3fdecdc2bcf5eee6e,page_5f19ca001d78aae95141a4cdcdc4d48ef3d31fc3ea92480ba11f7cbd08f3457a,document_2b1010b3a476030f9f6cf84d207bdbc1c1d751f26f0fbbc59a905b79d86bd7bb,Kommissorialrätt_i_Västernorrland_ang__trolldomsväsendet__1674-1675_,A0060208,00186,dataset-rgb/Kommissorialrätt_i_Västernorrland_ang__trolldomsväsendet__1674-1675_/Kommissorialrätt_i_Västernorrland_ang__trolldomsväsendet__1674-1675__A0060208_00186.png,page_image_e1a7d98351e1f9643efaba0dcf42b85be02be469b4e536b10a23bd66c338d8d9,23837708,readable,PNG,6520,4832,1.3493,31504640,RGB,3,8,0.7566,False,False,,unique,,included,,Structurally difficult,"aspect ratio 1.3493 >= 1.15: double-page spread (two facing text blocks, central gutter, two independent reading orders)",,True,False,False,False,,False
dataset_f7dfd857275e7c253a5aba4730f93428121e5156bd4281c4101fd79514b0d8d9,dataset_version_a51bddcb369babc7d5f603d6c6a465de9505061bc876c2d3fdecdc2bcf5eee6e,page_b194a0ee6044ff5fb3e2f01461cc6f7fc6721959f09244ea87482f57032d81dd,document_2b1010b3a476030f9f6cf84d207bdbc1c1d751f26f0fbbc59a905b79d86bd7bb,Kommissorialrätt_i_Västernorrland_ang__trolldomsväsendet__1674-1675_,A0060208,00187,dataset-rgb/Kommissorialrätt_i_Västernorrland_ang__trolldomsväsendet__1674-1675_/Kommissorialrätt_i_Västernorrland_ang__trolldomsväsendet__1674-1675__A0060208_00187.png,page_image_5fe071bb27a562c3177a390db0bf9cb2925cebcb2029f8455fb2ed291d4b30ba,25357904,readable,PNG,6536,4824,1.3549,31529664,RGB,3,8,0.8043,False,False,,unique,,included,,Structurally difficult,"aspect ratio 1.3549 >= 1.15: double-page spread (two facing text blocks, central gutter, two independent reading orders)",,True,False,False,False,,False
dataset_f7dfd857275e7c253a5aba4730f93428121e5156bd4281c4101fd79514b0d8d9,dataset_version_a51bddcb369babc7d5f603d6c6a465de9505061bc876c2d3fdecdc2bcf5eee6e,page_997668dbc7ee92460513f364493abd3062f20a0a4a7183decb9392678f0e0844,document_50d81d884323d8df31d1fbea91ffdfded386fd007906648373178ca33c4f8728,Trolldom_och_annan_vidskepelse_-_Advokatfiskal_Johan_Aug__Grevesmöhlens_koncept__1757_,A0060199,00006,dataset-rgb/Trolldom_och_annan_vidskepelse_-_Advokatfiskal_Johan_Aug__Grevesmöhlens_koncept__1757_/Trolldom_och_annan_vidskepelse_-_Advokatfiskal_Johan_Aug__Grevesmöhlens_koncept__1757__A0060199_00006.png,page_image_7de6bdd4de2ded5e4036d6eaba0e7c5b52b7d95ee544184ba24a0fe1408f1b8d,20858888,readable,PNG,6208,4800,1.2933,29798400,RGB,3,8,0.7,False,False,,unique,,included,,Structurally difficult,"aspect ratio 1.2933 >= 1.15: double-page spread (two facing text blocks, central gutter, two independent reading orders)",,True,False,False,False,,True
dataset_f7dfd857275e7c253a5aba4730f93428121e5156bd4281c4101fd79514b0d8d9,dataset_version_a51bddcb369babc7d5f603d6c6a465de9505061bc876c2d3fdecdc2bcf5eee6e,page_4b59be9682e68f005b14a6329779d9c7f7e67593bd3407ad45b80728f420be92,document_50d81d884323d8df31d1fbea91ffdfded386fd007906648373178ca33c4f8728,Trolldom_och_annan_vidskepelse_-_Advokatfiskal_Johan_Aug__Grevesmöhlens_koncept__1757_,A0060199,00017,dataset-rgb/Trolldom_och_annan_vidskepelse_-_Advokatfiskal_Johan_Aug__Grevesmöhlens_koncept__1757_/Trolldom_och_annan_vidskepelse_-_Advokatfiskal_Johan_Aug__Grevesmöhlens_koncept__1757__A0060199_00017.png,page_image_f34cdc9aa9ec769aea10b80d5a26d66294b6a8f627c8d846a46b989ac89f754f,19734422,readable,PNG,6088,4744,1.2833,28881472,RGB,3,8,0.6833,False,False,,unique,,included,,Structurally difficult,"aspect ratio 1.2833 >= 1.15: double-page spread (two facing text blocks, central gutter, two independent reading orders)",,True,False,False,False,,False
dataset_f7dfd857275e7c253a5aba4730f93428121e5156bd4281c4101fd79514b0d8d9,dataset_version_a51bddcb369babc7d5f603d6c6a465de9505061bc876c2d3fdecdc2bcf5eee6e,page_eafbd28dab233ca1a0c5fb6c8fac45df752527a3f48ac4a17ea43c3f657044ba,document_50d81d884323d8df31d1fbea91ffdfded386fd007906648373178ca33c4f8728,Trolldom_och_annan_vidskepelse_-_Advokatfiskal_Johan_Aug__Grevesmöhlens_koncept__1757_,A0060199,00027,dataset-rgb/Trolldom_och_annan_vidskepelse_-_Advokatfiskal_Johan_Aug__Grevesmöhlens_koncept__1757_/Trolldom_och_annan_vidskepelse_-_Advokatfiskal_Johan_Aug__Grevesmöhlens_koncept__1757__A0060199_00027.png,page_image_7fb8e529fd71fb72bf2a4ad0ddf97f281297537cdc397d649826af9cc04fda32,19596331,readable,PNG,6312,4776,1.3216,30146112,RGB,3,8,0.65,False,False,,unique,,included,,Structurally difficult,"aspect ratio 1.3216 >= 1.15: double-page spread (two facing text blocks, central gutter, two independent reading orders)",,True,False,False,False,,False
dataset_f7dfd857275e7c253a5aba4730f93428121e5156bd4281c4101fd79514b0d8d9,dataset_version_a51bddcb369babc7d5f603d6c6a465de9505061bc876c2d3fdecdc2bcf5eee6e,page_900075694a6fa686b867f76799f93b66fbfeb702822ea22c2e0f3b33630d08a2,document_50d81d884323d8df31d1fbea91ffdfded386fd007906648373178ca33c4f8728,Trolldom_och_annan_vidskepelse_-_Advokatfiskal_Johan_Aug__Grevesmöhlens_koncept__1757_,A0060199,00040,dataset-rgb/Trolldom_och_annan_vidskepelse_-_Advokatfiskal_Johan_Aug__Grevesmöhlens_koncept__1757_/Trolldom_och_annan_vidskepelse_-_Advokatfiskal_Johan_Aug__Grevesmöhlens_koncept__1757__A0060199_00040.png,page_image_d5c2c8715332e79a7c1183b433462362aa411864cd183fe2d5abe29897d1ac32,21962463,readable,PNG,6288,4728,1.3299,29729664,RGB,3,8,0.7387,False,False,,unique,,included,,Structurally difficult,"aspect ratio 1.3299 >= 1.15: double-page spread (two facing text blocks, central gutter, two independent reading orders)",,True,False,False,False,,True
dataset_f7dfd857275e7c253a5aba4730f93428121e5156bd4281c4101fd79514b0d8d9,dataset_version_a51bddcb369babc7d5f603d6c6a465de9505061bc876c2d3fdecdc2bcf5eee6e,page_eb980537e503375e1d46eede36f9e8c041e61bb2d514786d29a7af9c0e167263,document_50d81d884323d8df31d1fbea91ffdfded386fd007906648373178ca33c4f8728,Trolldom_och_annan_vidskepelse_-_Advokatfiskal_Johan_Aug__Grevesmöhlens_koncept__1757_,A0060199,00041,dataset-rgb/Trolldom_och_annan_vidskepelse_-_Advokatfiskal_Johan_Aug__Grevesmöhlens_koncept__1757_/Trolldom_och_annan_vidskepelse_-_Advokatfiskal_Johan_Aug__Grevesmöhlens_koncept__1757__A0060199_00041.png,page_image_54dcdc3da9ceb34b7daa6d8fde17f7a2701f6fe7285e152be7e1e56840d68e50,11267724,readable,PNG,3432,4784,0.7174,16418688,RGB,3,8,0.6863,False,False,,unique,,included,,Ordinary,"single-page portrait raster with no detected technical anomaly; note that structural difficulty beyond page-spread geometry (dense marginalia, tables, multi-column layout, insertions, damage) is NOT automatically detectable without a layout model and is explicitly out of scope for this pass -- this page may be reclassified 'Structurally difficult' by supervised human correction",,False,False,False,False,,True
dataset_f7dfd857275e7c253a5aba4730f93428121e5156bd4281c4101fd79514b0d8d9,dataset_version_a51bddcb369babc7d5f603d6c6a465de9505061bc876c2d3fdecdc2bcf5eee6e,page_7c38fde33b565fa1020aee6120712148a6bdf92965201df0c8a4c9a94acabd0d,document_87381d9e62e5e04b4e4f16b27f4905e31e53fdc4b91d5ce43037da4b881d642b,Trolldom_och_annan_vidskepelse_-_Attester_å_gåvor_till_fru_Maria_Kristina_Frölich__1719-1720_,A0060197,00012,dataset-rgb/Trolldom_och_annan_vidskepelse_-_Attester_å_gåvor_till_fru_Maria_Kristina_Frölich__1719-1720_/Trolldom_och_annan_vidskepelse_-_Attester_å_gåvor_till_fru_Maria_Kristina_Frölich__1719-1720__A0060197_00012.png,page_image_6e259c55156a5783bf6b5aea928055f87c8fc32daeb7e83fcab03fa2f59dae5a,7317850,readable,PNG,3856,2792,1.3811,10765952,RGB,3,8,0.6797,False,False,,unique,,included,,Structurally difficult,"aspect ratio 1.3811 >= 1.15: double-page spread (two facing text blocks, central gutter, two independent reading orders)",,True,False,False,False,,False
dataset_f7dfd857275e7c253a5aba4730f93428121e5156bd4281c4101fd79514b0d8d9,dataset_version_a51bddcb369babc7d5f603d6c6a465de9505061bc876c2d3fdecdc2bcf5eee6e,page_d59a1007c06ee492f935de4f5cee31baf1ef85b46bc57fd0e43c077442b6e357,document_87381d9e62e5e04b4e4f16b27f4905e31e53fdc4b91d5ce43037da4b881d642b,Trolldom_och_annan_vidskepelse_-_Attester_å_gåvor_till_fru_Maria_Kristina_Frölich__1719-1720_,A0060197,00013,dataset-rgb/Trolldom_och_annan_vidskepelse_-_Attester_å_gåvor_till_fru_Maria_Kristina_Frölich__1719-1720_/Trolldom_och_annan_vidskepelse_-_Attester_å_gåvor_till_fru_Maria_Kristina_Frölich__1719-1720__A0060197_00013.png,page_image_c8df622f250e14907bbeddfdf94a113bdee8e255139591eb982ad828e5d2cc9f,7726267,readable,PNG,3816,2736,1.3947,10440576,RGB,3,8,0.74,False,False,,unique,,included,,Structurally difficult,"aspect ratio 1.3947 >= 1.15: double-page spread (two facing text blocks, central gutter, two independent reading orders)",,True,False,False,False,,False
dataset_f7dfd857275e7c253a5aba4730f93428121e5156bd4281c4101fd79514b0d8d9,dataset_version_a51bddcb369babc7d5f603d6c6a465de9505061bc876c2d3fdecdc2bcf5eee6e,page_1c2baac602ef47c8d4594d804aa0a7826a70faf3bb09b82e0e404e52a17c2956,document_87381d9e62e5e04b4e4f16b27f4905e31e53fdc4b91d5ce43037da4b881d642b,Trolldom_och_annan_vidskepelse_-_Attester_å_gåvor_till_fru_Maria_Kristina_Frölich__1719-1720_,A0060197,00014,dataset-rgb/Trolldom_och_annan_vidskepelse_-_Attester_å_gåvor_till_fru_Maria_Kristina_Frölich__1719-1720_/Trolldom_och_annan_vidskepelse_-_Attester_å_gåvor_till_fru_Maria_Kristina_Frölich__1719-1720__A0060197_00014.png,page_image_884b025f20a4cec37e888ec840e60b117dbfb413a13715d44519472ed747ebc6,7738806,readable,PNG,3832,2784,1.3764,10668288,RGB,3,8,0.7254,False,False,,unique,,included,,Structurally difficult,"aspect ratio 1.3764 >= 1.15: double-page spread (two facing text blocks, central gutter, two independent reading orders)",,True,False,False,False,,False
dataset_f7dfd857275e7c253a5aba4730f93428121e5156bd4281c4101fd79514b0d8d9,dataset_version_a51bddcb369babc7d5f603d6c6a465de9505061bc876c2d3fdecdc2bcf5eee6e,page_e50b69a1d4ac1f651800bdf50058ef3f5f5730c8202523b83336106978ba7bef,document_87381d9e62e5e04b4e4f16b27f4905e31e53fdc4b91d5ce43037da4b881d642b,Trolldom_och_annan_vidskepelse_-_Attester_å_gåvor_till_fru_Maria_Kristina_Frölich__1719-1720_,A0060197,00015,dataset-rgb/Trolldom_och_annan_vidskepelse_-_Attester_å_gåvor_till_fru_Maria_Kristina_Frölich__1719-1720_/Trolldom_och_annan_vidskepelse_-_Attester_å_gåvor_till_fru_Maria_Kristina_Frölich__1719-1720__A0060197_00015.png,page_image_4d5d74fe9d1ebf10550094d6b5f4e116e1a90dcfde0b177afb8f5e4a9ef9741c,8076527,readable,PNG,3792,2776,1.366,10526592,RGB,3,8,0.7672,False,False,,unique,,included,,Structurally difficult,"aspect ratio 1.366 >= 1.15: double-page spread (two facing text blocks, central gutter, two independent reading orders)",,True,False,False,False,,False
dataset_f7dfd857275e7c253a5aba4730f93428121e5156bd4281c4101fd79514b0d8d9,dataset_version_a51bddcb369babc7d5f603d6c6a465de9505061bc876c2d3fdecdc2bcf5eee6e,page_b6afe369eac030f1a5c4c88d229872c3aa5b1809cc0a204efb858de98eec9d53,document_87381d9e62e5e04b4e4f16b27f4905e31e53fdc4b91d5ce43037da4b881d642b,Trolldom_och_annan_vidskepelse_-_Attester_å_gåvor_till_fru_Maria_Kristina_Frölich__1719-1720_,A0060197,00017,dataset-rgb/Trolldom_och_annan_vidskepelse_-_Attester_å_gåvor_till_fru_Maria_Kristina_Frölich__1719-1720_/Trolldom_och_annan_vidskepelse_-_Attester_å_gåvor_till_fru_Maria_Kristina_Frölich__1719-1720__A0060197_00017.png,page_image_0d84c4bc46d57152ab3923e457ef3073b0c6906c19497e0be42dafb8bae416e9,8068367,readable,PNG,3832,2816,1.3608,10790912,RGB,3,8,0.7477,False,False,,unique,,included,,Structurally difficult,"aspect ratio 1.3608 >= 1.15: double-page spread (two facing text blocks, central gutter, two independent reading orders)",,True,False,False,False,,False
dataset_f7dfd857275e7c253a5aba4730f93428121e5156bd4281c4101fd79514b0d8d9,dataset_version_a51bddcb369babc7d5f603d6c6a465de9505061bc876c2d3fdecdc2bcf5eee6e,page_cd55e0cf883d15faacac0fec5a23b113b76aa583ff62cb92ff581d3960b62165,document_87381d9e62e5e04b4e4f16b27f4905e31e53fdc4b91d5ce43037da4b881d642b,Trolldom_och_annan_vidskepelse_-_Attester_å_gåvor_till_fru_Maria_Kristina_Frölich__1719-1720_,A0060197,00021,dataset-rgb/Trolldom_och_annan_vidskepelse_-_Attester_å_gåvor_till_fru_Maria_Kristina_Frölich__1719-1720_/Trolldom_och_annan_vidskepelse_-_Attester_å_gåvor_till_fru_Maria_Kristina_Frölich__1719-1720__A0060197_00021.png,page_image_e66a2067e3a06deb15802490add1ae551ae03a129d2c40f0c83cda1c173d3688,8128706,readable,PNG,3768,2808,1.3419,10580544,RGB,3,8,0.7683,False,False,,unique,,included,,Structurally difficult,"aspect ratio 1.3419 >= 1.15: double-page spread (two facing text blocks, central gutter, two independent reading orders)",,True,False,False,False,,True
dataset_f7dfd857275e7c253a5aba4730f93428121e5156bd4281c4101fd79514b0d8d9,dataset_version_a51bddcb369babc7d5f603d6c6a465de9505061bc876c2d3fdecdc2bcf5eee6e,page_111902733e887ba2d2d36cdb8713c21afb6d5ab991533d4657f007e5742bb7e0,document_87381d9e62e5e04b4e4f16b27f4905e31e53fdc4b91d5ce43037da4b881d642b,Trolldom_och_annan_vidskepelse_-_Attester_å_gåvor_till_fru_Maria_Kristina_Frölich__1719-1720_,A0060197,00023,dataset-rgb/Trolldom_och_annan_vidskepelse_-_Attester_å_gåvor_till_fru_Maria_Kristina_Frölich__1719-1720_/Trolldom_och_annan_vidskepelse_-_Attester_å_gåvor_till_fru_Maria_Kristina_Frölich__1719-1720__A0060197_00023.png,page_image_0119008269d5485c799f94aef6c2b1c4eaa62f137fa8d434967b0abe9f150e93,6717103,readable,PNG,3728,2864,1.3017,10676992,RGB,3,8,0.6291,False,False,,unique,,included,,Structurally difficult,"aspect ratio 1.3017 >= 1.15: double-page spread (two facing text blocks, central gutter, two independent reading orders)",,True,False,False,False,,True
dataset_f7dfd857275e7c253a5aba4730f93428121e5156bd4281c4101fd79514b0d8d9,dataset_version_a51bddcb369babc7d5f603d6c6a465de9505061bc876c2d3fdecdc2bcf5eee6e,page_4f999c1033f449e024217af2d344ebf447202d651bfc53c2e09ea8d2ad6456ab,document_2b18592e5697cf57f077c0f5d562783617a4c74503d1e48ea7e3c38771ad753f,Trolldom_och_annan_vidskepelse_-_De_andliga_deputerdes_betänkade__1675_,A0060191,00003,dataset-rgb/Trolldom_och_annan_vidskepelse_-_De_andliga_deputerdes_betänkade__1675_/Trolldom_och_annan_vidskepelse_-_De_andliga_deputerdes_betänkade__1675__A0060191_00003.png,page_image_0c39ce2e2eb0871fe96fbb71f5cb6145d6a48ba2b65afae8170f04a482930dc9,21615936,readable,PNG,5632,4640,1.2138,26132480,RGB,3,8,0.8272,False,False,,unique,,included,,Structurally difficult,"aspect ratio 1.2138 >= 1.15: double-page spread (two facing text blocks, central gutter, two independent reading orders)",,True,False,False,False,,False
dataset_f7dfd857275e7c253a5aba4730f93428121e5156bd4281c4101fd79514b0d8d9,dataset_version_a51bddcb369babc7d5f603d6c6a465de9505061bc876c2d3fdecdc2bcf5eee6e,page_eed80faa2bba1419adceb6ef2d26b7ce1ff42e7297102130fe0cfd37acecce0b,document_2b18592e5697cf57f077c0f5d562783617a4c74503d1e48ea7e3c38771ad753f,Trolldom_och_annan_vidskepelse_-_De_andliga_deputerdes_betänkade__1675_,A0060191,00004,dataset-rgb/Trolldom_och_annan_vidskepelse_-_De_andliga_deputerdes_betänkade__1675_/Trolldom_och_annan_vidskepelse_-_De_andliga_deputerdes_betänkade__1675__A0060191_00004.png,page_image_98e0b528f5cf7ffeb5a35485ce4f8ba25dfff1733f1977b17880b4e7c64cb084,15414569,readable,PNG,5696,4640,1.2276,26429440,RGB,3,8,0.5832,False,False,,unique,,included,,Structurally difficult,"aspect ratio 1.2276 >= 1.15: double-page spread (two facing text blocks, central gutter, two independent reading orders)",,True,False,False,False,,True
dataset_f7dfd857275e7c253a5aba4730f93428121e5156bd4281c4101fd79514b0d8d9,dataset_version_a51bddcb369babc7d5f603d6c6a465de9505061bc876c2d3fdecdc2bcf5eee6e,page_f64aa08ab74aff2d6ff9bb2327309badf5a1a5ddc789853fb1ebe2182e8ca8a9,document_2b18592e5697cf57f077c0f5d562783617a4c74503d1e48ea7e3c38771ad753f,Trolldom_och_annan_vidskepelse_-_De_andliga_deputerdes_betänkade__1675_,A0060191,00005,dataset-rgb/Trolldom_och_annan_vidskepelse_-_De_andliga_deputerdes_betänkade__1675_/Trolldom_och_annan_vidskepelse_-_De_andliga_deputerdes_betänkade__1675__A0060191_00005.png,page_image_c72a2885a60a8b6e474dbc3ffd10fe3e49bf49e3f7e692c443873fdfbbc431fd,13562958,readable,PNG,5800,4648,1.2478,26958400,RGB,3,8,0.5031,False,False,,unique,,included,,Structurally difficult,"aspect ratio 1.2478 >= 1.15: double-page spread (two facing text blocks, central gutter, two independent reading orders)",,True,False,False,False,,False
dataset_f7dfd857275e7c253a5aba4730f93428121e5156bd4281c4101fd79514b0d8d9,dataset_version_a51bddcb369babc7d5f603d6c6a465de9505061bc876c2d3fdecdc2bcf5eee6e,page_92c5417cd3e14669a01dcbe736a68b6d01d8768f51bb759273b1fd01dd0850d8,document_2b18592e5697cf57f077c0f5d562783617a4c74503d1e48ea7e3c38771ad753f,Trolldom_och_annan_vidskepelse_-_De_andliga_deputerdes_betänkade__1675_,A0060191,00006,dataset-rgb/Trolldom_och_annan_vidskepelse_-_De_andliga_deputerdes_betänkade__1675_/Trolldom_och_annan_vidskepelse_-_De_andliga_deputerdes_betänkade__1675__A0060191_00006.png,page_image_7127f02bb40034889c08c29606f229c975c9f41f0d24d730b7d5196a611fa114,13807939,readable,PNG,5800,4664,1.2436,27051200,RGB,3,8,0.5104,False,False,,unique,,included,,Structurally difficult,"aspect ratio 1.2436 >= 1.15: double-page spread (two facing text blocks, central gutter, two independent reading orders)",,True,False,False,False,,False
dataset_f7dfd857275e7c253a5aba4730f93428121e5156bd4281c4101fd79514b0d8d9,dataset_version_a51bddcb369babc7d5f603d6c6a465de9505061bc876c2d3fdecdc2bcf5eee6e,page_dd917b8ce697d4e06d48c7f4386a4aa0fe12b24765db93f4c3a5a8f462bca7ac,document_2b18592e5697cf57f077c0f5d562783617a4c74503d1e48ea7e3c38771ad753f,Trolldom_och_annan_vidskepelse_-_De_andliga_deputerdes_betänkade__1675_,A0060191,00007,dataset-rgb/Trolldom_och_annan_vidskepelse_-_De_andliga_deputerdes_betänkade__1675_/Trolldom_och_annan_vidskepelse_-_De_andliga_deputerdes_betänkade__1675__A0060191_00007.png,page_image_038567852399db202dae9dfffd67d4da94afdf2e60dfba6dffbe3c859b86594c,12100508,readable,PNG,5864,4760,1.2319,27912640,RGB,3,8,0.4335,False,False,,unique,,included,,Structurally difficult,"aspect ratio 1.2319 >= 1.15: double-page spread (two facing text blocks, central gutter, two independent reading orders)",,True,False,False,False,,False
dataset_f7dfd857275e7c253a5aba4730f93428121e5156bd4281c4101fd79514b0d8d9,dataset_version_a51bddcb369babc7d5f603d6c6a465de9505061bc876c2d3fdecdc2bcf5eee6e,page_533e45225c9e3cda6cf81c5b57a8fa44c451ba012c5cfdf5ea55778ee32c4aa0,document_2b18592e5697cf57f077c0f5d562783617a4c74503d1e48ea7e3c38771ad753f,Trolldom_och_annan_vidskepelse_-_De_andliga_deputerdes_betänkade__1675_,A0060191,00008,dataset-rgb/Trolldom_och_annan_vidskepelse_-_De_andliga_deputerdes_betänkade__1675_/Trolldom_och_annan_vidskepelse_-_De_andliga_deputerdes_betänkade__1675__A0060191_00008.png,page_image_346b62e44e509e75ef3c20695bc054fb40c2bc6263291d4aa7d2d8997517f247,12401508,readable,PNG,5864,4728,1.2403,27724992,RGB,3,8,0.4473,False,False,,unique,,included,,Structurally difficult,"aspect ratio 1.2403 >= 1.15: double-page spread (two facing text blocks, central gutter, two independent reading orders)",,True,False,False,False,,False
dataset_f7dfd857275e7c253a5aba4730f93428121e5156bd4281c4101fd79514b0d8d9,dataset_version_a51bddcb369babc7d5f603d6c6a465de9505061bc876c2d3fdecdc2bcf5eee6e,page_5891c72cf64877189147b2f122d2ade9d008ccbdb8af662fbae502738f0654c7,document_2b18592e5697cf57f077c0f5d562783617a4c74503d1e48ea7e3c38771ad753f,Trolldom_och_annan_vidskepelse_-_De_andliga_deputerdes_betänkade__1675_,A0060191,00009,dataset-rgb/Trolldom_och_annan_vidskepelse_-_De_andliga_deputerdes_betänkade__1675_/Trolldom_och_annan_vidskepelse_-_De_andliga_deputerdes_betänkade__1675__A0060191_00009.png,page_image_c3cb6268dc90ecdadb5bca4506a10449c4ee81afa528f4149961ed52200a0f93,11947847,readable,PNG,5880,4712,1.2479,27706560,RGB,3,8,0.4312,False,False,,unique,,included,,Structurally difficult,"aspect ratio 1.2479 >= 1.15: double-page spread (two facing text blocks, central gutter, two independent reading orders)",,True,False,False,False,,False
dataset_f7dfd857275e7c253a5aba4730f93428121e5156bd4281c4101fd79514b0d8d9,dataset_version_a51bddcb369babc7d5f603d6c6a465de9505061bc876c2d3fdecdc2bcf5eee6e,page_54321f0cf4931fd85e9053744c90ae01add1b28b041215b767f081ab79491e45,document_2b18592e5697cf57f077c0f5d562783617a4c74503d1e48ea7e3c38771ad753f,Trolldom_och_annan_vidskepelse_-_De_andliga_deputerdes_betänkade__1675_,A0060191,00010,dataset-rgb/Trolldom_och_annan_vidskepelse_-_De_andliga_deputerdes_betänkade__1675_/Trolldom_och_annan_vidskepelse_-_De_andliga_deputerdes_betänkade__1675__A0060191_00010.png,page_image_4e1f39e282888386fbe114274b8ba50c1779809bb5616813483fec55ef196b49,11837940,readable,PNG,5824,4672,1.2466,27209728,RGB,3,8,0.4351,False,False,,unique,,included,,Structurally difficult,"aspect ratio 1.2466 >= 1.15: double-page spread (two facing text blocks, central gutter, two independent reading orders)",,True,False,False,False,,False
dataset_f7dfd857275e7c253a5aba4730f93428121e5156bd4281c4101fd79514b0d8d9,dataset_version_a51bddcb369babc7d5f603d6c6a465de9505061bc876c2d3fdecdc2bcf5eee6e,page_faebb94ee74f7ee2c59f23961c19a4aa890efbc001f995fc1f8075296dd6baa8,document_2b18592e5697cf57f077c0f5d562783617a4c74503d1e48ea7e3c38771ad753f,Trolldom_och_annan_vidskepelse_-_De_andliga_deputerdes_betänkade__1675_,A0060191,00011,dataset-rgb/Trolldom_och_annan_vidskepelse_-_De_andliga_deputerdes_betänkade__1675_/Trolldom_och_annan_vidskepelse_-_De_andliga_deputerdes_betänkade__1675__A0060191_00011.png,page_image_089b997c5038713038c1d0ffafcdd90e6c41104ba75eb42aa20b52388c2f1a73,11669046,readable,PNG,5848,4688,1.2474,27415424,RGB,3,8,0.4256,False,False,,unique,,included,,Structurally difficult,"aspect ratio 1.2474 >= 1.15: double-page spread (two facing text blocks, central gutter, two independent reading orders)",,True,False,False,False,,False
dataset_f7dfd857275e7c253a5aba4730f93428121e5156bd4281c4101fd79514b0d8d9,dataset_version_a51bddcb369babc7d5f603d6c6a465de9505061bc876c2d3fdecdc2bcf5eee6e,page_6dd361214d0ac656c262293756d51da1997fb65a15a9c1c4221b36f6e88b9156,document_2b18592e5697cf57f077c0f5d562783617a4c74503d1e48ea7e3c38771ad753f,Trolldom_och_annan_vidskepelse_-_De_andliga_deputerdes_betänkade__1675_,A0060191,00012,dataset-rgb/Trolldom_och_annan_vidskepelse_-_De_andliga_deputerdes_betänkade__1675_/Trolldom_och_annan_vidskepelse_-_De_andliga_deputerdes_betänkade__1675__A0060191_00012.png,page_image_41d91c455a2edb3ac04ecd0535df0d3fa44fff37f81121e15527bdaa445392e1,12287488,readable,PNG,5848,4720,1.239,27602560,RGB,3,8,0.4452,False,False,,unique,,included,,Structurally difficult,"aspect ratio 1.239 >= 1.15: double-page spread (two facing text blocks, central gutter, two independent reading orders)",,True,False,False,False,,False
dataset_f7dfd857275e7c253a5aba4730f93428121e5156bd4281c4101fd79514b0d8d9,dataset_version_a51bddcb369babc7d5f603d6c6a465de9505061bc876c2d3fdecdc2bcf5eee6e,page_03814039c825aa14eb3ba9db8f97567ed47f7d3e928411fda0e1e34d965179fe,document_2b18592e5697cf57f077c0f5d562783617a4c74503d1e48ea7e3c38771ad753f,Trolldom_och_annan_vidskepelse_-_De_andliga_deputerdes_betänkade__1675_,A0060191,00013,dataset-rgb/Trolldom_och_annan_vidskepelse_-_De_andliga_deputerdes_betänkade__1675_/Trolldom_och_annan_vidskepelse_-_De_andliga_deputerdes_betänkade__1675__A0060191_00013.png,page_image_52304684790b0019aa4b684877d026f1c832501dc82caee1449f3ebe81496aef,13467737,readable,PNG,5832,4696,1.2419,27387072,RGB,3,8,0.4918,False,False,,unique,,included,,Structurally difficult,"aspect ratio 1.2419 >= 1.15: double-page spread (two facing text blocks, central gutter, two independent reading orders)",,True,False,False,False,,False
dataset_f7dfd857275e7c253a5aba4730f93428121e5156bd4281c4101fd79514b0d8d9,dataset_version_a51bddcb369babc7d5f603d6c6a465de9505061bc876c2d3fdecdc2bcf5eee6e,page_2e6b784e538d730b1e2290037b877be895601b30706e9a76ba95a5b91393d588,document_2b18592e5697cf57f077c0f5d562783617a4c74503d1e48ea7e3c38771ad753f,Trolldom_och_annan_vidskepelse_-_De_andliga_deputerdes_betänkade__1675_,A0060191,00014,dataset-rgb/Trolldom_och_annan_vidskepelse_-_De_andliga_deputerdes_betänkade__1675_/Trolldom_och_annan_vidskepelse_-_De_andliga_deputerdes_betänkade__1675__A0060191_00014.png,page_image_d77dacae8ab723579e147fca6f416c5d91e512e7fcc9686646f3ecc1a11243c9,22199100,readable,PNG,5760,4544,1.2676,26173440,RGB,3,8,0.8482,False,False,,unique,,included,,Structurally difficult,"aspect ratio 1.2676 >= 1.15: double-page spread (two facing text blocks, central gutter, two independent reading orders)",,True,False,False,False,,True
dataset_f7dfd857275e7c253a5aba4730f93428121e5156bd4281c4101fd79514b0d8d9,dataset_version_a51bddcb369babc7d5f603d6c6a465de9505061bc876c2d3fdecdc2bcf5eee6e,page_5d74b08478ec702d78a3f8ce4bc51766ed6b2d0de35c9c91868593940e9a8730,document_cb0b28147946536005a127abe72241594f71488cce744996b9dab1e276847643,Trolldom_och_annan_vidskepelse_-_Handlingar_ang__hovrätter__1643-1763_,A0060185,00003,dataset-rgb/Trolldom_och_annan_vidskepelse_-_Handlingar_ang__hovrätter__1643-1763_/Trolldom_och_annan_vidskepelse_-_Handlingar_ang__hovrätter__1643-1763__A0060185_00003.png,page_image_6397e1a655f674b9718ceba138b583fe9420dd420c995b912697b319be8fc7c5,6231355,readable,PNG,3400,4800,0.7083,16320000,RGB,3,8,0.3818,False,False,,unique,,included,,Ordinary,"single-page portrait raster with no detected technical anomaly; note that structural difficulty beyond page-spread geometry (dense marginalia, tables, multi-column layout, insertions, damage) is NOT automatically detectable without a layout model and is explicitly out of scope for this pass -- this page may be reclassified 'Structurally difficult' by supervised human correction",,False,False,False,False,,True
dataset_f7dfd857275e7c253a5aba4730f93428121e5156bd4281c4101fd79514b0d8d9,dataset_version_a51bddcb369babc7d5f603d6c6a465de9505061bc876c2d3fdecdc2bcf5eee6e,page_9f451ef8b6bb4238a1cbc022eeb1229620e2a48408b38971e2772978a401da39,document_cb0b28147946536005a127abe72241594f71488cce744996b9dab1e276847643,Trolldom_och_annan_vidskepelse_-_Handlingar_ang__hovrätter__1643-1763_,A0060185,00004,dataset-rgb/Trolldom_och_annan_vidskepelse_-_Handlingar_ang__hovrätter__1643-1763_/Trolldom_och_annan_vidskepelse_-_Handlingar_ang__hovrätter__1643-1763__A0060185_00004.png,page_image_fc7ee65fecd9ade5a721e128f48df57d332f20bc0d36de81a73b1ed96b41a06e,19158745,readable,PNG,6040,4872,1.2397,29426880,RGB,3,8,0.6511,False,False,,unique,,included,,Structurally difficult,"aspect ratio 1.2397 >= 1.15: double-page spread (two facing text blocks, central gutter, two independent reading orders)",,True,False,False,False,,True
dataset_f7dfd857275e7c253a5aba4730f93428121e5156bd4281c4101fd79514b0d8d9,dataset_version_a51bddcb369babc7d5f603d6c6a465de9505061bc876c2d3fdecdc2bcf5eee6e,page_97df1411aedf596265cfb1eb115994ffe601653a54cebdaccf9388bba847f378,document_cb0b28147946536005a127abe72241594f71488cce744996b9dab1e276847643,Trolldom_och_annan_vidskepelse_-_Handlingar_ang__hovrätter__1643-1763_,A0060185,00005,dataset-rgb/Trolldom_och_annan_vidskepelse_-_Handlingar_ang__hovrätter__1643-1763_/Trolldom_och_annan_vidskepelse_-_Handlingar_ang__hovrätter__1643-1763__A0060185_00005.png,page_image_af0cb3a7df697aa057d0984c50ea8934b09a3e706b4788929f4992156c939bf6,9129533,readable,PNG,4832,3352,1.4415,16196864,RGB,3,8,0.5637,False,False,,unique,,included,,Structurally difficult,"aspect ratio 1.4415 >= 1.15: double-page spread (two facing text blocks, central gutter, two independent reading orders)",,True,False,False,False,,False
dataset_f7dfd857275e7c253a5aba4730f93428121e5156bd4281c4101fd79514b0d8d9,dataset_version_a51bddcb369babc7d5f603d6c6a465de9505061bc876c2d3fdecdc2bcf5eee6e,page_e0fa3ee5131833f7e0c51b33ea8b2200c50fb8e3d6c1f054a69513236b499ab3,document_cb0b28147946536005a127abe72241594f71488cce744996b9dab1e276847643,Trolldom_och_annan_vidskepelse_-_Handlingar_ang__hovrätter__1643-1763_,A0060185,00006,dataset-rgb/Trolldom_och_annan_vidskepelse_-_Handlingar_ang__hovrätter__1643-1763_/Trolldom_och_annan_vidskepelse_-_Handlingar_ang__hovrätter__1643-1763__A0060185_00006.png,page_image_50bf82d0065c982a2e303ae7c4e09ce4302c823d945eaa453c2b547b4f64d1f4,8783339,readable,PNG,3344,4704,0.7109,15730176,RGB,3,8,0.5584,False,False,,unique,,included,,Ordinary,"single-page portrait raster with no detected technical anomaly; note that structural difficulty beyond page-spread geometry (dense marginalia, tables, multi-column layout, insertions, damage) is NOT automatically detectable without a layout model and is explicitly out of scope for this pass -- this page may be reclassified 'Structurally difficult' by supervised human correction",,False,False,False,False,,False
dataset_f7dfd857275e7c253a5aba4730f93428121e5156bd4281c4101fd79514b0d8d9,dataset_version_a51bddcb369babc7d5f603d6c6a465de9505061bc876c2d3fdecdc2bcf5eee6e,page_5038118b8b0cfd9b8de016989090964d9309995a3cf448ffe31250161bf1764f,document_cb0b28147946536005a127abe72241594f71488cce744996b9dab1e276847643,Trolldom_och_annan_vidskepelse_-_Handlingar_ang__hovrätter__1643-1763_,A0060185,00007,dataset-rgb/Trolldom_och_annan_vidskepelse_-_Handlingar_ang__hovrätter__1643-1763_/Trolldom_och_annan_vidskepelse_-_Handlingar_ang__hovrätter__1643-1763__A0060185_00007.png,page_image_978035bf42d4f122a6b84e439340ed1c04c60b83929d70615a6e90e0e2ac0b72,13503395,readable,PNG,6160,4624,1.3322,28483840,RGB,3,8,0.4741,False,False,,unique,,included,,Structurally difficult,"aspect ratio 1.3322 >= 1.15: double-page spread (two facing text blocks, central gutter, two independent reading orders)",,True,False,False,False,,False
dataset_f7dfd857275e7c253a5aba4730f93428121e5156bd4281c4101fd79514b0d8d9,dataset_version_a51bddcb369babc7d5f603d6c6a465de9505061bc876c2d3fdecdc2bcf5eee6e,page_48f643c74473aef373913b884d59ef8594c0adfd229d1a5ff094a08c26500bac,document_cb0b28147946536005a127abe72241594f71488cce744996b9dab1e276847643,Trolldom_och_annan_vidskepelse_-_Handlingar_ang__hovrätter__1643-1763_,A0060185,00008,dataset-rgb/Trolldom_och_annan_vidskepelse_-_Handlingar_ang__hovrätter__1643-1763_/Trolldom_och_annan_vidskepelse_-_Handlingar_ang__hovrätter__1643-1763__A0060185_00008.png,page_image_9545f6995f54a3d27853fec17613bc3c536c7d9d3be49e07084aa5b06508756f,5981423,readable,PNG,3312,4688,0.7065,15526656,RGB,3,8,0.3852,False,False,,unique,,included,,Ordinary,"single-page portrait raster with no detected technical anomaly; note that structural difficulty beyond page-spread geometry (dense marginalia, tables, multi-column layout, insertions, damage) is NOT automatically detectable without a layout model and is explicitly out of scope for this pass -- this page may be reclassified 'Structurally difficult' by supervised human correction",,False,False,False,False,,False
dataset_f7dfd857275e7c253a5aba4730f93428121e5156bd4281c4101fd79514b0d8d9,dataset_version_a51bddcb369babc7d5f603d6c6a465de9505061bc876c2d3fdecdc2bcf5eee6e,page_df87aef103bc72b3dc014e3be15d4323b8b807e6bcbcd503f45fe6a75ca1125b,document_cb0b28147946536005a127abe72241594f71488cce744996b9dab1e276847643,Trolldom_och_annan_vidskepelse_-_Handlingar_ang__hovrätter__1643-1763_,A0060185,00009,dataset-rgb/Trolldom_och_annan_vidskepelse_-_Handlingar_ang__hovrätter__1643-1763_/Trolldom_och_annan_vidskepelse_-_Handlingar_ang__hovrätter__1643-1763__A0060185_00009.png,page_image_96db487ae87ad17d8fc5a973bc2ae996212c5fe74f8a0546a7cd23b2c66da89e,9872660,readable,PNG,3424,4656,0.7354,15942144,RGB,3,8,0.6193,False,False,,unique,,included,,Ordinary,"single-page portrait raster with no detected technical anomaly; note that structural difficulty beyond page-spread geometry (dense marginalia, tables, multi-column layout, insertions, damage) is NOT automatically detectable without a layout model and is explicitly out of scope for this pass -- this page may be reclassified 'Structurally difficult' by supervised human correction",,False,False,False,False,,False
dataset_f7dfd857275e7c253a5aba4730f93428121e5156bd4281c4101fd79514b0d8d9,dataset_version_a51bddcb369babc7d5f603d6c6a465de9505061bc876c2d3fdecdc2bcf5eee6e,page_dae5e2653f80db4707617b0ad46a77e71b699aadf1e9d5e42ce73edfa7f9881c,document_cb0b28147946536005a127abe72241594f71488cce744996b9dab1e276847643,Trolldom_och_annan_vidskepelse_-_Handlingar_ang__hovrätter__1643-1763_,A0060185,00010,dataset-rgb/Trolldom_och_annan_vidskepelse_-_Handlingar_ang__hovrätter__1643-1763_/Trolldom_och_annan_vidskepelse_-_Handlingar_ang__hovrätter__1643-1763__A0060185_00010.png,page_image_94e0f79a08f939ef684a19ecef15fe87184053f50bcc51698a097f552216af4c,16497512,readable,PNG,6224,4816,1.2924,29974784,RGB,3,8,0.5504,False,False,,unique,,included,,Structurally difficult,"aspect ratio 1.2924 >= 1.15: double-page spread (two facing text blocks, central gutter, two independent reading orders)",,True,False,False,False,,True
dataset_f7dfd857275e7c253a5aba4730f93428121e5156bd4281c4101fd79514b0d8d9,dataset_version_a51bddcb369babc7d5f603d6c6a465de9505061bc876c2d3fdecdc2bcf5eee6e,page_bc41cc5ecca3c810a7ef2e54609cdb816996ea79c6da1b809c3c27697d493d67,document_cb0b28147946536005a127abe72241594f71488cce744996b9dab1e276847643,Trolldom_och_annan_vidskepelse_-_Handlingar_ang__hovrätter__1643-1763_,A0060185,00012,dataset-rgb/Trolldom_och_annan_vidskepelse_-_Handlingar_ang__hovrätter__1643-1763_/Trolldom_och_annan_vidskepelse_-_Handlingar_ang__hovrätter__1643-1763__A0060185_00012.png,page_image_3732c61bbe26a27dd340aac8d30c7962ca7ceeee24165d57e1bbcc5436bff4cb,9585085,readable,PNG,3152,4056,0.7771,12784512,RGB,3,8,0.7497,False,False,,unique,,included,,Ordinary,"single-page portrait raster with no detected technical anomaly; note that structural difficulty beyond page-spread geometry (dense marginalia, tables, multi-column layout, insertions, damage) is NOT automatically detectable without a layout model and is explicitly out of scope for this pass -- this page may be reclassified 'Structurally difficult' by supervised human correction",,False,False,False,False,,False
dataset_f7dfd857275e7c253a5aba4730f93428121e5156bd4281c4101fd79514b0d8d9,dataset_version_a51bddcb369babc7d5f603d6c6a465de9505061bc876c2d3fdecdc2bcf5eee6e,page_daa265afa6663c3351b4f5f7917c1ba0fef6b98f481b7fc5db6c24afdb7d3a50,document_cb0b28147946536005a127abe72241594f71488cce744996b9dab1e276847643,Trolldom_och_annan_vidskepelse_-_Handlingar_ang__hovrätter__1643-1763_,A0060185,00013,dataset-rgb/Trolldom_och_annan_vidskepelse_-_Handlingar_ang__hovrätter__1643-1763_/Trolldom_och_annan_vidskepelse_-_Handlingar_ang__hovrätter__1643-1763__A0060185_00013.png,page_image_37babe4cd9a1c41aaadb6b11e8fca7f8ae0a536912fc5b03f34d3ccd1e386e16,7921655,readable,PNG,4056,3176,1.2771,12881856,RGB,3,8,0.6149,False,False,,unique,,included,,Structurally difficult,"aspect ratio 1.2771 >= 1.15: double-page spread (two facing text blocks, central gutter, two independent reading orders)",,True,False,False,False,,False
dataset_f7dfd857275e7c253a5aba4730f93428121e5156bd4281c4101fd79514b0d8d9,dataset_version_a51bddcb369babc7d5f603d6c6a465de9505061bc876c2d3fdecdc2bcf5eee6e,page_72fb7a9ac7719edb65d7e69a1f3585f2368de5f5295aa3059220cca3f80f2548,document_cb0b28147946536005a127abe72241594f71488cce744996b9dab1e276847643,Trolldom_och_annan_vidskepelse_-_Handlingar_ang__hovrätter__1643-1763_,A0060185,00014,dataset-rgb/Trolldom_och_annan_vidskepelse_-_Handlingar_ang__hovrätter__1643-1763_/Trolldom_och_annan_vidskepelse_-_Handlingar_ang__hovrätter__1643-1763__A0060185_00014.png,page_image_fad2dcdad0257524f68436c389941196a204c68b2c5d50fc14efdbf2c26ff01d,8923828,readable,PNG,3352,4672,0.7175,15660544,RGB,3,8,0.5698,False,False,,unique,,included,,Ordinary,"single-page portrait raster with no detected technical anomaly; note that structural difficulty beyond page-spread geometry (dense marginalia, tables, multi-column layout, insertions, damage) is NOT automatically detectable without a layout model and is explicitly out of scope for this pass -- this page may be reclassified 'Structurally difficult' by supervised human correction",,False,False,False,False,,False
dataset_f7dfd857275e7c253a5aba4730f93428121e5156bd4281c4101fd79514b0d8d9,dataset_version_a51bddcb369babc7d5f603d6c6a465de9505061bc876c2d3fdecdc2bcf5eee6e,page_54e8693ba2edc0b37bdb51ea4d9e6b98a3e193f2206ce9ae48e5c0947ecc96ba,document_cb0b28147946536005a127abe72241594f71488cce744996b9dab1e276847643,Trolldom_och_annan_vidskepelse_-_Handlingar_ang__hovrätter__1643-1763_,A0060185,00015,dataset-rgb/Trolldom_och_annan_vidskepelse_-_Handlingar_ang__hovrätter__1643-1763_/Trolldom_och_annan_vidskepelse_-_Handlingar_ang__hovrätter__1643-1763__A0060185_00015.png,page_image_bb9dc735ec6d3595485d69b7b39c0e89bb34b5aa2af65fdbc4e68f9e07046c1b,12387882,readable,PNG,6048,4704,1.2857,28449792,RGB,3,8,0.4354,False,False,,unique,,included,,Structurally difficult,"aspect ratio 1.2857 >= 1.15: double-page spread (two facing text blocks, central gutter, two independent reading orders)",,True,False,False,False,,False
dataset_f7dfd857275e7c253a5aba4730f93428121e5156bd4281c4101fd79514b0d8d9,dataset_version_a51bddcb369babc7d5f603d6c6a465de9505061bc876c2d3fdecdc2bcf5eee6e,page_17834181109cf631316c5513bc89f831913e2f291d1b9738dc5158451a40a50a,document_cb0b28147946536005a127abe72241594f71488cce744996b9dab1e276847643,Trolldom_och_annan_vidskepelse_-_Handlingar_ang__hovrätter__1643-1763_,A0060185,00017,dataset-rgb/Trolldom_och_annan_vidskepelse_-_Handlingar_ang__hovrätter__1643-1763_/Trolldom_och_annan_vidskepelse_-_Handlingar_ang__hovrätter__1643-1763__A0060185_00017.png,page_image_8c0d970ff451f9a4a46abb5d776047381766c9ff6838c0249f2f1304d3992530,10537300,readable,PNG,3408,4688,0.727,15976704,RGB,3,8,0.6595,False,False,,unique,,included,,Ordinary,"single-page portrait raster with no detected technical anomaly; note that structural difficulty beyond page-spread geometry (dense marginalia, tables, multi-column layout, insertions, damage) is NOT automatically detectable without a layout model and is explicitly out of scope for this pass -- this page may be reclassified 'Structurally difficult' by supervised human correction",,False,False,False,False,,False
dataset_f7dfd857275e7c253a5aba4730f93428121e5156bd4281c4101fd79514b0d8d9,dataset_version_a51bddcb369babc7d5f603d6c6a465de9505061bc876c2d3fdecdc2bcf5eee6e,page_35ff45d2de117c159004bc0c0349bbb35617477c3b076c87693f2882cce2e64a,document_cb0b28147946536005a127abe72241594f71488cce744996b9dab1e276847643,Trolldom_och_annan_vidskepelse_-_Handlingar_ang__hovrätter__1643-1763_,A0060185,00018,dataset-rgb/Trolldom_och_annan_vidskepelse_-_Handlingar_ang__hovrätter__1643-1763_/Trolldom_och_annan_vidskepelse_-_Handlingar_ang__hovrätter__1643-1763__A0060185_00018.png,page_image_ce7cbb89c73a16dfd46c2725f200235bcb2a5e94eaad455e8eac48020034a0e1,7168491,readable,PNG,3272,4648,0.704,15208256,RGB,3,8,0.4714,False,False,,unique,,included,,Ordinary,"single-page portrait raster with no detected technical anomaly; note that structural difficulty beyond page-spread geometry (dense marginalia, tables, multi-column layout, insertions, damage) is NOT automatically detectable without a layout model and is explicitly out of scope for this pass -- this page may be reclassified 'Structurally difficult' by supervised human correction",,False,False,False,False,,False
dataset_f7dfd857275e7c253a5aba4730f93428121e5156bd4281c4101fd79514b0d8d9,dataset_version_a51bddcb369babc7d5f603d6c6a465de9505061bc876c2d3fdecdc2bcf5eee6e,page_ad8370d6f5b11eeae91f63d18d5205a72b48abfcc48ac3c3c1cf97b69a8e8d67,document_cd90a0d630d406d1845da58df0dafbcd054d0cf8819416f09bb049f7a77cf8ba,Trolldom_och_annan_vidskepelse_-_Konceptprotokoll_vid_urtima_ting__1757_,A0060198,00007,dataset-rgb/Trolldom_och_annan_vidskepelse_-_Konceptprotokoll_vid_urtima_ting__1757_/Trolldom_och_annan_vidskepelse_-_Konceptprotokoll_vid_urtima_ting__1757__A0060198_00007.png,page_image_366a748b67de8f0c767d5f7357d5d254c782021f55ab70c0919cd6e7b8f076c6,15724499,readable,PNG,6336,5008,1.2652,31730688,RGB,3,8,0.4956,False,False,,unique,,included,,Structurally difficult,"aspect ratio 1.2652 >= 1.15: double-page spread (two facing text blocks, central gutter, two independent reading orders)",,True,False,False,False,,False
dataset_f7dfd857275e7c253a5aba4730f93428121e5156bd4281c4101fd79514b0d8d9,dataset_version_a51bddcb369babc7d5f603d6c6a465de9505061bc876c2d3fdecdc2bcf5eee6e,page_6aeae3dda46587284cfc2834610ec24fc9751800d34523635f0610e9f79275e8,document_cd90a0d630d406d1845da58df0dafbcd054d0cf8819416f09bb049f7a77cf8ba,Trolldom_och_annan_vidskepelse_-_Konceptprotokoll_vid_urtima_ting__1757_,A0060198,00017,dataset-rgb/Trolldom_och_annan_vidskepelse_-_Konceptprotokoll_vid_urtima_ting__1757_/Trolldom_och_annan_vidskepelse_-_Konceptprotokoll_vid_urtima_ting__1757__A0060198_00017.png,page_image_82d5fccfb1287c13236f0e327d94f8a8dad6192adc55da051be01a092177d790,12035926,readable,PNG,3384,4936,0.6856,16703424,RGB,3,8,0.7206,False,False,,unique,,included,,Ordinary,"single-page portrait raster with no detected technical anomaly; note that structural difficulty beyond page-spread geometry (dense marginalia, tables, multi-column layout, insertions, damage) is NOT automatically detectable without a layout model and is explicitly out of scope for this pass -- this page may be reclassified 'Structurally difficult' by supervised human correction",,False,False,False,False,,False
dataset_f7dfd857275e7c253a5aba4730f93428121e5156bd4281c4101fd79514b0d8d9,dataset_version_a51bddcb369babc7d5f603d6c6a465de9505061bc876c2d3fdecdc2bcf5eee6e,page_ea4a0030081ac3b85e1300568a43ef23aa871f3afedcc9cc46cf09e188ab28b9,document_cd90a0d630d406d1845da58df0dafbcd054d0cf8819416f09bb049f7a77cf8ba,Trolldom_och_annan_vidskepelse_-_Konceptprotokoll_vid_urtima_ting__1757_,A0060198,00018,dataset-rgb/Trolldom_och_annan_vidskepelse_-_Konceptprotokoll_vid_urtima_ting__1757_/Trolldom_och_annan_vidskepelse_-_Konceptprotokoll_vid_urtima_ting__1757__A0060198_00018.png,page_image_85c544f1d8750a6fa14a3acdc51579326b0d217922f9d4d50809bb6f1da523bb,23428950,readable,PNG,6240,4888,1.2766,30501120,RGB,3,8,0.7681,False,False,,unique,,included,,Structurally difficult,"aspect ratio 1.2766 >= 1.15: double-page spread (two facing text blocks, central gutter, two independent reading orders)",,True,False,False,False,,False
dataset_f7dfd857275e7c253a5aba4730f93428121e5156bd4281c4101fd79514b0d8d9,dataset_version_a51bddcb369babc7d5f603d6c6a465de9505061bc876c2d3fdecdc2bcf5eee6e,page_74841713a03915e11ace16b1f3ba83c5343b5f601ae76639c2da0cb0251bcba4,document_cd90a0d630d406d1845da58df0dafbcd054d0cf8819416f09bb049f7a77cf8ba,Trolldom_och_annan_vidskepelse_-_Konceptprotokoll_vid_urtima_ting__1757_,A0060198,00021,dataset-rgb/Trolldom_och_annan_vidskepelse_-_Konceptprotokoll_vid_urtima_ting__1757_/Trolldom_och_annan_vidskepelse_-_Konceptprotokoll_vid_urtima_ting__1757__A0060198_00021.png,page_image_784ea5f92bc57680c287d3fbbec250e9e8ae4ff766e2ac63357c887ad5d043ee,23549355,readable,PNG,6320,4976,1.2701,31448320,RGB,3,8,0.7488,False,False,,unique,,included,,Structurally difficult,"aspect ratio 1.2701 >= 1.15: double-page spread (two facing text blocks, central gutter, two independent reading orders)",,True,False,False,False,,False
dataset_f7dfd857275e7c253a5aba4730f93428121e5156bd4281c4101fd79514b0d8d9,dataset_version_a51bddcb369babc7d5f603d6c6a465de9505061bc876c2d3fdecdc2bcf5eee6e,page_4855d866a815964a9cd833aa97c81a68006f9d3ccc632d70fab577b158ebeeb5,document_cd90a0d630d406d1845da58df0dafbcd054d0cf8819416f09bb049f7a77cf8ba,Trolldom_och_annan_vidskepelse_-_Konceptprotokoll_vid_urtima_ting__1757_,A0060198,00028,dataset-rgb/Trolldom_och_annan_vidskepelse_-_Konceptprotokoll_vid_urtima_ting__1757_/Trolldom_och_annan_vidskepelse_-_Konceptprotokoll_vid_urtima_ting__1757__A0060198_00028.png,page_image_8741ca26b94f0d0b4f9e489bd0202bcd33f178eb49c70979fa12c0752b7bf989,11879888,readable,PNG,3368,4976,0.6768,16759168,RGB,3,8,0.7089,False,False,,unique,,included,,Ordinary,"single-page portrait raster with no detected technical anomaly; note that structural difficulty beyond page-spread geometry (dense marginalia, tables, multi-column layout, insertions, damage) is NOT automatically detectable without a layout model and is explicitly out of scope for this pass -- this page may be reclassified 'Structurally difficult' by supervised human correction",,False,False,False,False,,True
dataset_f7dfd857275e7c253a5aba4730f93428121e5156bd4281c4101fd79514b0d8d9,dataset_version_a51bddcb369babc7d5f603d6c6a465de9505061bc876c2d3fdecdc2bcf5eee6e,page_40e3f5859b9eab401b1d44a72c77016e0c6ef1b6a0bcb4921d591e90a51a72ef,document_cd90a0d630d406d1845da58df0dafbcd054d0cf8819416f09bb049f7a77cf8ba,Trolldom_och_annan_vidskepelse_-_Konceptprotokoll_vid_urtima_ting__1757_,A0060198,00040,dataset-rgb/Trolldom_och_annan_vidskepelse_-_Konceptprotokoll_vid_urtima_ting__1757_/Trolldom_och_annan_vidskepelse_-_Konceptprotokoll_vid_urtima_ting__1757__A0060198_00040.png,page_image_2c54bf72d5b069be9da06f444a1855d55809dffa386d07cfefb01a36a204aef8,23120656,readable,PNG,6192,4816,1.2857,29820672,RGB,3,8,0.7753,False,False,,unique,,included,,Structurally difficult,"aspect ratio 1.2857 >= 1.15: double-page spread (two facing text blocks, central gutter, two independent reading orders)",,True,False,False,False,,True
dataset_f7dfd857275e7c253a5aba4730f93428121e5156bd4281c4101fd79514b0d8d9,dataset_version_a51bddcb369babc7d5f603d6c6a465de9505061bc876c2d3fdecdc2bcf5eee6e,page_ca08289bc6ee70fb1d503da718500589970862e356c2f087bf7ccae624595aef,document_cd90a0d630d406d1845da58df0dafbcd054d0cf8819416f09bb049f7a77cf8ba,Trolldom_och_annan_vidskepelse_-_Konceptprotokoll_vid_urtima_ting__1757_,A0060198,00070,dataset-rgb/Trolldom_och_annan_vidskepelse_-_Konceptprotokoll_vid_urtima_ting__1757_/Trolldom_och_annan_vidskepelse_-_Konceptprotokoll_vid_urtima_ting__1757__A0060198_00070.png,page_image_98b59f37c4fae10d1021e5dc815a659107f59e1e2da636d778c5bf4531add57c,19804811,readable,PNG,6304,4936,1.2771,31116544,RGB,3,8,0.6365,False,False,,unique,,included,,Structurally difficult,"aspect ratio 1.2771 >= 1.15: double-page spread (two facing text blocks, central gutter, two independent reading orders)",,True,False,False,False,,True
dataset_f7dfd857275e7c253a5aba4730f93428121e5156bd4281c4101fd79514b0d8d9,dataset_version_a51bddcb369babc7d5f603d6c6a465de9505061bc876c2d3fdecdc2bcf5eee6e,page_a4dd8c84300cee22db34d49c070b102058e11e7530650e556ac4ed34ed4fe349,document_35245b47eadb5ee942ad2ce5860b2253a22ae49b844d789087857302e5011ad1,Trolldom_och_annan_vidskepelse_-_Kyrkoherden_i_Jakobs_församling__1676_,A0060194,00003,dataset-rgb/Trolldom_och_annan_vidskepelse_-_Kyrkoherden_i_Jakobs_församling__1676_/Trolldom_och_annan_vidskepelse_-_Kyrkoherden_i_Jakobs_församling__1676__A0060194_00003.png,page_image_d63512b7db98d42a09e2bbd065e662ebc13823de8919a7c72e82c4b0b9ea3eff,11189022,readable,PNG,3456,4808,0.7188,16616448,RGB,3,8,0.6734,False,False,,unique,,included,,Ordinary,"single-page portrait raster with no detected technical anomaly; note that structural difficulty beyond page-spread geometry (dense marginalia, tables, multi-column layout, insertions, damage) is NOT automatically detectable without a layout model and is explicitly out of scope for this pass -- this page may be reclassified 'Structurally difficult' by supervised human correction",,False,False,False,False,,True
dataset_f7dfd857275e7c253a5aba4730f93428121e5156bd4281c4101fd79514b0d8d9,dataset_version_a51bddcb369babc7d5f603d6c6a465de9505061bc876c2d3fdecdc2bcf5eee6e,page_a00eef44fe4dfe59004b6576900b646ee462bd952688484f25e1375d294b4a01,document_35245b47eadb5ee942ad2ce5860b2253a22ae49b844d789087857302e5011ad1,Trolldom_och_annan_vidskepelse_-_Kyrkoherden_i_Jakobs_församling__1676_,A0060194,00004,dataset-rgb/Trolldom_och_annan_vidskepelse_-_Kyrkoherden_i_Jakobs_församling__1676_/Trolldom_och_annan_vidskepelse_-_Kyrkoherden_i_Jakobs_församling__1676__A0060194_00004.png,page_image_157602ea66735881408eeeb37355c156bfa05c471bbb3428e11cd40a7acdbd62,20784161,readable,PNG,6312,4696,1.3441,29641152,RGB,3,8,0.7012,False,False,,unique,,included,,Structurally difficult,"aspect ratio 1.3441 >= 1.15: double-page spread (two facing text blocks, central gutter, two independent reading orders)",,True,False,False,False,,False
dataset_f7dfd857275e7c253a5aba4730f93428121e5156bd4281c4101fd79514b0d8d9,dataset_version_a51bddcb369babc7d5f603d6c6a465de9505061bc876c2d3fdecdc2bcf5eee6e,page_ac51b729539d202300f48694b0bfa6edcc0fde27033e60f05dcefda3d465880d,document_35245b47eadb5ee942ad2ce5860b2253a22ae49b844d789087857302e5011ad1,Trolldom_och_annan_vidskepelse_-_Kyrkoherden_i_Jakobs_församling__1676_,A0060194,00005,dataset-rgb/Trolldom_och_annan_vidskepelse_-_Kyrkoherden_i_Jakobs_församling__1676_/Trolldom_och_annan_vidskepelse_-_Kyrkoherden_i_Jakobs_församling__1676__A0060194_00005.png,page_image_9652f08359ea593ab3a1482a919bca32a16945e4e79d6dd40af864e839f0a9d1,19203928,readable,PNG,6112,4744,1.2884,28995328,RGB,3,8,0.6623,False,False,,unique,,included,,Structurally difficult,"aspect ratio 1.2884 >= 1.15: double-page spread (two facing text blocks, central gutter, two independent reading orders)",,True,False,False,False,,True
dataset_f7dfd857275e7c253a5aba4730f93428121e5156bd4281c4101fd79514b0d8d9,dataset_version_a51bddcb369babc7d5f603d6c6a465de9505061bc876c2d3fdecdc2bcf5eee6e,page_3839e64cf6f151dfe2f6caf1bedd3e594660700029666ff9f4d0a621fb4fa3f3,document_35245b47eadb5ee942ad2ce5860b2253a22ae49b844d789087857302e5011ad1,Trolldom_och_annan_vidskepelse_-_Kyrkoherden_i_Jakobs_församling__1676_,A0060194,00006,dataset-rgb/Trolldom_och_annan_vidskepelse_-_Kyrkoherden_i_Jakobs_församling__1676_/Trolldom_och_annan_vidskepelse_-_Kyrkoherden_i_Jakobs_församling__1676__A0060194_00006.png,page_image_405dd2d3a6338129442270b8ce6b6aad2bbfd221b6b487460b2e786487df8ce0,18872319,readable,PNG,6248,4792,1.3038,29940416,RGB,3,8,0.6303,False,False,,unique,,included,,Structurally difficult,"aspect ratio 1.3038 >= 1.15: double-page spread (two facing text blocks, central gutter, two independent reading orders)",,True,False,False,False,,False
dataset_f7dfd857275e7c253a5aba4730f93428121e5156bd4281c4101fd79514b0d8d9,dataset_version_a51bddcb369babc7d5f603d6c6a465de9505061bc876c2d3fdecdc2bcf5eee6e,page_490194e3da1ceae2023d06426d940e9262ecdfe10c90d3509e6c75c16ff2cd38,document_35245b47eadb5ee942ad2ce5860b2253a22ae49b844d789087857302e5011ad1,Trolldom_och_annan_vidskepelse_-_Kyrkoherden_i_Jakobs_församling__1676_,A0060194,00007,dataset-rgb/Trolldom_och_annan_vidskepelse_-_Kyrkoherden_i_Jakobs_församling__1676_/Trolldom_och_annan_vidskepelse_-_Kyrkoherden_i_Jakobs_församling__1676__A0060194_00007.png,page_image_46ed8c95db2fb4c6fa5c770840d9e11580705ba5d7ca3c25fd19143f8af758b8,19901519,readable,PNG,6224,4808,1.2945,29924992,RGB,3,8,0.665,False,False,,unique,,included,,Structurally difficult,"aspect ratio 1.2945 >= 1.15: double-page spread (two facing text blocks, central gutter, two independent reading orders)",,True,False,False,False,,True
dataset_f7dfd857275e7c253a5aba4730f93428121e5156bd4281c4101fd79514b0d8d9,dataset_version_a51bddcb369babc7d5f603d6c6a465de9505061bc876c2d3fdecdc2bcf5eee6e,page_49f692e9fa0ef9007453b04dcd109d6174e302988337cf8406f91d34112aa0b4,document_92b48c84af2d34794a7d9780c4280b00fcb11c9092d78e3d982adedf4dc7c6da,Trolldom_och_annan_vidskepelse_-_Professor_Martin_Brunnerus_berättelse__1670-tal_,A0060193,00004,dataset-rgb/Trolldom_och_annan_vidskepelse_-_Professor_Martin_Brunnerus_berättelse__1670-tal_/Trolldom_och_annan_vidskepelse_-_Professor_Martin_Brunnerus_berättelse__1670-tal__A0060193_00004.png,page_image_cc9af1902eac04545288a27d6a4482758992971814c70002e37ba556ed275de3,17063986,readable,PNG,6200,4912,1.2622,30454400,RGB,3,8,0.5603,False,False,,unique,,included,,Structurally difficult,"aspect ratio 1.2622 >= 1.15: double-page spread (two facing text blocks, central gutter, two independent reading orders)",,True,False,False,False,,False
dataset_f7dfd857275e7c253a5aba4730f93428121e5156bd4281c4101fd79514b0d8d9,dataset_version_a51bddcb369babc7d5f603d6c6a465de9505061bc876c2d3fdecdc2bcf5eee6e,page_7738c7674a1f958e35d52f74aa2b2aab823c8d86f622fc27d1c7ab50412eec01,document_92b48c84af2d34794a7d9780c4280b00fcb11c9092d78e3d982adedf4dc7c6da,Trolldom_och_annan_vidskepelse_-_Professor_Martin_Brunnerus_berättelse__1670-tal_,A0060193,00006,dataset-rgb/Trolldom_och_annan_vidskepelse_-_Professor_Martin_Brunnerus_berättelse__1670-tal_/Trolldom_och_annan_vidskepelse_-_Professor_Martin_Brunnerus_berättelse__1670-tal__A0060193_00006.png,page_image_f70cb5003c2900104f0791d990b51f85fb62ce4eca930d32f35b539ae8b4bd38,16427660,readable,PNG,6256,4880,1.282,30529280,RGB,3,8,0.5381,False,False,,unique,,included,,Structurally difficult,"aspect ratio 1.282 >= 1.15: double-page spread (two facing text blocks, central gutter, two independent reading orders)",,True,False,False,False,,False
dataset_f7dfd857275e7c253a5aba4730f93428121e5156bd4281c4101fd79514b0d8d9,dataset_version_a51bddcb369babc7d5f603d6c6a465de9505061bc876c2d3fdecdc2bcf5eee6e,page_4a77cbc6b826ea22ab8609cff187e1946a86f388f17c8b8a2413c617574c1ecd,document_92b48c84af2d34794a7d9780c4280b00fcb11c9092d78e3d982adedf4dc7c6da,Trolldom_och_annan_vidskepelse_-_Professor_Martin_Brunnerus_berättelse__1670-tal_,A0060193,00007,dataset-rgb/Trolldom_och_annan_vidskepelse_-_Professor_Martin_Brunnerus_berättelse__1670-tal_/Trolldom_och_annan_vidskepelse_-_Professor_Martin_Brunnerus_berättelse__1670-tal__A0060193_00007.png,page_image_33e89e9c41c8fe1e9573d491da184339e8e749445609f1fd8f707ad7424dccb0,14205348,readable,PNG,6208,4864,1.2763,30195712,RGB,3,8,0.4704,False,False,,unique,,included,,Structurally difficult,"aspect ratio 1.2763 >= 1.15: double-page spread (two facing text blocks, central gutter, two independent reading orders)",,True,False,False,False,,False
dataset_f7dfd857275e7c253a5aba4730f93428121e5156bd4281c4101fd79514b0d8d9,dataset_version_a51bddcb369babc7d5f603d6c6a465de9505061bc876c2d3fdecdc2bcf5eee6e,page_b0ef9104e8347643d5a90ed9c6e17ced0da3516ed2b2ad832a674339ee3fb0f3,document_92b48c84af2d34794a7d9780c4280b00fcb11c9092d78e3d982adedf4dc7c6da,Trolldom_och_annan_vidskepelse_-_Professor_Martin_Brunnerus_berättelse__1670-tal_,A0060193,00021,dataset-rgb/Trolldom_och_annan_vidskepelse_-_Professor_Martin_Brunnerus_berättelse__1670-tal_/Trolldom_och_annan_vidskepelse_-_Professor_Martin_Brunnerus_berättelse__1670-tal__A0060193_00021.png,page_image_38d93dc5b8ea38c15c29512b99a10cda4af73bd3c0dc4542d246be35a91dd80b,19383325,readable,PNG,6128,4904,1.2496,30051712,RGB,3,8,0.645,False,False,,unique,,included,,Structurally difficult,"aspect ratio 1.2496 >= 1.15: double-page spread (two facing text blocks, central gutter, two independent reading orders)",,True,False,False,False,,True
dataset_f7dfd857275e7c253a5aba4730f93428121e5156bd4281c4101fd79514b0d8d9,dataset_version_a51bddcb369babc7d5f603d6c6a465de9505061bc876c2d3fdecdc2bcf5eee6e,page_39c08b3da3f30b2a3cbb5ff00301efeb945ec9d20a80d97dcae3ac8959bce510,document_92b48c84af2d34794a7d9780c4280b00fcb11c9092d78e3d982adedf4dc7c6da,Trolldom_och_annan_vidskepelse_-_Professor_Martin_Brunnerus_berättelse__1670-tal_,A0060193,00022,dataset-rgb/Trolldom_och_annan_vidskepelse_-_Professor_Martin_Brunnerus_berättelse__1670-tal_/Trolldom_och_annan_vidskepelse_-_Professor_Martin_Brunnerus_berättelse__1670-tal__A0060193_00022.png,page_image_2082ab09bbe43cf79fbad2ccae0c9ea887c23e8bc69dfb9ed2fcf37fa5d7a1ed,17934845,readable,PNG,6304,4936,1.2771,31116544,RGB,3,8,0.5764,False,False,,unique,,included,,Structurally difficult,"aspect ratio 1.2771 >= 1.15: double-page spread (two facing text blocks, central gutter, two independent reading orders)",,True,False,False,False,,False
dataset_f7dfd857275e7c253a5aba4730f93428121e5156bd4281c4101fd79514b0d8d9,dataset_version_a51bddcb369babc7d5f603d6c6a465de9505061bc876c2d3fdecdc2bcf5eee6e,page_1620e2b5338200a09f7493b2f13b2b853d436f38cb7c98ca7a8a5f009f251786,document_92b48c84af2d34794a7d9780c4280b00fcb11c9092d78e3d982adedf4dc7c6da,Trolldom_och_annan_vidskepelse_-_Professor_Martin_Brunnerus_berättelse__1670-tal_,A0060193,00023,dataset-rgb/Trolldom_och_annan_vidskepelse_-_Professor_Martin_Brunnerus_berättelse__1670-tal_/Trolldom_och_annan_vidskepelse_-_Professor_Martin_Brunnerus_berättelse__1670-tal__A0060193_00023.png,page_image_9ca12a0ca6ece9698d63bac7559833128d434ada5a04ad4cf86f051748b5c657,18153864,readable,PNG,6312,4912,1.285,31004544,RGB,3,8,0.5855,False,False,,unique,,included,,Structurally difficult,"aspect ratio 1.285 >= 1.15: double-page spread (two facing text blocks, central gutter, two independent reading orders)",,True,False,False,False,,False
dataset_f7dfd857275e7c253a5aba4730f93428121e5156bd4281c4101fd79514b0d8d9,dataset_version_a51bddcb369babc7d5f603d6c6a465de9505061bc876c2d3fdecdc2bcf5eee6e,page_af7a7d9aadfa8115db9fb30a0c50889f310f90b4eae9a158775471eff2a25f98,document_92b48c84af2d34794a7d9780c4280b00fcb11c9092d78e3d982adedf4dc7c6da,Trolldom_och_annan_vidskepelse_-_Professor_Martin_Brunnerus_berättelse__1670-tal_,A0060193,00033,dataset-rgb/Trolldom_och_annan_vidskepelse_-_Professor_Martin_Brunnerus_berättelse__1670-tal_/Trolldom_och_annan_vidskepelse_-_Professor_Martin_Brunnerus_berättelse__1670-tal__A0060193_00033.png,page_image_4de28bfe311809d715b373ee4b13c806a29cf0d0e57b41d78ec98072695d8d61,23649561,readable,PNG,6208,4808,1.2912,29848064,RGB,3,8,0.7923,False,False,,unique,,included,,Structurally difficult,"aspect ratio 1.2912 >= 1.15: double-page spread (two facing text blocks, central gutter, two independent reading orders)",,True,False,False,False,,False
dataset_f7dfd857275e7c253a5aba4730f93428121e5156bd4281c4101fd79514b0d8d9,dataset_version_a51bddcb369babc7d5f603d6c6a465de9505061bc876c2d3fdecdc2bcf5eee6e,page_3c4e02f842502706be9b8c25ef9605cd889979b254cf4da66bc084897b323b89,document_92b48c84af2d34794a7d9780c4280b00fcb11c9092d78e3d982adedf4dc7c6da,Trolldom_och_annan_vidskepelse_-_Professor_Martin_Brunnerus_berättelse__1670-tal_,A0060193,00039,dataset-rgb/Trolldom_och_annan_vidskepelse_-_Professor_Martin_Brunnerus_berättelse__1670-tal_/Trolldom_och_annan_vidskepelse_-_Professor_Martin_Brunnerus_berättelse__1670-tal__A0060193_00039.png,page_image_33fe2b455c2884a3020b49d33ff2f047a8a4972032f958d2cc8db89ef03d775b,23458857,readable,PNG,6216,4776,1.3015,29687616,RGB,3,8,0.7902,False,False,,unique,,included,,Structurally difficult,"aspect ratio 1.3015 >= 1.15: double-page spread (two facing text blocks, central gutter, two independent reading orders)",,True,False,False,False,,False
dataset_f7dfd857275e7c253a5aba4730f93428121e5156bd4281c4101fd79514b0d8d9,dataset_version_a51bddcb369babc7d5f603d6c6a465de9505061bc876c2d3fdecdc2bcf5eee6e,page_7799fafd2c93de1687923ddead500ba3f84bfb248827f6f34144ce8e6e869839,document_92b48c84af2d34794a7d9780c4280b00fcb11c9092d78e3d982adedf4dc7c6da,Trolldom_och_annan_vidskepelse_-_Professor_Martin_Brunnerus_berättelse__1670-tal_,A0060193,00040,dataset-rgb/Trolldom_och_annan_vidskepelse_-_Professor_Martin_Brunnerus_berättelse__1670-tal_/Trolldom_och_annan_vidskepelse_-_Professor_Martin_Brunnerus_berättelse__1670-tal__A0060193_00040.png,page_image_28b3b7bc9fb7132e6c485a7be71aedccce443a3f3a048d32c958ea39fc251ed8,23110537,readable,PNG,6344,4832,1.3129,30654208,RGB,3,8,0.7539,False,False,,unique,,included,,Structurally difficult,"aspect ratio 1.3129 >= 1.15: double-page spread (two facing text blocks, central gutter, two independent reading orders)",,True,False,False,False,,False
dataset_f7dfd857275e7c253a5aba4730f93428121e5156bd4281c4101fd79514b0d8d9,dataset_version_a51bddcb369babc7d5f603d6c6a465de9505061bc876c2d3fdecdc2bcf5eee6e,page_7d1344ed69a9fb8aea7eb50671287ce502e1099cd9e9edcfb9768ee0a0c762e0,document_92b48c84af2d34794a7d9780c4280b00fcb11c9092d78e3d982adedf4dc7c6da,Trolldom_och_annan_vidskepelse_-_Professor_Martin_Brunnerus_berättelse__1670-tal_,A0060193,00041,dataset-rgb/Trolldom_och_annan_vidskepelse_-_Professor_Martin_Brunnerus_berättelse__1670-tal_/Trolldom_och_annan_vidskepelse_-_Professor_Martin_Brunnerus_berättelse__1670-tal__A0060193_00041.png,page_image_53e20a78fcd6ff3519b7c3de05905f069d728323ad0ca01d1581c09a8489ee89,23146568,readable,PNG,6112,4784,1.2776,29239808,RGB,3,8,0.7916,False,False,,unique,,included,,Structurally difficult,"aspect ratio 1.2776 >= 1.15: double-page spread (two facing text blocks, central gutter, two independent reading orders)",,True,False,False,False,,False
dataset_f7dfd857275e7c253a5aba4730f93428121e5156bd4281c4101fd79514b0d8d9,dataset_version_a51bddcb369babc7d5f603d6c6a465de9505061bc876c2d3fdecdc2bcf5eee6e,page_95587c750be4059023c76488c1de804fce271c447c0e8d4dd12665d577f4b911,document_92b48c84af2d34794a7d9780c4280b00fcb11c9092d78e3d982adedf4dc7c6da,Trolldom_och_annan_vidskepelse_-_Professor_Martin_Brunnerus_berättelse__1670-tal_,A0060193,00050,dataset-rgb/Trolldom_och_annan_vidskepelse_-_Professor_Martin_Brunnerus_berättelse__1670-tal_/Trolldom_och_annan_vidskepelse_-_Professor_Martin_Brunnerus_berättelse__1670-tal__A0060193_00050.png,page_image_a33c96e151f84970f9c842fe928a94dcf1547d792696af13fa812ecd8c29638f,21705435,readable,PNG,6088,4944,1.2314,30099072,RGB,3,8,0.7211,False,False,,unique,,included,,Structurally difficult,"aspect ratio 1.2314 >= 1.15: double-page spread (two facing text blocks, central gutter, two independent reading orders)",,True,False,False,False,,False
dataset_f7dfd857275e7c253a5aba4730f93428121e5156bd4281c4101fd79514b0d8d9,dataset_version_a51bddcb369babc7d5f603d6c6a465de9505061bc876c2d3fdecdc2bcf5eee6e,page_9cbf3df8ff1acf6b1ec114d46f3acdf94d9d3d0ca8c91667aab55eb46acf19c6,document_92b48c84af2d34794a7d9780c4280b00fcb11c9092d78e3d982adedf4dc7c6da,Trolldom_och_annan_vidskepelse_-_Professor_Martin_Brunnerus_berättelse__1670-tal_,A0060193,00051,dataset-rgb/Trolldom_och_annan_vidskepelse_-_Professor_Martin_Brunnerus_berättelse__1670-tal_/Trolldom_och_annan_vidskepelse_-_Professor_Martin_Brunnerus_berättelse__1670-tal__A0060193_00051.png,page_image_9913a34a276a46ee632fed914c94216adc96c12b66f413c4b176d13edf253775,22753183,readable,PNG,6360,4832,1.3162,30731520,RGB,3,8,0.7404,False,False,,unique,,included,,Structurally difficult,"aspect ratio 1.3162 >= 1.15: double-page spread (two facing text blocks, central gutter, two independent reading orders)",,True,False,False,False,,False
dataset_f7dfd857275e7c253a5aba4730f93428121e5156bd4281c4101fd79514b0d8d9,dataset_version_a51bddcb369babc7d5f603d6c6a465de9505061bc876c2d3fdecdc2bcf5eee6e,page_7d659168a84f0be37926b165e19c9cabf94530d6e876911b58325b090eaf38d5,document_92b48c84af2d34794a7d9780c4280b00fcb11c9092d78e3d982adedf4dc7c6da,Trolldom_och_annan_vidskepelse_-_Professor_Martin_Brunnerus_berättelse__1670-tal_,A0060193,00062,dataset-rgb/Trolldom_och_annan_vidskepelse_-_Professor_Martin_Brunnerus_berättelse__1670-tal_/Trolldom_och_annan_vidskepelse_-_Professor_Martin_Brunnerus_berättelse__1670-tal__A0060193_00062.png,page_image_44451ba7194683755fc70ebf35161a012d93d44eb22ca98136af8e60520b453f,25324975,readable,PNG,6056,4856,1.2471,29407936,RGB,3,8,0.8612,False,False,,unique,,included,,Structurally difficult,"aspect ratio 1.2471 >= 1.15: double-page spread (two facing text blocks, central gutter, two independent reading orders)",,True,False,False,False,,False
dataset_f7dfd857275e7c253a5aba4730f93428121e5156bd4281c4101fd79514b0d8d9,dataset_version_a51bddcb369babc7d5f603d6c6a465de9505061bc876c2d3fdecdc2bcf5eee6e,page_4a7ac4c3d20694ad97d165f153b37dd534251c2005ffa700938de6df9fff4404,document_92b48c84af2d34794a7d9780c4280b00fcb11c9092d78e3d982adedf4dc7c6da,Trolldom_och_annan_vidskepelse_-_Professor_Martin_Brunnerus_berättelse__1670-tal_,A0060193,00063,dataset-rgb/Trolldom_och_annan_vidskepelse_-_Professor_Martin_Brunnerus_berättelse__1670-tal_/Trolldom_och_annan_vidskepelse_-_Professor_Martin_Brunnerus_berättelse__1670-tal__A0060193_00063.png,page_image_a014bd26d829caf99f3c59ab1c182c97a033632a7b7d02f1ee427654aa6e167e,23784759,readable,PNG,6064,4776,1.2697,28961664,RGB,3,8,0.8212,False,False,,unique,,included,,Structurally difficult,"aspect ratio 1.2697 >= 1.15: double-page spread (two facing text blocks, central gutter, two independent reading orders)",,True,False,False,False,,True
dataset_f7dfd857275e7c253a5aba4730f93428121e5156bd4281c4101fd79514b0d8d9,dataset_version_a51bddcb369babc7d5f603d6c6a465de9505061bc876c2d3fdecdc2bcf5eee6e,page_1cb913867ac57e877b22a619ac947781a694786c522c772452f1130bf8463d32,document_40db13de4b75b2df2fe5209772f114d9d5691b5a40ed203c1e95692812680ab0,Trolldom_och_annan_vidskepelse_-_Professor_Martin_Brunnerus_betänkande__1670-tal_,A0060192,00011,dataset-rgb/Trolldom_och_annan_vidskepelse_-_Professor_Martin_Brunnerus_betänkande__1670-tal_/Trolldom_och_annan_vidskepelse_-_Professor_Martin_Brunnerus_betänkande__1670-tal__A0060192_00011.png,page_image_2c29aa275bcd68c6a9ea22d8df3182113a3d5b15cb34a7861242e63398ad12b6,10846722,readable,PNG,5184,3352,1.5465,17376768,RGB,3,8,0.6242,False,False,,unique,,included,,Structurally difficult,"aspect ratio 1.5465 >= 1.15: double-page spread (two facing text blocks, central gutter, two independent reading orders)",,True,False,False,False,,False
dataset_f7dfd857275e7c253a5aba4730f93428121e5156bd4281c4101fd79514b0d8d9,dataset_version_a51bddcb369babc7d5f603d6c6a465de9505061bc876c2d3fdecdc2bcf5eee6e,page_7dc6dd17b9700861d971898fe257113b07e8abbf2e03ca284b8132a76668e820,document_40db13de4b75b2df2fe5209772f114d9d5691b5a40ed203c1e95692812680ab0,Trolldom_och_annan_vidskepelse_-_Professor_Martin_Brunnerus_betänkande__1670-tal_,A0060192,00012,dataset-rgb/Trolldom_och_annan_vidskepelse_-_Professor_Martin_Brunnerus_betänkande__1670-tal_/Trolldom_och_annan_vidskepelse_-_Professor_Martin_Brunnerus_betänkande__1670-tal__A0060192_00012.png,page_image_56ca63b757af0d069a160cee2a1822ec99ebeb5db39756d6566f56d909153dd5,12515838,readable,PNG,5168,3408,1.5164,17612544,RGB,3,8,0.7106,False,False,,unique,,included,,Structurally difficult,"aspect ratio 1.5164 >= 1.15: double-page spread (two facing text blocks, central gutter, two independent reading orders)",,True,False,False,False,,False
dataset_f7dfd857275e7c253a5aba4730f93428121e5156bd4281c4101fd79514b0d8d9,dataset_version_a51bddcb369babc7d5f603d6c6a465de9505061bc876c2d3fdecdc2bcf5eee6e,page_f3be61281afd60f98da5c141ef2f360d028e378f1273bca35623982d96550707,document_40db13de4b75b2df2fe5209772f114d9d5691b5a40ed203c1e95692812680ab0,Trolldom_och_annan_vidskepelse_-_Professor_Martin_Brunnerus_betänkande__1670-tal_,A0060192,00015,dataset-rgb/Trolldom_och_annan_vidskepelse_-_Professor_Martin_Brunnerus_betänkande__1670-tal_/Trolldom_och_annan_vidskepelse_-_Professor_Martin_Brunnerus_betänkande__1670-tal__A0060192_00015.png,page_image_4d73cef85f3ebb8e01c324bcef411bd5800ba68d60d136bb925911799f0ad828,12648362,readable,PNG,5176,3424,1.5117,17722624,RGB,3,8,0.7137,False,False,,unique,,included,,Structurally difficult,"aspect ratio 1.5117 >= 1.15: double-page spread (two facing text blocks, central gutter, two independent reading orders)",,True,False,False,False,,False
dataset_f7dfd857275e7c253a5aba4730f93428121e5156bd4281c4101fd79514b0d8d9,dataset_version_a51bddcb369babc7d5f603d6c6a465de9505061bc876c2d3fdecdc2bcf5eee6e,page_a8559dca191c6c8f33eeddc6de9a2fca500dea34ec8ddafe8491dd70680d3184,document_40db13de4b75b2df2fe5209772f114d9d5691b5a40ed203c1e95692812680ab0,Trolldom_och_annan_vidskepelse_-_Professor_Martin_Brunnerus_betänkande__1670-tal_,A0060192,00016,dataset-rgb/Trolldom_och_annan_vidskepelse_-_Professor_Martin_Brunnerus_betänkande__1670-tal_/Trolldom_och_annan_vidskepelse_-_Professor_Martin_Brunnerus_betänkande__1670-tal__A0060192_00016.png,page_image_e1c4e03b6d238bfcfe259c885156a0dbafc7143a89708c44a7a19e50bb9213df,11877101,readable,PNG,5144,3448,1.4919,17736512,RGB,3,8,0.6696,False,False,,unique,,included,,Structurally difficult,"aspect ratio 1.4919 >= 1.15: double-page spread (two facing text blocks, central gutter, two independent reading orders)",,True,False,False,False,,False
dataset_f7dfd857275e7c253a5aba4730f93428121e5156bd4281c4101fd79514b0d8d9,dataset_version_a51bddcb369babc7d5f603d6c6a465de9505061bc876c2d3fdecdc2bcf5eee6e,page_2a2b09fc0433a6533585f0c93956f629869407247b2e7a525ef3e46e5dc069a9,document_40db13de4b75b2df2fe5209772f114d9d5691b5a40ed203c1e95692812680ab0,Trolldom_och_annan_vidskepelse_-_Professor_Martin_Brunnerus_betänkande__1670-tal_,A0060192,00019,dataset-rgb/Trolldom_och_annan_vidskepelse_-_Professor_Martin_Brunnerus_betänkande__1670-tal_/Trolldom_och_annan_vidskepelse_-_Professor_Martin_Brunnerus_betänkande__1670-tal__A0060192_00019.png,page_image_6f26b3b12ccc86d4740f82897d0a1b4a088245a36b330e906df9d864cb3b03a9,12384027,readable,PNG,5128,3336,1.5372,17107008,RGB,3,8,0.7239,False,False,,unique,,included,,Structurally difficult,"aspect ratio 1.5372 >= 1.15: double-page spread (two facing text blocks, central gutter, two independent reading orders)",,True,False,False,False,,False
dataset_f7dfd857275e7c253a5aba4730f93428121e5156bd4281c4101fd79514b0d8d9,dataset_version_a51bddcb369babc7d5f603d6c6a465de9505061bc876c2d3fdecdc2bcf5eee6e,page_6b330f5bd77304327552e61f9cc88d764ef1fbf786ecf75bdcfd48d7664790ca,document_40db13de4b75b2df2fe5209772f114d9d5691b5a40ed203c1e95692812680ab0,Trolldom_och_annan_vidskepelse_-_Professor_Martin_Brunnerus_betänkande__1670-tal_,A0060192,00029,dataset-rgb/Trolldom_och_annan_vidskepelse_-_Professor_Martin_Brunnerus_betänkande__1670-tal_/Trolldom_och_annan_vidskepelse_-_Professor_Martin_Brunnerus_betänkande__1670-tal__A0060192_00029.png,page_image_4896480b8a871b1044a1a8034647feff73c02d8f97915351d6bcb4eefe88d975,10564077,readable,PNG,5088,3304,1.54,16810752,RGB,3,8,0.6284,False,False,,unique,,included,,Structurally difficult,"aspect ratio 1.54 >= 1.15: double-page spread (two facing text blocks, central gutter, two independent reading orders)",,True,False,False,False,,False
dataset_f7dfd857275e7c253a5aba4730f93428121e5156bd4281c4101fd79514b0d8d9,dataset_version_a51bddcb369babc7d5f603d6c6a465de9505061bc876c2d3fdecdc2bcf5eee6e,page_28b7d32b2470a09f811a2dd9d67a848afe78fc891f7e6c26b35fe08aaf929a24,document_40db13de4b75b2df2fe5209772f114d9d5691b5a40ed203c1e95692812680ab0,Trolldom_och_annan_vidskepelse_-_Professor_Martin_Brunnerus_betänkande__1670-tal_,A0060192,00030,dataset-rgb/Trolldom_och_annan_vidskepelse_-_Professor_Martin_Brunnerus_betänkande__1670-tal_/Trolldom_och_annan_vidskepelse_-_Professor_Martin_Brunnerus_betänkande__1670-tal__A0060192_00030.png,page_image_1aa1f49d1d2cd6df42ac899749a0a6b97028eb5a5b30ec74d034eba838665fa7,10773666,readable,PNG,5088,3320,1.5325,16892160,RGB,3,8,0.6378,False,False,,unique,,included,,Structurally difficult,"aspect ratio 1.5325 >= 1.15: double-page spread (two facing text blocks, central gutter, two independent reading orders)",,True,False,False,False,,True
dataset_f7dfd857275e7c253a5aba4730f93428121e5156bd4281c4101fd79514b0d8d9,dataset_version_a51bddcb369babc7d5f603d6c6a465de9505061bc876c2d3fdecdc2bcf5eee6e,page_8a013d8df913b8e0aa7d21793463ea90a2ffbd10fa940131708a7b7f19d0e7a3,document_40db13de4b75b2df2fe5209772f114d9d5691b5a40ed203c1e95692812680ab0,Trolldom_och_annan_vidskepelse_-_Professor_Martin_Brunnerus_betänkande__1670-tal_,A0060192,00038,dataset-rgb/Trolldom_och_annan_vidskepelse_-_Professor_Martin_Brunnerus_betänkande__1670-tal_/Trolldom_och_annan_vidskepelse_-_Professor_Martin_Brunnerus_betänkande__1670-tal__A0060192_00038.png,page_image_b7f5612d227f9a9530d130bfa7c4132f7ca45a7eab260b16821406d9733b9bda,10705602,readable,PNG,5088,3344,1.5215,17014272,RGB,3,8,0.6292,False,False,,unique,,included,,Structurally difficult,"aspect ratio 1.5215 >= 1.15: double-page spread (two facing text blocks, central gutter, two independent reading orders)",,True,False,False,False,,True
dataset_f7dfd857275e7c253a5aba4730f93428121e5156bd4281c4101fd79514b0d8d9,dataset_version_a51bddcb369babc7d5f603d6c6a465de9505061bc876c2d3fdecdc2bcf5eee6e,page_d5c74140f34294df65b0bc91d3b77602f918930367e6ccef4228e82cd348fe7e,document_40db13de4b75b2df2fe5209772f114d9d5691b5a40ed203c1e95692812680ab0,Trolldom_och_annan_vidskepelse_-_Professor_Martin_Brunnerus_betänkande__1670-tal_,A0060192,00040,dataset-rgb/Trolldom_och_annan_vidskepelse_-_Professor_Martin_Brunnerus_betänkande__1670-tal_/Trolldom_och_annan_vidskepelse_-_Professor_Martin_Brunnerus_betänkande__1670-tal__A0060192_00040.png,page_image_ff6cec4649956a5f4f63d3e25ec8e36d7efa574837ab1d77ab1cbbae48ba8622,10885313,readable,PNG,5120,3336,1.5348,17080320,RGB,3,8,0.6373,False,False,,unique,,included,,Structurally difficult,"aspect ratio 1.5348 >= 1.15: double-page spread (two facing text blocks, central gutter, two independent reading orders)",,True,False,False,False,,False
dataset_f7dfd857275e7c253a5aba4730f93428121e5156bd4281c4101fd79514b0d8d9,dataset_version_a51bddcb369babc7d5f603d6c6a465de9505061bc876c2d3fdecdc2bcf5eee6e,page_1cfc61f41f75491d2f6f7ab8c0933828b3eb21c344975206ad5393decd27e612,document_40db13de4b75b2df2fe5209772f114d9d5691b5a40ed203c1e95692812680ab0,Trolldom_och_annan_vidskepelse_-_Professor_Martin_Brunnerus_betänkande__1670-tal_,A0060192,00045,dataset-rgb/Trolldom_och_annan_vidskepelse_-_Professor_Martin_Brunnerus_betänkande__1670-tal_/Trolldom_och_annan_vidskepelse_-_Professor_Martin_Brunnerus_betänkande__1670-tal__A0060192_00045.png,page_image_ccf7529bfb2156ca1615d7f5937a6989a4ed965b29484517c736ead1447a0e74,11993681,readable,PNG,5104,3352,1.5227,17108608,RGB,3,8,0.701,False,False,,unique,,included,,Structurally difficult,"aspect ratio 1.5227 >= 1.15: double-page spread (two facing text blocks, central gutter, two independent reading orders)",,True,False,False,False,,False
dataset_f7dfd857275e7c253a5aba4730f93428121e5156bd4281c4101fd79514b0d8d9,dataset_version_a51bddcb369babc7d5f603d6c6a465de9505061bc876c2d3fdecdc2bcf5eee6e,page_590141292fba9c32132a70c940ece055655dc2b287ac56a1b0289f4282fe3227,document_40db13de4b75b2df2fe5209772f114d9d5691b5a40ed203c1e95692812680ab0,Trolldom_och_annan_vidskepelse_-_Professor_Martin_Brunnerus_betänkande__1670-tal_,A0060192,00047,dataset-rgb/Trolldom_och_annan_vidskepelse_-_Professor_Martin_Brunnerus_betänkande__1670-tal_/Trolldom_och_annan_vidskepelse_-_Professor_Martin_Brunnerus_betänkande__1670-tal__A0060192_00047.png,page_image_153574f923844e8aa850c095df1a57486db1f7453f6a732a05ad5b2e864b5305,12924643,readable,PNG,5112,3408,1.5,17421696,RGB,3,8,0.7419,False,False,,unique,,included,,Structurally difficult,"aspect ratio 1.5 >= 1.15: double-page spread (two facing text blocks, central gutter, two independent reading orders)",,True,False,False,False,,False
dataset_f7dfd857275e7c253a5aba4730f93428121e5156bd4281c4101fd79514b0d8d9,dataset_version_a51bddcb369babc7d5f603d6c6a465de9505061bc876c2d3fdecdc2bcf5eee6e,page_f341051d6611d0b8b36bed534d1c6ac628443bbe35788d77bb538a0e0be438b7,document_40db13de4b75b2df2fe5209772f114d9d5691b5a40ed203c1e95692812680ab0,Trolldom_och_annan_vidskepelse_-_Professor_Martin_Brunnerus_betänkande__1670-tal_,A0060192,00052,dataset-rgb/Trolldom_och_annan_vidskepelse_-_Professor_Martin_Brunnerus_betänkande__1670-tal_/Trolldom_och_annan_vidskepelse_-_Professor_Martin_Brunnerus_betänkande__1670-tal__A0060192_00052.png,page_image_f76b1a8a2551c887fc25c458f222cacbfed31dfb7cf60cf96a24b2c7c203fcdb,9019240,readable,PNG,3456,5008,0.6901,17307648,RGB,3,8,0.5211,False,False,,unique,,included,,Ordinary,"single-page portrait raster with no detected technical anomaly; note that structural difficulty beyond page-spread geometry (dense marginalia, tables, multi-column layout, insertions, damage) is NOT automatically detectable without a layout model and is explicitly out of scope for this pass -- this page may be reclassified 'Structurally difficult' by supervised human correction",,False,False,False,False,,True
dataset_f7dfd857275e7c253a5aba4730f93428121e5156bd4281c4101fd79514b0d8d9,dataset_version_a51bddcb369babc7d5f603d6c6a465de9505061bc876c2d3fdecdc2bcf5eee6e,page_40fb610c0147ac8e15b22ff12b2bd4bff56c9b72acd29cd1c03d05fc847987de,document_624a5cfe3a99d81b6b21cd242f57759223477b3bdd661333ef41b30757fc5888,Trolldom_och_annan_vidskepelse_-_Prosten_Eleus_Skragges_berättelse__1670_,A0060188,00003,dataset-rgb/Trolldom_och_annan_vidskepelse_-_Prosten_Eleus_Skragges_berättelse__1670_/Trolldom_och_annan_vidskepelse_-_Prosten_Eleus_Skragges_berättelse__1670__A0060188_00003.png,page_image_302e5bbfb60bc7299a014d4f548a705a80a7647a51c62e41683a75795d2f7c57,21887878,readable,PNG,6400,4912,1.3029,31436800,RGB,3,8,0.6963,False,False,,unique,,included,,Structurally difficult,"aspect ratio 1.3029 >= 1.15: double-page spread (two facing text blocks, central gutter, two independent reading orders)",,True,False,False,False,,False
dataset_f7dfd857275e7c253a5aba4730f93428121e5156bd4281c4101fd79514b0d8d9,dataset_version_a51bddcb369babc7d5f603d6c6a465de9505061bc876c2d3fdecdc2bcf5eee6e,page_b46efdd8c797e8cf6f8283ac8f470a435aa3719971272892d20b5fa20d3b250e,document_624a5cfe3a99d81b6b21cd242f57759223477b3bdd661333ef41b30757fc5888,Trolldom_och_annan_vidskepelse_-_Prosten_Eleus_Skragges_berättelse__1670_,A0060188,00004,dataset-rgb/Trolldom_och_annan_vidskepelse_-_Prosten_Eleus_Skragges_berättelse__1670_/Trolldom_och_annan_vidskepelse_-_Prosten_Eleus_Skragges_berättelse__1670__A0060188_00004.png,page_image_e0d4137dd6a450d5d712a14373c2b9d3511854b61f7b1cc29fd081d468ad1121,21548011,readable,PNG,6328,4904,1.2904,31032512,RGB,3,8,0.6944,False,False,,unique,,included,,Structurally difficult,"aspect ratio 1.2904 >= 1.15: double-page spread (two facing text blocks, central gutter, two independent reading orders)",,True,False,False,False,,False
dataset_f7dfd857275e7c253a5aba4730f93428121e5156bd4281c4101fd79514b0d8d9,dataset_version_a51bddcb369babc7d5f603d6c6a465de9505061bc876c2d3fdecdc2bcf5eee6e,page_060d33b47554cdc7c7126f5b4cc9909c45358e23174cf94a8bd2a62e89bdb830,document_624a5cfe3a99d81b6b21cd242f57759223477b3bdd661333ef41b30757fc5888,Trolldom_och_annan_vidskepelse_-_Prosten_Eleus_Skragges_berättelse__1670_,A0060188,00005,dataset-rgb/Trolldom_och_annan_vidskepelse_-_Prosten_Eleus_Skragges_berättelse__1670_/Trolldom_och_annan_vidskepelse_-_Prosten_Eleus_Skragges_berättelse__1670__A0060188_00005.png,page_image_eeb17342d48beca387861ecd47bd84a466373501fe935365e49e682746622b77,20039382,readable,PNG,6064,4848,1.2508,29398272,RGB,3,8,0.6817,False,False,,unique,,included,,Structurally difficult,"aspect ratio 1.2508 >= 1.15: double-page spread (two facing text blocks, central gutter, two independent reading orders)",,True,False,False,False,,False
dataset_f7dfd857275e7c253a5aba4730f93428121e5156bd4281c4101fd79514b0d8d9,dataset_version_a51bddcb369babc7d5f603d6c6a465de9505061bc876c2d3fdecdc2bcf5eee6e,page_3ec5d19fc2db1a4d5c5cf71c3b9d5a12a775a8123f3f464b20c663f2c2093c5d,document_624a5cfe3a99d81b6b21cd242f57759223477b3bdd661333ef41b30757fc5888,Trolldom_och_annan_vidskepelse_-_Prosten_Eleus_Skragges_berättelse__1670_,A0060188,00006,dataset-rgb/Trolldom_och_annan_vidskepelse_-_Prosten_Eleus_Skragges_berättelse__1670_/Trolldom_och_annan_vidskepelse_-_Prosten_Eleus_Skragges_berättelse__1670__A0060188_00006.png,page_image_7fb004c6e42d95ee6843ee94cc1108d0443af618cb2b0178eddcfc4aec08e97b,17751732,readable,PNG,6272,4912,1.2769,30808064,RGB,3,8,0.5762,False,False,,unique,,included,,Structurally difficult,"aspect ratio 1.2769 >= 1.15: double-page spread (two facing text blocks, central gutter, two independent reading orders)",,True,False,False,False,,False
dataset_f7dfd857275e7c253a5aba4730f93428121e5156bd4281c4101fd79514b0d8d9,dataset_version_a51bddcb369babc7d5f603d6c6a465de9505061bc876c2d3fdecdc2bcf5eee6e,page_00ccacce6d442d4cfd07686652538a698f131bfc2483ee64f9c42ce06f3692b0,document_624a5cfe3a99d81b6b21cd242f57759223477b3bdd661333ef41b30757fc5888,Trolldom_och_annan_vidskepelse_-_Prosten_Eleus_Skragges_berättelse__1670_,A0060188,00007,dataset-rgb/Trolldom_och_annan_vidskepelse_-_Prosten_Eleus_Skragges_berättelse__1670_/Trolldom_och_annan_vidskepelse_-_Prosten_Eleus_Skragges_berättelse__1670__A0060188_00007.png,page_image_88181239cf98e73c3806cad9077da9aaad3614937cfea3f858c0b1f26d3dc0bb,19896552,readable,PNG,6312,4864,1.2977,30701568,RGB,3,8,0.6481,False,False,,unique,,included,,Structurally difficult,"aspect ratio 1.2977 >= 1.15: double-page spread (two facing text blocks, central gutter, two independent reading orders)",,True,False,False,False,,False
dataset_f7dfd857275e7c253a5aba4730f93428121e5156bd4281c4101fd79514b0d8d9,dataset_version_a51bddcb369babc7d5f603d6c6a465de9505061bc876c2d3fdecdc2bcf5eee6e,page_e2b8f1de6710bed8081b42a3482041c40159a1e140bdb6cc10cf199976defcc8,document_624a5cfe3a99d81b6b21cd242f57759223477b3bdd661333ef41b30757fc5888,Trolldom_och_annan_vidskepelse_-_Prosten_Eleus_Skragges_berättelse__1670_,A0060188,00008,dataset-rgb/Trolldom_och_annan_vidskepelse_-_Prosten_Eleus_Skragges_berättelse__1670_/Trolldom_och_annan_vidskepelse_-_Prosten_Eleus_Skragges_berättelse__1670__A0060188_00008.png,page_image_07db5dcd2c9d979841895ef250455a1ab234b96794c6996305e7004ba0ee2fe9,19818821,readable,PNG,6304,4912,1.2834,30965248,RGB,3,8,0.64,False,False,,unique,,included,,Structurally difficult,"aspect ratio 1.2834 >= 1.15: double-page spread (two facing text blocks, central gutter, two independent reading orders)",,True,False,False,False,,False
dataset_f7dfd857275e7c253a5aba4730f93428121e5156bd4281c4101fd79514b0d8d9,dataset_version_a51bddcb369babc7d5f603d6c6a465de9505061bc876c2d3fdecdc2bcf5eee6e,page_ff032664983d3cc13bf1aee01bcd22f972909edb31d4ce75e7599b6da645fb67,document_624a5cfe3a99d81b6b21cd242f57759223477b3bdd661333ef41b30757fc5888,Trolldom_och_annan_vidskepelse_-_Prosten_Eleus_Skragges_berättelse__1670_,A0060188,00009,dataset-rgb/Trolldom_och_annan_vidskepelse_-_Prosten_Eleus_Skragges_berättelse__1670_/Trolldom_och_annan_vidskepelse_-_Prosten_Eleus_Skragges_berättelse__1670__A0060188_00009.png,page_image_94bd50b87994faa7a40229a0335219beb9e124e28e215361ccc1fb8edc947f8c,19689352,readable,PNG,6280,4848,1.2954,30445440,RGB,3,8,0.6467,False,False,,unique,,included,,Structurally difficult,"aspect ratio 1.2954 >= 1.15: double-page spread (two facing text blocks, central gutter, two independent reading orders)",,True,False,False,False,,False
dataset_f7dfd857275e7c253a5aba4730f93428121e5156bd4281c4101fd79514b0d8d9,dataset_version_a51bddcb369babc7d5f603d6c6a465de9505061bc876c2d3fdecdc2bcf5eee6e,page_f1e86fccf48601f61e23d66b58593bff68ed14d19052c8459322e49a8e36ebe6,document_624a5cfe3a99d81b6b21cd242f57759223477b3bdd661333ef41b30757fc5888,Trolldom_och_annan_vidskepelse_-_Prosten_Eleus_Skragges_berättelse__1670_,A0060188,00010,dataset-rgb/Trolldom_och_annan_vidskepelse_-_Prosten_Eleus_Skragges_berättelse__1670_/Trolldom_och_annan_vidskepelse_-_Prosten_Eleus_Skragges_berättelse__1670__A0060188_00010.png,page_image_6a50ff2401cfc5bd1403e6f5404e77d83e65eb580994d395c8bafe072ecae6b3,18617280,readable,PNG,6264,4912,1.2752,30768768,RGB,3,8,0.6051,False,False,,unique,,included,,Structurally difficult,"aspect ratio 1.2752 >= 1.15: double-page spread (two facing text blocks, central gutter, two independent reading orders)",,True,False,False,False,,False
dataset_f7dfd857275e7c253a5aba4730f93428121e5156bd4281c4101fd79514b0d8d9,dataset_version_a51bddcb369babc7d5f603d6c6a465de9505061bc876c2d3fdecdc2bcf5eee6e,page_48b89b272484810e7f789bcac333ed61652b94dfbb18db31d20c5adf4470ca19,document_624a5cfe3a99d81b6b21cd242f57759223477b3bdd661333ef41b30757fc5888,Trolldom_och_annan_vidskepelse_-_Prosten_Eleus_Skragges_berättelse__1670_,A0060188,00011,dataset-rgb/Trolldom_och_annan_vidskepelse_-_Prosten_Eleus_Skragges_berättelse__1670_/Trolldom_och_annan_vidskepelse_-_Prosten_Eleus_Skragges_berättelse__1670__A0060188_00011.png,page_image_e2e7eb00ea200a185e74d3e3d73e1c3a378d0c68f276a7cc6b8e67be06f9b9b3,19089136,readable,PNG,6272,4856,1.2916,30456832,RGB,3,8,0.6268,False,False,,unique,,included,,Structurally difficult,"aspect ratio 1.2916 >= 1.15: double-page spread (two facing text blocks, central gutter, two independent reading orders)",,True,False,False,False,,False
dataset_f7dfd857275e7c253a5aba4730f93428121e5156bd4281c4101fd79514b0d8d9,dataset_version_a51bddcb369babc7d5f603d6c6a465de9505061bc876c2d3fdecdc2bcf5eee6e,page_e5ad160addfbeb8f7d3b975ed3d19c80927ee51cf3615b50c7cc5c728acaf8c3,document_624a5cfe3a99d81b6b21cd242f57759223477b3bdd661333ef41b30757fc5888,Trolldom_och_annan_vidskepelse_-_Prosten_Eleus_Skragges_berättelse__1670_,A0060188,00012,dataset-rgb/Trolldom_och_annan_vidskepelse_-_Prosten_Eleus_Skragges_berättelse__1670_/Trolldom_och_annan_vidskepelse_-_Prosten_Eleus_Skragges_berättelse__1670__A0060188_00012.png,page_image_261321b9f2542383a33361f7075e05d7889d8372355d4f0206e89f68df0116c3,18557252,readable,PNG,6272,4944,1.2686,31008768,RGB,3,8,0.5985,False,False,,unique,,included,,Structurally difficult,"aspect ratio 1.2686 >= 1.15: double-page spread (two facing text blocks, central gutter, two independent reading orders)",,True,False,False,False,,False
dataset_f7dfd857275e7c253a5aba4730f93428121e5156bd4281c4101fd79514b0d8d9,dataset_version_a51bddcb369babc7d5f603d6c6a465de9505061bc876c2d3fdecdc2bcf5eee6e,page_fb0b51d629b0b130cdd1c758b211d51bbde1ea8402589521801eff0f240bb524,document_624a5cfe3a99d81b6b21cd242f57759223477b3bdd661333ef41b30757fc5888,Trolldom_och_annan_vidskepelse_-_Prosten_Eleus_Skragges_berättelse__1670_,A0060188,00013,dataset-rgb/Trolldom_och_annan_vidskepelse_-_Prosten_Eleus_Skragges_berättelse__1670_/Trolldom_och_annan_vidskepelse_-_Prosten_Eleus_Skragges_berättelse__1670__A0060188_00013.png,page_image_52020b74eab589d1273c91ac166a3b4bfe743fa48263fab8748e939cbbbcf4d1,16993432,readable,PNG,6264,4864,1.2878,30468096,RGB,3,8,0.5577,False,False,,unique,,included,,Structurally difficult,"aspect ratio 1.2878 >= 1.15: double-page spread (two facing text blocks, central gutter, two independent reading orders)",,True,False,False,False,,False
dataset_f7dfd857275e7c253a5aba4730f93428121e5156bd4281c4101fd79514b0d8d9,dataset_version_a51bddcb369babc7d5f603d6c6a465de9505061bc876c2d3fdecdc2bcf5eee6e,page_376058f3209e1acc965bc30bc74b7a407e3ec238e4541fcd2f50aeb5267c9bc8,document_624a5cfe3a99d81b6b21cd242f57759223477b3bdd661333ef41b30757fc5888,Trolldom_och_annan_vidskepelse_-_Prosten_Eleus_Skragges_berättelse__1670_,A0060188,00014,dataset-rgb/Trolldom_och_annan_vidskepelse_-_Prosten_Eleus_Skragges_berättelse__1670_/Trolldom_och_annan_vidskepelse_-_Prosten_Eleus_Skragges_berättelse__1670__A0060188_00014.png,page_image_2f9d7081789f82b640e2546aafcabec8e6f492362dbfe41fa2153a3902085916,17949816,readable,PNG,6264,4896,1.2794,30668544,RGB,3,8,0.5853,False,False,,unique,,included,,Structurally difficult,"aspect ratio 1.2794 >= 1.15: double-page spread (two facing text blocks, central gutter, two independent reading orders)",,True,False,False,False,,False
dataset_f7dfd857275e7c253a5aba4730f93428121e5156bd4281c4101fd79514b0d8d9,dataset_version_a51bddcb369babc7d5f603d6c6a465de9505061bc876c2d3fdecdc2bcf5eee6e,page_7f9caba26d9c115f3367a0278820a21c4dc4b4fe26d68e3801caed1b620e7781,document_624a5cfe3a99d81b6b21cd242f57759223477b3bdd661333ef41b30757fc5888,Trolldom_och_annan_vidskepelse_-_Prosten_Eleus_Skragges_berättelse__1670_,A0060188,00015,dataset-rgb/Trolldom_och_annan_vidskepelse_-_Prosten_Eleus_Skragges_berättelse__1670_/Trolldom_och_annan_vidskepelse_-_Prosten_Eleus_Skragges_berättelse__1670__A0060188_00015.png,page_image_d47b13115c5fe754b4a1995c46d5a708b959351b585737c5b4007b937a95d8c8,20255631,readable,PNG,6248,4872,1.2824,30440256,RGB,3,8,0.6654,False,False,,unique,,included,,Structurally difficult,"aspect ratio 1.2824 >= 1.15: double-page spread (two facing text blocks, central gutter, two independent reading orders)",,True,False,False,False,,True
dataset_f7dfd857275e7c253a5aba4730f93428121e5156bd4281c4101fd79514b0d8d9,dataset_version_a51bddcb369babc7d5f603d6c6a465de9505061bc876c2d3fdecdc2bcf5eee6e,page_ea7d8bd265b074015b02d9b50ad943c5203eda8b2870d2295906a49007a0f27c,document_624a5cfe3a99d81b6b21cd242f57759223477b3bdd661333ef41b30757fc5888,Trolldom_och_annan_vidskepelse_-_Prosten_Eleus_Skragges_berättelse__1670_,A0060188,00016,dataset-rgb/Trolldom_och_annan_vidskepelse_-_Prosten_Eleus_Skragges_berättelse__1670_/Trolldom_och_annan_vidskepelse_-_Prosten_Eleus_Skragges_berättelse__1670__A0060188_00016.png,page_image_f8735d89b209b323ba211f3cf05e3cb266714c53187e8c04c6a7c2923ff46cce,16616960,readable,PNG,6096,4880,1.2492,29748480,RGB,3,8,0.5586,False,False,,unique,,included,,Structurally difficult,"aspect ratio 1.2492 >= 1.15: double-page spread (two facing text blocks, central gutter, two independent reading orders)",,True,False,False,False,,False
dataset_f7dfd857275e7c253a5aba4730f93428121e5156bd4281c4101fd79514b0d8d9,dataset_version_a51bddcb369babc7d5f603d6c6a465de9505061bc876c2d3fdecdc2bcf5eee6e,page_7acdd0bdd15253ef7a44178d4c6d0f8894ae41afd483533690929d3505627979,document_624a5cfe3a99d81b6b21cd242f57759223477b3bdd661333ef41b30757fc5888,Trolldom_och_annan_vidskepelse_-_Prosten_Eleus_Skragges_berättelse__1670_,A0060188,00017,dataset-rgb/Trolldom_och_annan_vidskepelse_-_Prosten_Eleus_Skragges_berättelse__1670_/Trolldom_och_annan_vidskepelse_-_Prosten_Eleus_Skragges_berättelse__1670__A0060188_00017.png,page_image_032baf1f5920315c553a61c12564e0e223d3b4b39b4736700e4ecd6e16a92697,20340738,readable,PNG,6232,4808,1.2962,29963456,RGB,3,8,0.6789,False,False,,unique,,included,,Structurally difficult,"aspect ratio 1.2962 >= 1.15: double-page spread (two facing text blocks, central gutter, two independent reading orders)",,True,False,False,False,,False
dataset_f7dfd857275e7c253a5aba4730f93428121e5156bd4281c4101fd79514b0d8d9,dataset_version_a51bddcb369babc7d5f603d6c6a465de9505061bc876c2d3fdecdc2bcf5eee6e,page_a4384710ec850f51d99fc1e5a60d13612eaf8dfa413025fffdecb82922f12e68,document_624a5cfe3a99d81b6b21cd242f57759223477b3bdd661333ef41b30757fc5888,Trolldom_och_annan_vidskepelse_-_Prosten_Eleus_Skragges_berättelse__1670_,A0060188,00018,dataset-rgb/Trolldom_och_annan_vidskepelse_-_Prosten_Eleus_Skragges_berättelse__1670_/Trolldom_och_annan_vidskepelse_-_Prosten_Eleus_Skragges_berättelse__1670__A0060188_00018.png,page_image_b98abe8636157663997696b541dbc7542a0bc6a85b94c942b9b142a217ad190a,17201625,readable,PNG,6256,4848,1.2904,30329088,RGB,3,8,0.5672,False,False,,unique,,included,,Structurally difficult,"aspect ratio 1.2904 >= 1.15: double-page spread (two facing text blocks, central gutter, two independent reading orders)",,True,False,False,False,,False
dataset_f7dfd857275e7c253a5aba4730f93428121e5156bd4281c4101fd79514b0d8d9,dataset_version_a51bddcb369babc7d5f603d6c6a465de9505061bc876c2d3fdecdc2bcf5eee6e,page_a176ef594674440482fb3fbb481d647863725dff67f3c9296d22b0e4397347d4,document_f343cafee06cc9c5396ed08a331354f2a67034ba69e7510f853518ffe1166211,Trolldom_och_annan_vidskepelse_-_Rannsakningar_vid_underrätterna_i_Stockholm__1682_,A0060196,00003,dataset-rgb/Trolldom_och_annan_vidskepelse_-_Rannsakningar_vid_underrätterna_i_Stockholm__1682_/Trolldom_och_annan_vidskepelse_-_Rannsakningar_vid_underrätterna_i_Stockholm__1682__A0060196_00003.png,page_image_f5cfe736c83fadaacc8cb0f0ac10d6d68585ff3cac1d9c60a69686e348358d88,11860487,readable,PNG,3320,4736,0.701,15723520,RGB,3,8,0.7543,False,False,,unique,,included,,Ordinary,"single-page portrait raster with no detected technical anomaly; note that structural difficulty beyond page-spread geometry (dense marginalia, tables, multi-column layout, insertions, damage) is NOT automatically detectable without a layout model and is explicitly out of scope for this pass -- this page may be reclassified 'Structurally difficult' by supervised human correction",,False,False,False,False,,True
dataset_f7dfd857275e7c253a5aba4730f93428121e5156bd4281c4101fd79514b0d8d9,dataset_version_a51bddcb369babc7d5f603d6c6a465de9505061bc876c2d3fdecdc2bcf5eee6e,page_c5c7e72506708304bddebcc97b66a7d37e7c7403d1d797090c6c0c037d05d0b6,document_f343cafee06cc9c5396ed08a331354f2a67034ba69e7510f853518ffe1166211,Trolldom_och_annan_vidskepelse_-_Rannsakningar_vid_underrätterna_i_Stockholm__1682_,A0060196,00004,dataset-rgb/Trolldom_och_annan_vidskepelse_-_Rannsakningar_vid_underrätterna_i_Stockholm__1682_/Trolldom_och_annan_vidskepelse_-_Rannsakningar_vid_underrätterna_i_Stockholm__1682__A0060196_00004.png,page_image_448f47c67085b73fc7e692deaddf9a66efec4c0109dc5349f7175e4e6703f889,22275709,readable,PNG,6064,4832,1.255,29301248,RGB,3,8,0.7602,False,False,,unique,,included,,Structurally difficult,"aspect ratio 1.255 >= 1.15: double-page spread (two facing text blocks, central gutter, two independent reading orders)",,True,False,False,False,,False
dataset_f7dfd857275e7c253a5aba4730f93428121e5156bd4281c4101fd79514b0d8d9,dataset_version_a51bddcb369babc7d5f603d6c6a465de9505061bc876c2d3fdecdc2bcf5eee6e,page_4d975900f3d584c30b9fed2118f22588d5a032c6ccc400b7f9046c1f1d5503fd,document_f343cafee06cc9c5396ed08a331354f2a67034ba69e7510f853518ffe1166211,Trolldom_och_annan_vidskepelse_-_Rannsakningar_vid_underrätterna_i_Stockholm__1682_,A0060196,00005,dataset-rgb/Trolldom_och_annan_vidskepelse_-_Rannsakningar_vid_underrätterna_i_Stockholm__1682_/Trolldom_och_annan_vidskepelse_-_Rannsakningar_vid_underrätterna_i_Stockholm__1682__A0060196_00005.png,page_image_becbd66b662f9865b21a95d427f5490ccda96e631594f862a093dfdd3e21dcdc,18670952,readable,PNG,6072,4896,1.2402,29728512,RGB,3,8,0.628,False,False,,unique,,included,,Structurally difficult,"aspect ratio 1.2402 >= 1.15: double-page spread (two facing text blocks, central gutter, two independent reading orders)",,True,False,False,False,,False
dataset_f7dfd857275e7c253a5aba4730f93428121e5156bd4281c4101fd79514b0d8d9,dataset_version_a51bddcb369babc7d5f603d6c6a465de9505061bc876c2d3fdecdc2bcf5eee6e,page_b68d9eccc4d2d240bda0a9c3228433d3e70584345efc4672190ef4232ea6766d,document_f343cafee06cc9c5396ed08a331354f2a67034ba69e7510f853518ffe1166211,Trolldom_och_annan_vidskepelse_-_Rannsakningar_vid_underrätterna_i_Stockholm__1682_,A0060196,00006,dataset-rgb/Trolldom_och_annan_vidskepelse_-_Rannsakningar_vid_underrätterna_i_Stockholm__1682_/Trolldom_och_annan_vidskepelse_-_Rannsakningar_vid_underrätterna_i_Stockholm__1682__A0060196_00006.png,page_image_f06a096989784b931d53c6306e031744f876939cba7818d3edddd9d8ac66351b,20793853,readable,PNG,6048,4912,1.2313,29707776,RGB,3,8,0.6999,False,False,,unique,,included,,Structurally difficult,"aspect ratio 1.2313 >= 1.15: double-page spread (two facing text blocks, central gutter, two independent reading orders)",,True,False,False,False,,False
dataset_f7dfd857275e7c253a5aba4730f93428121e5156bd4281c4101fd79514b0d8d9,dataset_version_a51bddcb369babc7d5f603d6c6a465de9505061bc876c2d3fdecdc2bcf5eee6e,page_d506466fc5aab8caf7cc1caf7f28ad697a2e90437eb59ca5e23a73fabf64c036,document_f343cafee06cc9c5396ed08a331354f2a67034ba69e7510f853518ffe1166211,Trolldom_och_annan_vidskepelse_-_Rannsakningar_vid_underrätterna_i_Stockholm__1682_,A0060196,00007,dataset-rgb/Trolldom_och_annan_vidskepelse_-_Rannsakningar_vid_underrätterna_i_Stockholm__1682_/Trolldom_och_annan_vidskepelse_-_Rannsakningar_vid_underrätterna_i_Stockholm__1682__A0060196_00007.png,page_image_6c574a83ec932e1244778ec28295b737209935974d0285bccc383c19a69d13c0,17073669,readable,PNG,6048,4896,1.2353,29611008,RGB,3,8,0.5766,False,False,,unique,,included,,Structurally difficult,"aspect ratio 1.2353 >= 1.15: double-page spread (two facing text blocks, central gutter, two independent reading orders)",,True,False,False,False,,False
dataset_f7dfd857275e7c253a5aba4730f93428121e5156bd4281c4101fd79514b0d8d9,dataset_version_a51bddcb369babc7d5f603d6c6a465de9505061bc876c2d3fdecdc2bcf5eee6e,page_e629b878f0785142a8b2075e302b366a7ced9ccd29069780ac140f1f9e2f3df1,document_f343cafee06cc9c5396ed08a331354f2a67034ba69e7510f853518ffe1166211,Trolldom_och_annan_vidskepelse_-_Rannsakningar_vid_underrätterna_i_Stockholm__1682_,A0060196,00008,dataset-rgb/Trolldom_och_annan_vidskepelse_-_Rannsakningar_vid_underrätterna_i_Stockholm__1682_/Trolldom_och_annan_vidskepelse_-_Rannsakningar_vid_underrätterna_i_Stockholm__1682__A0060196_00008.png,page_image_61b0634a332d6219665a3104d9c57cbc7d10ca3ee73ad0b0d3caec729d5ed755,18888082,readable,PNG,5992,4872,1.2299,29193024,RGB,3,8,0.647,False,False,,unique,,included,,Structurally difficult,"aspect ratio 1.2299 >= 1.15: double-page spread (two facing text blocks, central gutter, two independent reading orders)",,True,False,False,False,,False
dataset_f7dfd857275e7c253a5aba4730f93428121e5156bd4281c4101fd79514b0d8d9,dataset_version_a51bddcb369babc7d5f603d6c6a465de9505061bc876c2d3fdecdc2bcf5eee6e,page_671f43b7a952d69fa07d4f8c27dc8135f73e3b2ce673c6da3e1c1b38d97fdc30,document_f343cafee06cc9c5396ed08a331354f2a67034ba69e7510f853518ffe1166211,Trolldom_och_annan_vidskepelse_-_Rannsakningar_vid_underrätterna_i_Stockholm__1682_,A0060196,00009,dataset-rgb/Trolldom_och_annan_vidskepelse_-_Rannsakningar_vid_underrätterna_i_Stockholm__1682_/Trolldom_och_annan_vidskepelse_-_Rannsakningar_vid_underrätterna_i_Stockholm__1682__A0060196_00009.png,page_image_8aa45f9b6c3f8ffd2df7c05a5540f341a2f04b59dea7272b668528c20a35add2,19165428,readable,PNG,6008,4840,1.2413,29078720,RGB,3,8,0.6591,False,False,,unique,,included,,Structurally difficult,"aspect ratio 1.2413 >= 1.15: double-page spread (two facing text blocks, central gutter, two independent reading orders)",,True,False,False,False,,False
dataset_f7dfd857275e7c253a5aba4730f93428121e5156bd4281c4101fd79514b0d8d9,dataset_version_a51bddcb369babc7d5f603d6c6a465de9505061bc876c2d3fdecdc2bcf5eee6e,page_23267ab2fe7e4d92093512f1d3c1d71a2cca069022f3c203056ca5f5a96e954c,document_f343cafee06cc9c5396ed08a331354f2a67034ba69e7510f853518ffe1166211,Trolldom_och_annan_vidskepelse_-_Rannsakningar_vid_underrätterna_i_Stockholm__1682_,A0060196,00010,dataset-rgb/Trolldom_och_annan_vidskepelse_-_Rannsakningar_vid_underrätterna_i_Stockholm__1682_/Trolldom_och_annan_vidskepelse_-_Rannsakningar_vid_underrätterna_i_Stockholm__1682__A0060196_00010.png,page_image_e2681fd9c549cd82a09bf3810a15fe14e4083e0edb4ec24ad8b488c0017f6f4a,18644798,readable,PNG,6024,4872,1.2365,29348928,RGB,3,8,0.6353,False,False,,unique,,included,,Structurally difficult,"aspect ratio 1.2365 >= 1.15: double-page spread (two facing text blocks, central gutter, two independent reading orders)",,True,False,False,False,,False
dataset_f7dfd857275e7c253a5aba4730f93428121e5156bd4281c4101fd79514b0d8d9,dataset_version_a51bddcb369babc7d5f603d6c6a465de9505061bc876c2d3fdecdc2bcf5eee6e,page_c5e32ada5b721d99129788ff864edc2e8abbb07576d43a2ec5cd7615a10f36d3,document_f343cafee06cc9c5396ed08a331354f2a67034ba69e7510f853518ffe1166211,Trolldom_och_annan_vidskepelse_-_Rannsakningar_vid_underrätterna_i_Stockholm__1682_,A0060196,00011,dataset-rgb/Trolldom_och_annan_vidskepelse_-_Rannsakningar_vid_underrätterna_i_Stockholm__1682_/Trolldom_och_annan_vidskepelse_-_Rannsakningar_vid_underrätterna_i_Stockholm__1682__A0060196_00011.png,page_image_39c3e64d59b6118cf332c78ce5b4940db49439f5ff426833816d1db818157a90,19430822,readable,PNG,6112,4896,1.2484,29924352,RGB,3,8,0.6493,False,False,,unique,,included,,Structurally difficult,"aspect ratio 1.2484 >= 1.15: double-page spread (two facing text blocks, central gutter, two independent reading orders)",,True,False,False,False,,False
dataset_f7dfd857275e7c253a5aba4730f93428121e5156bd4281c4101fd79514b0d8d9,dataset_version_a51bddcb369babc7d5f603d6c6a465de9505061bc876c2d3fdecdc2bcf5eee6e,page_97fef1725cfc489c1cb1662e9f3ac12e3d4a281de048bc1a1d7a7115ac0d9b8f,document_f343cafee06cc9c5396ed08a331354f2a67034ba69e7510f853518ffe1166211,Trolldom_och_annan_vidskepelse_-_Rannsakningar_vid_underrätterna_i_Stockholm__1682_,A0060196,00012,dataset-rgb/Trolldom_och_annan_vidskepelse_-_Rannsakningar_vid_underrätterna_i_Stockholm__1682_/Trolldom_och_annan_vidskepelse_-_Rannsakningar_vid_underrätterna_i_Stockholm__1682__A0060196_00012.png,page_image_9acee57cdcd7d3f8d0f1b91076b1b5fd5bb3e032c4e3f7d4904c07d13254e7ff,20330774,readable,PNG,6096,4912,1.241,29943552,RGB,3,8,0.679,False,False,,unique,,included,,Structurally difficult,"aspect ratio 1.241 >= 1.15: double-page spread (two facing text blocks, central gutter, two independent reading orders)",,True,False,False,False,,False
dataset_f7dfd857275e7c253a5aba4730f93428121e5156bd4281c4101fd79514b0d8d9,dataset_version_a51bddcb369babc7d5f603d6c6a465de9505061bc876c2d3fdecdc2bcf5eee6e,page_b2249193b0729e36452b3eaa3196fd69944b603c1de8a6f22eec675a02a7ea60,document_f343cafee06cc9c5396ed08a331354f2a67034ba69e7510f853518ffe1166211,Trolldom_och_annan_vidskepelse_-_Rannsakningar_vid_underrätterna_i_Stockholm__1682_,A0060196,00013,dataset-rgb/Trolldom_och_annan_vidskepelse_-_Rannsakningar_vid_underrätterna_i_Stockholm__1682_/Trolldom_och_annan_vidskepelse_-_Rannsakningar_vid_underrätterna_i_Stockholm__1682__A0060196_00013.png,page_image_9afc589d5a34c8c32942085fa2ec56ad1e556d828c693376ab4c44243930ddf3,21312527,readable,PNG,6024,4832,1.2467,29107968,RGB,3,8,0.7322,False,False,,unique,,included,,Structurally difficult,"aspect ratio 1.2467 >= 1.15: double-page spread (two facing text blocks, central gutter, two independent reading orders)",,True,False,False,False,,False
dataset_f7dfd857275e7c253a5aba4730f93428121e5156bd4281c4101fd79514b0d8d9,dataset_version_a51bddcb369babc7d5f603d6c6a465de9505061bc876c2d3fdecdc2bcf5eee6e,page_46a65520109293acc4d1fa67edcc4575377774ed54d9236e9d1b58d6e0dfc797,document_f343cafee06cc9c5396ed08a331354f2a67034ba69e7510f853518ffe1166211,Trolldom_och_annan_vidskepelse_-_Rannsakningar_vid_underrätterna_i_Stockholm__1682_,A0060196,00014,dataset-rgb/Trolldom_och_annan_vidskepelse_-_Rannsakningar_vid_underrätterna_i_Stockholm__1682_/Trolldom_och_annan_vidskepelse_-_Rannsakningar_vid_underrätterna_i_Stockholm__1682__A0060196_00014.png,page_image_5ae1a9e4c8916f3cb16ed116319b424b099817f797cda0069c5b5d4166ae9181,18788452,readable,PNG,6112,4800,1.2733,29337600,RGB,3,8,0.6404,False,False,,unique,,included,,Structurally difficult,"aspect ratio 1.2733 >= 1.15: double-page spread (two facing text blocks, central gutter, two independent reading orders)",,True,False,False,False,,False
dataset_f7dfd857275e7c253a5aba4730f93428121e5156bd4281c4101fd79514b0d8d9,dataset_version_a51bddcb369babc7d5f603d6c6a465de9505061bc876c2d3fdecdc2bcf5eee6e,page_0f982d896e4ec8187f1be25d47a638e47ae60ee43d441fb922a71c9bc47fe784,document_f343cafee06cc9c5396ed08a331354f2a67034ba69e7510f853518ffe1166211,Trolldom_och_annan_vidskepelse_-_Rannsakningar_vid_underrätterna_i_Stockholm__1682_,A0060196,00015,dataset-rgb/Trolldom_och_annan_vidskepelse_-_Rannsakningar_vid_underrätterna_i_Stockholm__1682_/Trolldom_och_annan_vidskepelse_-_Rannsakningar_vid_underrätterna_i_Stockholm__1682__A0060196_00015.png,page_image_947158a34100fbd87a1c47a332144d24c96246eaf141b7b1778acd9bd0c23ca6,21459939,readable,PNG,5968,4832,1.2351,28837376,RGB,3,8,0.7442,False,False,,unique,,included,,Structurally difficult,"aspect ratio 1.2351 >= 1.15: double-page spread (two facing text blocks, central gutter, two independent reading orders)",,True,False,False,False,,False
dataset_f7dfd857275e7c253a5aba4730f93428121e5156bd4281c4101fd79514b0d8d9,dataset_version_a51bddcb369babc7d5f603d6c6a465de9505061bc876c2d3fdecdc2bcf5eee6e,page_361a3a7c3e5beb9fb27e29c8d28e921eb80a392c31779e61b98d0b1e637acf3b,document_f343cafee06cc9c5396ed08a331354f2a67034ba69e7510f853518ffe1166211,Trolldom_och_annan_vidskepelse_-_Rannsakningar_vid_underrätterna_i_Stockholm__1682_,A0060196,00016,dataset-rgb/Trolldom_och_annan_vidskepelse_-_Rannsakningar_vid_underrätterna_i_Stockholm__1682_/Trolldom_och_annan_vidskepelse_-_Rannsakningar_vid_underrätterna_i_Stockholm__1682__A0060196_00016.png,page_image_5758a53269edae6b657b75a9253dc6a487726e2da13d68c9c19108e20c3bde12,21394918,readable,PNG,5976,4808,1.2429,28732608,RGB,3,8,0.7446,False,False,,unique,,included,,Structurally difficult,"aspect ratio 1.2429 >= 1.15: double-page spread (two facing text blocks, central gutter, two independent reading orders)",,True,False,False,False,,False
dataset_f7dfd857275e7c253a5aba4730f93428121e5156bd4281c4101fd79514b0d8d9,dataset_version_a51bddcb369babc7d5f603d6c6a465de9505061bc876c2d3fdecdc2bcf5eee6e,page_ad2b6e92f8eedfabe18e206c296caa1b90028299723cba7ca851601664ed7a52,document_f343cafee06cc9c5396ed08a331354f2a67034ba69e7510f853518ffe1166211,Trolldom_och_annan_vidskepelse_-_Rannsakningar_vid_underrätterna_i_Stockholm__1682_,A0060196,00017,dataset-rgb/Trolldom_och_annan_vidskepelse_-_Rannsakningar_vid_underrätterna_i_Stockholm__1682_/Trolldom_och_annan_vidskepelse_-_Rannsakningar_vid_underrätterna_i_Stockholm__1682__A0060196_00017.png,page_image_083ba51365374c128ba2b7c313800a35b4d4203d6b62e24ea832567b99309a16,20779548,readable,PNG,6008,4792,1.2538,28790336,RGB,3,8,0.7218,False,False,,unique,,included,,Structurally difficult,"aspect ratio 1.2538 >= 1.15: double-page spread (two facing text blocks, central gutter, two independent reading orders)",,True,False,False,False,,False
dataset_f7dfd857275e7c253a5aba4730f93428121e5156bd4281c4101fd79514b0d8d9,dataset_version_a51bddcb369babc7d5f603d6c6a465de9505061bc876c2d3fdecdc2bcf5eee6e,page_2a1c6150e5f5a683ac8f4a21d55e27f7c02687067027cb541ceda6a9fc018151,document_f343cafee06cc9c5396ed08a331354f2a67034ba69e7510f853518ffe1166211,Trolldom_och_annan_vidskepelse_-_Rannsakningar_vid_underrätterna_i_Stockholm__1682_,A0060196,00018,dataset-rgb/Trolldom_och_annan_vidskepelse_-_Rannsakningar_vid_underrätterna_i_Stockholm__1682_/Trolldom_och_annan_vidskepelse_-_Rannsakningar_vid_underrätterna_i_Stockholm__1682__A0060196_00018.png,page_image_6e7a635f3c36180bf850c21f194494607991583ecb0e94e7befedd252baeaba6,20083804,readable,PNG,6056,4848,1.2492,29359488,RGB,3,8,0.6841,False,False,,unique,,included,,Structurally difficult,"aspect ratio 1.2492 >= 1.15: double-page spread (two facing text blocks, central gutter, two independent reading orders)",,True,False,False,False,,False
dataset_f7dfd857275e7c253a5aba4730f93428121e5156bd4281c4101fd79514b0d8d9,dataset_version_a51bddcb369babc7d5f603d6c6a465de9505061bc876c2d3fdecdc2bcf5eee6e,page_3e9c7afda18b603ad37d09c967c3514eab38c4eff2373b953c42c197d6e3c464,document_f343cafee06cc9c5396ed08a331354f2a67034ba69e7510f853518ffe1166211,Trolldom_och_annan_vidskepelse_-_Rannsakningar_vid_underrätterna_i_Stockholm__1682_,A0060196,00019,dataset-rgb/Trolldom_och_annan_vidskepelse_-_Rannsakningar_vid_underrätterna_i_Stockholm__1682_/Trolldom_och_annan_vidskepelse_-_Rannsakningar_vid_underrätterna_i_Stockholm__1682__A0060196_00019.png,page_image_a4ce2c13725e285870c3c6ce8ff54d3a00bc9795896adfba6a18b8d0d6f1a03e,17769024,readable,PNG,6024,4808,1.2529,28963392,RGB,3,8,0.6135,False,False,,unique,,included,,Structurally difficult,"aspect ratio 1.2529 >= 1.15: double-page spread (two facing text blocks, central gutter, two independent reading orders)",,True,False,False,False,,True
dataset_f7dfd857275e7c253a5aba4730f93428121e5156bd4281c4101fd79514b0d8d9,dataset_version_a51bddcb369babc7d5f603d6c6a465de9505061bc876c2d3fdecdc2bcf5eee6e,page_3b764fcca045717878813da6d1bf3fe8e2b46fb2ae64646cb796ce799b0a8f48,document_f343cafee06cc9c5396ed08a331354f2a67034ba69e7510f853518ffe1166211,Trolldom_och_annan_vidskepelse_-_Rannsakningar_vid_underrätterna_i_Stockholm__1682_,A0060196,00022,dataset-rgb/Trolldom_och_annan_vidskepelse_-_Rannsakningar_vid_underrätterna_i_Stockholm__1682_/Trolldom_och_annan_vidskepelse_-_Rannsakningar_vid_underrätterna_i_Stockholm__1682__A0060196_00022.png,page_image_940cda3f7e29318c9caf7ad184ca3c1960de5ddbd5b08d8dae3c8bb21ad03565,19389365,readable,PNG,6104,4864,1.2549,29689856,RGB,3,8,0.6531,False,False,,unique,,included,,Structurally difficult,"aspect ratio 1.2549 >= 1.15: double-page spread (two facing text blocks, central gutter, two independent reading orders)",,True,False,False,False,,False
dataset_f7dfd857275e7c253a5aba4730f93428121e5156bd4281c4101fd79514b0d8d9,dataset_version_a51bddcb369babc7d5f603d6c6a465de9505061bc876c2d3fdecdc2bcf5eee6e,page_1f0a145ca0d3b7c11375207cfb0ca7cf08b2b6830b0af1493ce683006afa7876,document_f343cafee06cc9c5396ed08a331354f2a67034ba69e7510f853518ffe1166211,Trolldom_och_annan_vidskepelse_-_Rannsakningar_vid_underrätterna_i_Stockholm__1682_,A0060196,00023,dataset-rgb/Trolldom_och_annan_vidskepelse_-_Rannsakningar_vid_underrätterna_i_Stockholm__1682_/Trolldom_och_annan_vidskepelse_-_Rannsakningar_vid_underrätterna_i_Stockholm__1682__A0060196_00023.png,page_image_8d79f9d80b31bb89da8c7940a71c30543d239fd6ddc1f3387a9bae4487f6515b,18178119,readable,PNG,6080,4808,1.2646,29232640,RGB,3,8,0.6218,False,False,,unique,,included,,Structurally difficult,"aspect ratio 1.2646 >= 1.15: double-page spread (two facing text blocks, central gutter, two independent reading orders)",,True,False,False,False,,False
dataset_f7dfd857275e7c253a5aba4730f93428121e5156bd4281c4101fd79514b0d8d9,dataset_version_a51bddcb369babc7d5f603d6c6a465de9505061bc876c2d3fdecdc2bcf5eee6e,page_f85fcac2fa58c0be7788552537ab9bbbb6d89c32bd59fc4b39a4b78d4132ef95,document_f40d4746ae343d06b10c548ceca5118a7b21bfd4413d9f80a889ad8e8d84f8b4,Trolldom_och_annan_vidskepelse_-_Rättegångshandlingar_samt_skrivelser_till_Göta_Hovrätt__1731-1754_,A0060200,00029,dataset-rgb/Trolldom_och_annan_vidskepelse_-_Rättegångshandlingar_samt_skrivelser_till_Göta_Hovrätt__1731-1754_/Trolldom_och_annan_vidskepelse_-_Rättegångshandlingar_samt_skrivelser_till_Göta_Hovrätt__1731-1754__A0060200_00029.png,page_image_bb0c0d44899d20ef354a676a4ac62d4a789ee7f145aad01e8ae64961488090b7,14201446,readable,PNG,6400,4840,1.3223,30976000,RGB,3,8,0.4585,False,False,,unique,,included,,Structurally difficult,"aspect ratio 1.3223 >= 1.15: double-page spread (two facing text blocks, central gutter, two independent reading orders)",,True,False,False,False,,False
dataset_f7dfd857275e7c253a5aba4730f93428121e5156bd4281c4101fd79514b0d8d9,dataset_version_a51bddcb369babc7d5f603d6c6a465de9505061bc876c2d3fdecdc2bcf5eee6e,page_3239491f89cd4cd5928327368a51e2e32255dfaff7bb8566c40cc30a14ff7284,document_f40d4746ae343d06b10c548ceca5118a7b21bfd4413d9f80a889ad8e8d84f8b4,Trolldom_och_annan_vidskepelse_-_Rättegångshandlingar_samt_skrivelser_till_Göta_Hovrätt__1731-1754_,A0060200,00030,dataset-rgb/Trolldom_och_annan_vidskepelse_-_Rättegångshandlingar_samt_skrivelser_till_Göta_Hovrätt__1731-1754_/Trolldom_och_annan_vidskepelse_-_Rättegångshandlingar_samt_skrivelser_till_Göta_Hovrätt__1731-1754__A0060200_00030.png,page_image_8e7b6e57b26066cf1b61bdcadebf9b548cee66ce4ae8deec36a711e8f62571e3,13917032,readable,PNG,6352,4848,1.3102,30794496,RGB,3,8,0.4519,False,False,,unique,,included,,Structurally difficult,"aspect ratio 1.3102 >= 1.15: double-page spread (two facing text blocks, central gutter, two independent reading orders)",,True,False,False,False,,False
dataset_f7dfd857275e7c253a5aba4730f93428121e5156bd4281c4101fd79514b0d8d9,dataset_version_a51bddcb369babc7d5f603d6c6a465de9505061bc876c2d3fdecdc2bcf5eee6e,page_c3693604228e8c77f4de0dc91a8397f4365175b9623c16b74fa46022b486ecca,document_f40d4746ae343d06b10c548ceca5118a7b21bfd4413d9f80a889ad8e8d84f8b4,Trolldom_och_annan_vidskepelse_-_Rättegångshandlingar_samt_skrivelser_till_Göta_Hovrätt__1731-1754_,A0060200,00032,dataset-rgb/Trolldom_och_annan_vidskepelse_-_Rättegångshandlingar_samt_skrivelser_till_Göta_Hovrätt__1731-1754_/Trolldom_och_annan_vidskepelse_-_Rättegångshandlingar_samt_skrivelser_till_Göta_Hovrätt__1731-1754__A0060200_00032.png,page_image_734a3b426339b5f57393867979f258ce02179ee6abab43b70d8e0dc5f116cebb,6882866,readable,PNG,3416,4656,0.7337,15904896,RGB,3,8,0.4328,False,False,,unique,,included,,Ordinary,"single-page portrait raster with no detected technical anomaly; note that structural difficulty beyond page-spread geometry (dense marginalia, tables, multi-column layout, insertions, damage) is NOT automatically detectable without a layout model and is explicitly out of scope for this pass -- this page may be reclassified 'Structurally difficult' by supervised human correction",,False,False,False,False,,False
dataset_f7dfd857275e7c253a5aba4730f93428121e5156bd4281c4101fd79514b0d8d9,dataset_version_a51bddcb369babc7d5f603d6c6a465de9505061bc876c2d3fdecdc2bcf5eee6e,page_f629f72ccf825e8f93ae6619375eb9bf6944e60bd331afb73464fe2010ee25bb,document_f40d4746ae343d06b10c548ceca5118a7b21bfd4413d9f80a889ad8e8d84f8b4,Trolldom_och_annan_vidskepelse_-_Rättegångshandlingar_samt_skrivelser_till_Göta_Hovrätt__1731-1754_,A0060200,00033,dataset-rgb/Trolldom_och_annan_vidskepelse_-_Rättegångshandlingar_samt_skrivelser_till_Göta_Hovrätt__1731-1754_/Trolldom_och_annan_vidskepelse_-_Rättegångshandlingar_samt_skrivelser_till_Göta_Hovrätt__1731-1754__A0060200_00033.png,page_image_ea38937ead50c96cbd04c5e72057a6a2f5045fa815bfed25deb388fb3addb3be,9855567,readable,PNG,5952,4648,1.2806,27664896,RGB,3,8,0.3562,False,False,,unique,,included,,Structurally difficult,"aspect ratio 1.2806 >= 1.15: double-page spread (two facing text blocks, central gutter, two independent reading orders)",,True,False,False,False,,False
dataset_f7dfd857275e7c253a5aba4730f93428121e5156bd4281c4101fd79514b0d8d9,dataset_version_a51bddcb369babc7d5f603d6c6a465de9505061bc876c2d3fdecdc2bcf5eee6e,page_8afaeacaaf3a8ae38c89ba198945be37d90d4f746159e6938099476908f9d01d,document_f40d4746ae343d06b10c548ceca5118a7b21bfd4413d9f80a889ad8e8d84f8b4,Trolldom_och_annan_vidskepelse_-_Rättegångshandlingar_samt_skrivelser_till_Göta_Hovrätt__1731-1754_,A0060200,00034,dataset-rgb/Trolldom_och_annan_vidskepelse_-_Rättegångshandlingar_samt_skrivelser_till_Göta_Hovrätt__1731-1754_/Trolldom_och_annan_vidskepelse_-_Rättegångshandlingar_samt_skrivelser_till_Göta_Hovrätt__1731-1754__A0060200_00034.png,page_image_15fc9942375ef2bff93c00a226b9a20a46eba190b38aa56017ea1224808196f4,9916213,readable,PNG,5928,4664,1.271,27648192,RGB,3,8,0.3587,False,False,,unique,,included,,Structurally difficult,"aspect ratio 1.271 >= 1.15: double-page spread (two facing text blocks, central gutter, two independent reading orders)",,True,False,False,False,,False
dataset_f7dfd857275e7c253a5aba4730f93428121e5156bd4281c4101fd79514b0d8d9,dataset_version_a51bddcb369babc7d5f603d6c6a465de9505061bc876c2d3fdecdc2bcf5eee6e,page_4fed4a66fccbccd203973afee1453b946b1be5d2cec1c259f66da8e3a6a0ed98,document_f40d4746ae343d06b10c548ceca5118a7b21bfd4413d9f80a889ad8e8d84f8b4,Trolldom_och_annan_vidskepelse_-_Rättegångshandlingar_samt_skrivelser_till_Göta_Hovrätt__1731-1754_,A0060200,00035,dataset-rgb/Trolldom_och_annan_vidskepelse_-_Rättegångshandlingar_samt_skrivelser_till_Göta_Hovrätt__1731-1754_/Trolldom_och_annan_vidskepelse_-_Rättegångshandlingar_samt_skrivelser_till_Göta_Hovrätt__1731-1754__A0060200_00035.png,page_image_7748cba2936cd9e54845655e08afb3a0fbe7a26bd0e8affea62a2513542e338b,10024014,readable,PNG,5936,4672,1.2705,27732992,RGB,3,8,0.3614,False,False,,unique,,included,,Structurally difficult,"aspect ratio 1.2705 >= 1.15: double-page spread (two facing text blocks, central gutter, two independent reading orders)",,True,False,False,False,,False
dataset_f7dfd857275e7c253a5aba4730f93428121e5156bd4281c4101fd79514b0d8d9,dataset_version_a51bddcb369babc7d5f603d6c6a465de9505061bc876c2d3fdecdc2bcf5eee6e,page_910f0b6fa37e338c44ddf44829ba2f35de09f20e4ed2650deaa5ee196c945cfb,document_f40d4746ae343d06b10c548ceca5118a7b21bfd4413d9f80a889ad8e8d84f8b4,Trolldom_och_annan_vidskepelse_-_Rättegångshandlingar_samt_skrivelser_till_Göta_Hovrätt__1731-1754_,A0060200,00036,dataset-rgb/Trolldom_och_annan_vidskepelse_-_Rättegångshandlingar_samt_skrivelser_till_Göta_Hovrätt__1731-1754_/Trolldom_och_annan_vidskepelse_-_Rättegångshandlingar_samt_skrivelser_till_Göta_Hovrätt__1731-1754__A0060200_00036.png,page_image_ed9d5b6a65f509492ed7c9bb3700e84bd4f633c72f1c3dd405fbd9e4f13e1439,9828626,readable,PNG,5952,4592,1.2962,27331584,RGB,3,8,0.3596,False,False,,unique,,included,,Structurally difficult,"aspect ratio 1.2962 >= 1.15: double-page spread (two facing text blocks, central gutter, two independent reading orders)",,True,False,False,False,,False
dataset_f7dfd857275e7c253a5aba4730f93428121e5156bd4281c4101fd79514b0d8d9,dataset_version_a51bddcb369babc7d5f603d6c6a465de9505061bc876c2d3fdecdc2bcf5eee6e,page_35dd08c340c08c444deef5a96c43762fb5ba23f38b3b525d5c6a1f4c64f94b4f,document_f40d4746ae343d06b10c548ceca5118a7b21bfd4413d9f80a889ad8e8d84f8b4,Trolldom_och_annan_vidskepelse_-_Rättegångshandlingar_samt_skrivelser_till_Göta_Hovrätt__1731-1754_,A0060200,00037,dataset-rgb/Trolldom_och_annan_vidskepelse_-_Rättegångshandlingar_samt_skrivelser_till_Göta_Hovrätt__1731-1754_/Trolldom_och_annan_vidskepelse_-_Rättegångshandlingar_samt_skrivelser_till_Göta_Hovrätt__1731-1754__A0060200_00037.png,page_image_585efca45cbb603cd7724071e63ddd82de4921b45283b9619ed4c51042f3c8c0,9692268,readable,PNG,5960,4624,1.2889,27559040,RGB,3,8,0.3517,False,False,,unique,,included,,Structurally difficult,"aspect ratio 1.2889 >= 1.15: double-page spread (two facing text blocks, central gutter, two independent reading orders)",,True,False,False,False,,False
dataset_f7dfd857275e7c253a5aba4730f93428121e5156bd4281c4101fd79514b0d8d9,dataset_version_a51bddcb369babc7d5f603d6c6a465de9505061bc876c2d3fdecdc2bcf5eee6e,page_ed1bc5ba60f4eda9e5ed710aa7c55ca9c3a2706f2ba39f539773bf68569a6708,document_f40d4746ae343d06b10c548ceca5118a7b21bfd4413d9f80a889ad8e8d84f8b4,Trolldom_och_annan_vidskepelse_-_Rättegångshandlingar_samt_skrivelser_till_Göta_Hovrätt__1731-1754_,A0060200,00038,dataset-rgb/Trolldom_och_annan_vidskepelse_-_Rättegångshandlingar_samt_skrivelser_till_Göta_Hovrätt__1731-1754_/Trolldom_och_annan_vidskepelse_-_Rättegångshandlingar_samt_skrivelser_till_Göta_Hovrätt__1731-1754__A0060200_00038.png,page_image_f14d2df29a003bae064b04ac15d1e2c74856fff324c6f1ffb3cf7dbc358460dc,9307084,readable,PNG,5920,4600,1.287,27232000,RGB,3,8,0.3418,False,False,,unique,,included,,Structurally difficult,"aspect ratio 1.287 >= 1.15: double-page spread (two facing text blocks, central gutter, two independent reading orders)",,True,False,False,False,,False
dataset_f7dfd857275e7c253a5aba4730f93428121e5156bd4281c4101fd79514b0d8d9,dataset_version_a51bddcb369babc7d5f603d6c6a465de9505061bc876c2d3fdecdc2bcf5eee6e,page_a58d1f431c9a2290db0c4382b0d2e5089f1f53f0d868333d9d2bff23394f7987,document_f40d4746ae343d06b10c548ceca5118a7b21bfd4413d9f80a889ad8e8d84f8b4,Trolldom_och_annan_vidskepelse_-_Rättegångshandlingar_samt_skrivelser_till_Göta_Hovrätt__1731-1754_,A0060200,00039,dataset-rgb/Trolldom_och_annan_vidskepelse_-_Rättegångshandlingar_samt_skrivelser_till_Göta_Hovrätt__1731-1754_/Trolldom_och_annan_vidskepelse_-_Rättegångshandlingar_samt_skrivelser_till_Göta_Hovrätt__1731-1754__A0060200_00039.png,page_image_4a6ce60b89fc4e39e0406566bf381d775965754737ec7cfa8350a13cb0c94575,8918681,readable,PNG,5944,4584,1.2967,27247296,RGB,3,8,0.3273,False,False,,unique,,included,,Structurally difficult,"aspect ratio 1.2967 >= 1.15: double-page spread (two facing text blocks, central gutter, two independent reading orders)",,True,False,False,False,,False
dataset_f7dfd857275e7c253a5aba4730f93428121e5156bd4281c4101fd79514b0d8d9,dataset_version_a51bddcb369babc7d5f603d6c6a465de9505061bc876c2d3fdecdc2bcf5eee6e,page_edd2aafa8f0ebc3671de5b94343bb8526643db5981251541eb2aa3dd69224f7e,document_f40d4746ae343d06b10c548ceca5118a7b21bfd4413d9f80a889ad8e8d84f8b4,Trolldom_och_annan_vidskepelse_-_Rättegångshandlingar_samt_skrivelser_till_Göta_Hovrätt__1731-1754_,A0060200,00040,dataset-rgb/Trolldom_och_annan_vidskepelse_-_Rättegångshandlingar_samt_skrivelser_till_Göta_Hovrätt__1731-1754_/Trolldom_och_annan_vidskepelse_-_Rättegångshandlingar_samt_skrivelser_till_Göta_Hovrätt__1731-1754__A0060200_00040.png,page_image_f716950bca7cb61099ad0f320ad09c27d1b910c8ebe7875c72b761349b4b9b7c,8976311,readable,PNG,5888,4616,1.2756,27179008,RGB,3,8,0.3303,False,False,,unique,,included,,Structurally difficult,"aspect ratio 1.2756 >= 1.15: double-page spread (two facing text blocks, central gutter, two independent reading orders)",,True,False,False,False,,False
dataset_f7dfd857275e7c253a5aba4730f93428121e5156bd4281c4101fd79514b0d8d9,dataset_version_a51bddcb369babc7d5f603d6c6a465de9505061bc876c2d3fdecdc2bcf5eee6e,page_da7e92ac747bfc7c37a12d5d983d91c9f48f2a9c0aec4b0fcc239c7e876dab7d,document_f40d4746ae343d06b10c548ceca5118a7b21bfd4413d9f80a889ad8e8d84f8b4,Trolldom_och_annan_vidskepelse_-_Rättegångshandlingar_samt_skrivelser_till_Göta_Hovrätt__1731-1754_,A0060200,00041,dataset-rgb/Trolldom_och_annan_vidskepelse_-_Rättegångshandlingar_samt_skrivelser_till_Göta_Hovrätt__1731-1754_/Trolldom_och_annan_vidskepelse_-_Rättegångshandlingar_samt_skrivelser_till_Göta_Hovrätt__1731-1754__A0060200_00041.png,page_image_8e6aade4a85e5e4565bf373ff1327fd2313fcb4b41947a34e27157b43128ebed,9084827,readable,PNG,5952,4584,1.2984,27283968,RGB,3,8,0.333,False,False,,unique,,included,,Structurally difficult,"aspect ratio 1.2984 >= 1.15: double-page spread (two facing text blocks, central gutter, two independent reading orders)",,True,False,False,False,,False
dataset_f7dfd857275e7c253a5aba4730f93428121e5156bd4281c4101fd79514b0d8d9,dataset_version_a51bddcb369babc7d5f603d6c6a465de9505061bc876c2d3fdecdc2bcf5eee6e,page_2c2d1a94678f35e70b360e30f027ec2cc4cdf1a57a74e5153818877bde9c1c65,document_f40d4746ae343d06b10c548ceca5118a7b21bfd4413d9f80a889ad8e8d84f8b4,Trolldom_och_annan_vidskepelse_-_Rättegångshandlingar_samt_skrivelser_till_Göta_Hovrätt__1731-1754_,A0060200,00042,dataset-rgb/Trolldom_och_annan_vidskepelse_-_Rättegångshandlingar_samt_skrivelser_till_Göta_Hovrätt__1731-1754_/Trolldom_och_annan_vidskepelse_-_Rättegångshandlingar_samt_skrivelser_till_Göta_Hovrätt__1731-1754__A0060200_00042.png,page_image_3e54caff7ae7b517f250f59e9deb1a3b11934aa2e6474235ec518b654c478019,9802864,readable,PNG,5984,4600,1.3009,27526400,RGB,3,8,0.3561,False,False,,unique,,included,,Structurally difficult,"aspect ratio 1.3009 >= 1.15: double-page spread (two facing text blocks, central gutter, two independent reading orders)",,True,False,False,False,,False
dataset_f7dfd857275e7c253a5aba4730f93428121e5156bd4281c4101fd79514b0d8d9,dataset_version_a51bddcb369babc7d5f603d6c6a465de9505061bc876c2d3fdecdc2bcf5eee6e,page_40e2c8cbf164ef3d2f356b5dd809b8ea1e96aa0f7454cb6968c51fcdfc8a898e,document_f40d4746ae343d06b10c548ceca5118a7b21bfd4413d9f80a889ad8e8d84f8b4,Trolldom_och_annan_vidskepelse_-_Rättegångshandlingar_samt_skrivelser_till_Göta_Hovrätt__1731-1754_,A0060200,00043,dataset-rgb/Trolldom_och_annan_vidskepelse_-_Rättegångshandlingar_samt_skrivelser_till_Göta_Hovrätt__1731-1754_/Trolldom_och_annan_vidskepelse_-_Rättegångshandlingar_samt_skrivelser_till_Göta_Hovrätt__1731-1754__A0060200_00043.png,page_image_b71e4dd7e61ed8bf47bcdca9fe515b1cd0cc0dabbc8ea0aa054125c188175e6b,9783410,readable,PNG,6008,4672,1.286,28069376,RGB,3,8,0.3485,False,False,,unique,,included,,Structurally difficult,"aspect ratio 1.286 >= 1.15: double-page spread (two facing text blocks, central gutter, two independent reading orders)",,True,False,False,False,,False
dataset_f7dfd857275e7c253a5aba4730f93428121e5156bd4281c4101fd79514b0d8d9,dataset_version_a51bddcb369babc7d5f603d6c6a465de9505061bc876c2d3fdecdc2bcf5eee6e,page_8c5c335b89c84474598fad0314b5f4bf87c8116af3da86fe37f2276360806268,document_f40d4746ae343d06b10c548ceca5118a7b21bfd4413d9f80a889ad8e8d84f8b4,Trolldom_och_annan_vidskepelse_-_Rättegångshandlingar_samt_skrivelser_till_Göta_Hovrätt__1731-1754_,A0060200,00044,dataset-rgb/Trolldom_och_annan_vidskepelse_-_Rättegångshandlingar_samt_skrivelser_till_Göta_Hovrätt__1731-1754_/Trolldom_och_annan_vidskepelse_-_Rättegångshandlingar_samt_skrivelser_till_Göta_Hovrätt__1731-1754__A0060200_00044.png,page_image_8f65cc649b869383243b47d6aa74884aec821c370eb123b6dacf3e6d7042f649,9547091,readable,PNG,5952,4616,1.2894,27474432,RGB,3,8,0.3475,False,False,,unique,,included,,Structurally difficult,"aspect ratio 1.2894 >= 1.15: double-page spread (two facing text blocks, central gutter, two independent reading orders)",,True,False,False,False,,False
dataset_f7dfd857275e7c253a5aba4730f93428121e5156bd4281c4101fd79514b0d8d9,dataset_version_a51bddcb369babc7d5f603d6c6a465de9505061bc876c2d3fdecdc2bcf5eee6e,page_a38332cdcae5b28fc848088dc2b57507e13ae873c4ce4b04455fff0a89a3db5a,document_f40d4746ae343d06b10c548ceca5118a7b21bfd4413d9f80a889ad8e8d84f8b4,Trolldom_och_annan_vidskepelse_-_Rättegångshandlingar_samt_skrivelser_till_Göta_Hovrätt__1731-1754_,A0060200,00058,dataset-rgb/Trolldom_och_annan_vidskepelse_-_Rättegångshandlingar_samt_skrivelser_till_Göta_Hovrätt__1731-1754_/Trolldom_och_annan_vidskepelse_-_Rättegångshandlingar_samt_skrivelser_till_Göta_Hovrätt__1731-1754__A0060200_00058.png,page_image_e748dbbd51befdd425f0fd7fc39b4d303f5487031e7c2a102210ccfb6329bd4d,11702863,readable,PNG,5992,4552,1.3163,27275584,RGB,3,8,0.4291,False,False,,unique,,included,,Structurally difficult,"aspect ratio 1.3163 >= 1.15: double-page spread (two facing text blocks, central gutter, two independent reading orders)",,True,False,False,False,,False
dataset_f7dfd857275e7c253a5aba4730f93428121e5156bd4281c4101fd79514b0d8d9,dataset_version_a51bddcb369babc7d5f603d6c6a465de9505061bc876c2d3fdecdc2bcf5eee6e,page_7376fbfb974ada1991616db89fe195685f86fde0439597d555c7aece2ac3f189,document_f40d4746ae343d06b10c548ceca5118a7b21bfd4413d9f80a889ad8e8d84f8b4,Trolldom_och_annan_vidskepelse_-_Rättegångshandlingar_samt_skrivelser_till_Göta_Hovrätt__1731-1754_,A0060200,00059,dataset-rgb/Trolldom_och_annan_vidskepelse_-_Rättegångshandlingar_samt_skrivelser_till_Göta_Hovrätt__1731-1754_/Trolldom_och_annan_vidskepelse_-_Rättegångshandlingar_samt_skrivelser_till_Göta_Hovrätt__1731-1754__A0060200_00059.png,page_image_20775800f486549c4edcce5fc205d4ed091d1d28bd8bec63daa21a7a838bf756,10957820,readable,PNG,5968,4624,1.2907,27596032,RGB,3,8,0.3971,False,False,,unique,,included,,Structurally difficult,"aspect ratio 1.2907 >= 1.15: double-page spread (two facing text blocks, central gutter, two independent reading orders)",,True,False,False,False,,False
dataset_f7dfd857275e7c253a5aba4730f93428121e5156bd4281c4101fd79514b0d8d9,dataset_version_a51bddcb369babc7d5f603d6c6a465de9505061bc876c2d3fdecdc2bcf5eee6e,page_c98233d77486aa2cc6013ad6203dbc48bbb36de43b5372f4286e6d17dd02cc94,document_f40d4746ae343d06b10c548ceca5118a7b21bfd4413d9f80a889ad8e8d84f8b4,Trolldom_och_annan_vidskepelse_-_Rättegångshandlingar_samt_skrivelser_till_Göta_Hovrätt__1731-1754_,A0060200,00060,dataset-rgb/Trolldom_och_annan_vidskepelse_-_Rättegångshandlingar_samt_skrivelser_till_Göta_Hovrätt__1731-1754_/Trolldom_och_annan_vidskepelse_-_Rättegångshandlingar_samt_skrivelser_till_Göta_Hovrätt__1731-1754__A0060200_00060.png,page_image_7af699186b14e6fbc5b3f01a3f434d56ac4fef1ff25b36ea27588b2703d65f96,12864932,readable,PNG,5936,4592,1.2927,27258112,RGB,3,8,0.472,False,False,,unique,,included,,Structurally difficult,"aspect ratio 1.2927 >= 1.15: double-page spread (two facing text blocks, central gutter, two independent reading orders)",,True,False,False,False,,False
dataset_f7dfd857275e7c253a5aba4730f93428121e5156bd4281c4101fd79514b0d8d9,dataset_version_a51bddcb369babc7d5f603d6c6a465de9505061bc876c2d3fdecdc2bcf5eee6e,page_cf6e3cf41ce18e4b782fe1766eb5ef9d64eadd3ca61d3c582081763761ece755,document_f40d4746ae343d06b10c548ceca5118a7b21bfd4413d9f80a889ad8e8d84f8b4,Trolldom_och_annan_vidskepelse_-_Rättegångshandlingar_samt_skrivelser_till_Göta_Hovrätt__1731-1754_,A0060200,00061,dataset-rgb/Trolldom_och_annan_vidskepelse_-_Rättegångshandlingar_samt_skrivelser_till_Göta_Hovrätt__1731-1754_/Trolldom_och_annan_vidskepelse_-_Rättegångshandlingar_samt_skrivelser_till_Göta_Hovrätt__1731-1754__A0060200_00061.png,page_image_a08dc86c262a1f8604f205f6315e61c4d009ff98956400edaa2dabc207dc47aa,13356451,readable,PNG,5976,4672,1.2791,27919872,RGB,3,8,0.4784,False,False,,unique,,included,,Structurally difficult,"aspect ratio 1.2791 >= 1.15: double-page spread (two facing text blocks, central gutter, two independent reading orders)",,True,False,False,False,,False
dataset_f7dfd857275e7c253a5aba4730f93428121e5156bd4281c4101fd79514b0d8d9,dataset_version_a51bddcb369babc7d5f603d6c6a465de9505061bc876c2d3fdecdc2bcf5eee6e,page_0791aca2fc6b5290f3e00171966ea7fce2454112eae610d39afdcab03778e38b,document_f40d4746ae343d06b10c548ceca5118a7b21bfd4413d9f80a889ad8e8d84f8b4,Trolldom_och_annan_vidskepelse_-_Rättegångshandlingar_samt_skrivelser_till_Göta_Hovrätt__1731-1754_,A0060200,00063,dataset-rgb/Trolldom_och_annan_vidskepelse_-_Rättegångshandlingar_samt_skrivelser_till_Göta_Hovrätt__1731-1754_/Trolldom_och_annan_vidskepelse_-_Rättegångshandlingar_samt_skrivelser_till_Göta_Hovrätt__1731-1754__A0060200_00063.png,page_image_6390087ecc9985cee8d0aff2ec20c66d5f40c198ec8ac2cb396170a5f3a4347a,5485652,readable,PNG,3160,4688,0.6741,14814080,RGB,3,8,0.3703,False,False,,unique,,included,,Ordinary,"single-page portrait raster with no detected technical anomaly; note that structural difficulty beyond page-spread geometry (dense marginalia, tables, multi-column layout, insertions, damage) is NOT automatically detectable without a layout model and is explicitly out of scope for this pass -- this page may be reclassified 'Structurally difficult' by supervised human correction",,False,False,False,False,,False
dataset_f7dfd857275e7c253a5aba4730f93428121e5156bd4281c4101fd79514b0d8d9,dataset_version_a51bddcb369babc7d5f603d6c6a465de9505061bc876c2d3fdecdc2bcf5eee6e,page_27ee5b7e288c00652e9c2668a096bea0f12b6061d36dcec02df316c7a063643f,document_f40d4746ae343d06b10c548ceca5118a7b21bfd4413d9f80a889ad8e8d84f8b4,Trolldom_och_annan_vidskepelse_-_Rättegångshandlingar_samt_skrivelser_till_Göta_Hovrätt__1731-1754_,A0060200,00064,dataset-rgb/Trolldom_och_annan_vidskepelse_-_Rättegångshandlingar_samt_skrivelser_till_Göta_Hovrätt__1731-1754_/Trolldom_och_annan_vidskepelse_-_Rättegångshandlingar_samt_skrivelser_till_Göta_Hovrätt__1731-1754__A0060200_00064.png,page_image_82d8e1134f38a9eb77ccbf345a3cc83e359795200769689aa102c5a4eab3e11a,10858130,readable,PNG,5768,4688,1.2304,27040384,RGB,3,8,0.4016,False,False,,unique,,included,,Structurally difficult,"aspect ratio 1.2304 >= 1.15: double-page spread (two facing text blocks, central gutter, two independent reading orders)",,True,False,False,False,,False
dataset_f7dfd857275e7c253a5aba4730f93428121e5156bd4281c4101fd79514b0d8d9,dataset_version_a51bddcb369babc7d5f603d6c6a465de9505061bc876c2d3fdecdc2bcf5eee6e,page_81b0207e761a8fcbbdaf7d5ad346ba0d9e820c37d08b70ecbad59412f989e50b,document_f40d4746ae343d06b10c548ceca5118a7b21bfd4413d9f80a889ad8e8d84f8b4,Trolldom_och_annan_vidskepelse_-_Rättegångshandlingar_samt_skrivelser_till_Göta_Hovrätt__1731-1754_,A0060200,00065,dataset-rgb/Trolldom_och_annan_vidskepelse_-_Rättegångshandlingar_samt_skrivelser_till_Göta_Hovrätt__1731-1754_/Trolldom_och_annan_vidskepelse_-_Rättegångshandlingar_samt_skrivelser_till_Göta_Hovrätt__1731-1754__A0060200_00065.png,page_image_9e70dcde408cc4e5881f4e0acd88421fbb789b8e0b0960f75b849f96e38e8036,4765281,readable,PNG,5792,4688,1.2355,27152896,RGB,3,8,0.1755,False,False,,unique,,included,,Structurally difficult,"aspect ratio 1.2355 >= 1.15: double-page spread (two facing text blocks, central gutter, two independent reading orders); 0.1755 encoded bytes/pixel < 0.31: unusually low-entropy lossless raster (faint, low-contrast or heavily denoised scan)",,True,True,False,False,,False
dataset_f7dfd857275e7c253a5aba4730f93428121e5156bd4281c4101fd79514b0d8d9,dataset_version_a51bddcb369babc7d5f603d6c6a465de9505061bc876c2d3fdecdc2bcf5eee6e,page_8901a5ecd58329374d063604f929760478f56b742fded8e9a8389f2ea90cadb4,document_f40d4746ae343d06b10c548ceca5118a7b21bfd4413d9f80a889ad8e8d84f8b4,Trolldom_och_annan_vidskepelse_-_Rättegångshandlingar_samt_skrivelser_till_Göta_Hovrätt__1731-1754_,A0060200,00066,dataset-rgb/Trolldom_och_annan_vidskepelse_-_Rättegångshandlingar_samt_skrivelser_till_Göta_Hovrätt__1731-1754_/Trolldom_och_annan_vidskepelse_-_Rättegångshandlingar_samt_skrivelser_till_Göta_Hovrätt__1731-1754__A0060200_00066.png,page_image_e0907b79031db28c5ebc021c91951c678a15720293906638b6b750d3e9e8e8c5,5864357,readable,PNG,3344,4736,0.7061,15837184,RGB,3,8,0.3703,False,False,,unique,,included,,Ordinary,"single-page portrait raster with no detected technical anomaly; note that structural difficulty beyond page-spread geometry (dense marginalia, tables, multi-column layout, insertions, damage) is NOT automatically detectable without a layout model and is explicitly out of scope for this pass -- this page may be reclassified 'Structurally difficult' by supervised human correction",,False,False,False,False,,False
dataset_f7dfd857275e7c253a5aba4730f93428121e5156bd4281c4101fd79514b0d8d9,dataset_version_a51bddcb369babc7d5f603d6c6a465de9505061bc876c2d3fdecdc2bcf5eee6e,page_327cdefc9ea6ed1c72f047bb43a52926619ddf08d57319d3a211603a64c5a14b,document_f40d4746ae343d06b10c548ceca5118a7b21bfd4413d9f80a889ad8e8d84f8b4,Trolldom_och_annan_vidskepelse_-_Rättegångshandlingar_samt_skrivelser_till_Göta_Hovrätt__1731-1754_,A0060200,00067,dataset-rgb/Trolldom_och_annan_vidskepelse_-_Rättegångshandlingar_samt_skrivelser_till_Göta_Hovrätt__1731-1754_/Trolldom_och_annan_vidskepelse_-_Rättegångshandlingar_samt_skrivelser_till_Göta_Hovrätt__1731-1754__A0060200_00067.png,page_image_12b18e0e0069243ef45be0b942683155165c91552a86057f15d02933aa91652b,12722200,readable,PNG,6080,4664,1.3036,28357120,RGB,3,8,0.4486,False,False,,unique,,included,,Structurally difficult,"aspect ratio 1.3036 >= 1.15: double-page spread (two facing text blocks, central gutter, two independent reading orders)",,True,False,False,False,,False
dataset_f7dfd857275e7c253a5aba4730f93428121e5156bd4281c4101fd79514b0d8d9,dataset_version_a51bddcb369babc7d5f603d6c6a465de9505061bc876c2d3fdecdc2bcf5eee6e,page_3986d0b0968f8a4ed44b033ce776f4f2176b4b1636a340869c58896a6d2365ee,document_f40d4746ae343d06b10c548ceca5118a7b21bfd4413d9f80a889ad8e8d84f8b4,Trolldom_och_annan_vidskepelse_-_Rättegångshandlingar_samt_skrivelser_till_Göta_Hovrätt__1731-1754_,A0060200,00068,dataset-rgb/Trolldom_och_annan_vidskepelse_-_Rättegångshandlingar_samt_skrivelser_till_Göta_Hovrätt__1731-1754_/Trolldom_och_annan_vidskepelse_-_Rättegångshandlingar_samt_skrivelser_till_Göta_Hovrätt__1731-1754__A0060200_00068.png,page_image_8794cfb8cc4d036b42dc52b2c199a23099dbb432cb24a7b113a1377d969b6b75,14015227,readable,PNG,6096,4736,1.2872,28870656,RGB,3,8,0.4854,False,False,,unique,,included,,Structurally difficult,"aspect ratio 1.2872 >= 1.15: double-page spread (two facing text blocks, central gutter, two independent reading orders)",,True,False,False,False,,False
dataset_f7dfd857275e7c253a5aba4730f93428121e5156bd4281c4101fd79514b0d8d9,dataset_version_a51bddcb369babc7d5f603d6c6a465de9505061bc876c2d3fdecdc2bcf5eee6e,page_8d56e51fc9cf8cae5885b42f8d22530bd1231184a62c4a861e385afe451ce413,document_f40d4746ae343d06b10c548ceca5118a7b21bfd4413d9f80a889ad8e8d84f8b4,Trolldom_och_annan_vidskepelse_-_Rättegångshandlingar_samt_skrivelser_till_Göta_Hovrätt__1731-1754_,A0060200,00081,dataset-rgb/Trolldom_och_annan_vidskepelse_-_Rättegångshandlingar_samt_skrivelser_till_Göta_Hovrätt__1731-1754_/Trolldom_och_annan_vidskepelse_-_Rättegångshandlingar_samt_skrivelser_till_Göta_Hovrätt__1731-1754__A0060200_00081.png,page_image_3bd0a18d7a9539ab260ceb956db6907a9fb22f5e14b116fc67b4083f77d0e47e,4881861,readable,PNG,3352,4736,0.7078,15875072,RGB,3,8,0.3075,False,False,,unique,,included,,Technically difficult,"0.3075 encoded bytes/pixel < 0.31: unusually low-entropy lossless raster (faint, low-contrast or heavily denoised scan)",,False,True,False,False,,True
dataset_f7dfd857275e7c253a5aba4730f93428121e5156bd4281c4101fd79514b0d8d9,dataset_version_a51bddcb369babc7d5f603d6c6a465de9505061bc876c2d3fdecdc2bcf5eee6e,page_b6576a887b11dc3da970736f46937a046150d69d8b15e3ee058ef258b5ccfcbf,document_f40d4746ae343d06b10c548ceca5118a7b21bfd4413d9f80a889ad8e8d84f8b4,Trolldom_och_annan_vidskepelse_-_Rättegångshandlingar_samt_skrivelser_till_Göta_Hovrätt__1731-1754_,A0060200,00082,dataset-rgb/Trolldom_och_annan_vidskepelse_-_Rättegångshandlingar_samt_skrivelser_till_Göta_Hovrätt__1731-1754_/Trolldom_och_annan_vidskepelse_-_Rättegångshandlingar_samt_skrivelser_till_Göta_Hovrätt__1731-1754__A0060200_00082.png,page_image_e4186601d19e7affc179852f186dadbc6862ca8f74912cab83aa7f70d13f5b24,11697751,readable,PNG,6168,4744,1.3002,29260992,RGB,3,8,0.3998,False,False,,unique,,included,,Structurally difficult,"aspect ratio 1.3002 >= 1.15: double-page spread (two facing text blocks, central gutter, two independent reading orders)",,True,False,False,False,,False
dataset_f7dfd857275e7c253a5aba4730f93428121e5156bd4281c4101fd79514b0d8d9,dataset_version_a51bddcb369babc7d5f603d6c6a465de9505061bc876c2d3fdecdc2bcf5eee6e,page_7690ba0e203e030110d35242fa975160756d22a8a15a8ad5c3d26d819be5c40a,document_f40d4746ae343d06b10c548ceca5118a7b21bfd4413d9f80a889ad8e8d84f8b4,Trolldom_och_annan_vidskepelse_-_Rättegångshandlingar_samt_skrivelser_till_Göta_Hovrätt__1731-1754_,A0060200,00083,dataset-rgb/Trolldom_och_annan_vidskepelse_-_Rättegångshandlingar_samt_skrivelser_till_Göta_Hovrätt__1731-1754_/Trolldom_och_annan_vidskepelse_-_Rättegångshandlingar_samt_skrivelser_till_Göta_Hovrätt__1731-1754__A0060200_00083.png,page_image_3134f07837e005cab54ecb2c2da6438c239478d9d997ef13f98603811afb4ae5,10872962,readable,PNG,6176,4736,1.3041,29249536,RGB,3,8,0.3717,False,False,,unique,,included,,Structurally difficult,"aspect ratio 1.3041 >= 1.15: double-page spread (two facing text blocks, central gutter, two independent reading orders)",,True,False,False,False,,False
dataset_f7dfd857275e7c253a5aba4730f93428121e5156bd4281c4101fd79514b0d8d9,dataset_version_a51bddcb369babc7d5f603d6c6a465de9505061bc876c2d3fdecdc2bcf5eee6e,page_56982207ebcc55a84b26d9ebb663cdd5902df6882be438a77f6d8a575544d63e,document_f40d4746ae343d06b10c548ceca5118a7b21bfd4413d9f80a889ad8e8d84f8b4,Trolldom_och_annan_vidskepelse_-_Rättegångshandlingar_samt_skrivelser_till_Göta_Hovrätt__1731-1754_,A0060200,00084,dataset-rgb/Trolldom_och_annan_vidskepelse_-_Rättegångshandlingar_samt_skrivelser_till_Göta_Hovrätt__1731-1754_/Trolldom_och_annan_vidskepelse_-_Rättegångshandlingar_samt_skrivelser_till_Göta_Hovrätt__1731-1754__A0060200_00084.png,page_image_e59853702b8a96c1547b5ab2de1e37e887c8867b72ef63421e6ae0e90abcc18c,10633767,readable,PNG,6184,4760,1.2992,29435840,RGB,3,8,0.3613,False,False,,unique,,included,,Structurally difficult,"aspect ratio 1.2992 >= 1.15: double-page spread (two facing text blocks, central gutter, two independent reading orders)",,True,False,False,False,,False
dataset_f7dfd857275e7c253a5aba4730f93428121e5156bd4281c4101fd79514b0d8d9,dataset_version_a51bddcb369babc7d5f603d6c6a465de9505061bc876c2d3fdecdc2bcf5eee6e,page_4b1d7a52d245f701cab4e1ede2f285c390c5f8995d400911c0f22d39e7de2ae1,document_f40d4746ae343d06b10c548ceca5118a7b21bfd4413d9f80a889ad8e8d84f8b4,Trolldom_och_annan_vidskepelse_-_Rättegångshandlingar_samt_skrivelser_till_Göta_Hovrätt__1731-1754_,A0060200,00085,dataset-rgb/Trolldom_och_annan_vidskepelse_-_Rättegångshandlingar_samt_skrivelser_till_Göta_Hovrätt__1731-1754_/Trolldom_och_annan_vidskepelse_-_Rättegångshandlingar_samt_skrivelser_till_Göta_Hovrätt__1731-1754__A0060200_00085.png,page_image_2bc6e20fc8c0d4770365482aa3a84f4646cfd8caa53b5b64b1377b304965e202,10582914,readable,PNG,6160,4736,1.3007,29173760,RGB,3,8,0.3628,False,False,,unique,,included,,Structurally difficult,"aspect ratio 1.3007 >= 1.15: double-page spread (two facing text blocks, central gutter, two independent reading orders)",,True,False,False,False,,False
dataset_f7dfd857275e7c253a5aba4730f93428121e5156bd4281c4101fd79514b0d8d9,dataset_version_a51bddcb369babc7d5f603d6c6a465de9505061bc876c2d3fdecdc2bcf5eee6e,page_8bf339b18f9665cd375a4c2b9ce8c114cff39f6742c4d78ce1b666fafd3d9056,document_f40d4746ae343d06b10c548ceca5118a7b21bfd4413d9f80a889ad8e8d84f8b4,Trolldom_och_annan_vidskepelse_-_Rättegångshandlingar_samt_skrivelser_till_Göta_Hovrätt__1731-1754_,A0060200,00086,dataset-rgb/Trolldom_och_annan_vidskepelse_-_Rättegångshandlingar_samt_skrivelser_till_Göta_Hovrätt__1731-1754_/Trolldom_och_annan_vidskepelse_-_Rättegångshandlingar_samt_skrivelser_till_Göta_Hovrätt__1731-1754__A0060200_00086.png,page_image_e93d78f6b37a736d99e05f8a7f0a5770f9858e1ffe93a0dc7c0c1e4333cccdba,11087443,readable,PNG,6216,4728,1.3147,29389248,RGB,3,8,0.3773,False,False,,unique,,included,,Structurally difficult,"aspect ratio 1.3147 >= 1.15: double-page spread (two facing text blocks, central gutter, two independent reading orders)",,True,False,False,False,,False
dataset_f7dfd857275e7c253a5aba4730f93428121e5156bd4281c4101fd79514b0d8d9,dataset_version_a51bddcb369babc7d5f603d6c6a465de9505061bc876c2d3fdecdc2bcf5eee6e,page_49d40e286de6e7e412f2df9890b0ec30e2edac44333bdc887febe12e2a9f31e0,document_f40d4746ae343d06b10c548ceca5118a7b21bfd4413d9f80a889ad8e8d84f8b4,Trolldom_och_annan_vidskepelse_-_Rättegångshandlingar_samt_skrivelser_till_Göta_Hovrätt__1731-1754_,A0060200,00087,dataset-rgb/Trolldom_och_annan_vidskepelse_-_Rättegångshandlingar_samt_skrivelser_till_Göta_Hovrätt__1731-1754_/Trolldom_och_annan_vidskepelse_-_Rättegångshandlingar_samt_skrivelser_till_Göta_Hovrätt__1731-1754__A0060200_00087.png,page_image_3443eb044bc68613a67a908321eb09aae95654a049948f5e4e32521a29abf39b,4990533,readable,PNG,3376,4736,0.7128,15988736,RGB,3,8,0.3121,False,False,,unique,,included,,Ordinary,"single-page portrait raster with no detected technical anomaly; note that structural difficulty beyond page-spread geometry (dense marginalia, tables, multi-column layout, insertions, damage) is NOT automatically detectable without a layout model and is explicitly out of scope for this pass -- this page may be reclassified 'Structurally difficult' by supervised human correction",,False,False,False,False,,False
dataset_f7dfd857275e7c253a5aba4730f93428121e5156bd4281c4101fd79514b0d8d9,dataset_version_a51bddcb369babc7d5f603d6c6a465de9505061bc876c2d3fdecdc2bcf5eee6e,page_924c0c802cb0021dcdb94f5193a658b1a2840145e09454026496f4841cde25d8,document_f40d4746ae343d06b10c548ceca5118a7b21bfd4413d9f80a889ad8e8d84f8b4,Trolldom_och_annan_vidskepelse_-_Rättegångshandlingar_samt_skrivelser_till_Göta_Hovrätt__1731-1754_,A0060200,00091,dataset-rgb/Trolldom_och_annan_vidskepelse_-_Rättegångshandlingar_samt_skrivelser_till_Göta_Hovrätt__1731-1754_/Trolldom_och_annan_vidskepelse_-_Rättegångshandlingar_samt_skrivelser_till_Göta_Hovrätt__1731-1754__A0060200_00091.png,page_image_94f44d00a10ac7cdaa6ff890cd036ab4c477b0f9562cd08deffd16929b076434,9423504,readable,PNG,6088,4784,1.2726,29124992,RGB,3,8,0.3236,False,False,,unique,,included,,Structurally difficult,"aspect ratio 1.2726 >= 1.15: double-page spread (two facing text blocks, central gutter, two independent reading orders)",,True,False,False,False,,False
dataset_f7dfd857275e7c253a5aba4730f93428121e5156bd4281c4101fd79514b0d8d9,dataset_version_a51bddcb369babc7d5f603d6c6a465de9505061bc876c2d3fdecdc2bcf5eee6e,page_7281306869e83b0e282a0081f2f5b321aa8b016df4d3ee3204a614f865983e83,document_f40d4746ae343d06b10c548ceca5118a7b21bfd4413d9f80a889ad8e8d84f8b4,Trolldom_och_annan_vidskepelse_-_Rättegångshandlingar_samt_skrivelser_till_Göta_Hovrätt__1731-1754_,A0060200,00092,dataset-rgb/Trolldom_och_annan_vidskepelse_-_Rättegångshandlingar_samt_skrivelser_till_Göta_Hovrätt__1731-1754_/Trolldom_och_annan_vidskepelse_-_Rättegångshandlingar_samt_skrivelser_till_Göta_Hovrätt__1731-1754__A0060200_00092.png,page_image_e94030a17643cc0a74edacd08131459060bb56a23def6252de0de10c00da0bac,10469558,readable,PNG,6112,4848,1.2607,29630976,RGB,3,8,0.3533,False,False,,unique,,included,,Structurally difficult,"aspect ratio 1.2607 >= 1.15: double-page spread (two facing text blocks, central gutter, two independent reading orders)",,True,False,False,False,,False
dataset_f7dfd857275e7c253a5aba4730f93428121e5156bd4281c4101fd79514b0d8d9,dataset_version_a51bddcb369babc7d5f603d6c6a465de9505061bc876c2d3fdecdc2bcf5eee6e,page_9d0c5a1cbb05eee53ff69bcf104c1579cbf8434542b25a361a372104f96615a2,document_f40d4746ae343d06b10c548ceca5118a7b21bfd4413d9f80a889ad8e8d84f8b4,Trolldom_och_annan_vidskepelse_-_Rättegångshandlingar_samt_skrivelser_till_Göta_Hovrätt__1731-1754_,A0060200,00093,dataset-rgb/Trolldom_och_annan_vidskepelse_-_Rättegångshandlingar_samt_skrivelser_till_Göta_Hovrätt__1731-1754_/Trolldom_och_annan_vidskepelse_-_Rättegångshandlingar_samt_skrivelser_till_Göta_Hovrätt__1731-1754__A0060200_00093.png,page_image_79455b461e04b658f57e7ca3be4e447d09c945604004a379df09eca299eb29bc,11088143,readable,PNG,6104,4808,1.2696,29348032,RGB,3,8,0.3778,False,False,,unique,,included,,Structurally difficult,"aspect ratio 1.2696 >= 1.15: double-page spread (two facing text blocks, central gutter, two independent reading orders)",,True,False,False,False,,False
dataset_f7dfd857275e7c253a5aba4730f93428121e5156bd4281c4101fd79514b0d8d9,dataset_version_a51bddcb369babc7d5f603d6c6a465de9505061bc876c2d3fdecdc2bcf5eee6e,page_0773ae5bfd66674fac91c3055a2fe62675ad5c7b3c54262290476987826b5d23,document_f40d4746ae343d06b10c548ceca5118a7b21bfd4413d9f80a889ad8e8d84f8b4,Trolldom_och_annan_vidskepelse_-_Rättegångshandlingar_samt_skrivelser_till_Göta_Hovrätt__1731-1754_,A0060200,00094,dataset-rgb/Trolldom_och_annan_vidskepelse_-_Rättegångshandlingar_samt_skrivelser_till_Göta_Hovrätt__1731-1754_/Trolldom_och_annan_vidskepelse_-_Rättegångshandlingar_samt_skrivelser_till_Göta_Hovrätt__1731-1754__A0060200_00094.png,page_image_b851a2009e5c3b3ebe7b2e7d4c2699f57ab44d505d0803a912ff136814be2628,10919854,readable,PNG,6056,4856,1.2471,29407936,RGB,3,8,0.3713,False,False,,unique,,included,,Structurally difficult,"aspect ratio 1.2471 >= 1.15: double-page spread (two facing text blocks, central gutter, two independent reading orders)",,True,False,False,False,,False
dataset_f7dfd857275e7c253a5aba4730f93428121e5156bd4281c4101fd79514b0d8d9,dataset_version_a51bddcb369babc7d5f603d6c6a465de9505061bc876c2d3fdecdc2bcf5eee6e,page_11b2791e3f06e1d5f0b7f7bf1b2d1ac51cca483c64727d8c8fd1ae8cba058884,document_f40d4746ae343d06b10c548ceca5118a7b21bfd4413d9f80a889ad8e8d84f8b4,Trolldom_och_annan_vidskepelse_-_Rättegångshandlingar_samt_skrivelser_till_Göta_Hovrätt__1731-1754_,A0060200,00095,dataset-rgb/Trolldom_och_annan_vidskepelse_-_Rättegångshandlingar_samt_skrivelser_till_Göta_Hovrätt__1731-1754_/Trolldom_och_annan_vidskepelse_-_Rättegångshandlingar_samt_skrivelser_till_Göta_Hovrätt__1731-1754__A0060200_00095.png,page_image_5c8d1ba92ea36f29549d774e32e2dd6f564890bd3d5137de5b369908624443ad,10999785,readable,PNG,6072,4848,1.2525,29437056,RGB,3,8,0.3737,False,False,,unique,,included,,Structurally difficult,"aspect ratio 1.2525 >= 1.15: double-page spread (two facing text blocks, central gutter, two independent reading orders)",,True,False,False,False,,False
dataset_f7dfd857275e7c253a5aba4730f93428121e5156bd4281c4101fd79514b0d8d9,dataset_version_a51bddcb369babc7d5f603d6c6a465de9505061bc876c2d3fdecdc2bcf5eee6e,page_8d74c5ad84d35ac9b2f6db14ca581866cbc825e9cc28327d9d2b0e5a31107659,document_f40d4746ae343d06b10c548ceca5118a7b21bfd4413d9f80a889ad8e8d84f8b4,Trolldom_och_annan_vidskepelse_-_Rättegångshandlingar_samt_skrivelser_till_Göta_Hovrätt__1731-1754_,A0060200,00096,dataset-rgb/Trolldom_och_annan_vidskepelse_-_Rättegångshandlingar_samt_skrivelser_till_Göta_Hovrätt__1731-1754_/Trolldom_och_annan_vidskepelse_-_Rättegångshandlingar_samt_skrivelser_till_Göta_Hovrätt__1731-1754__A0060200_00096.png,page_image_5e0cbf2ecb98325b17ab86adf3fad1e767768da730b455088e05b8368cde6b98,11707617,readable,PNG,6088,4848,1.2558,29514624,RGB,3,8,0.3967,False,False,,unique,,included,,Structurally difficult,"aspect ratio 1.2558 >= 1.15: double-page spread (two facing text blocks, central gutter, two independent reading orders)",,True,False,False,False,,False
dataset_f7dfd857275e7c253a5aba4730f93428121e5156bd4281c4101fd79514b0d8d9,dataset_version_a51bddcb369babc7d5f603d6c6a465de9505061bc876c2d3fdecdc2bcf5eee6e,page_bcb840f9516daf022d4733be97ed28a6f8b784381f998f1518fadd00aeb3ba26,document_f40d4746ae343d06b10c548ceca5118a7b21bfd4413d9f80a889ad8e8d84f8b4,Trolldom_och_annan_vidskepelse_-_Rättegångshandlingar_samt_skrivelser_till_Göta_Hovrätt__1731-1754_,A0060200,00097,dataset-rgb/Trolldom_och_annan_vidskepelse_-_Rättegångshandlingar_samt_skrivelser_till_Göta_Hovrätt__1731-1754_/Trolldom_och_annan_vidskepelse_-_Rättegångshandlingar_samt_skrivelser_till_Göta_Hovrätt__1731-1754__A0060200_00097.png,page_image_6bbe45d7b2ae511f9d7c1bef334155158cc7146d910455680c4ec1de3a13c133,12684421,readable,PNG,6048,4776,1.2663,28885248,RGB,3,8,0.4391,False,False,,unique,,included,,Structurally difficult,"aspect ratio 1.2663 >= 1.15: double-page spread (two facing text blocks, central gutter, two independent reading orders)",,True,False,False,False,,False
dataset_f7dfd857275e7c253a5aba4730f93428121e5156bd4281c4101fd79514b0d8d9,dataset_version_a51bddcb369babc7d5f603d6c6a465de9505061bc876c2d3fdecdc2bcf5eee6e,page_014c6f86f87ac142d0560ff9a76e703e7a5d9ea8da674b54d2bcbd0c47330290,document_f40d4746ae343d06b10c548ceca5118a7b21bfd4413d9f80a889ad8e8d84f8b4,Trolldom_och_annan_vidskepelse_-_Rättegångshandlingar_samt_skrivelser_till_Göta_Hovrätt__1731-1754_,A0060200,00115,dataset-rgb/Trolldom_och_annan_vidskepelse_-_Rättegångshandlingar_samt_skrivelser_till_Göta_Hovrätt__1731-1754_/Trolldom_och_annan_vidskepelse_-_Rättegångshandlingar_samt_skrivelser_till_Göta_Hovrätt__1731-1754__A0060200_00115.png,page_image_081e3d93100e363eb85f38df1662a312f376043b4c65a5a08e5716d3f2182a14,9641500,readable,PNG,6216,4904,1.2675,30483264,RGB,3,8,0.3163,False,False,,unique,,included,,Structurally difficult,"aspect ratio 1.2675 >= 1.15: double-page spread (two facing text blocks, central gutter, two independent reading orders)",,True,False,False,False,,False
dataset_f7dfd857275e7c253a5aba4730f93428121e5156bd4281c4101fd79514b0d8d9,dataset_version_a51bddcb369babc7d5f603d6c6a465de9505061bc876c2d3fdecdc2bcf5eee6e,page_10e6e9081f0ee5e34eadcaae50c55b58e18d2048347d33e624c419fb95a36749,document_f40d4746ae343d06b10c548ceca5118a7b21bfd4413d9f80a889ad8e8d84f8b4,Trolldom_och_annan_vidskepelse_-_Rättegångshandlingar_samt_skrivelser_till_Göta_Hovrätt__1731-1754_,A0060200,00117,dataset-rgb/Trolldom_och_annan_vidskepelse_-_Rättegångshandlingar_samt_skrivelser_till_Göta_Hovrätt__1731-1754_/Trolldom_och_annan_vidskepelse_-_Rättegångshandlingar_samt_skrivelser_till_Göta_Hovrätt__1731-1754__A0060200_00117.png,page_image_76208a40b803a3d26b947ab1a09a8d1de9acc12ccb197cd1da756e9a7d204acf,12717474,readable,PNG,6232,4920,1.2667,30661440,RGB,3,8,0.4148,False,False,,unique,,included,,Structurally difficult,"aspect ratio 1.2667 >= 1.15: double-page spread (two facing text blocks, central gutter, two independent reading orders)",,True,False,False,False,,False
dataset_f7dfd857275e7c253a5aba4730f93428121e5156bd4281c4101fd79514b0d8d9,dataset_version_a51bddcb369babc7d5f603d6c6a465de9505061bc876c2d3fdecdc2bcf5eee6e,page_0a2487631de5cf3cfe26c43343a0e5338fd211fc24a3a2afc95852af48c2d5b5,document_f40d4746ae343d06b10c548ceca5118a7b21bfd4413d9f80a889ad8e8d84f8b4,Trolldom_och_annan_vidskepelse_-_Rättegångshandlingar_samt_skrivelser_till_Göta_Hovrätt__1731-1754_,A0060200,00122,dataset-rgb/Trolldom_och_annan_vidskepelse_-_Rättegångshandlingar_samt_skrivelser_till_Göta_Hovrätt__1731-1754_/Trolldom_och_annan_vidskepelse_-_Rättegångshandlingar_samt_skrivelser_till_Göta_Hovrätt__1731-1754__A0060200_00122.png,page_image_323ff4f299e9ed7e4d483f3dc40e51104b9b879ed1a535f828af383dc8f08bf0,8293295,readable,PNG,3424,4920,0.6959,16846080,RGB,3,8,0.4923,False,False,,unique,,included,,Ordinary,"single-page portrait raster with no detected technical anomaly; note that structural difficulty beyond page-spread geometry (dense marginalia, tables, multi-column layout, insertions, damage) is NOT automatically detectable without a layout model and is explicitly out of scope for this pass -- this page may be reclassified 'Structurally difficult' by supervised human correction",,False,False,False,False,,False
dataset_f7dfd857275e7c253a5aba4730f93428121e5156bd4281c4101fd79514b0d8d9,dataset_version_a51bddcb369babc7d5f603d6c6a465de9505061bc876c2d3fdecdc2bcf5eee6e,page_40977183535feb004874e5fdfa13ac115db66a1f23c9f782ea7d8ef3743a2d6b,document_f40d4746ae343d06b10c548ceca5118a7b21bfd4413d9f80a889ad8e8d84f8b4,Trolldom_och_annan_vidskepelse_-_Rättegångshandlingar_samt_skrivelser_till_Göta_Hovrätt__1731-1754_,A0060200,00123,dataset-rgb/Trolldom_och_annan_vidskepelse_-_Rättegångshandlingar_samt_skrivelser_till_Göta_Hovrätt__1731-1754_/Trolldom_och_annan_vidskepelse_-_Rättegångshandlingar_samt_skrivelser_till_Göta_Hovrätt__1731-1754__A0060200_00123.png,page_image_7543730a4184e0e6b00af1b06faf0feedf9e4123ff4068b4ae21288aa9ee6d84,14301403,readable,PNG,6296,4936,1.2755,31077056,RGB,3,8,0.4602,False,False,,unique,,included,,Structurally difficult,"aspect ratio 1.2755 >= 1.15: double-page spread (two facing text blocks, central gutter, two independent reading orders)",,True,False,False,False,,False
dataset_f7dfd857275e7c253a5aba4730f93428121e5156bd4281c4101fd79514b0d8d9,dataset_version_a51bddcb369babc7d5f603d6c6a465de9505061bc876c2d3fdecdc2bcf5eee6e,page_f2e6bae69326df6b12cc6c6ebd7949a17757b9e049d6eff4da5289586233dd06,document_f40d4746ae343d06b10c548ceca5118a7b21bfd4413d9f80a889ad8e8d84f8b4,Trolldom_och_annan_vidskepelse_-_Rättegångshandlingar_samt_skrivelser_till_Göta_Hovrätt__1731-1754_,A0060200,00124,dataset-rgb/Trolldom_och_annan_vidskepelse_-_Rättegångshandlingar_samt_skrivelser_till_Göta_Hovrätt__1731-1754_/Trolldom_och_annan_vidskepelse_-_Rättegångshandlingar_samt_skrivelser_till_Göta_Hovrätt__1731-1754__A0060200_00124.png,page_image_8e25587f5f8db043438d878f72a36354389147d5b13dc2a91574bb9800f638e2,13778191,readable,PNG,6296,4912,1.2818,30925952,RGB,3,8,0.4455,False,False,,unique,,included,,Structurally difficult,"aspect ratio 1.2818 >= 1.15: double-page spread (two facing text blocks, central gutter, two independent reading orders)",,True,False,False,False,,False
dataset_f7dfd857275e7c253a5aba4730f93428121e5156bd4281c4101fd79514b0d8d9,dataset_version_a51bddcb369babc7d5f603d6c6a465de9505061bc876c2d3fdecdc2bcf5eee6e,page_17d2d7ed2eb55c5d8a3120e248e093329495a53f3fbe52c688848a3672c4d2a7,document_f40d4746ae343d06b10c548ceca5118a7b21bfd4413d9f80a889ad8e8d84f8b4,Trolldom_och_annan_vidskepelse_-_Rättegångshandlingar_samt_skrivelser_till_Göta_Hovrätt__1731-1754_,A0060200,00125,dataset-rgb/Trolldom_och_annan_vidskepelse_-_Rättegångshandlingar_samt_skrivelser_till_Göta_Hovrätt__1731-1754_/Trolldom_och_annan_vidskepelse_-_Rättegångshandlingar_samt_skrivelser_till_Göta_Hovrätt__1731-1754__A0060200_00125.png,page_image_63693ec59ca7f64b7084c0cdb688b51ced42c13fe928f6504468d58ee7fe9644,13134387,readable,PNG,6304,4904,1.2855,30914816,RGB,3,8,0.4249,False,False,,unique,,included,,Structurally difficult,"aspect ratio 1.2855 >= 1.15: double-page spread (two facing text blocks, central gutter, two independent reading orders)",,True,False,False,False,,False
dataset_f7dfd857275e7c253a5aba4730f93428121e5156bd4281c4101fd79514b0d8d9,dataset_version_a51bddcb369babc7d5f603d6c6a465de9505061bc876c2d3fdecdc2bcf5eee6e,page_870272bacc7969f20929e731ca6b454eb20a545bc59a2838338757fc83bb6f5e,document_f40d4746ae343d06b10c548ceca5118a7b21bfd4413d9f80a889ad8e8d84f8b4,Trolldom_och_annan_vidskepelse_-_Rättegångshandlingar_samt_skrivelser_till_Göta_Hovrätt__1731-1754_,A0060200,00126,dataset-rgb/Trolldom_och_annan_vidskepelse_-_Rättegångshandlingar_samt_skrivelser_till_Göta_Hovrätt__1731-1754_/Trolldom_och_annan_vidskepelse_-_Rättegångshandlingar_samt_skrivelser_till_Göta_Hovrätt__1731-1754__A0060200_00126.png,page_image_7be869952a4d4f83c9b7ce3d8511b04048cb2cb8479b3fb095a280306c2a0f1f,12490549,readable,PNG,6320,4896,1.2908,30942720,RGB,3,8,0.4037,False,False,,unique,,included,,Structurally difficult,"aspect ratio 1.2908 >= 1.15: double-page spread (two facing text blocks, central gutter, two independent reading orders)",,True,False,False,False,,False
dataset_f7dfd857275e7c253a5aba4730f93428121e5156bd4281c4101fd79514b0d8d9,dataset_version_a51bddcb369babc7d5f603d6c6a465de9505061bc876c2d3fdecdc2bcf5eee6e,page_c50871909e87fa7a4ecb08cf48da6e168b611704e2d97fd259a0dbf3ff790233,document_f40d4746ae343d06b10c548ceca5118a7b21bfd4413d9f80a889ad8e8d84f8b4,Trolldom_och_annan_vidskepelse_-_Rättegångshandlingar_samt_skrivelser_till_Göta_Hovrätt__1731-1754_,A0060200,00127,dataset-rgb/Trolldom_och_annan_vidskepelse_-_Rättegångshandlingar_samt_skrivelser_till_Göta_Hovrätt__1731-1754_/Trolldom_och_annan_vidskepelse_-_Rättegångshandlingar_samt_skrivelser_till_Göta_Hovrätt__1731-1754__A0060200_00127.png,page_image_5063c258f874dde80b05962051e1a96b5993792f923a1e2a5d81ff08ae1cd9fb,9864486,readable,PNG,6288,4872,1.2906,30635136,RGB,3,8,0.322,False,False,,unique,,included,,Structurally difficult,"aspect ratio 1.2906 >= 1.15: double-page spread (two facing text blocks, central gutter, two independent reading orders)",,True,False,False,False,,False
dataset_f7dfd857275e7c253a5aba4730f93428121e5156bd4281c4101fd79514b0d8d9,dataset_version_a51bddcb369babc7d5f603d6c6a465de9505061bc876c2d3fdecdc2bcf5eee6e,page_5066bcfdb7e12769717ba544529fdeeccd302aa564b89cbaaafb246781b19fbf,document_f40d4746ae343d06b10c548ceca5118a7b21bfd4413d9f80a889ad8e8d84f8b4,Trolldom_och_annan_vidskepelse_-_Rättegångshandlingar_samt_skrivelser_till_Göta_Hovrätt__1731-1754_,A0060200,00130,dataset-rgb/Trolldom_och_annan_vidskepelse_-_Rättegångshandlingar_samt_skrivelser_till_Göta_Hovrätt__1731-1754_/Trolldom_och_annan_vidskepelse_-_Rättegångshandlingar_samt_skrivelser_till_Göta_Hovrätt__1731-1754__A0060200_00130.png,page_image_9d81a5df0679e43eae643e1d8c58f7cb8afbec5d55a2d3d802fd18c24ea1f591,13115970,readable,PNG,6112,4760,1.284,29093120,RGB,3,8,0.4508,False,False,,unique,,included,,Structurally difficult,"aspect ratio 1.284 >= 1.15: double-page spread (two facing text blocks, central gutter, two independent reading orders)",,True,False,False,False,,False
dataset_f7dfd857275e7c253a5aba4730f93428121e5156bd4281c4101fd79514b0d8d9,dataset_version_a51bddcb369babc7d5f603d6c6a465de9505061bc876c2d3fdecdc2bcf5eee6e,page_fff3830cc5d54e4fb64618cb1340e8fd94cce532e1eb44e9e536c984049079ee,document_f40d4746ae343d06b10c548ceca5118a7b21bfd4413d9f80a889ad8e8d84f8b4,Trolldom_och_annan_vidskepelse_-_Rättegångshandlingar_samt_skrivelser_till_Göta_Hovrätt__1731-1754_,A0060200,00131,dataset-rgb/Trolldom_och_annan_vidskepelse_-_Rättegångshandlingar_samt_skrivelser_till_Göta_Hovrätt__1731-1754_/Trolldom_och_annan_vidskepelse_-_Rättegångshandlingar_samt_skrivelser_till_Göta_Hovrätt__1731-1754__A0060200_00131.png,page_image_fc634fb0401e70cecf79d81d6857f5c6f85795f0935545e1215682c17559b8cf,10826122,readable,PNG,6088,4712,1.292,28686656,RGB,3,8,0.3774,False,False,,unique,,included,,Structurally difficult,"aspect ratio 1.292 >= 1.15: double-page spread (two facing text blocks, central gutter, two independent reading orders)",,True,False,False,False,,False
dataset_f7dfd857275e7c253a5aba4730f93428121e5156bd4281c4101fd79514b0d8d9,dataset_version_a51bddcb369babc7d5f603d6c6a465de9505061bc876c2d3fdecdc2bcf5eee6e,page_a23dc5c18c6742024cca239d80e821d5cfbfd8e65681548ba77e57af9246f6c4,document_f40d4746ae343d06b10c548ceca5118a7b21bfd4413d9f80a889ad8e8d84f8b4,Trolldom_och_annan_vidskepelse_-_Rättegångshandlingar_samt_skrivelser_till_Göta_Hovrätt__1731-1754_,A0060200,00132,dataset-rgb/Trolldom_och_annan_vidskepelse_-_Rättegångshandlingar_samt_skrivelser_till_Göta_Hovrätt__1731-1754_/Trolldom_och_annan_vidskepelse_-_Rättegångshandlingar_samt_skrivelser_till_Göta_Hovrätt__1731-1754__A0060200_00132.png,page_image_7448fd5257afa9113b8b30b6e12624858ab4b87858792ae025b2ddc82466ebff,11324034,readable,PNG,6104,4704,1.2976,28713216,RGB,3,8,0.3944,False,False,,unique,,included,,Structurally difficult,"aspect ratio 1.2976 >= 1.15: double-page spread (two facing text blocks, central gutter, two independent reading orders)",,True,False,False,False,,False
dataset_f7dfd857275e7c253a5aba4730f93428121e5156bd4281c4101fd79514b0d8d9,dataset_version_a51bddcb369babc7d5f603d6c6a465de9505061bc876c2d3fdecdc2bcf5eee6e,page_2c0fad84c8b2a92287c7dba4e901d9a2b98ad2e3b54e181b77f6db4ed9586441,document_f40d4746ae343d06b10c548ceca5118a7b21bfd4413d9f80a889ad8e8d84f8b4,Trolldom_och_annan_vidskepelse_-_Rättegångshandlingar_samt_skrivelser_till_Göta_Hovrätt__1731-1754_,A0060200,00133,dataset-rgb/Trolldom_och_annan_vidskepelse_-_Rättegångshandlingar_samt_skrivelser_till_Göta_Hovrätt__1731-1754_/Trolldom_och_annan_vidskepelse_-_Rättegångshandlingar_samt_skrivelser_till_Göta_Hovrätt__1731-1754__A0060200_00133.png,page_image_0acd1c3ce3ea5179140e643c78593916a55309af4d8adf8468a8b572178b2880,11256970,readable,PNG,6112,4720,1.2949,28848640,RGB,3,8,0.3902,False,False,,unique,,included,,Structurally difficult,"aspect ratio 1.2949 >= 1.15: double-page spread (two facing text blocks, central gutter, two independent reading orders)",,True,False,False,False,,False
dataset_f7dfd857275e7c253a5aba4730f93428121e5156bd4281c4101fd79514b0d8d9,dataset_version_a51bddcb369babc7d5f603d6c6a465de9505061bc876c2d3fdecdc2bcf5eee6e,page_a6f9c09aa7d59cc1fa58c9c00345727591f1caba8cc0122f813c6cb3f0adf084,document_f40d4746ae343d06b10c548ceca5118a7b21bfd4413d9f80a889ad8e8d84f8b4,Trolldom_och_annan_vidskepelse_-_Rättegångshandlingar_samt_skrivelser_till_Göta_Hovrätt__1731-1754_,A0060200,00134,dataset-rgb/Trolldom_och_annan_vidskepelse_-_Rättegångshandlingar_samt_skrivelser_till_Göta_Hovrätt__1731-1754_/Trolldom_och_annan_vidskepelse_-_Rättegångshandlingar_samt_skrivelser_till_Göta_Hovrätt__1731-1754__A0060200_00134.png,page_image_089c516921c9518bf8303b08ca53b877f462da1ce0bfe29d5f54b79a4dddc4b7,11293534,readable,PNG,6088,4688,1.2986,28540544,RGB,3,8,0.3957,False,False,,unique,,included,,Structurally difficult,"aspect ratio 1.2986 >= 1.15: double-page spread (two facing text blocks, central gutter, two independent reading orders)",,True,False,False,False,,False
dataset_f7dfd857275e7c253a5aba4730f93428121e5156bd4281c4101fd79514b0d8d9,dataset_version_a51bddcb369babc7d5f603d6c6a465de9505061bc876c2d3fdecdc2bcf5eee6e,page_b5f04963f0d3e2c7cd817765642c6eaa42f96802ed575974bea46a57418034b1,document_f40d4746ae343d06b10c548ceca5118a7b21bfd4413d9f80a889ad8e8d84f8b4,Trolldom_och_annan_vidskepelse_-_Rättegångshandlingar_samt_skrivelser_till_Göta_Hovrätt__1731-1754_,A0060200,00135,dataset-rgb/Trolldom_och_annan_vidskepelse_-_Rättegångshandlingar_samt_skrivelser_till_Göta_Hovrätt__1731-1754_/Trolldom_och_annan_vidskepelse_-_Rättegångshandlingar_samt_skrivelser_till_Göta_Hovrätt__1731-1754__A0060200_00135.png,page_image_51736d4226965be9b993f45405f2e3961258c7b4a10131f3d6483ff37b0c026f,11534312,readable,PNG,6096,4680,1.3026,28529280,RGB,3,8,0.4043,False,False,,unique,,included,,Structurally difficult,"aspect ratio 1.3026 >= 1.15: double-page spread (two facing text blocks, central gutter, two independent reading orders)",,True,False,False,False,,False
dataset_f7dfd857275e7c253a5aba4730f93428121e5156bd4281c4101fd79514b0d8d9,dataset_version_a51bddcb369babc7d5f603d6c6a465de9505061bc876c2d3fdecdc2bcf5eee6e,page_7f15ff044da5bc8a25c90260bc9aed765cd89899572b51c1b2270ca1a73a69bd,document_f40d4746ae343d06b10c548ceca5118a7b21bfd4413d9f80a889ad8e8d84f8b4,Trolldom_och_annan_vidskepelse_-_Rättegångshandlingar_samt_skrivelser_till_Göta_Hovrätt__1731-1754_,A0060200,00136,dataset-rgb/Trolldom_och_annan_vidskepelse_-_Rättegångshandlingar_samt_skrivelser_till_Göta_Hovrätt__1731-1754_/Trolldom_och_annan_vidskepelse_-_Rättegångshandlingar_samt_skrivelser_till_Göta_Hovrätt__1731-1754__A0060200_00136.png,page_image_f2cfa3852a6db9411c1f79ac2f60ef9a374c8cb5d09424bf230b1bf2a6dfa306,12640263,readable,PNG,6096,4712,1.2937,28724352,RGB,3,8,0.4401,False,False,,unique,,included,,Structurally difficult,"aspect ratio 1.2937 >= 1.15: double-page spread (two facing text blocks, central gutter, two independent reading orders)",,True,False,False,False,,False
dataset_f7dfd857275e7c253a5aba4730f93428121e5156bd4281c4101fd79514b0d8d9,dataset_version_a51bddcb369babc7d5f603d6c6a465de9505061bc876c2d3fdecdc2bcf5eee6e,page_cbadcb2e6922ff37e05669fbabe6bb87d7fa2c1ddb53ab546509724503182cbd,document_f40d4746ae343d06b10c548ceca5118a7b21bfd4413d9f80a889ad8e8d84f8b4,Trolldom_och_annan_vidskepelse_-_Rättegångshandlingar_samt_skrivelser_till_Göta_Hovrätt__1731-1754_,A0060200,00137,dataset-rgb/Trolldom_och_annan_vidskepelse_-_Rättegångshandlingar_samt_skrivelser_till_Göta_Hovrätt__1731-1754_/Trolldom_och_annan_vidskepelse_-_Rättegångshandlingar_samt_skrivelser_till_Göta_Hovrätt__1731-1754__A0060200_00137.png,page_image_e05ede0241c4a9285a5ee23722d40fb6f82094f75ce518f84eb1a53f0d418552,12188654,readable,PNG,6080,4712,1.2903,28648960,RGB,3,8,0.4254,False,False,,unique,,included,,Structurally difficult,"aspect ratio 1.2903 >= 1.15: double-page spread (two facing text blocks, central gutter, two independent reading orders)",,True,False,False,False,,False
dataset_f7dfd857275e7c253a5aba4730f93428121e5156bd4281c4101fd79514b0d8d9,dataset_version_a51bddcb369babc7d5f603d6c6a465de9505061bc876c2d3fdecdc2bcf5eee6e,page_26fff143c6c6cd2327eac3f6ec243bcb31f4202ecb550cf7d6d5b024e1efe0f7,document_f40d4746ae343d06b10c548ceca5118a7b21bfd4413d9f80a889ad8e8d84f8b4,Trolldom_och_annan_vidskepelse_-_Rättegångshandlingar_samt_skrivelser_till_Göta_Hovrätt__1731-1754_,A0060200,00138,dataset-rgb/Trolldom_och_annan_vidskepelse_-_Rättegångshandlingar_samt_skrivelser_till_Göta_Hovrätt__1731-1754_/Trolldom_och_annan_vidskepelse_-_Rättegångshandlingar_samt_skrivelser_till_Göta_Hovrätt__1731-1754__A0060200_00138.png,page_image_cddb364d3a3c439ccd5f47a031470518f4785e045e8b9c13015552afcd149e04,11746192,readable,PNG,6080,4712,1.2903,28648960,RGB,3,8,0.41,False,False,,unique,,included,,Structurally difficult,"aspect ratio 1.2903 >= 1.15: double-page spread (two facing text blocks, central gutter, two independent reading orders)",,True,False,False,False,,False
dataset_f7dfd857275e7c253a5aba4730f93428121e5156bd4281c4101fd79514b0d8d9,dataset_version_a51bddcb369babc7d5f603d6c6a465de9505061bc876c2d3fdecdc2bcf5eee6e,page_c248601197b3af7741e36210b888e676892ed000c392179dd90642dec82f71e4,document_f40d4746ae343d06b10c548ceca5118a7b21bfd4413d9f80a889ad8e8d84f8b4,Trolldom_och_annan_vidskepelse_-_Rättegångshandlingar_samt_skrivelser_till_Göta_Hovrätt__1731-1754_,A0060200,00154,dataset-rgb/Trolldom_och_annan_vidskepelse_-_Rättegångshandlingar_samt_skrivelser_till_Göta_Hovrätt__1731-1754_/Trolldom_och_annan_vidskepelse_-_Rättegångshandlingar_samt_skrivelser_till_Göta_Hovrätt__1731-1754__A0060200_00154.png,page_image_b1137a9bcdd71fee410685cbf86f3e3e151e35f559aa19526c752be5235fd3d9,11696125,readable,PNG,6056,4736,1.2787,28681216,RGB,3,8,0.4078,False,False,,unique,,included,,Structurally difficult,"aspect ratio 1.2787 >= 1.15: double-page spread (two facing text blocks, central gutter, two independent reading orders)",,True,False,False,False,,False
dataset_f7dfd857275e7c253a5aba4730f93428121e5156bd4281c4101fd79514b0d8d9,dataset_version_a51bddcb369babc7d5f603d6c6a465de9505061bc876c2d3fdecdc2bcf5eee6e,page_2e9c93efbd279324559c9b91e3aeba32c8ed35b3a7e9a49d1da7c20fbc625592,document_f40d4746ae343d06b10c548ceca5118a7b21bfd4413d9f80a889ad8e8d84f8b4,Trolldom_och_annan_vidskepelse_-_Rättegångshandlingar_samt_skrivelser_till_Göta_Hovrätt__1731-1754_,A0060200,00155,dataset-rgb/Trolldom_och_annan_vidskepelse_-_Rättegångshandlingar_samt_skrivelser_till_Göta_Hovrätt__1731-1754_/Trolldom_och_annan_vidskepelse_-_Rättegångshandlingar_samt_skrivelser_till_Göta_Hovrätt__1731-1754__A0060200_00155.png,page_image_c33984afc17f60c745f3d2af0858d44b20115807cffc68433f5b152af99200dc,10549319,readable,PNG,6064,4744,1.2782,28767616,RGB,3,8,0.3667,False,False,,unique,,included,,Structurally difficult,"aspect ratio 1.2782 >= 1.15: double-page spread (two facing text blocks, central gutter, two independent reading orders)",,True,False,False,False,,False
dataset_f7dfd857275e7c253a5aba4730f93428121e5156bd4281c4101fd79514b0d8d9,dataset_version_a51bddcb369babc7d5f603d6c6a465de9505061bc876c2d3fdecdc2bcf5eee6e,page_077c685aad595d2b1649cddc165e566d0a0dc9e11db1cf80cadccf736b5e65d4,document_f40d4746ae343d06b10c548ceca5118a7b21bfd4413d9f80a889ad8e8d84f8b4,Trolldom_och_annan_vidskepelse_-_Rättegångshandlingar_samt_skrivelser_till_Göta_Hovrätt__1731-1754_,A0060200,00156,dataset-rgb/Trolldom_och_annan_vidskepelse_-_Rättegångshandlingar_samt_skrivelser_till_Göta_Hovrätt__1731-1754_/Trolldom_och_annan_vidskepelse_-_Rättegångshandlingar_samt_skrivelser_till_Göta_Hovrätt__1731-1754__A0060200_00156.png,page_image_15eb9f372c0ed8118502d4c1b5be09ed51b81d8182883f835ebd660088bbc350,9831341,readable,PNG,6024,4768,1.2634,28722432,RGB,3,8,0.3423,False,False,,unique,,included,,Structurally difficult,"aspect ratio 1.2634 >= 1.15: double-page spread (two facing text blocks, central gutter, two independent reading orders)",,True,False,False,False,,False
dataset_f7dfd857275e7c253a5aba4730f93428121e5156bd4281c4101fd79514b0d8d9,dataset_version_a51bddcb369babc7d5f603d6c6a465de9505061bc876c2d3fdecdc2bcf5eee6e,page_b2487773e0fa83585a0b46d65cba2b32c61f80a0ae09a37dedd729f9c09847ea,document_f40d4746ae343d06b10c548ceca5118a7b21bfd4413d9f80a889ad8e8d84f8b4,Trolldom_och_annan_vidskepelse_-_Rättegångshandlingar_samt_skrivelser_till_Göta_Hovrätt__1731-1754_,A0060200,00157,dataset-rgb/Trolldom_och_annan_vidskepelse_-_Rättegångshandlingar_samt_skrivelser_till_Göta_Hovrätt__1731-1754_/Trolldom_och_annan_vidskepelse_-_Rättegångshandlingar_samt_skrivelser_till_Göta_Hovrätt__1731-1754__A0060200_00157.png,page_image_53f217d84ef5e8d21887da81812479801a0dd87c4cf0dbef48fc51907daa7f39,9177005,readable,PNG,6024,4720,1.2763,28433280,RGB,3,8,0.3228,False,False,,unique,,included,,Structurally difficult,"aspect ratio 1.2763 >= 1.15: double-page spread (two facing text blocks, central gutter, two independent reading orders)",,True,False,False,False,,False
dataset_f7dfd857275e7c253a5aba4730f93428121e5156bd4281c4101fd79514b0d8d9,dataset_version_a51bddcb369babc7d5f603d6c6a465de9505061bc876c2d3fdecdc2bcf5eee6e,page_97437f27070107c8a07c990de755ab5d6dc42a77bfdddbb3b09c13125fb5c352,document_f40d4746ae343d06b10c548ceca5118a7b21bfd4413d9f80a889ad8e8d84f8b4,Trolldom_och_annan_vidskepelse_-_Rättegångshandlingar_samt_skrivelser_till_Göta_Hovrätt__1731-1754_,A0060200,00166,dataset-rgb/Trolldom_och_annan_vidskepelse_-_Rättegångshandlingar_samt_skrivelser_till_Göta_Hovrätt__1731-1754_/Trolldom_och_annan_vidskepelse_-_Rättegångshandlingar_samt_skrivelser_till_Göta_Hovrätt__1731-1754__A0060200_00166.png,page_image_5c3ad6da139921d43feb72e8be51609689a9f200a1afaecafec2a9c97c0d469f,14798082,readable,PNG,6112,4760,1.284,29093120,RGB,3,8,0.5086,False,False,,unique,,included,,Structurally difficult,"aspect ratio 1.284 >= 1.15: double-page spread (two facing text blocks, central gutter, two independent reading orders)",,True,False,False,False,,False
dataset_f7dfd857275e7c253a5aba4730f93428121e5156bd4281c4101fd79514b0d8d9,dataset_version_a51bddcb369babc7d5f603d6c6a465de9505061bc876c2d3fdecdc2bcf5eee6e,page_f7a42b5b6a59496a97d89ddcab4a8a98033fde07f676f9e11d0239a91c7d2e70,document_f40d4746ae343d06b10c548ceca5118a7b21bfd4413d9f80a889ad8e8d84f8b4,Trolldom_och_annan_vidskepelse_-_Rättegångshandlingar_samt_skrivelser_till_Göta_Hovrätt__1731-1754_,A0060200,00167,dataset-rgb/Trolldom_och_annan_vidskepelse_-_Rättegångshandlingar_samt_skrivelser_till_Göta_Hovrätt__1731-1754_/Trolldom_och_annan_vidskepelse_-_Rättegångshandlingar_samt_skrivelser_till_Göta_Hovrätt__1731-1754__A0060200_00167.png,page_image_f4485a77a262fe171c4cdc2469882c287ec5b627ceaf53dff71cd2d4935c8412,14687086,readable,PNG,6088,4744,1.2833,28881472,RGB,3,8,0.5085,False,False,,unique,,included,,Structurally difficult,"aspect ratio 1.2833 >= 1.15: double-page spread (two facing text blocks, central gutter, two independent reading orders)",,True,False,False,False,,False
dataset_f7dfd857275e7c253a5aba4730f93428121e5156bd4281c4101fd79514b0d8d9,dataset_version_a51bddcb369babc7d5f603d6c6a465de9505061bc876c2d3fdecdc2bcf5eee6e,page_efd4703f5133d9d33d70d8aff6b620e1fb6013fddb3416f5c481f398d19ec444,document_f40d4746ae343d06b10c548ceca5118a7b21bfd4413d9f80a889ad8e8d84f8b4,Trolldom_och_annan_vidskepelse_-_Rättegångshandlingar_samt_skrivelser_till_Göta_Hovrätt__1731-1754_,A0060200,00168,dataset-rgb/Trolldom_och_annan_vidskepelse_-_Rättegångshandlingar_samt_skrivelser_till_Göta_Hovrätt__1731-1754_/Trolldom_och_annan_vidskepelse_-_Rättegångshandlingar_samt_skrivelser_till_Göta_Hovrätt__1731-1754__A0060200_00168.png,page_image_e8ead1235fd2e88c654ad6fe8824e6b0881f3934b815c3289fcd683b0536a2b8,15855932,readable,PNG,6072,4736,1.2821,28756992,RGB,3,8,0.5514,False,False,,unique,,included,,Structurally difficult,"aspect ratio 1.2821 >= 1.15: double-page spread (two facing text blocks, central gutter, two independent reading orders)",,True,False,False,False,,False
dataset_f7dfd857275e7c253a5aba4730f93428121e5156bd4281c4101fd79514b0d8d9,dataset_version_a51bddcb369babc7d5f603d6c6a465de9505061bc876c2d3fdecdc2bcf5eee6e,page_36bfe38a23fa46c53975513e240aa8e60981042fd674dcd43a53d3f05bd257d7,document_f40d4746ae343d06b10c548ceca5118a7b21bfd4413d9f80a889ad8e8d84f8b4,Trolldom_och_annan_vidskepelse_-_Rättegångshandlingar_samt_skrivelser_till_Göta_Hovrätt__1731-1754_,A0060200,00169,dataset-rgb/Trolldom_och_annan_vidskepelse_-_Rättegångshandlingar_samt_skrivelser_till_Göta_Hovrätt__1731-1754_/Trolldom_och_annan_vidskepelse_-_Rättegångshandlingar_samt_skrivelser_till_Göta_Hovrätt__1731-1754__A0060200_00169.png,page_image_9624b1f0b8f08b1e9026c6891d87ca11d193375807cdb406b5b35efdd73c42e1,16934357,readable,PNG,6088,4768,1.2768,29027584,RGB,3,8,0.5834,False,False,,unique,,included,,Structurally difficult,"aspect ratio 1.2768 >= 1.15: double-page spread (two facing text blocks, central gutter, two independent reading orders)",,True,False,False,False,,False
dataset_f7dfd857275e7c253a5aba4730f93428121e5156bd4281c4101fd79514b0d8d9,dataset_version_a51bddcb369babc7d5f603d6c6a465de9505061bc876c2d3fdecdc2bcf5eee6e,page_8d0220ea2aa0d47dd3eb15c406da8ca4ac29cfb4a949ad6633314c623c7e674c,document_f40d4746ae343d06b10c548ceca5118a7b21bfd4413d9f80a889ad8e8d84f8b4,Trolldom_och_annan_vidskepelse_-_Rättegångshandlingar_samt_skrivelser_till_Göta_Hovrätt__1731-1754_,A0060200,00179,dataset-rgb/Trolldom_och_annan_vidskepelse_-_Rättegångshandlingar_samt_skrivelser_till_Göta_Hovrätt__1731-1754_/Trolldom_och_annan_vidskepelse_-_Rättegångshandlingar_samt_skrivelser_till_Göta_Hovrätt__1731-1754__A0060200_00179.png,page_image_7907a3e491f614f39fc9f8aebbdb40c10c8d1e428fa7c4dcdb616f4eb276d038,13740979,readable,PNG,6352,4776,1.33,30337152,RGB,3,8,0.4529,False,False,,unique,,included,,Structurally difficult,"aspect ratio 1.33 >= 1.15: double-page spread (two facing text blocks, central gutter, two independent reading orders)",,True,False,False,False,,False
dataset_f7dfd857275e7c253a5aba4730f93428121e5156bd4281c4101fd79514b0d8d9,dataset_version_a51bddcb369babc7d5f603d6c6a465de9505061bc876c2d3fdecdc2bcf5eee6e,page_11869d5b96016a626bb1e3b8bd764f017c0f75f9437fa7701777a0957f184353,document_f40d4746ae343d06b10c548ceca5118a7b21bfd4413d9f80a889ad8e8d84f8b4,Trolldom_och_annan_vidskepelse_-_Rättegångshandlingar_samt_skrivelser_till_Göta_Hovrätt__1731-1754_,A0060200,00180,dataset-rgb/Trolldom_och_annan_vidskepelse_-_Rättegångshandlingar_samt_skrivelser_till_Göta_Hovrätt__1731-1754_/Trolldom_och_annan_vidskepelse_-_Rättegångshandlingar_samt_skrivelser_till_Göta_Hovrätt__1731-1754__A0060200_00180.png,page_image_17f22a891e238385c0cf9704fbc8d1b55983c8e9f7487bffcc90742a67f57457,12872423,readable,PNG,6376,4792,1.3306,30553792,RGB,3,8,0.4213,False,False,,unique,,included,,Structurally difficult,"aspect ratio 1.3306 >= 1.15: double-page spread (two facing text blocks, central gutter, two independent reading orders)",,True,False,False,False,,False
dataset_f7dfd857275e7c253a5aba4730f93428121e5156bd4281c4101fd79514b0d8d9,dataset_version_a51bddcb369babc7d5f603d6c6a465de9505061bc876c2d3fdecdc2bcf5eee6e,page_5c44de296627318bbd7f6956a3514fbe6c759f08f8a2282379304652d1127214,document_f40d4746ae343d06b10c548ceca5118a7b21bfd4413d9f80a889ad8e8d84f8b4,Trolldom_och_annan_vidskepelse_-_Rättegångshandlingar_samt_skrivelser_till_Göta_Hovrätt__1731-1754_,A0060200,00181,dataset-rgb/Trolldom_och_annan_vidskepelse_-_Rättegångshandlingar_samt_skrivelser_till_Göta_Hovrätt__1731-1754_/Trolldom_och_annan_vidskepelse_-_Rättegångshandlingar_samt_skrivelser_till_Göta_Hovrätt__1731-1754__A0060200_00181.png,page_image_ff05d4a7043027b377ac00de8f156ffe5d5733b2d548cae53ffa3efb1cefa330,13108659,readable,PNG,6352,4792,1.3255,30438784,RGB,3,8,0.4307,False,False,,unique,,included,,Structurally difficult,"aspect ratio 1.3255 >= 1.15: double-page spread (two facing text blocks, central gutter, two independent reading orders)",,True,False,False,False,,False
dataset_f7dfd857275e7c253a5aba4730f93428121e5156bd4281c4101fd79514b0d8d9,dataset_version_a51bddcb369babc7d5f603d6c6a465de9505061bc876c2d3fdecdc2bcf5eee6e,page_7cd09a0b6d009841fb15f2747f60cecc32e39b5b9260587dd068abdba5f1f45b,document_f40d4746ae343d06b10c548ceca5118a7b21bfd4413d9f80a889ad8e8d84f8b4,Trolldom_och_annan_vidskepelse_-_Rättegångshandlingar_samt_skrivelser_till_Göta_Hovrätt__1731-1754_,A0060200,00197,dataset-rgb/Trolldom_och_annan_vidskepelse_-_Rättegångshandlingar_samt_skrivelser_till_Göta_Hovrätt__1731-1754_/Trolldom_och_annan_vidskepelse_-_Rättegångshandlingar_samt_skrivelser_till_Göta_Hovrätt__1731-1754__A0060200_00197.png,page_image_1742ce0dffce984f7266f74e2cdffae036b9e41de06f45a3c46ddc30e7c3c3d4,13391491,readable,PNG,6072,4752,1.2778,28854144,RGB,3,8,0.4641,False,False,,unique,,included,,Structurally difficult,"aspect ratio 1.2778 >= 1.15: double-page spread (two facing text blocks, central gutter, two independent reading orders)",,True,False,False,False,,False
dataset_f7dfd857275e7c253a5aba4730f93428121e5156bd4281c4101fd79514b0d8d9,dataset_version_a51bddcb369babc7d5f603d6c6a465de9505061bc876c2d3fdecdc2bcf5eee6e,page_82af98674b271352ff8799d4a7dbc3ea924718691414a68d4e322f17ff22b9a9,document_f40d4746ae343d06b10c548ceca5118a7b21bfd4413d9f80a889ad8e8d84f8b4,Trolldom_och_annan_vidskepelse_-_Rättegångshandlingar_samt_skrivelser_till_Göta_Hovrätt__1731-1754_,A0060200,00198,dataset-rgb/Trolldom_och_annan_vidskepelse_-_Rättegångshandlingar_samt_skrivelser_till_Göta_Hovrätt__1731-1754_/Trolldom_och_annan_vidskepelse_-_Rättegångshandlingar_samt_skrivelser_till_Göta_Hovrätt__1731-1754__A0060200_00198.png,page_image_f1a7acca4b4e62c2a550e37d3d47e94692c560bfdd394924ee55428db843d893,12932153,readable,PNG,6064,4744,1.2782,28767616,RGB,3,8,0.4495,False,False,,unique,,included,,Structurally difficult,"aspect ratio 1.2782 >= 1.15: double-page spread (two facing text blocks, central gutter, two independent reading orders)",,True,False,False,False,,False
dataset_f7dfd857275e7c253a5aba4730f93428121e5156bd4281c4101fd79514b0d8d9,dataset_version_a51bddcb369babc7d5f603d6c6a465de9505061bc876c2d3fdecdc2bcf5eee6e,page_b9cf6d2f4639339719a8bc102026cc5dfb0727c2f0d4a3c950f680194687174d,document_f40d4746ae343d06b10c548ceca5118a7b21bfd4413d9f80a889ad8e8d84f8b4,Trolldom_och_annan_vidskepelse_-_Rättegångshandlingar_samt_skrivelser_till_Göta_Hovrätt__1731-1754_,A0060200,00199,dataset-rgb/Trolldom_och_annan_vidskepelse_-_Rättegångshandlingar_samt_skrivelser_till_Göta_Hovrätt__1731-1754_/Trolldom_och_annan_vidskepelse_-_Rättegångshandlingar_samt_skrivelser_till_Göta_Hovrätt__1731-1754__A0060200_00199.png,page_image_6b8d5cbb1d3085fa91e4b37441d93adf4aa6ea1d7f086dff9e36c57034d1a7e7,13561766,readable,PNG,6080,4736,1.2838,28794880,RGB,3,8,0.471,False,False,,unique,,included,,Structurally difficult,"aspect ratio 1.2838 >= 1.15: double-page spread (two facing text blocks, central gutter, two independent reading orders)",,True,False,False,False,,False
dataset_f7dfd857275e7c253a5aba4730f93428121e5156bd4281c4101fd79514b0d8d9,dataset_version_a51bddcb369babc7d5f603d6c6a465de9505061bc876c2d3fdecdc2bcf5eee6e,page_1e775116553a86c1fdb011ce2fb104c93b726f3a2a6ba8627551eda0577984d6,document_f40d4746ae343d06b10c548ceca5118a7b21bfd4413d9f80a889ad8e8d84f8b4,Trolldom_och_annan_vidskepelse_-_Rättegångshandlingar_samt_skrivelser_till_Göta_Hovrätt__1731-1754_,A0060200,00200,dataset-rgb/Trolldom_och_annan_vidskepelse_-_Rättegångshandlingar_samt_skrivelser_till_Göta_Hovrätt__1731-1754_/Trolldom_och_annan_vidskepelse_-_Rättegångshandlingar_samt_skrivelser_till_Göta_Hovrätt__1731-1754__A0060200_00200.png,page_image_545b22608f4aa165ba00171961126e20f8778a9db5c7e7b1722654a4223b2ce1,15396379,readable,PNG,6024,4752,1.2677,28626048,RGB,3,8,0.5378,False,False,,unique,,included,,Structurally difficult,"aspect ratio 1.2677 >= 1.15: double-page spread (two facing text blocks, central gutter, two independent reading orders)",,True,False,False,False,,False
dataset_f7dfd857275e7c253a5aba4730f93428121e5156bd4281c4101fd79514b0d8d9,dataset_version_a51bddcb369babc7d5f603d6c6a465de9505061bc876c2d3fdecdc2bcf5eee6e,page_2a9a823a9a2a31c40044c47f14e92388a168a0c83db7a2606610fe9175f0f64d,document_f40d4746ae343d06b10c548ceca5118a7b21bfd4413d9f80a889ad8e8d84f8b4,Trolldom_och_annan_vidskepelse_-_Rättegångshandlingar_samt_skrivelser_till_Göta_Hovrätt__1731-1754_,A0060200,00201,dataset-rgb/Trolldom_och_annan_vidskepelse_-_Rättegångshandlingar_samt_skrivelser_till_Göta_Hovrätt__1731-1754_/Trolldom_och_annan_vidskepelse_-_Rättegångshandlingar_samt_skrivelser_till_Göta_Hovrätt__1731-1754__A0060200_00201.png,page_image_961d9342fc61caed2dbf722c021aa743400465c952829f97b204f9fcc2e4271c,13911592,readable,PNG,6040,4752,1.271,28702080,RGB,3,8,0.4847,False,False,,unique,,included,,Structurally difficult,"aspect ratio 1.271 >= 1.15: double-page spread (two facing text blocks, central gutter, two independent reading orders)",,True,False,False,False,,False
dataset_f7dfd857275e7c253a5aba4730f93428121e5156bd4281c4101fd79514b0d8d9,dataset_version_a51bddcb369babc7d5f603d6c6a465de9505061bc876c2d3fdecdc2bcf5eee6e,page_3a1ff92d1d60bace67b77bbceb3b78fa96c634ce82d42c8344c714ac7877e565,document_f40d4746ae343d06b10c548ceca5118a7b21bfd4413d9f80a889ad8e8d84f8b4,Trolldom_och_annan_vidskepelse_-_Rättegångshandlingar_samt_skrivelser_till_Göta_Hovrätt__1731-1754_,A0060200,00202,dataset-rgb/Trolldom_och_annan_vidskepelse_-_Rättegångshandlingar_samt_skrivelser_till_Göta_Hovrätt__1731-1754_/Trolldom_och_annan_vidskepelse_-_Rättegångshandlingar_samt_skrivelser_till_Göta_Hovrätt__1731-1754__A0060200_00202.png,page_image_5dc7d522a8dc89c2fe62b7e1918a3590e735a2c6bae3bf7de3e0b0cf96f1c25c,14011486,readable,PNG,6040,4768,1.2668,28798720,RGB,3,8,0.4865,False,False,,unique,,included,,Structurally difficult,"aspect ratio 1.2668 >= 1.15: double-page spread (two facing text blocks, central gutter, two independent reading orders)",,True,False,False,False,,False
dataset_f7dfd857275e7c253a5aba4730f93428121e5156bd4281c4101fd79514b0d8d9,dataset_version_a51bddcb369babc7d5f603d6c6a465de9505061bc876c2d3fdecdc2bcf5eee6e,page_ad046127887054b0c59d166156d8d237f52d6a686380ca1b9b8fde639468efe6,document_f40d4746ae343d06b10c548ceca5118a7b21bfd4413d9f80a889ad8e8d84f8b4,Trolldom_och_annan_vidskepelse_-_Rättegångshandlingar_samt_skrivelser_till_Göta_Hovrätt__1731-1754_,A0060200,00203,dataset-rgb/Trolldom_och_annan_vidskepelse_-_Rättegångshandlingar_samt_skrivelser_till_Göta_Hovrätt__1731-1754_/Trolldom_och_annan_vidskepelse_-_Rättegångshandlingar_samt_skrivelser_till_Göta_Hovrätt__1731-1754__A0060200_00203.png,page_image_05e95e601dc07091f27ae339d2d94d001f5a1170e48191aa7a28ebaa69a29783,6071915,readable,PNG,6040,4752,1.271,28702080,RGB,3,8,0.2115,False,False,,unique,,included,,Structurally difficult,"aspect ratio 1.271 >= 1.15: double-page spread (two facing text blocks, central gutter, two independent reading orders); 0.2115 encoded bytes/pixel < 0.31: unusually low-entropy lossless raster (faint, low-contrast or heavily denoised scan)",,True,True,False,False,,False
dataset_f7dfd857275e7c253a5aba4730f93428121e5156bd4281c4101fd79514b0d8d9,dataset_version_a51bddcb369babc7d5f603d6c6a465de9505061bc876c2d3fdecdc2bcf5eee6e,page_29b374db2eca6e81ac0cebc9bbf0d6228e34a38ee4816357f37e57a014207e0f,document_f40d4746ae343d06b10c548ceca5118a7b21bfd4413d9f80a889ad8e8d84f8b4,Trolldom_och_annan_vidskepelse_-_Rättegångshandlingar_samt_skrivelser_till_Göta_Hovrätt__1731-1754_,A0060200,00300,dataset-rgb/Trolldom_och_annan_vidskepelse_-_Rättegångshandlingar_samt_skrivelser_till_Göta_Hovrätt__1731-1754_/Trolldom_och_annan_vidskepelse_-_Rättegångshandlingar_samt_skrivelser_till_Göta_Hovrätt__1731-1754__A0060200_00300.png,page_image_b5b8bb07283ab67c91ce990f74c3afa9666a922d88fa925984b23fd656ea4352,14736913,readable,PNG,6128,4696,1.3049,28777088,RGB,3,8,0.5121,False,False,,unique,,included,,Structurally difficult,"aspect ratio 1.3049 >= 1.15: double-page spread (two facing text blocks, central gutter, two independent reading orders)",,True,False,False,False,,True
dataset_f7dfd857275e7c253a5aba4730f93428121e5156bd4281c4101fd79514b0d8d9,dataset_version_a51bddcb369babc7d5f603d6c6a465de9505061bc876c2d3fdecdc2bcf5eee6e,page_8a7130b35c077f027164407fd0d79337a820869638f7cbb0e1d8d2d894217947,document_f40d4746ae343d06b10c548ceca5118a7b21bfd4413d9f80a889ad8e8d84f8b4,Trolldom_och_annan_vidskepelse_-_Rättegångshandlingar_samt_skrivelser_till_Göta_Hovrätt__1731-1754_,A0060200,00301,dataset-rgb/Trolldom_och_annan_vidskepelse_-_Rättegångshandlingar_samt_skrivelser_till_Göta_Hovrätt__1731-1754_/Trolldom_och_annan_vidskepelse_-_Rättegångshandlingar_samt_skrivelser_till_Göta_Hovrätt__1731-1754__A0060200_00301.png,page_image_c4366b0084eafa88e0209f7e8b390afc5da285c66bfc6cd7004255f8ba4b1cbb,14579040,readable,PNG,6168,4720,1.3068,29112960,RGB,3,8,0.5008,False,False,,unique,,included,,Structurally difficult,"aspect ratio 1.3068 >= 1.15: double-page spread (two facing text blocks, central gutter, two independent reading orders)",,True,False,False,False,,False
dataset_f7dfd857275e7c253a5aba4730f93428121e5156bd4281c4101fd79514b0d8d9,dataset_version_a51bddcb369babc7d5f603d6c6a465de9505061bc876c2d3fdecdc2bcf5eee6e,page_3b7b3ec61da5a50ee4653b21db53c3fbaf5d406c277226805b667f8de4f317ae,document_f40d4746ae343d06b10c548ceca5118a7b21bfd4413d9f80a889ad8e8d84f8b4,Trolldom_och_annan_vidskepelse_-_Rättegångshandlingar_samt_skrivelser_till_Göta_Hovrätt__1731-1754_,A0060200,00302,dataset-rgb/Trolldom_och_annan_vidskepelse_-_Rättegångshandlingar_samt_skrivelser_till_Göta_Hovrätt__1731-1754_/Trolldom_och_annan_vidskepelse_-_Rättegångshandlingar_samt_skrivelser_till_Göta_Hovrätt__1731-1754__A0060200_00302.png,page_image_8d3bfad245eff0e90800bf6b880fd4fbec45a32c8b9b8f675aaf60ac11dc44c3,15142979,readable,PNG,6152,4728,1.3012,29086656,RGB,3,8,0.5206,False,False,,unique,,included,,Structurally difficult,"aspect ratio 1.3012 >= 1.15: double-page spread (two facing text blocks, central gutter, two independent reading orders)",,True,False,False,False,,False
dataset_f7dfd857275e7c253a5aba4730f93428121e5156bd4281c4101fd79514b0d8d9,dataset_version_a51bddcb369babc7d5f603d6c6a465de9505061bc876c2d3fdecdc2bcf5eee6e,page_a2083de3ea755bf684f4ee1808ead2679a1106b92b3f3735a466fb5639f8bf2b,document_f40d4746ae343d06b10c548ceca5118a7b21bfd4413d9f80a889ad8e8d84f8b4,Trolldom_och_annan_vidskepelse_-_Rättegångshandlingar_samt_skrivelser_till_Göta_Hovrätt__1731-1754_,A0060200,00303,dataset-rgb/Trolldom_och_annan_vidskepelse_-_Rättegångshandlingar_samt_skrivelser_till_Göta_Hovrätt__1731-1754_/Trolldom_och_annan_vidskepelse_-_Rättegångshandlingar_samt_skrivelser_till_Göta_Hovrätt__1731-1754__A0060200_00303.png,page_image_d70422d50c5365d772f38220217f734cd77a29ab405aec05473d6219a8ccef9e,15634006,readable,PNG,6200,4688,1.3225,29065600,RGB,3,8,0.5379,False,False,,unique,,included,,Structurally difficult,"aspect ratio 1.3225 >= 1.15: double-page spread (two facing text blocks, central gutter, two independent reading orders)",,True,False,False,False,,False
dataset_f7dfd857275e7c253a5aba4730f93428121e5156bd4281c4101fd79514b0d8d9,dataset_version_a51bddcb369babc7d5f603d6c6a465de9505061bc876c2d3fdecdc2bcf5eee6e,page_d74096161a9dba7e4f0a1d8d73af0e6e91367ecbefdd2eafcd1c2e04a1efafcd,document_f40d4746ae343d06b10c548ceca5118a7b21bfd4413d9f80a889ad8e8d84f8b4,Trolldom_och_annan_vidskepelse_-_Rättegångshandlingar_samt_skrivelser_till_Göta_Hovrätt__1731-1754_,A0060200,00304,dataset-rgb/Trolldom_och_annan_vidskepelse_-_Rättegångshandlingar_samt_skrivelser_till_Göta_Hovrätt__1731-1754_/Trolldom_och_annan_vidskepelse_-_Rättegångshandlingar_samt_skrivelser_till_Göta_Hovrätt__1731-1754__A0060200_00304.png,page_image_1f0d907583cfc566debac4cb3c27646cad8be13f3e8a5bd289b6ccfd6d68821c,15061193,readable,PNG,6160,4768,1.2919,29370880,RGB,3,8,0.5128,False,False,,unique,,included,,Structurally difficult,"aspect ratio 1.2919 >= 1.15: double-page spread (two facing text blocks, central gutter, two independent reading orders)",,True,False,False,False,,False
dataset_f7dfd857275e7c253a5aba4730f93428121e5156bd4281c4101fd79514b0d8d9,dataset_version_a51bddcb369babc7d5f603d6c6a465de9505061bc876c2d3fdecdc2bcf5eee6e,page_0714bf7a4b338c461daf195f882bf0ffd28bb9c52a93a143f1e58a33a0c72029,document_f40d4746ae343d06b10c548ceca5118a7b21bfd4413d9f80a889ad8e8d84f8b4,Trolldom_och_annan_vidskepelse_-_Rättegångshandlingar_samt_skrivelser_till_Göta_Hovrätt__1731-1754_,A0060200,00305,dataset-rgb/Trolldom_och_annan_vidskepelse_-_Rättegångshandlingar_samt_skrivelser_till_Göta_Hovrätt__1731-1754_/Trolldom_och_annan_vidskepelse_-_Rättegångshandlingar_samt_skrivelser_till_Göta_Hovrätt__1731-1754__A0060200_00305.png,page_image_905de0ec06874dec02860571e74d6a486ed1d0ae73682939a962ac3349b96737,15555145,readable,PNG,6192,4760,1.3008,29473920,RGB,3,8,0.5278,False,False,,unique,,included,,Structurally difficult,"aspect ratio 1.3008 >= 1.15: double-page spread (two facing text blocks, central gutter, two independent reading orders)",,True,False,False,False,,False
dataset_f7dfd857275e7c253a5aba4730f93428121e5156bd4281c4101fd79514b0d8d9,dataset_version_a51bddcb369babc7d5f603d6c6a465de9505061bc876c2d3fdecdc2bcf5eee6e,page_a9a704774fe75ccf84f4a9d4e9162d19c40946b6c5865f0799e11dd8c3da7dc1,document_f40d4746ae343d06b10c548ceca5118a7b21bfd4413d9f80a889ad8e8d84f8b4,Trolldom_och_annan_vidskepelse_-_Rättegångshandlingar_samt_skrivelser_till_Göta_Hovrätt__1731-1754_,A0060200,00306,dataset-rgb/Trolldom_och_annan_vidskepelse_-_Rättegångshandlingar_samt_skrivelser_till_Göta_Hovrätt__1731-1754_/Trolldom_och_annan_vidskepelse_-_Rättegångshandlingar_samt_skrivelser_till_Göta_Hovrätt__1731-1754__A0060200_00306.png,page_image_9b1cee9aff04440d9789e3910f2385c1793a21daaf1433abde0822ede371e140,15619966,readable,PNG,6208,4744,1.3086,29450752,RGB,3,8,0.5304,False,False,,unique,,included,,Structurally difficult,"aspect ratio 1.3086 >= 1.15: double-page spread (two facing text blocks, central gutter, two independent reading orders)",,True,False,False,False,,False
dataset_f7dfd857275e7c253a5aba4730f93428121e5156bd4281c4101fd79514b0d8d9,dataset_version_a51bddcb369babc7d5f603d6c6a465de9505061bc876c2d3fdecdc2bcf5eee6e,page_7cea635da902dc9e481b413a9fb72bf8b35a2ee16cc28a3fdb75fa89ad1b37bb,document_f40d4746ae343d06b10c548ceca5118a7b21bfd4413d9f80a889ad8e8d84f8b4,Trolldom_och_annan_vidskepelse_-_Rättegångshandlingar_samt_skrivelser_till_Göta_Hovrätt__1731-1754_,A0060200,00308,dataset-rgb/Trolldom_och_annan_vidskepelse_-_Rättegångshandlingar_samt_skrivelser_till_Göta_Hovrätt__1731-1754_/Trolldom_och_annan_vidskepelse_-_Rättegångshandlingar_samt_skrivelser_till_Göta_Hovrätt__1731-1754__A0060200_00308.png,page_image_b08e611e7e98c8e7b6cc10d9b8d4875026d702c61099821ab708ddf7f39ec130,15798574,readable,PNG,6216,4832,1.2864,30035712,RGB,3,8,0.526,False,False,,unique,,included,,Structurally difficult,"aspect ratio 1.2864 >= 1.15: double-page spread (two facing text blocks, central gutter, two independent reading orders)",,True,False,False,False,,False
dataset_f7dfd857275e7c253a5aba4730f93428121e5156bd4281c4101fd79514b0d8d9,dataset_version_a51bddcb369babc7d5f603d6c6a465de9505061bc876c2d3fdecdc2bcf5eee6e,page_9ef38a6222b04f58303ee819e3563354dbf70a7a6da1923980472e495912f65b,document_f40d4746ae343d06b10c548ceca5118a7b21bfd4413d9f80a889ad8e8d84f8b4,Trolldom_och_annan_vidskepelse_-_Rättegångshandlingar_samt_skrivelser_till_Göta_Hovrätt__1731-1754_,A0060200,00309,dataset-rgb/Trolldom_och_annan_vidskepelse_-_Rättegångshandlingar_samt_skrivelser_till_Göta_Hovrätt__1731-1754_/Trolldom_och_annan_vidskepelse_-_Rättegångshandlingar_samt_skrivelser_till_Göta_Hovrätt__1731-1754__A0060200_00309.png,page_image_a0dbfcfc23e10e2cd35fc06ab2a52a47527433df595065adb03c5f0f36cdaffe,15884136,readable,PNG,6264,4760,1.316,29816640,RGB,3,8,0.5327,False,False,,unique,,included,,Structurally difficult,"aspect ratio 1.316 >= 1.15: double-page spread (two facing text blocks, central gutter, two independent reading orders)",,True,False,False,False,,False
dataset_f7dfd857275e7c253a5aba4730f93428121e5156bd4281c4101fd79514b0d8d9,dataset_version_a51bddcb369babc7d5f603d6c6a465de9505061bc876c2d3fdecdc2bcf5eee6e,page_2bf6bc58b26596d054bb93ee6d18440d3152653cf6943ed8337bf4757372c39d,document_f40d4746ae343d06b10c548ceca5118a7b21bfd4413d9f80a889ad8e8d84f8b4,Trolldom_och_annan_vidskepelse_-_Rättegångshandlingar_samt_skrivelser_till_Göta_Hovrätt__1731-1754_,A0060200,00310,dataset-rgb/Trolldom_och_annan_vidskepelse_-_Rättegångshandlingar_samt_skrivelser_till_Göta_Hovrätt__1731-1754_/Trolldom_och_annan_vidskepelse_-_Rättegångshandlingar_samt_skrivelser_till_Göta_Hovrätt__1731-1754__A0060200_00310.png,page_image_bc8d584c8a388980089deb3c4ad62f2f7addf20a3f7fa24dbbb856aaaac7ca1c,13404137,readable,PNG,6240,4704,1.3265,29352960,RGB,3,8,0.4567,False,False,,unique,,included,,Structurally difficult,"aspect ratio 1.3265 >= 1.15: double-page spread (two facing text blocks, central gutter, two independent reading orders)",,True,False,False,False,,False
dataset_f7dfd857275e7c253a5aba4730f93428121e5156bd4281c4101fd79514b0d8d9,dataset_version_a51bddcb369babc7d5f603d6c6a465de9505061bc876c2d3fdecdc2bcf5eee6e,page_690e381f0142b57f39ff258801603a5270b5a3b541040fce428bc5746756fbb6,document_f40d4746ae343d06b10c548ceca5118a7b21bfd4413d9f80a889ad8e8d84f8b4,Trolldom_och_annan_vidskepelse_-_Rättegångshandlingar_samt_skrivelser_till_Göta_Hovrätt__1731-1754_,A0060200,00326,dataset-rgb/Trolldom_och_annan_vidskepelse_-_Rättegångshandlingar_samt_skrivelser_till_Göta_Hovrätt__1731-1754_/Trolldom_och_annan_vidskepelse_-_Rättegångshandlingar_samt_skrivelser_till_Göta_Hovrätt__1731-1754__A0060200_00326.png,page_image_2e232f9cf1245eb8b804169395413f776bf63ebb465a1d9ae52f59becbaf361b,18570140,readable,PNG,6296,4808,1.3095,30271168,RGB,3,8,0.6135,False,False,,unique,,included,,Structurally difficult,"aspect ratio 1.3095 >= 1.15: double-page spread (two facing text blocks, central gutter, two independent reading orders)",,True,False,False,False,,False
dataset_f7dfd857275e7c253a5aba4730f93428121e5156bd4281c4101fd79514b0d8d9,dataset_version_a51bddcb369babc7d5f603d6c6a465de9505061bc876c2d3fdecdc2bcf5eee6e,page_6e4a4b0a740c2df515b8551b2a769fa8ac3e1f2f69d37af255b592e2a60497f3,document_f40d4746ae343d06b10c548ceca5118a7b21bfd4413d9f80a889ad8e8d84f8b4,Trolldom_och_annan_vidskepelse_-_Rättegångshandlingar_samt_skrivelser_till_Göta_Hovrätt__1731-1754_,A0060200,00327,dataset-rgb/Trolldom_och_annan_vidskepelse_-_Rättegångshandlingar_samt_skrivelser_till_Göta_Hovrätt__1731-1754_/Trolldom_och_annan_vidskepelse_-_Rättegångshandlingar_samt_skrivelser_till_Göta_Hovrätt__1731-1754__A0060200_00327.png,page_image_99c35bc58218adc8fcc295914425ec4af6cd359139dbdf712dca70d97607d085,15569182,readable,PNG,6240,4848,1.2871,30251520,RGB,3,8,0.5147,False,False,,unique,,included,,Structurally difficult,"aspect ratio 1.2871 >= 1.15: double-page spread (two facing text blocks, central gutter, two independent reading orders)",,True,False,False,False,,False
dataset_f7dfd857275e7c253a5aba4730f93428121e5156bd4281c4101fd79514b0d8d9,dataset_version_a51bddcb369babc7d5f603d6c6a465de9505061bc876c2d3fdecdc2bcf5eee6e,page_002778a655323768d1b19a8342c8cb051bc8eff7dcb6bebe0dae83f6aabcb69d,document_5b377b1fd0c80fe036c54698263d3e825575c572cf5dd383d53f25590620df85,Trolldom_och_annan_vidskepelse_-_Rättegångshandlingar_samt_skrivelser_till_Göta_Hovrätt__1755-1764_,A0060201,00007,dataset-rgb/Trolldom_och_annan_vidskepelse_-_Rättegångshandlingar_samt_skrivelser_till_Göta_Hovrätt__1755-1764_/Trolldom_och_annan_vidskepelse_-_Rättegångshandlingar_samt_skrivelser_till_Göta_Hovrätt__1755-1764__A0060201_00007.png,page_image_807d6aea7a353303ac2825a0b3a32099ecfe5b5158133005177cd8ceb2e48f51,11973191,readable,PNG,5936,4824,1.2305,28635264,RGB,3,8,0.4181,False,False,,unique,,included,,Structurally difficult,"aspect ratio 1.2305 >= 1.15: double-page spread (two facing text blocks, central gutter, two independent reading orders)",,True,False,False,False,,False
dataset_f7dfd857275e7c253a5aba4730f93428121e5156bd4281c4101fd79514b0d8d9,dataset_version_a51bddcb369babc7d5f603d6c6a465de9505061bc876c2d3fdecdc2bcf5eee6e,page_d86cca58914f70e9abbc85ea793e5f6d13862ae821d92522873610937045fe45,document_5b377b1fd0c80fe036c54698263d3e825575c572cf5dd383d53f25590620df85,Trolldom_och_annan_vidskepelse_-_Rättegångshandlingar_samt_skrivelser_till_Göta_Hovrätt__1755-1764_,A0060201,00008,dataset-rgb/Trolldom_och_annan_vidskepelse_-_Rättegångshandlingar_samt_skrivelser_till_Göta_Hovrätt__1755-1764_/Trolldom_och_annan_vidskepelse_-_Rättegångshandlingar_samt_skrivelser_till_Göta_Hovrätt__1755-1764__A0060201_00008.png,page_image_baa09227c0d487446e2c3b17063dcb907ab04a4c9f3ac9d804b36c4b6b8cb7cb,13160835,readable,PNG,5968,4840,1.2331,28885120,RGB,3,8,0.4556,False,False,,unique,,included,,Structurally difficult,"aspect ratio 1.2331 >= 1.15: double-page spread (two facing text blocks, central gutter, two independent reading orders)",,True,False,False,False,,False
dataset_f7dfd857275e7c253a5aba4730f93428121e5156bd4281c4101fd79514b0d8d9,dataset_version_a51bddcb369babc7d5f603d6c6a465de9505061bc876c2d3fdecdc2bcf5eee6e,page_70655d30e3630156aa04872e971ee1328b09dc00fa74ab8d4fa329905d0db318,document_5b377b1fd0c80fe036c54698263d3e825575c572cf5dd383d53f25590620df85,Trolldom_och_annan_vidskepelse_-_Rättegångshandlingar_samt_skrivelser_till_Göta_Hovrätt__1755-1764_,A0060201,00009,dataset-rgb/Trolldom_och_annan_vidskepelse_-_Rättegångshandlingar_samt_skrivelser_till_Göta_Hovrätt__1755-1764_/Trolldom_och_annan_vidskepelse_-_Rättegångshandlingar_samt_skrivelser_till_Göta_Hovrätt__1755-1764__A0060201_00009.png,page_image_e1108b8c049618ab59c902aaf20a4edba49ebb1fe70145d4a6ded6a33a666843,12910954,readable,PNG,5984,4744,1.2614,28388096,RGB,3,8,0.4548,False,False,,unique,,included,,Structurally difficult,"aspect ratio 1.2614 >= 1.15: double-page spread (two facing text blocks, central gutter, two independent reading orders)",,True,False,False,False,,False
dataset_f7dfd857275e7c253a5aba4730f93428121e5156bd4281c4101fd79514b0d8d9,dataset_version_a51bddcb369babc7d5f603d6c6a465de9505061bc876c2d3fdecdc2bcf5eee6e,page_37dcbfbaa2540dfbd9aa587d9a63af732f83c6e095ea3e79cc5fa636c8accb6d,document_5b377b1fd0c80fe036c54698263d3e825575c572cf5dd383d53f25590620df85,Trolldom_och_annan_vidskepelse_-_Rättegångshandlingar_samt_skrivelser_till_Göta_Hovrätt__1755-1764_,A0060201,00010,dataset-rgb/Trolldom_och_annan_vidskepelse_-_Rättegångshandlingar_samt_skrivelser_till_Göta_Hovrätt__1755-1764_/Trolldom_och_annan_vidskepelse_-_Rättegångshandlingar_samt_skrivelser_till_Göta_Hovrätt__1755-1764__A0060201_00010.png,page_image_4e79ba256a8db48f80dbebddc76ec5c8ad8e2e78acd91ea30bc04138f91fa8f0,12206595,readable,PNG,6000,4816,1.2458,28896000,RGB,3,8,0.4224,False,False,,unique,,included,,Structurally difficult,"aspect ratio 1.2458 >= 1.15: double-page spread (two facing text blocks, central gutter, two independent reading orders)",,True,False,False,False,,False
dataset_f7dfd857275e7c253a5aba4730f93428121e5156bd4281c4101fd79514b0d8d9,dataset_version_a51bddcb369babc7d5f603d6c6a465de9505061bc876c2d3fdecdc2bcf5eee6e,page_644ae0bd47f1688cbb1fca696bc147dbf09cd620e55e2cc742d5f5dbe50a7c00,document_5b377b1fd0c80fe036c54698263d3e825575c572cf5dd383d53f25590620df85,Trolldom_och_annan_vidskepelse_-_Rättegångshandlingar_samt_skrivelser_till_Göta_Hovrätt__1755-1764_,A0060201,00011,dataset-rgb/Trolldom_och_annan_vidskepelse_-_Rättegångshandlingar_samt_skrivelser_till_Göta_Hovrätt__1755-1764_/Trolldom_och_annan_vidskepelse_-_Rättegångshandlingar_samt_skrivelser_till_Göta_Hovrätt__1755-1764__A0060201_00011.png,page_image_ec69bf779f4e047829a1d58f8007c3886eda385958a2b7c685b1283579abc91d,12292043,readable,PNG,5984,4784,1.2508,28627456,RGB,3,8,0.4294,False,False,,unique,,included,,Structurally difficult,"aspect ratio 1.2508 >= 1.15: double-page spread (two facing text blocks, central gutter, two independent reading orders)",,True,False,False,False,,False
dataset_f7dfd857275e7c253a5aba4730f93428121e5156bd4281c4101fd79514b0d8d9,dataset_version_a51bddcb369babc7d5f603d6c6a465de9505061bc876c2d3fdecdc2bcf5eee6e,page_6e2fcc4f8ef26672e61f9c24b55398a1fd6f9bb5389ec62e3a54940aa79a3d9b,document_5b377b1fd0c80fe036c54698263d3e825575c572cf5dd383d53f25590620df85,Trolldom_och_annan_vidskepelse_-_Rättegångshandlingar_samt_skrivelser_till_Göta_Hovrätt__1755-1764_,A0060201,00012,dataset-rgb/Trolldom_och_annan_vidskepelse_-_Rättegångshandlingar_samt_skrivelser_till_Göta_Hovrätt__1755-1764_/Trolldom_och_annan_vidskepelse_-_Rättegångshandlingar_samt_skrivelser_till_Göta_Hovrätt__1755-1764__A0060201_00012.png,page_image_3f1018909f513dd174d7746be2b76617a9acc3273206dddb477302fb158d9502,11885970,readable,PNG,5920,4808,1.2313,28463360,RGB,3,8,0.4176,False,False,,unique,,included,,Structurally difficult,"aspect ratio 1.2313 >= 1.15: double-page spread (two facing text blocks, central gutter, two independent reading orders)",,True,False,False,False,,False
dataset_f7dfd857275e7c253a5aba4730f93428121e5156bd4281c4101fd79514b0d8d9,dataset_version_a51bddcb369babc7d5f603d6c6a465de9505061bc876c2d3fdecdc2bcf5eee6e,page_4abcb304f8d93ca9246a3d27447e14913b5267dc65fe81edd4a18acd6aeb9918,document_5b377b1fd0c80fe036c54698263d3e825575c572cf5dd383d53f25590620df85,Trolldom_och_annan_vidskepelse_-_Rättegångshandlingar_samt_skrivelser_till_Göta_Hovrätt__1755-1764_,A0060201,00013,dataset-rgb/Trolldom_och_annan_vidskepelse_-_Rättegångshandlingar_samt_skrivelser_till_Göta_Hovrätt__1755-1764_/Trolldom_och_annan_vidskepelse_-_Rättegångshandlingar_samt_skrivelser_till_Göta_Hovrätt__1755-1764__A0060201_00013.png,page_image_4972c55f8086ce25335dcf9ef935f2f5d44a4b3a168c175526480eddc5408043,8053489,readable,PNG,5888,4840,1.2165,28497920,RGB,3,8,0.2826,False,False,,unique,,included,,Structurally difficult,"aspect ratio 1.2165 >= 1.15: double-page spread (two facing text blocks, central gutter, two independent reading orders); 0.2826 encoded bytes/pixel < 0.31: unusually low-entropy lossless raster (faint, low-contrast or heavily denoised scan)",,True,True,False,False,,False
dataset_f7dfd857275e7c253a5aba4730f93428121e5156bd4281c4101fd79514b0d8d9,dataset_version_a51bddcb369babc7d5f603d6c6a465de9505061bc876c2d3fdecdc2bcf5eee6e,page_3472d8ae4bcf9bdf41a561d04277e7066ab4da5befad28fb002a6d596f2fe94b,document_5b377b1fd0c80fe036c54698263d3e825575c572cf5dd383d53f25590620df85,Trolldom_och_annan_vidskepelse_-_Rättegångshandlingar_samt_skrivelser_till_Göta_Hovrätt__1755-1764_,A0060201,00019,dataset-rgb/Trolldom_och_annan_vidskepelse_-_Rättegångshandlingar_samt_skrivelser_till_Göta_Hovrätt__1755-1764_/Trolldom_och_annan_vidskepelse_-_Rättegångshandlingar_samt_skrivelser_till_Göta_Hovrätt__1755-1764__A0060201_00019.png,page_image_c9b39c675df941d44f3de57857aae817a5cc516562c675046a63377b653fc0d4,12249977,readable,PNG,6240,4928,1.2662,30750720,RGB,3,8,0.3984,False,False,,unique,,included,,Structurally difficult,"aspect ratio 1.2662 >= 1.15: double-page spread (two facing text blocks, central gutter, two independent reading orders)",,True,False,False,False,,False
dataset_f7dfd857275e7c253a5aba4730f93428121e5156bd4281c4101fd79514b0d8d9,dataset_version_a51bddcb369babc7d5f603d6c6a465de9505061bc876c2d3fdecdc2bcf5eee6e,page_c565c4092dfe7ee038bf60637eafcd38bf2487a3f90c57a3ed985ed2c175d6ae,document_5b377b1fd0c80fe036c54698263d3e825575c572cf5dd383d53f25590620df85,Trolldom_och_annan_vidskepelse_-_Rättegångshandlingar_samt_skrivelser_till_Göta_Hovrätt__1755-1764_,A0060201,00025,dataset-rgb/Trolldom_och_annan_vidskepelse_-_Rättegångshandlingar_samt_skrivelser_till_Göta_Hovrätt__1755-1764_/Trolldom_och_annan_vidskepelse_-_Rättegångshandlingar_samt_skrivelser_till_Göta_Hovrätt__1755-1764__A0060201_00025.png,page_image_0b3e4bfd3e4ae9491126dd5e9a28e0afda2a2035f5d81cfced63148897061a74,14867814,readable,PNG,6304,4888,1.2897,30813952,RGB,3,8,0.4825,False,False,,unique,,included,,Structurally difficult,"aspect ratio 1.2897 >= 1.15: double-page spread (two facing text blocks, central gutter, two independent reading orders)",,True,False,False,False,,False
dataset_f7dfd857275e7c253a5aba4730f93428121e5156bd4281c4101fd79514b0d8d9,dataset_version_a51bddcb369babc7d5f603d6c6a465de9505061bc876c2d3fdecdc2bcf5eee6e,page_51ca7d7754744c8b607b720d12e8d1f5e5ef4fce4b0843d31b5b7082c749bd8c,document_5b377b1fd0c80fe036c54698263d3e825575c572cf5dd383d53f25590620df85,Trolldom_och_annan_vidskepelse_-_Rättegångshandlingar_samt_skrivelser_till_Göta_Hovrätt__1755-1764_,A0060201,00026,dataset-rgb/Trolldom_och_annan_vidskepelse_-_Rättegångshandlingar_samt_skrivelser_till_Göta_Hovrätt__1755-1764_/Trolldom_och_annan_vidskepelse_-_Rättegångshandlingar_samt_skrivelser_till_Göta_Hovrätt__1755-1764__A0060201_00026.png,page_image_bb57eb523fc64ab2301e9c5865161fd08642be3e545f73fce91187b599b7f783,11559859,readable,PNG,6304,4848,1.3003,30561792,RGB,3,8,0.3782,False,False,,unique,,included,,Structurally difficult,"aspect ratio 1.3003 >= 1.15: double-page spread (two facing text blocks, central gutter, two independent reading orders)",,True,False,False,False,,False
dataset_f7dfd857275e7c253a5aba4730f93428121e5156bd4281c4101fd79514b0d8d9,dataset_version_a51bddcb369babc7d5f603d6c6a465de9505061bc876c2d3fdecdc2bcf5eee6e,page_10c9eeec3ea3abae89b692de1ae01387dd90402e13e0805079ba4f678eac0e1e,document_5b377b1fd0c80fe036c54698263d3e825575c572cf5dd383d53f25590620df85,Trolldom_och_annan_vidskepelse_-_Rättegångshandlingar_samt_skrivelser_till_Göta_Hovrätt__1755-1764_,A0060201,00027,dataset-rgb/Trolldom_och_annan_vidskepelse_-_Rättegångshandlingar_samt_skrivelser_till_Göta_Hovrätt__1755-1764_/Trolldom_och_annan_vidskepelse_-_Rättegångshandlingar_samt_skrivelser_till_Göta_Hovrätt__1755-1764__A0060201_00027.png,page_image_9dc3b41374aa32f3840531ed68a311831171a2924af53686eba4749a5882607f,13245935,readable,PNG,6304,4928,1.2792,31066112,RGB,3,8,0.4264,False,False,,unique,,included,,Structurally difficult,"aspect ratio 1.2792 >= 1.15: double-page spread (two facing text blocks, central gutter, two independent reading orders)",,True,False,False,False,,False
dataset_f7dfd857275e7c253a5aba4730f93428121e5156bd4281c4101fd79514b0d8d9,dataset_version_a51bddcb369babc7d5f603d6c6a465de9505061bc876c2d3fdecdc2bcf5eee6e,page_3bf083bcb95f58911628376083bcbaa8942481ee0c4d3ebb6269232a3276469f,document_5b377b1fd0c80fe036c54698263d3e825575c572cf5dd383d53f25590620df85,Trolldom_och_annan_vidskepelse_-_Rättegångshandlingar_samt_skrivelser_till_Göta_Hovrätt__1755-1764_,A0060201,00028,dataset-rgb/Trolldom_och_annan_vidskepelse_-_Rättegångshandlingar_samt_skrivelser_till_Göta_Hovrätt__1755-1764_/Trolldom_och_annan_vidskepelse_-_Rättegångshandlingar_samt_skrivelser_till_Göta_Hovrätt__1755-1764__A0060201_00028.png,page_image_cc69ab50dda0d67390d0970c336ae843e0c65d1ca7a7855f6cefa54bb06cfaf5,15676552,readable,PNG,6264,4872,1.2857,30518208,RGB,3,8,0.5137,False,False,,unique,,included,,Structurally difficult,"aspect ratio 1.2857 >= 1.15: double-page spread (two facing text blocks, central gutter, two independent reading orders)",,True,False,False,False,,False
dataset_f7dfd857275e7c253a5aba4730f93428121e5156bd4281c4101fd79514b0d8d9,dataset_version_a51bddcb369babc7d5f603d6c6a465de9505061bc876c2d3fdecdc2bcf5eee6e,page_a050cf5731b7eff32e66eb82550cc32bfb7727bfd359ab1721d1df34289d163e,document_5b377b1fd0c80fe036c54698263d3e825575c572cf5dd383d53f25590620df85,Trolldom_och_annan_vidskepelse_-_Rättegångshandlingar_samt_skrivelser_till_Göta_Hovrätt__1755-1764_,A0060201,00029,dataset-rgb/Trolldom_och_annan_vidskepelse_-_Rättegångshandlingar_samt_skrivelser_till_Göta_Hovrätt__1755-1764_/Trolldom_och_annan_vidskepelse_-_Rättegångshandlingar_samt_skrivelser_till_Göta_Hovrätt__1755-1764__A0060201_00029.png,page_image_43fee111f8747502ba920b44258461d7978fcd004002be27c0ae06f9cda63894,15454811,readable,PNG,6264,4856,1.29,30417984,RGB,3,8,0.5081,False,False,,unique,,included,,Structurally difficult,"aspect ratio 1.29 >= 1.15: double-page spread (two facing text blocks, central gutter, two independent reading orders)",,True,False,False,False,,False
dataset_f7dfd857275e7c253a5aba4730f93428121e5156bd4281c4101fd79514b0d8d9,dataset_version_a51bddcb369babc7d5f603d6c6a465de9505061bc876c2d3fdecdc2bcf5eee6e,page_8a0f0931210d8e8b0cecd17ffee1fec7490cdea8d95e25a7c29430fa131b0335,document_5b377b1fd0c80fe036c54698263d3e825575c572cf5dd383d53f25590620df85,Trolldom_och_annan_vidskepelse_-_Rättegångshandlingar_samt_skrivelser_till_Göta_Hovrätt__1755-1764_,A0060201,00030,dataset-rgb/Trolldom_och_annan_vidskepelse_-_Rättegångshandlingar_samt_skrivelser_till_Göta_Hovrätt__1755-1764_/Trolldom_och_annan_vidskepelse_-_Rättegångshandlingar_samt_skrivelser_till_Göta_Hovrätt__1755-1764__A0060201_00030.png,page_image_28228697e6a4f8dd72ff4ac50e69bb293d194e30acf3d59c7247f21c1e5a2c7d,16317720,readable,PNG,6288,4832,1.3013,30383616,RGB,3,8,0.5371,False,False,,unique,,included,,Structurally difficult,"aspect ratio 1.3013 >= 1.15: double-page spread (two facing text blocks, central gutter, two independent reading orders)",,True,False,False,False,,False
dataset_f7dfd857275e7c253a5aba4730f93428121e5156bd4281c4101fd79514b0d8d9,dataset_version_a51bddcb369babc7d5f603d6c6a465de9505061bc876c2d3fdecdc2bcf5eee6e,page_6ed1abe15aa617dc80ff337253765bf54e2a88eb3b0e0adc0c9ac12cd019ae94,document_5b377b1fd0c80fe036c54698263d3e825575c572cf5dd383d53f25590620df85,Trolldom_och_annan_vidskepelse_-_Rättegångshandlingar_samt_skrivelser_till_Göta_Hovrätt__1755-1764_,A0060201,00031,dataset-rgb/Trolldom_och_annan_vidskepelse_-_Rättegångshandlingar_samt_skrivelser_till_Göta_Hovrätt__1755-1764_/Trolldom_och_annan_vidskepelse_-_Rättegångshandlingar_samt_skrivelser_till_Göta_Hovrätt__1755-1764__A0060201_00031.png,page_image_bbf95eb2c10c96d8df9fb78a78827602dd58dbd5b720ce8795f2a32edf176720,14288923,readable,PNG,6280,4824,1.3018,30294720,RGB,3,8,0.4717,False,False,,unique,,included,,Structurally difficult,"aspect ratio 1.3018 >= 1.15: double-page spread (two facing text blocks, central gutter, two independent reading orders)",,True,False,False,False,,False
dataset_f7dfd857275e7c253a5aba4730f93428121e5156bd4281c4101fd79514b0d8d9,dataset_version_a51bddcb369babc7d5f603d6c6a465de9505061bc876c2d3fdecdc2bcf5eee6e,page_115636a796489289fcfe8c36fb603b8087f9421f1eae5990e3c4efbf9bcda80a,document_5b377b1fd0c80fe036c54698263d3e825575c572cf5dd383d53f25590620df85,Trolldom_och_annan_vidskepelse_-_Rättegångshandlingar_samt_skrivelser_till_Göta_Hovrätt__1755-1764_,A0060201,00032,dataset-rgb/Trolldom_och_annan_vidskepelse_-_Rättegångshandlingar_samt_skrivelser_till_Göta_Hovrätt__1755-1764_/Trolldom_och_annan_vidskepelse_-_Rättegångshandlingar_samt_skrivelser_till_Göta_Hovrätt__1755-1764__A0060201_00032.png,page_image_2eb2340cfc8a6a51eae4848ed37c93e385176cd1655ad1927ffc92c937a7fc62,15481427,readable,PNG,6264,4800,1.305,30067200,RGB,3,8,0.5149,False,False,,unique,,included,,Structurally difficult,"aspect ratio 1.305 >= 1.15: double-page spread (two facing text blocks, central gutter, two independent reading orders)",,True,False,False,False,,False
dataset_f7dfd857275e7c253a5aba4730f93428121e5156bd4281c4101fd79514b0d8d9,dataset_version_a51bddcb369babc7d5f603d6c6a465de9505061bc876c2d3fdecdc2bcf5eee6e,page_d47fac3b8f5f15359f91fa1bd503d9b6b67267012ee3b34f8fa3766244cbcd85,document_5b377b1fd0c80fe036c54698263d3e825575c572cf5dd383d53f25590620df85,Trolldom_och_annan_vidskepelse_-_Rättegångshandlingar_samt_skrivelser_till_Göta_Hovrätt__1755-1764_,A0060201,00033,dataset-rgb/Trolldom_och_annan_vidskepelse_-_Rättegångshandlingar_samt_skrivelser_till_Göta_Hovrätt__1755-1764_/Trolldom_och_annan_vidskepelse_-_Rättegångshandlingar_samt_skrivelser_till_Göta_Hovrätt__1755-1764__A0060201_00033.png,page_image_2662af158fc2b25ff9bd3426a006d5d0f0e4e958e33f23b29be41eedbb97773c,12476288,readable,PNG,6272,4784,1.311,30005248,RGB,3,8,0.4158,False,False,,unique,,included,,Structurally difficult,"aspect ratio 1.311 >= 1.15: double-page spread (two facing text blocks, central gutter, two independent reading orders)",,True,False,False,False,,False
dataset_f7dfd857275e7c253a5aba4730f93428121e5156bd4281c4101fd79514b0d8d9,dataset_version_a51bddcb369babc7d5f603d6c6a465de9505061bc876c2d3fdecdc2bcf5eee6e,page_adbe566a0081f92abc7df81753dd03e7f7ef54ca46ef39346cf1a30b68ca383d,document_5b377b1fd0c80fe036c54698263d3e825575c572cf5dd383d53f25590620df85,Trolldom_och_annan_vidskepelse_-_Rättegångshandlingar_samt_skrivelser_till_Göta_Hovrätt__1755-1764_,A0060201,00036,dataset-rgb/Trolldom_och_annan_vidskepelse_-_Rättegångshandlingar_samt_skrivelser_till_Göta_Hovrätt__1755-1764_/Trolldom_och_annan_vidskepelse_-_Rättegångshandlingar_samt_skrivelser_till_Göta_Hovrätt__1755-1764__A0060201_00036.png,page_image_97c5c6fe772c7569c214e9e20cb2776947362e8b7f9490be0722446dfd991f4d,6855082,readable,PNG,3360,4728,0.7107,15886080,RGB,3,8,0.4315,False,False,,unique,,included,,Ordinary,"single-page portrait raster with no detected technical anomaly; note that structural difficulty beyond page-spread geometry (dense marginalia, tables, multi-column layout, insertions, damage) is NOT automatically detectable without a layout model and is explicitly out of scope for this pass -- this page may be reclassified 'Structurally difficult' by supervised human correction",,False,False,False,False,,False
dataset_f7dfd857275e7c253a5aba4730f93428121e5156bd4281c4101fd79514b0d8d9,dataset_version_a51bddcb369babc7d5f603d6c6a465de9505061bc876c2d3fdecdc2bcf5eee6e,page_735664574b296d9e4cb335b1dc266bcf194aac767f1992da8826bc712fa27257,document_5b377b1fd0c80fe036c54698263d3e825575c572cf5dd383d53f25590620df85,Trolldom_och_annan_vidskepelse_-_Rättegångshandlingar_samt_skrivelser_till_Göta_Hovrätt__1755-1764_,A0060201,00037,dataset-rgb/Trolldom_och_annan_vidskepelse_-_Rättegångshandlingar_samt_skrivelser_till_Göta_Hovrätt__1755-1764_/Trolldom_och_annan_vidskepelse_-_Rättegångshandlingar_samt_skrivelser_till_Göta_Hovrätt__1755-1764__A0060201_00037.png,page_image_a61ad9377687876282eacd5b9ffda4d93d8d6d835880d5d38f6057fc9fc34057,12766973,readable,PNG,6112,4800,1.2733,29337600,RGB,3,8,0.4352,False,False,,unique,,included,,Structurally difficult,"aspect ratio 1.2733 >= 1.15: double-page spread (two facing text blocks, central gutter, two independent reading orders)",,True,False,False,False,,False
dataset_f7dfd857275e7c253a5aba4730f93428121e5156bd4281c4101fd79514b0d8d9,dataset_version_a51bddcb369babc7d5f603d6c6a465de9505061bc876c2d3fdecdc2bcf5eee6e,page_9ecf4dcfb4247f8f7a821db21d7d537248817e8355a2f87b7fdb876ce0b817ca,document_5b377b1fd0c80fe036c54698263d3e825575c572cf5dd383d53f25590620df85,Trolldom_och_annan_vidskepelse_-_Rättegångshandlingar_samt_skrivelser_till_Göta_Hovrätt__1755-1764_,A0060201,00038,dataset-rgb/Trolldom_och_annan_vidskepelse_-_Rättegångshandlingar_samt_skrivelser_till_Göta_Hovrätt__1755-1764_/Trolldom_och_annan_vidskepelse_-_Rättegångshandlingar_samt_skrivelser_till_Göta_Hovrätt__1755-1764__A0060201_00038.png,page_image_9a9202a1894633e2d67df5445590327dd33491ea653a53bb6f6e80352524cb0d,14012842,readable,PNG,6056,4752,1.2744,28778112,RGB,3,8,0.4869,False,False,,unique,,included,,Structurally difficult,"aspect ratio 1.2744 >= 1.15: double-page spread (two facing text blocks, central gutter, two independent reading orders)",,True,False,False,False,,False
dataset_f7dfd857275e7c253a5aba4730f93428121e5156bd4281c4101fd79514b0d8d9,dataset_version_a51bddcb369babc7d5f603d6c6a465de9505061bc876c2d3fdecdc2bcf5eee6e,page_dcd77884b0cc6f1d9176aa3782ad0e69f2a9be0d701d17fd9b56c92c09d09af4,document_5b377b1fd0c80fe036c54698263d3e825575c572cf5dd383d53f25590620df85,Trolldom_och_annan_vidskepelse_-_Rättegångshandlingar_samt_skrivelser_till_Göta_Hovrätt__1755-1764_,A0060201,00039,dataset-rgb/Trolldom_och_annan_vidskepelse_-_Rättegångshandlingar_samt_skrivelser_till_Göta_Hovrätt__1755-1764_/Trolldom_och_annan_vidskepelse_-_Rättegångshandlingar_samt_skrivelser_till_Göta_Hovrätt__1755-1764__A0060201_00039.png,page_image_84b02710ed2d1f44904378140a47fe0f6115214c05ed77cfead2814418d4bc28,14243410,readable,PNG,6104,4784,1.2759,29201536,RGB,3,8,0.4878,False,False,,unique,,included,,Structurally difficult,"aspect ratio 1.2759 >= 1.15: double-page spread (two facing text blocks, central gutter, two independent reading orders)",,True,False,False,False,,False
dataset_f7dfd857275e7c253a5aba4730f93428121e5156bd4281c4101fd79514b0d8d9,dataset_version_a51bddcb369babc7d5f603d6c6a465de9505061bc876c2d3fdecdc2bcf5eee6e,page_637f87c70e6329b7e042b0c4c0451a1e816999a525fb3a92cae88827b2bd974c,document_5b377b1fd0c80fe036c54698263d3e825575c572cf5dd383d53f25590620df85,Trolldom_och_annan_vidskepelse_-_Rättegångshandlingar_samt_skrivelser_till_Göta_Hovrätt__1755-1764_,A0060201,00040,dataset-rgb/Trolldom_och_annan_vidskepelse_-_Rättegångshandlingar_samt_skrivelser_till_Göta_Hovrätt__1755-1764_/Trolldom_och_annan_vidskepelse_-_Rättegångshandlingar_samt_skrivelser_till_Göta_Hovrätt__1755-1764__A0060201_00040.png,page_image_e29047a5c0b36f7bc8460319d905940b4fdef7d357162c214771b557afb2a03a,13751759,readable,PNG,6120,4808,1.2729,29424960,RGB,3,8,0.4674,False,False,,unique,,included,,Structurally difficult,"aspect ratio 1.2729 >= 1.15: double-page spread (two facing text blocks, central gutter, two independent reading orders)",,True,False,False,False,,False
dataset_f7dfd857275e7c253a5aba4730f93428121e5156bd4281c4101fd79514b0d8d9,dataset_version_a51bddcb369babc7d5f603d6c6a465de9505061bc876c2d3fdecdc2bcf5eee6e,page_f1288ed63ae506b9a290061c88381c7d2d1b72fbdf6949c7e37b05dde4d0171a,document_5b377b1fd0c80fe036c54698263d3e825575c572cf5dd383d53f25590620df85,Trolldom_och_annan_vidskepelse_-_Rättegångshandlingar_samt_skrivelser_till_Göta_Hovrätt__1755-1764_,A0060201,00041,dataset-rgb/Trolldom_och_annan_vidskepelse_-_Rättegångshandlingar_samt_skrivelser_till_Göta_Hovrätt__1755-1764_/Trolldom_och_annan_vidskepelse_-_Rättegångshandlingar_samt_skrivelser_till_Göta_Hovrätt__1755-1764__A0060201_00041.png,page_image_8ba647242db3331373d05fb2bf3e1ff715d4b7566d8aa48e9032633081f8fbdd,14011229,readable,PNG,5928,4976,1.1913,29497728,RGB,3,8,0.475,False,False,,unique,,included,,Structurally difficult,"aspect ratio 1.1913 >= 1.15: double-page spread (two facing text blocks, central gutter, two independent reading orders)",,True,False,False,False,,False
dataset_f7dfd857275e7c253a5aba4730f93428121e5156bd4281c4101fd79514b0d8d9,dataset_version_a51bddcb369babc7d5f603d6c6a465de9505061bc876c2d3fdecdc2bcf5eee6e,page_80b0ef5a9c7dac6aa85a74b9064c1caae19a2b0c4dd6f79c4af6952385d91da4,document_5b377b1fd0c80fe036c54698263d3e825575c572cf5dd383d53f25590620df85,Trolldom_och_annan_vidskepelse_-_Rättegångshandlingar_samt_skrivelser_till_Göta_Hovrätt__1755-1764_,A0060201,00042,dataset-rgb/Trolldom_och_annan_vidskepelse_-_Rättegångshandlingar_samt_skrivelser_till_Göta_Hovrätt__1755-1764_/Trolldom_och_annan_vidskepelse_-_Rättegångshandlingar_samt_skrivelser_till_Göta_Hovrätt__1755-1764__A0060201_00042.png,page_image_485aae205d72cc10d312fb6abbff55b6232fe1b303ddf990f453f861b4f1379f,12295338,readable,PNG,6136,4816,1.2741,29550976,RGB,3,8,0.4161,False,False,,unique,,included,,Structurally difficult,"aspect ratio 1.2741 >= 1.15: double-page spread (two facing text blocks, central gutter, two independent reading orders)",,True,False,False,False,,False
dataset_f7dfd857275e7c253a5aba4730f93428121e5156bd4281c4101fd79514b0d8d9,dataset_version_a51bddcb369babc7d5f603d6c6a465de9505061bc876c2d3fdecdc2bcf5eee6e,page_b0f568ed3ff9ea0d662cce96170d0e65f7883eb76d381f991ebd3f291277efb5,document_5b377b1fd0c80fe036c54698263d3e825575c572cf5dd383d53f25590620df85,Trolldom_och_annan_vidskepelse_-_Rättegångshandlingar_samt_skrivelser_till_Göta_Hovrätt__1755-1764_,A0060201,00043,dataset-rgb/Trolldom_och_annan_vidskepelse_-_Rättegångshandlingar_samt_skrivelser_till_Göta_Hovrätt__1755-1764_/Trolldom_och_annan_vidskepelse_-_Rättegångshandlingar_samt_skrivelser_till_Göta_Hovrätt__1755-1764__A0060201_00043.png,page_image_088bbd79d0c14fffc47643be04908d3ee7bc1ec789bf1310c3d508a72aff5f6b,12616143,readable,PNG,6128,4816,1.2724,29512448,RGB,3,8,0.4275,False,False,,unique,,included,,Structurally difficult,"aspect ratio 1.2724 >= 1.15: double-page spread (two facing text blocks, central gutter, two independent reading orders)",,True,False,False,False,,False
dataset_f7dfd857275e7c253a5aba4730f93428121e5156bd4281c4101fd79514b0d8d9,dataset_version_a51bddcb369babc7d5f603d6c6a465de9505061bc876c2d3fdecdc2bcf5eee6e,page_85467f7dcf94a42a3bb341a8024106ee0c5de647b6f7563df3376f9150976ec1,document_5b377b1fd0c80fe036c54698263d3e825575c572cf5dd383d53f25590620df85,Trolldom_och_annan_vidskepelse_-_Rättegångshandlingar_samt_skrivelser_till_Göta_Hovrätt__1755-1764_,A0060201,00044,dataset-rgb/Trolldom_och_annan_vidskepelse_-_Rättegångshandlingar_samt_skrivelser_till_Göta_Hovrätt__1755-1764_/Trolldom_och_annan_vidskepelse_-_Rättegångshandlingar_samt_skrivelser_till_Göta_Hovrätt__1755-1764__A0060201_00044.png,page_image_b4f634efc26180aa20839388111b0b9afbe9c072cc9fc91898b6b8c54103789b,12237065,readable,PNG,6128,4848,1.264,29708544,RGB,3,8,0.4119,False,False,,unique,,included,,Structurally difficult,"aspect ratio 1.264 >= 1.15: double-page spread (two facing text blocks, central gutter, two independent reading orders)",,True,False,False,False,,False
dataset_f7dfd857275e7c253a5aba4730f93428121e5156bd4281c4101fd79514b0d8d9,dataset_version_a51bddcb369babc7d5f603d6c6a465de9505061bc876c2d3fdecdc2bcf5eee6e,page_780a6aa4ac2136544810aa370828cd0bb6ccd2704df019ac02d16a953c1df390,document_5b377b1fd0c80fe036c54698263d3e825575c572cf5dd383d53f25590620df85,Trolldom_och_annan_vidskepelse_-_Rättegångshandlingar_samt_skrivelser_till_Göta_Hovrätt__1755-1764_,A0060201,00045,dataset-rgb/Trolldom_och_annan_vidskepelse_-_Rättegångshandlingar_samt_skrivelser_till_Göta_Hovrätt__1755-1764_/Trolldom_och_annan_vidskepelse_-_Rättegångshandlingar_samt_skrivelser_till_Göta_Hovrätt__1755-1764__A0060201_00045.png,page_image_191ce62973644831a19f250f7926b01685c5223277adec91db93406e2e00b47c,13137031,readable,PNG,6136,4824,1.272,29600064,RGB,3,8,0.4438,False,False,,unique,,included,,Structurally difficult,"aspect ratio 1.272 >= 1.15: double-page spread (two facing text blocks, central gutter, two independent reading orders)",,True,False,False,False,,False
dataset_f7dfd857275e7c253a5aba4730f93428121e5156bd4281c4101fd79514b0d8d9,dataset_version_a51bddcb369babc7d5f603d6c6a465de9505061bc876c2d3fdecdc2bcf5eee6e,page_c07a67bb5a44669dda38c39a5b94fc517351fb66a5f6dda3abc756504454cd52,document_5b377b1fd0c80fe036c54698263d3e825575c572cf5dd383d53f25590620df85,Trolldom_och_annan_vidskepelse_-_Rättegångshandlingar_samt_skrivelser_till_Göta_Hovrätt__1755-1764_,A0060201,00046,dataset-rgb/Trolldom_och_annan_vidskepelse_-_Rättegångshandlingar_samt_skrivelser_till_Göta_Hovrätt__1755-1764_/Trolldom_och_annan_vidskepelse_-_Rättegångshandlingar_samt_skrivelser_till_Göta_Hovrätt__1755-1764__A0060201_00046.png,page_image_8c1112b4bcbb1d17d38f5c77a3cfd86ec280fcd2014ec48f5ba21aff3f21c1b0,14474707,readable,PNG,5976,5000,1.1952,29880000,RGB,3,8,0.4844,False,False,,unique,,included,,Structurally difficult,"aspect ratio 1.1952 >= 1.15: double-page spread (two facing text blocks, central gutter, two independent reading orders)",,True,False,False,False,,False
dataset_f7dfd857275e7c253a5aba4730f93428121e5156bd4281c4101fd79514b0d8d9,dataset_version_a51bddcb369babc7d5f603d6c6a465de9505061bc876c2d3fdecdc2bcf5eee6e,page_214868b58cb620fe05bf6214ce8f5546e74c1a26c518bc1b9fdf159d95597e27,document_5b377b1fd0c80fe036c54698263d3e825575c572cf5dd383d53f25590620df85,Trolldom_och_annan_vidskepelse_-_Rättegångshandlingar_samt_skrivelser_till_Göta_Hovrätt__1755-1764_,A0060201,00047,dataset-rgb/Trolldom_och_annan_vidskepelse_-_Rättegångshandlingar_samt_skrivelser_till_Göta_Hovrätt__1755-1764_/Trolldom_och_annan_vidskepelse_-_Rättegångshandlingar_samt_skrivelser_till_Göta_Hovrätt__1755-1764__A0060201_00047.png,page_image_fb1d5808ed300dd9b443eda07ff779017fc0c2bc279442ae6f97e61626ce4ca9,13504773,readable,PNG,6168,4816,1.2807,29705088,RGB,3,8,0.4546,False,False,,unique,,included,,Structurally difficult,"aspect ratio 1.2807 >= 1.15: double-page spread (two facing text blocks, central gutter, two independent reading orders)",,True,False,False,False,,False
dataset_f7dfd857275e7c253a5aba4730f93428121e5156bd4281c4101fd79514b0d8d9,dataset_version_a51bddcb369babc7d5f603d6c6a465de9505061bc876c2d3fdecdc2bcf5eee6e,page_d836fddecb957e16ea68024f0ec0c8fa225e7e81cb0beec865bb85f9ba59f531,document_5b377b1fd0c80fe036c54698263d3e825575c572cf5dd383d53f25590620df85,Trolldom_och_annan_vidskepelse_-_Rättegångshandlingar_samt_skrivelser_till_Göta_Hovrätt__1755-1764_,A0060201,00048,dataset-rgb/Trolldom_och_annan_vidskepelse_-_Rättegångshandlingar_samt_skrivelser_till_Göta_Hovrätt__1755-1764_/Trolldom_och_annan_vidskepelse_-_Rättegångshandlingar_samt_skrivelser_till_Göta_Hovrätt__1755-1764__A0060201_00048.png,page_image_95174939f53b7d90b9a8c39734f6b2d9f9767b413c41224253cdcc81e7aaa2f1,13397208,readable,PNG,6120,4760,1.2857,29131200,RGB,3,8,0.4599,False,False,,unique,,included,,Structurally difficult,"aspect ratio 1.2857 >= 1.15: double-page spread (two facing text blocks, central gutter, two independent reading orders)",,True,False,False,False,,False
dataset_f7dfd857275e7c253a5aba4730f93428121e5156bd4281c4101fd79514b0d8d9,dataset_version_a51bddcb369babc7d5f603d6c6a465de9505061bc876c2d3fdecdc2bcf5eee6e,page_30845c476bf58878e4a18db9f81159342790ed67a867865893655bf5be55be25,document_5b377b1fd0c80fe036c54698263d3e825575c572cf5dd383d53f25590620df85,Trolldom_och_annan_vidskepelse_-_Rättegångshandlingar_samt_skrivelser_till_Göta_Hovrätt__1755-1764_,A0060201,00049,dataset-rgb/Trolldom_och_annan_vidskepelse_-_Rättegångshandlingar_samt_skrivelser_till_Göta_Hovrätt__1755-1764_/Trolldom_och_annan_vidskepelse_-_Rättegångshandlingar_samt_skrivelser_till_Göta_Hovrätt__1755-1764__A0060201_00049.png,page_image_e43d54ace8ee941c108f59c91fd2e533a1dc09e8e19894191de43b43c73f75dc,14160239,readable,PNG,6152,4792,1.2838,29480384,RGB,3,8,0.4803,False,False,,unique,,included,,Structurally difficult,"aspect ratio 1.2838 >= 1.15: double-page spread (two facing text blocks, central gutter, two independent reading orders)",,True,False,False,False,,False
dataset_f7dfd857275e7c253a5aba4730f93428121e5156bd4281c4101fd79514b0d8d9,dataset_version_a51bddcb369babc7d5f603d6c6a465de9505061bc876c2d3fdecdc2bcf5eee6e,page_fa5a4ddae44368a5f07cacfcf2617e3b60adc8b4e8d3a6a3e43c89bf7d3d65cc,document_5b377b1fd0c80fe036c54698263d3e825575c572cf5dd383d53f25590620df85,Trolldom_och_annan_vidskepelse_-_Rättegångshandlingar_samt_skrivelser_till_Göta_Hovrätt__1755-1764_,A0060201,00050,dataset-rgb/Trolldom_och_annan_vidskepelse_-_Rättegångshandlingar_samt_skrivelser_till_Göta_Hovrätt__1755-1764_/Trolldom_och_annan_vidskepelse_-_Rättegångshandlingar_samt_skrivelser_till_Göta_Hovrätt__1755-1764__A0060201_00050.png,page_image_2b7b4df1366749effd4f10728b657f219a7222c54698b444221eecc67154a0d0,13050004,readable,PNG,6096,4728,1.2893,28821888,RGB,3,8,0.4528,False,False,,unique,,included,,Structurally difficult,"aspect ratio 1.2893 >= 1.15: double-page spread (two facing text blocks, central gutter, two independent reading orders)",,True,False,False,False,,False
dataset_f7dfd857275e7c253a5aba4730f93428121e5156bd4281c4101fd79514b0d8d9,dataset_version_a51bddcb369babc7d5f603d6c6a465de9505061bc876c2d3fdecdc2bcf5eee6e,page_85475a6ff9d90a0a171f27f4fe1651a0ba449c1c58af0be01dbca23f350a29c1,document_5b377b1fd0c80fe036c54698263d3e825575c572cf5dd383d53f25590620df85,Trolldom_och_annan_vidskepelse_-_Rättegångshandlingar_samt_skrivelser_till_Göta_Hovrätt__1755-1764_,A0060201,00051,dataset-rgb/Trolldom_och_annan_vidskepelse_-_Rättegångshandlingar_samt_skrivelser_till_Göta_Hovrätt__1755-1764_/Trolldom_och_annan_vidskepelse_-_Rättegångshandlingar_samt_skrivelser_till_Göta_Hovrätt__1755-1764__A0060201_00051.png,page_image_1f8f11699be19945a6dc48f070960de0ff47afcf29b4f1a2668282bf37ffcf2a,12687987,readable,PNG,6128,4736,1.2939,29022208,RGB,3,8,0.4372,False,False,,unique,,included,,Structurally difficult,"aspect ratio 1.2939 >= 1.15: double-page spread (two facing text blocks, central gutter, two independent reading orders)",,True,False,False,False,,False
dataset_f7dfd857275e7c253a5aba4730f93428121e5156bd4281c4101fd79514b0d8d9,dataset_version_a51bddcb369babc7d5f603d6c6a465de9505061bc876c2d3fdecdc2bcf5eee6e,page_f9eac5a93347f3c64013b26f5f930b3a2c88870831678342527d857a29ad90fa,document_5b377b1fd0c80fe036c54698263d3e825575c572cf5dd383d53f25590620df85,Trolldom_och_annan_vidskepelse_-_Rättegångshandlingar_samt_skrivelser_till_Göta_Hovrätt__1755-1764_,A0060201,00052,dataset-rgb/Trolldom_och_annan_vidskepelse_-_Rättegångshandlingar_samt_skrivelser_till_Göta_Hovrätt__1755-1764_/Trolldom_och_annan_vidskepelse_-_Rättegångshandlingar_samt_skrivelser_till_Göta_Hovrätt__1755-1764__A0060201_00052.png,page_image_109f813df491041345f809478ea44a501a5476ad77dbfd74179196fd8736f3ad,12187593,readable,PNG,6104,4728,1.291,28859712,RGB,3,8,0.4223,False,False,,unique,,included,,Structurally difficult,"aspect ratio 1.291 >= 1.15: double-page spread (two facing text blocks, central gutter, two independent reading orders)",,True,False,False,False,,False
dataset_f7dfd857275e7c253a5aba4730f93428121e5156bd4281c4101fd79514b0d8d9,dataset_version_a51bddcb369babc7d5f603d6c6a465de9505061bc876c2d3fdecdc2bcf5eee6e,page_de12f0b451c4963ffef91004d604fb9b4554d529e2bbc181c9d84f5c472e69d0,document_5b377b1fd0c80fe036c54698263d3e825575c572cf5dd383d53f25590620df85,Trolldom_och_annan_vidskepelse_-_Rättegångshandlingar_samt_skrivelser_till_Göta_Hovrätt__1755-1764_,A0060201,00053,dataset-rgb/Trolldom_och_annan_vidskepelse_-_Rättegångshandlingar_samt_skrivelser_till_Göta_Hovrätt__1755-1764_/Trolldom_och_annan_vidskepelse_-_Rättegångshandlingar_samt_skrivelser_till_Göta_Hovrätt__1755-1764__A0060201_00053.png,page_image_00edc4b5b250b9f9f16966517b90e4b2664bdbe23033c8bb548ebf35799a66b1,10722797,readable,PNG,6208,4728,1.313,29351424,RGB,3,8,0.3653,False,False,,unique,,included,,Structurally difficult,"aspect ratio 1.313 >= 1.15: double-page spread (two facing text blocks, central gutter, two independent reading orders)",,True,False,False,False,,False
dataset_f7dfd857275e7c253a5aba4730f93428121e5156bd4281c4101fd79514b0d8d9,dataset_version_a51bddcb369babc7d5f603d6c6a465de9505061bc876c2d3fdecdc2bcf5eee6e,page_26ffa62077c5c044aa0ad91fae3af43803b11711eb0ad6b244655557a19a1e0a,document_5b377b1fd0c80fe036c54698263d3e825575c572cf5dd383d53f25590620df85,Trolldom_och_annan_vidskepelse_-_Rättegångshandlingar_samt_skrivelser_till_Göta_Hovrätt__1755-1764_,A0060201,00054,dataset-rgb/Trolldom_och_annan_vidskepelse_-_Rättegångshandlingar_samt_skrivelser_till_Göta_Hovrätt__1755-1764_/Trolldom_och_annan_vidskepelse_-_Rättegångshandlingar_samt_skrivelser_till_Göta_Hovrätt__1755-1764__A0060201_00054.png,page_image_9ddac0f2bf54ed386dbb86875349f5ee8ff3c1889532944ceccac43882df1ff3,10595669,readable,PNG,6672,4720,1.4136,31491840,RGB,3,8,0.3365,False,False,,unique,,included,,Structurally difficult,"aspect ratio 1.4136 >= 1.15: double-page spread (two facing text blocks, central gutter, two independent reading orders)",,True,False,False,False,,False
dataset_f7dfd857275e7c253a5aba4730f93428121e5156bd4281c4101fd79514b0d8d9,dataset_version_a51bddcb369babc7d5f603d6c6a465de9505061bc876c2d3fdecdc2bcf5eee6e,page_bd5b70db2dd9347233550531082d6bce1e577f4fff81693a5b78cc21d4160179,document_5b377b1fd0c80fe036c54698263d3e825575c572cf5dd383d53f25590620df85,Trolldom_och_annan_vidskepelse_-_Rättegångshandlingar_samt_skrivelser_till_Göta_Hovrätt__1755-1764_,A0060201,00055,dataset-rgb/Trolldom_och_annan_vidskepelse_-_Rättegångshandlingar_samt_skrivelser_till_Göta_Hovrätt__1755-1764_/Trolldom_och_annan_vidskepelse_-_Rättegångshandlingar_samt_skrivelser_till_Göta_Hovrätt__1755-1764__A0060201_00055.png,page_image_73641d468b26be47ab9edd2029218bc9cbf3ca2ee8bd190202aaab9c47ea0569,12437754,readable,PNG,6208,4704,1.3197,29202432,RGB,3,8,0.4259,False,False,,unique,,included,,Structurally difficult,"aspect ratio 1.3197 >= 1.15: double-page spread (two facing text blocks, central gutter, two independent reading orders)",,True,False,False,False,,False
dataset_f7dfd857275e7c253a5aba4730f93428121e5156bd4281c4101fd79514b0d8d9,dataset_version_a51bddcb369babc7d5f603d6c6a465de9505061bc876c2d3fdecdc2bcf5eee6e,page_6f8fcec948862b053f30b2f89401bf6e901c31fb6072d84994212a921c961ea0,document_5b377b1fd0c80fe036c54698263d3e825575c572cf5dd383d53f25590620df85,Trolldom_och_annan_vidskepelse_-_Rättegångshandlingar_samt_skrivelser_till_Göta_Hovrätt__1755-1764_,A0060201,00056,dataset-rgb/Trolldom_och_annan_vidskepelse_-_Rättegångshandlingar_samt_skrivelser_till_Göta_Hovrätt__1755-1764_/Trolldom_och_annan_vidskepelse_-_Rättegångshandlingar_samt_skrivelser_till_Göta_Hovrätt__1755-1764__A0060201_00056.png,page_image_d447870c159240fccaa7508ca19422ff682dbead7241f9c860adb5f5f86536a2,10173308,readable,PNG,6176,4680,1.3197,28903680,RGB,3,8,0.352,False,False,,unique,,included,,Structurally difficult,"aspect ratio 1.3197 >= 1.15: double-page spread (two facing text blocks, central gutter, two independent reading orders)",,True,False,False,False,,False
dataset_f7dfd857275e7c253a5aba4730f93428121e5156bd4281c4101fd79514b0d8d9,dataset_version_a51bddcb369babc7d5f603d6c6a465de9505061bc876c2d3fdecdc2bcf5eee6e,page_e786feb42211bdf87c927e4591123c5c063c8af8432528fc3f7af3fb30668c08,document_5b377b1fd0c80fe036c54698263d3e825575c572cf5dd383d53f25590620df85,Trolldom_och_annan_vidskepelse_-_Rättegångshandlingar_samt_skrivelser_till_Göta_Hovrätt__1755-1764_,A0060201,00077,dataset-rgb/Trolldom_och_annan_vidskepelse_-_Rättegångshandlingar_samt_skrivelser_till_Göta_Hovrätt__1755-1764_/Trolldom_och_annan_vidskepelse_-_Rättegångshandlingar_samt_skrivelser_till_Göta_Hovrätt__1755-1764__A0060201_00077.png,page_image_6077630ae61f5500ec515ae7e38ff181b37d8a5aed400543d2c6c478e0b16e2a,11246886,readable,PNG,6248,4872,1.2824,30440256,RGB,3,8,0.3695,False,False,,unique,,included,,Structurally difficult,"aspect ratio 1.2824 >= 1.15: double-page spread (two facing text blocks, central gutter, two independent reading orders)",,True,False,False,False,,False
dataset_f7dfd857275e7c253a5aba4730f93428121e5156bd4281c4101fd79514b0d8d9,dataset_version_a51bddcb369babc7d5f603d6c6a465de9505061bc876c2d3fdecdc2bcf5eee6e,page_75a0410bec3235eea6fedbfd9359404989ebed195cca171cfe4bb02d54dd8ff5,document_5b377b1fd0c80fe036c54698263d3e825575c572cf5dd383d53f25590620df85,Trolldom_och_annan_vidskepelse_-_Rättegångshandlingar_samt_skrivelser_till_Göta_Hovrätt__1755-1764_,A0060201,00078,dataset-rgb/Trolldom_och_annan_vidskepelse_-_Rättegångshandlingar_samt_skrivelser_till_Göta_Hovrätt__1755-1764_/Trolldom_och_annan_vidskepelse_-_Rättegångshandlingar_samt_skrivelser_till_Göta_Hovrätt__1755-1764__A0060201_00078.png,page_image_96b06d1e751477af50cdad358fb728487507b06ca357eb27295eeced3adf8b38,12890372,readable,PNG,6240,4920,1.2683,30700800,RGB,3,8,0.4199,False,False,,unique,,included,,Structurally difficult,"aspect ratio 1.2683 >= 1.15: double-page spread (two facing text blocks, central gutter, two independent reading orders)",,True,False,False,False,,False
dataset_f7dfd857275e7c253a5aba4730f93428121e5156bd4281c4101fd79514b0d8d9,dataset_version_a51bddcb369babc7d5f603d6c6a465de9505061bc876c2d3fdecdc2bcf5eee6e,page_cccb16cca7d2575762f757674c1f1933781b6d1f031006ead96f475b2cfdfc84,document_5b377b1fd0c80fe036c54698263d3e825575c572cf5dd383d53f25590620df85,Trolldom_och_annan_vidskepelse_-_Rättegångshandlingar_samt_skrivelser_till_Göta_Hovrätt__1755-1764_,A0060201,00079,dataset-rgb/Trolldom_och_annan_vidskepelse_-_Rättegångshandlingar_samt_skrivelser_till_Göta_Hovrätt__1755-1764_/Trolldom_och_annan_vidskepelse_-_Rättegångshandlingar_samt_skrivelser_till_Göta_Hovrätt__1755-1764__A0060201_00079.png,page_image_bb3d095d48957a3d330f61eea166c16120fafd27644b783a2a49ce8401bb5e19,10983392,readable,PNG,6296,4832,1.303,30422272,RGB,3,8,0.361,False,False,,unique,,included,,Structurally difficult,"aspect ratio 1.303 >= 1.15: double-page spread (two facing text blocks, central gutter, two independent reading orders)",,True,False,False,False,,False
dataset_f7dfd857275e7c253a5aba4730f93428121e5156bd4281c4101fd79514b0d8d9,dataset_version_a51bddcb369babc7d5f603d6c6a465de9505061bc876c2d3fdecdc2bcf5eee6e,page_ce0364f3fb43cc20c1a699c829bddcfcf2761184c7e8347bf9f2ca6f93d11cd5,document_5b377b1fd0c80fe036c54698263d3e825575c572cf5dd383d53f25590620df85,Trolldom_och_annan_vidskepelse_-_Rättegångshandlingar_samt_skrivelser_till_Göta_Hovrätt__1755-1764_,A0060201,00080,dataset-rgb/Trolldom_och_annan_vidskepelse_-_Rättegångshandlingar_samt_skrivelser_till_Göta_Hovrätt__1755-1764_/Trolldom_och_annan_vidskepelse_-_Rättegångshandlingar_samt_skrivelser_till_Göta_Hovrätt__1755-1764__A0060201_00080.png,page_image_5e62d75f506b90bba49f11133c9304f8a1e7c3231c39db9c5e6d25d30c4c3ae1,13232222,readable,PNG,6208,4840,1.2826,30046720,RGB,3,8,0.4404,False,False,,unique,,included,,Structurally difficult,"aspect ratio 1.2826 >= 1.15: double-page spread (two facing text blocks, central gutter, two independent reading orders)",,True,False,False,False,,False
dataset_f7dfd857275e7c253a5aba4730f93428121e5156bd4281c4101fd79514b0d8d9,dataset_version_a51bddcb369babc7d5f603d6c6a465de9505061bc876c2d3fdecdc2bcf5eee6e,page_bbdfc67c42741299547f322137c6316d0266c984689bcb41c48f8ab48c33dce7,document_5b377b1fd0c80fe036c54698263d3e825575c572cf5dd383d53f25590620df85,Trolldom_och_annan_vidskepelse_-_Rättegångshandlingar_samt_skrivelser_till_Göta_Hovrätt__1755-1764_,A0060201,00081,dataset-rgb/Trolldom_och_annan_vidskepelse_-_Rättegångshandlingar_samt_skrivelser_till_Göta_Hovrätt__1755-1764_/Trolldom_och_annan_vidskepelse_-_Rättegångshandlingar_samt_skrivelser_till_Göta_Hovrätt__1755-1764__A0060201_00081.png,page_image_cd0a30479411b0d51252e7951559a7050e68c489befe165cdc04fa47bd94d715,12904334,readable,PNG,6216,4792,1.2972,29787072,RGB,3,8,0.4332,False,False,,unique,,included,,Structurally difficult,"aspect ratio 1.2972 >= 1.15: double-page spread (two facing text blocks, central gutter, two independent reading orders)",,True,False,False,False,,False
dataset_f7dfd857275e7c253a5aba4730f93428121e5156bd4281c4101fd79514b0d8d9,dataset_version_a51bddcb369babc7d5f603d6c6a465de9505061bc876c2d3fdecdc2bcf5eee6e,page_930596460120924c9c46f90aa0927f5e1bea05e5635340df223972067f62c57f,document_5b377b1fd0c80fe036c54698263d3e825575c572cf5dd383d53f25590620df85,Trolldom_och_annan_vidskepelse_-_Rättegångshandlingar_samt_skrivelser_till_Göta_Hovrätt__1755-1764_,A0060201,00082,dataset-rgb/Trolldom_och_annan_vidskepelse_-_Rättegångshandlingar_samt_skrivelser_till_Göta_Hovrätt__1755-1764_/Trolldom_och_annan_vidskepelse_-_Rättegångshandlingar_samt_skrivelser_till_Göta_Hovrätt__1755-1764__A0060201_00082.png,page_image_f6dc53092735dbd4db72158ecc2ae98d0c3184345159b4c0d364df3989903da1,10052359,readable,PNG,6200,4784,1.296,29660800,RGB,3,8,0.3389,False,False,,unique,,included,,Structurally difficult,"aspect ratio 1.296 >= 1.15: double-page spread (two facing text blocks, central gutter, two independent reading orders)",,True,False,False,False,,True
dataset_f7dfd857275e7c253a5aba4730f93428121e5156bd4281c4101fd79514b0d8d9,dataset_version_a51bddcb369babc7d5f603d6c6a465de9505061bc876c2d3fdecdc2bcf5eee6e,page_9c22be783aa487b8dd0413a4ce8254a6c8afb8ba64cd2b55ba2411e69c7d3b0d,document_5b377b1fd0c80fe036c54698263d3e825575c572cf5dd383d53f25590620df85,Trolldom_och_annan_vidskepelse_-_Rättegångshandlingar_samt_skrivelser_till_Göta_Hovrätt__1755-1764_,A0060201,00086,dataset-rgb/Trolldom_och_annan_vidskepelse_-_Rättegångshandlingar_samt_skrivelser_till_Göta_Hovrätt__1755-1764_/Trolldom_och_annan_vidskepelse_-_Rättegångshandlingar_samt_skrivelser_till_Göta_Hovrätt__1755-1764__A0060201_00086.png,page_image_40d74450a2bf79e9bce1e74d8da7e3ba43b2df75c22d00c0509a63bc948bcbfa,15075158,readable,PNG,6064,4848,1.2508,29398272,RGB,3,8,0.5128,False,False,,unique,,included,,Structurally difficult,"aspect ratio 1.2508 >= 1.15: double-page spread (two facing text blocks, central gutter, two independent reading orders)",,True,False,False,False,,False
dataset_f7dfd857275e7c253a5aba4730f93428121e5156bd4281c4101fd79514b0d8d9,dataset_version_a51bddcb369babc7d5f603d6c6a465de9505061bc876c2d3fdecdc2bcf5eee6e,page_870ed25d94775bf4975953b8389d0877f9d72b42bb76bb46be57dc8505d1cda8,document_5b377b1fd0c80fe036c54698263d3e825575c572cf5dd383d53f25590620df85,Trolldom_och_annan_vidskepelse_-_Rättegångshandlingar_samt_skrivelser_till_Göta_Hovrätt__1755-1764_,A0060201,00087,dataset-rgb/Trolldom_och_annan_vidskepelse_-_Rättegångshandlingar_samt_skrivelser_till_Göta_Hovrätt__1755-1764_/Trolldom_och_annan_vidskepelse_-_Rättegångshandlingar_samt_skrivelser_till_Göta_Hovrätt__1755-1764__A0060201_00087.png,page_image_cb4cfbc3a37bcd822e6679371012fd5510dc11c083fb8093ea77b33a2230b6ff,14721278,readable,PNG,6048,4840,1.2496,29272320,RGB,3,8,0.5029,False,False,,unique,,included,,Structurally difficult,"aspect ratio 1.2496 >= 1.15: double-page spread (two facing text blocks, central gutter, two independent reading orders)",,True,False,False,False,,False
dataset_f7dfd857275e7c253a5aba4730f93428121e5156bd4281c4101fd79514b0d8d9,dataset_version_a51bddcb369babc7d5f603d6c6a465de9505061bc876c2d3fdecdc2bcf5eee6e,page_e2b0d6c54836b36b5a583c3088071b91489252833176bee51bb537567fe6ca71,document_5b377b1fd0c80fe036c54698263d3e825575c572cf5dd383d53f25590620df85,Trolldom_och_annan_vidskepelse_-_Rättegångshandlingar_samt_skrivelser_till_Göta_Hovrätt__1755-1764_,A0060201,00088,dataset-rgb/Trolldom_och_annan_vidskepelse_-_Rättegångshandlingar_samt_skrivelser_till_Göta_Hovrätt__1755-1764_/Trolldom_och_annan_vidskepelse_-_Rättegångshandlingar_samt_skrivelser_till_Göta_Hovrätt__1755-1764__A0060201_00088.png,page_image_b1b9396d52603235d9bb11106b011fb17c274dc72aeb9823aaac912a5b9ce483,14822808,readable,PNG,6072,4840,1.2545,29388480,RGB,3,8,0.5044,False,False,,unique,,included,,Structurally difficult,"aspect ratio 1.2545 >= 1.15: double-page spread (two facing text blocks, central gutter, two independent reading orders)",,True,False,False,False,,False
dataset_f7dfd857275e7c253a5aba4730f93428121e5156bd4281c4101fd79514b0d8d9,dataset_version_a51bddcb369babc7d5f603d6c6a465de9505061bc876c2d3fdecdc2bcf5eee6e,page_a7b6310968679d22f2ea9ff1f194ff52b3be5472ba8dc9cd0ea7d0c339cdada4,document_5b377b1fd0c80fe036c54698263d3e825575c572cf5dd383d53f25590620df85,Trolldom_och_annan_vidskepelse_-_Rättegångshandlingar_samt_skrivelser_till_Göta_Hovrätt__1755-1764_,A0060201,00089,dataset-rgb/Trolldom_och_annan_vidskepelse_-_Rättegångshandlingar_samt_skrivelser_till_Göta_Hovrätt__1755-1764_/Trolldom_och_annan_vidskepelse_-_Rättegångshandlingar_samt_skrivelser_till_Göta_Hovrätt__1755-1764__A0060201_00089.png,page_image_3902e81bba8eda28072a7c8ac279aa87db6e8ebe49ed8400a8003de45f67415e,14891317,readable,PNG,6104,4808,1.2696,29348032,RGB,3,8,0.5074,False,False,,unique,,included,,Structurally difficult,"aspect ratio 1.2696 >= 1.15: double-page spread (two facing text blocks, central gutter, two independent reading orders)",,True,False,False,False,,False
dataset_f7dfd857275e7c253a5aba4730f93428121e5156bd4281c4101fd79514b0d8d9,dataset_version_a51bddcb369babc7d5f603d6c6a465de9505061bc876c2d3fdecdc2bcf5eee6e,page_7706fe86784eda4dc8430e7caf58241190e407699cab4f608f818e6930da8f92,document_5b377b1fd0c80fe036c54698263d3e825575c572cf5dd383d53f25590620df85,Trolldom_och_annan_vidskepelse_-_Rättegångshandlingar_samt_skrivelser_till_Göta_Hovrätt__1755-1764_,A0060201,00099,dataset-rgb/Trolldom_och_annan_vidskepelse_-_Rättegångshandlingar_samt_skrivelser_till_Göta_Hovrätt__1755-1764_/Trolldom_och_annan_vidskepelse_-_Rättegångshandlingar_samt_skrivelser_till_Göta_Hovrätt__1755-1764__A0060201_00099.png,page_image_b3a3fab67547376d6e8345126fa153d2940f2ccb01995f9afb458ef5b8f42f74,9295489,readable,PNG,6032,4648,1.2978,28036736,RGB,3,8,0.3315,False,False,,unique,,included,,Structurally difficult,"aspect ratio 1.2978 >= 1.15: double-page spread (two facing text blocks, central gutter, two independent reading orders)",,True,False,False,False,,False
dataset_f7dfd857275e7c253a5aba4730f93428121e5156bd4281c4101fd79514b0d8d9,dataset_version_a51bddcb369babc7d5f603d6c6a465de9505061bc876c2d3fdecdc2bcf5eee6e,page_46753a691935b23b302271d67eddcd17f1ecfe6e2cab04b5fe566fcc268caff0,document_5b377b1fd0c80fe036c54698263d3e825575c572cf5dd383d53f25590620df85,Trolldom_och_annan_vidskepelse_-_Rättegångshandlingar_samt_skrivelser_till_Göta_Hovrätt__1755-1764_,A0060201,00102,dataset-rgb/Trolldom_och_annan_vidskepelse_-_Rättegångshandlingar_samt_skrivelser_till_Göta_Hovrätt__1755-1764_/Trolldom_och_annan_vidskepelse_-_Rättegångshandlingar_samt_skrivelser_till_Göta_Hovrätt__1755-1764__A0060201_00102.png,page_image_3b863492dfe106ee692a15b733dd2ff98055690f164c31b668046101139ad619,8435819,readable,PNG,6128,4680,1.3094,28679040,RGB,3,8,0.2941,False,False,,unique,,included,,Structurally difficult,"aspect ratio 1.3094 >= 1.15: double-page spread (two facing text blocks, central gutter, two independent reading orders); 0.2941 encoded bytes/pixel < 0.31: unusually low-entropy lossless raster (faint, low-contrast or heavily denoised scan)",,True,True,False,False,,False
dataset_f7dfd857275e7c253a5aba4730f93428121e5156bd4281c4101fd79514b0d8d9,dataset_version_a51bddcb369babc7d5f603d6c6a465de9505061bc876c2d3fdecdc2bcf5eee6e,page_cd6c63758eb628081570dc72d5f0aced66f4f0eb673ebb1abdc95f74842549f5,document_5b377b1fd0c80fe036c54698263d3e825575c572cf5dd383d53f25590620df85,Trolldom_och_annan_vidskepelse_-_Rättegångshandlingar_samt_skrivelser_till_Göta_Hovrätt__1755-1764_,A0060201,00103,dataset-rgb/Trolldom_och_annan_vidskepelse_-_Rättegångshandlingar_samt_skrivelser_till_Göta_Hovrätt__1755-1764_/Trolldom_och_annan_vidskepelse_-_Rättegångshandlingar_samt_skrivelser_till_Göta_Hovrätt__1755-1764__A0060201_00103.png,page_image_4933ed503a9dd6087fadc2f9f68d12dd052bf089830346015911ba4a5f7e0521,7293105,readable,PNG,6136,4728,1.2978,29011008,RGB,3,8,0.2514,False,False,,unique,,included,,Structurally difficult,"aspect ratio 1.2978 >= 1.15: double-page spread (two facing text blocks, central gutter, two independent reading orders); 0.2514 encoded bytes/pixel < 0.31: unusually low-entropy lossless raster (faint, low-contrast or heavily denoised scan)",,True,True,False,False,,False
dataset_f7dfd857275e7c253a5aba4730f93428121e5156bd4281c4101fd79514b0d8d9,dataset_version_a51bddcb369babc7d5f603d6c6a465de9505061bc876c2d3fdecdc2bcf5eee6e,page_c8f1e37c4ec547f6dfe7a39f32409c150b507e04e4dc5e0e401875f8f5ec39ce,document_5b377b1fd0c80fe036c54698263d3e825575c572cf5dd383d53f25590620df85,Trolldom_och_annan_vidskepelse_-_Rättegångshandlingar_samt_skrivelser_till_Göta_Hovrätt__1755-1764_,A0060201,00108,dataset-rgb/Trolldom_och_annan_vidskepelse_-_Rättegångshandlingar_samt_skrivelser_till_Göta_Hovrätt__1755-1764_/Trolldom_och_annan_vidskepelse_-_Rättegångshandlingar_samt_skrivelser_till_Göta_Hovrätt__1755-1764__A0060201_00108.png,page_image_f21834d201ee41fee83140a5e6a219f86503e95476c6c25bbf22d63ef807ef9c,11546189,readable,PNG,3360,4760,0.7059,15993600,RGB,3,8,0.7219,False,False,,unique,,included,,Ordinary,"single-page portrait raster with no detected technical anomaly; note that structural difficulty beyond page-spread geometry (dense marginalia, tables, multi-column layout, insertions, damage) is NOT automatically detectable without a layout model and is explicitly out of scope for this pass -- this page may be reclassified 'Structurally difficult' by supervised human correction",,False,False,False,False,,False
dataset_f7dfd857275e7c253a5aba4730f93428121e5156bd4281c4101fd79514b0d8d9,dataset_version_a51bddcb369babc7d5f603d6c6a465de9505061bc876c2d3fdecdc2bcf5eee6e,page_a42fe65267b3e6cbd9decadedf168a7ebfd0c76b99257c9bf92540c23cdcf590,document_5b377b1fd0c80fe036c54698263d3e825575c572cf5dd383d53f25590620df85,Trolldom_och_annan_vidskepelse_-_Rättegångshandlingar_samt_skrivelser_till_Göta_Hovrätt__1755-1764_,A0060201,00109,dataset-rgb/Trolldom_och_annan_vidskepelse_-_Rättegångshandlingar_samt_skrivelser_till_Göta_Hovrätt__1755-1764_/Trolldom_och_annan_vidskepelse_-_Rättegångshandlingar_samt_skrivelser_till_Göta_Hovrätt__1755-1764__A0060201_00109.png,page_image_21c569457be2556d35030122121656f382ab0e694bea8de23770c1a9aafe3a60,10786122,readable,PNG,3280,4752,0.6902,15586560,RGB,3,8,0.692,False,False,,unique,,included,,Ordinary,"single-page portrait raster with no detected technical anomaly; note that structural difficulty beyond page-spread geometry (dense marginalia, tables, multi-column layout, insertions, damage) is NOT automatically detectable without a layout model and is explicitly out of scope for this pass -- this page may be reclassified 'Structurally difficult' by supervised human correction",,False,False,False,False,,False
dataset_f7dfd857275e7c253a5aba4730f93428121e5156bd4281c4101fd79514b0d8d9,dataset_version_a51bddcb369babc7d5f603d6c6a465de9505061bc876c2d3fdecdc2bcf5eee6e,page_fa6b3186b1a992c336fb22dec250f4778f8bd70b96f09713b042797293ed90a9,document_5b377b1fd0c80fe036c54698263d3e825575c572cf5dd383d53f25590620df85,Trolldom_och_annan_vidskepelse_-_Rättegångshandlingar_samt_skrivelser_till_Göta_Hovrätt__1755-1764_,A0060201,00111,dataset-rgb/Trolldom_och_annan_vidskepelse_-_Rättegångshandlingar_samt_skrivelser_till_Göta_Hovrätt__1755-1764_/Trolldom_och_annan_vidskepelse_-_Rättegångshandlingar_samt_skrivelser_till_Göta_Hovrätt__1755-1764__A0060201_00111.png,page_image_42bf8d8f950d637b449f6064a80dc6f9ee1c407c026e45ca74b4789779fc8ad3,6014061,readable,PNG,6104,4744,1.2867,28957376,RGB,3,8,0.2077,False,False,,unique,,included,,Structurally difficult,"aspect ratio 1.2867 >= 1.15: double-page spread (two facing text blocks, central gutter, two independent reading orders); 0.2077 encoded bytes/pixel < 0.31: unusually low-entropy lossless raster (faint, low-contrast or heavily denoised scan)",,True,True,False,False,,False
dataset_f7dfd857275e7c253a5aba4730f93428121e5156bd4281c4101fd79514b0d8d9,dataset_version_a51bddcb369babc7d5f603d6c6a465de9505061bc876c2d3fdecdc2bcf5eee6e,page_44897ec8b36d185c58db6bb1889ced210095e733a1276a2f7c0b1a52d8ff8342,document_5b377b1fd0c80fe036c54698263d3e825575c572cf5dd383d53f25590620df85,Trolldom_och_annan_vidskepelse_-_Rättegångshandlingar_samt_skrivelser_till_Göta_Hovrätt__1755-1764_,A0060201,00113,dataset-rgb/Trolldom_och_annan_vidskepelse_-_Rättegångshandlingar_samt_skrivelser_till_Göta_Hovrätt__1755-1764_/Trolldom_och_annan_vidskepelse_-_Rättegångshandlingar_samt_skrivelser_till_Göta_Hovrätt__1755-1764__A0060201_00113.png,page_image_c54283fc985c1cd5978a0e986d60273b3de9cfe17c6f4fea1ef4d8bdf62cf746,8795762,readable,PNG,6280,4776,1.3149,29993280,RGB,3,8,0.2933,False,False,,unique,,included,,Structurally difficult,"aspect ratio 1.3149 >= 1.15: double-page spread (two facing text blocks, central gutter, two independent reading orders); 0.2933 encoded bytes/pixel < 0.31: unusually low-entropy lossless raster (faint, low-contrast or heavily denoised scan)",,True,True,False,False,,False
dataset_f7dfd857275e7c253a5aba4730f93428121e5156bd4281c4101fd79514b0d8d9,dataset_version_a51bddcb369babc7d5f603d6c6a465de9505061bc876c2d3fdecdc2bcf5eee6e,page_66cef8f11fcf50dc89a6d4ea17e98c0fa2a5b5bc025c41b79b4a40de56f902fc,document_5b377b1fd0c80fe036c54698263d3e825575c572cf5dd383d53f25590620df85,Trolldom_och_annan_vidskepelse_-_Rättegångshandlingar_samt_skrivelser_till_Göta_Hovrätt__1755-1764_,A0060201,00118,dataset-rgb/Trolldom_och_annan_vidskepelse_-_Rättegångshandlingar_samt_skrivelser_till_Göta_Hovrätt__1755-1764_/Trolldom_och_annan_vidskepelse_-_Rättegångshandlingar_samt_skrivelser_till_Göta_Hovrätt__1755-1764__A0060201_00118.png,page_image_5676ec90874fd0cb443bc192ca1caaf0e3fc25d79c617aa1f554e3946e66a502,8118920,readable,PNG,3536,4944,0.7152,17481984,RGB,3,8,0.4644,False,False,,unique,,included,,Ordinary,"single-page portrait raster with no detected technical anomaly; note that structural difficulty beyond page-spread geometry (dense marginalia, tables, multi-column layout, insertions, damage) is NOT automatically detectable without a layout model and is explicitly out of scope for this pass -- this page may be reclassified 'Structurally difficult' by supervised human correction",,False,False,False,False,,False
dataset_f7dfd857275e7c253a5aba4730f93428121e5156bd4281c4101fd79514b0d8d9,dataset_version_a51bddcb369babc7d5f603d6c6a465de9505061bc876c2d3fdecdc2bcf5eee6e,page_934b3e43b102223c9e3a14b867ac732589a9a4f4a2a0058071684b69d57c8b13,document_5b377b1fd0c80fe036c54698263d3e825575c572cf5dd383d53f25590620df85,Trolldom_och_annan_vidskepelse_-_Rättegångshandlingar_samt_skrivelser_till_Göta_Hovrätt__1755-1764_,A0060201,00119,dataset-rgb/Trolldom_och_annan_vidskepelse_-_Rättegångshandlingar_samt_skrivelser_till_Göta_Hovrätt__1755-1764_/Trolldom_och_annan_vidskepelse_-_Rättegångshandlingar_samt_skrivelser_till_Göta_Hovrätt__1755-1764__A0060201_00119.png,page_image_2005764f37328794d618d99674644242e9e841255f6ae0dab25d3779d07df14c,16357678,readable,PNG,6224,4816,1.2924,29974784,RGB,3,8,0.5457,False,False,,unique,,included,,Structurally difficult,"aspect ratio 1.2924 >= 1.15: double-page spread (two facing text blocks, central gutter, two independent reading orders)",,True,False,False,False,,False
dataset_f7dfd857275e7c253a5aba4730f93428121e5156bd4281c4101fd79514b0d8d9,dataset_version_a51bddcb369babc7d5f603d6c6a465de9505061bc876c2d3fdecdc2bcf5eee6e,page_7c69e8ccd04c7f4257463f11d14f81a7f470d12abbe09ad174a57c88519a1d08,document_5b377b1fd0c80fe036c54698263d3e825575c572cf5dd383d53f25590620df85,Trolldom_och_annan_vidskepelse_-_Rättegångshandlingar_samt_skrivelser_till_Göta_Hovrätt__1755-1764_,A0060201,00120,dataset-rgb/Trolldom_och_annan_vidskepelse_-_Rättegångshandlingar_samt_skrivelser_till_Göta_Hovrätt__1755-1764_/Trolldom_och_annan_vidskepelse_-_Rättegångshandlingar_samt_skrivelser_till_Göta_Hovrätt__1755-1764__A0060201_00120.png,page_image_38e3ab3bc586b2c1e0cda5a3d1a6a44e41b25810e40389d2cca5d78b1d3d15fe,13775527,readable,PNG,6168,4800,1.285,29606400,RGB,3,8,0.4653,False,False,,unique,,included,,Structurally difficult,"aspect ratio 1.285 >= 1.15: double-page spread (two facing text blocks, central gutter, two independent reading orders)",,True,False,False,False,,False
dataset_f7dfd857275e7c253a5aba4730f93428121e5156bd4281c4101fd79514b0d8d9,dataset_version_a51bddcb369babc7d5f603d6c6a465de9505061bc876c2d3fdecdc2bcf5eee6e,page_ae76e732e21ff66ab6fd4ae90ad03c504295187fb1a678f907cd72dc888301b8,document_5b377b1fd0c80fe036c54698263d3e825575c572cf5dd383d53f25590620df85,Trolldom_och_annan_vidskepelse_-_Rättegångshandlingar_samt_skrivelser_till_Göta_Hovrätt__1755-1764_,A0060201,00138,dataset-rgb/Trolldom_och_annan_vidskepelse_-_Rättegångshandlingar_samt_skrivelser_till_Göta_Hovrätt__1755-1764_/Trolldom_och_annan_vidskepelse_-_Rättegångshandlingar_samt_skrivelser_till_Göta_Hovrätt__1755-1764__A0060201_00138.png,page_image_a9591152c34cfddd323c34d61339a1ff5f2451a6d9723d79fde4d3ff4b51ceee,9724614,readable,PNG,3336,4784,0.6973,15959424,RGB,3,8,0.6093,False,False,,unique,,included,,Ordinary,"single-page portrait raster with no detected technical anomaly; note that structural difficulty beyond page-spread geometry (dense marginalia, tables, multi-column layout, insertions, damage) is NOT automatically detectable without a layout model and is explicitly out of scope for this pass -- this page may be reclassified 'Structurally difficult' by supervised human correction",,False,False,False,False,,False
dataset_f7dfd857275e7c253a5aba4730f93428121e5156bd4281c4101fd79514b0d8d9,dataset_version_a51bddcb369babc7d5f603d6c6a465de9505061bc876c2d3fdecdc2bcf5eee6e,page_23fd43be86e9b2697216d6cf12612e55a357a90b712858e4c31872e1af21a8e7,document_5b377b1fd0c80fe036c54698263d3e825575c572cf5dd383d53f25590620df85,Trolldom_och_annan_vidskepelse_-_Rättegångshandlingar_samt_skrivelser_till_Göta_Hovrätt__1755-1764_,A0060201,00163,dataset-rgb/Trolldom_och_annan_vidskepelse_-_Rättegångshandlingar_samt_skrivelser_till_Göta_Hovrätt__1755-1764_/Trolldom_och_annan_vidskepelse_-_Rättegångshandlingar_samt_skrivelser_till_Göta_Hovrätt__1755-1764__A0060201_00163.png,page_image_894585d5cc395736f7d8678500aff1fea8292350d28ef0e8ff4e48e9ba817f3d,14749940,readable,PNG,6168,4824,1.2786,29754432,RGB,3,8,0.4957,False,False,,unique,,included,,Structurally difficult,"aspect ratio 1.2786 >= 1.15: double-page spread (two facing text blocks, central gutter, two independent reading orders)",,True,False,False,False,,False
dataset_f7dfd857275e7c253a5aba4730f93428121e5156bd4281c4101fd79514b0d8d9,dataset_version_a51bddcb369babc7d5f603d6c6a465de9505061bc876c2d3fdecdc2bcf5eee6e,page_245f91f0c28bc2c9af75780b6141ce177379082c804ca7070334dddb690cdec6,document_5b377b1fd0c80fe036c54698263d3e825575c572cf5dd383d53f25590620df85,Trolldom_och_annan_vidskepelse_-_Rättegångshandlingar_samt_skrivelser_till_Göta_Hovrätt__1755-1764_,A0060201,00179,dataset-rgb/Trolldom_och_annan_vidskepelse_-_Rättegångshandlingar_samt_skrivelser_till_Göta_Hovrätt__1755-1764_/Trolldom_och_annan_vidskepelse_-_Rättegångshandlingar_samt_skrivelser_till_Göta_Hovrätt__1755-1764__A0060201_00179.png,page_image_40d0c555f93655350ddacacc871efecbcec01804817bf0937e7dc1292f1fdb4e,9532696,readable,PNG,3480,5040,0.6905,17539200,RGB,3,8,0.5435,False,False,,unique,,included,,Ordinary,"single-page portrait raster with no detected technical anomaly; note that structural difficulty beyond page-spread geometry (dense marginalia, tables, multi-column layout, insertions, damage) is NOT automatically detectable without a layout model and is explicitly out of scope for this pass -- this page may be reclassified 'Structurally difficult' by supervised human correction",,False,False,False,False,,False
dataset_f7dfd857275e7c253a5aba4730f93428121e5156bd4281c4101fd79514b0d8d9,dataset_version_a51bddcb369babc7d5f603d6c6a465de9505061bc876c2d3fdecdc2bcf5eee6e,page_0f4f9172fcadef7734077577387eefc6e85691daa1deebb70ccdf7f04e220a8c,document_5b377b1fd0c80fe036c54698263d3e825575c572cf5dd383d53f25590620df85,Trolldom_och_annan_vidskepelse_-_Rättegångshandlingar_samt_skrivelser_till_Göta_Hovrätt__1755-1764_,A0060201,00180,dataset-rgb/Trolldom_och_annan_vidskepelse_-_Rättegångshandlingar_samt_skrivelser_till_Göta_Hovrätt__1755-1764_/Trolldom_och_annan_vidskepelse_-_Rättegångshandlingar_samt_skrivelser_till_Göta_Hovrätt__1755-1764__A0060201_00180.png,page_image_3ed60da570d56d46fd3b129184fc44de24797001283341e78a3a70e5cfbeda27,17616354,readable,PNG,6392,5056,1.2642,32317952,RGB,3,8,0.5451,False,False,,unique,,included,,Structurally difficult,"aspect ratio 1.2642 >= 1.15: double-page spread (two facing text blocks, central gutter, two independent reading orders)",,True,False,False,False,,False
dataset_f7dfd857275e7c253a5aba4730f93428121e5156bd4281c4101fd79514b0d8d9,dataset_version_a51bddcb369babc7d5f603d6c6a465de9505061bc876c2d3fdecdc2bcf5eee6e,page_a9c6afb3c9245df32f6a314c601a46b3149600074718c29964fc91213f7bffb8,document_5b377b1fd0c80fe036c54698263d3e825575c572cf5dd383d53f25590620df85,Trolldom_och_annan_vidskepelse_-_Rättegångshandlingar_samt_skrivelser_till_Göta_Hovrätt__1755-1764_,A0060201,00181,dataset-rgb/Trolldom_och_annan_vidskepelse_-_Rättegångshandlingar_samt_skrivelser_till_Göta_Hovrätt__1755-1764_/Trolldom_och_annan_vidskepelse_-_Rättegångshandlingar_samt_skrivelser_till_Göta_Hovrätt__1755-1764__A0060201_00181.png,page_image_e530a97f670251e7952629aade2cb21e33dee58a1bf21406eaaa1b837a649fa9,18326393,readable,PNG,6392,5088,1.2563,32522496,RGB,3,8,0.5635,False,False,,unique,,included,,Structurally difficult,"aspect ratio 1.2563 >= 1.15: double-page spread (two facing text blocks, central gutter, two independent reading orders)",,True,False,False,False,,False
dataset_f7dfd857275e7c253a5aba4730f93428121e5156bd4281c4101fd79514b0d8d9,dataset_version_a51bddcb369babc7d5f603d6c6a465de9505061bc876c2d3fdecdc2bcf5eee6e,page_92e48e46c2bf9bc1a59b197ca0f9ed2d38561cc2b135b1d8f519c82e6b99b648,document_5b377b1fd0c80fe036c54698263d3e825575c572cf5dd383d53f25590620df85,Trolldom_och_annan_vidskepelse_-_Rättegångshandlingar_samt_skrivelser_till_Göta_Hovrätt__1755-1764_,A0060201,00220,dataset-rgb/Trolldom_och_annan_vidskepelse_-_Rättegångshandlingar_samt_skrivelser_till_Göta_Hovrätt__1755-1764_/Trolldom_och_annan_vidskepelse_-_Rättegångshandlingar_samt_skrivelser_till_Göta_Hovrätt__1755-1764__A0060201_00220.png,page_image_60663c6e7824981ef4eee6508bf27fdf7fab5e8fc309d7a717638aab1f0ecdf9,14155396,readable,PNG,6280,4928,1.2744,30947840,RGB,3,8,0.4574,False,False,,unique,,included,,Structurally difficult,"aspect ratio 1.2744 >= 1.15: double-page spread (two facing text blocks, central gutter, two independent reading orders)",,True,False,False,False,,False
dataset_f7dfd857275e7c253a5aba4730f93428121e5156bd4281c4101fd79514b0d8d9,dataset_version_a51bddcb369babc7d5f603d6c6a465de9505061bc876c2d3fdecdc2bcf5eee6e,page_b5e49339446d7faf834314308be091c33e996c884c70c7c69f885021ec3a4221,document_9e1d58d1c8d731aa23676bf16babf757a55580d2c65e92905b2c2dec20d00245,Trolldom_och_annan_vidskepelse_-_Rådhus-_och_kämnärsrätternas_i_Stockholm__1674-1676_,A0060190,00004,dataset-rgb/Trolldom_och_annan_vidskepelse_-_Rådhus-_och_kämnärsrätternas_i_Stockholm__1674-1676_/Trolldom_och_annan_vidskepelse_-_Rådhus-_och_kämnärsrätternas_i_Stockholm__1674-1676__A0060190_00004.png,page_image_65db7334ca85f0adf8b81b85cb68c9247246258585195524a0fe38d1a9560155,9712339,readable,PNG,3464,4848,0.7145,16793472,RGB,3,8,0.5783,False,False,,unique,,included,,Ordinary,"single-page portrait raster with no detected technical anomaly; note that structural difficulty beyond page-spread geometry (dense marginalia, tables, multi-column layout, insertions, damage) is NOT automatically detectable without a layout model and is explicitly out of scope for this pass -- this page may be reclassified 'Structurally difficult' by supervised human correction",,False,False,False,False,,False
dataset_f7dfd857275e7c253a5aba4730f93428121e5156bd4281c4101fd79514b0d8d9,dataset_version_a51bddcb369babc7d5f603d6c6a465de9505061bc876c2d3fdecdc2bcf5eee6e,page_729cba74d02159f593c045d60cbe86ec0c658067123904af697aeb8bba43a2fd,document_9e1d58d1c8d731aa23676bf16babf757a55580d2c65e92905b2c2dec20d00245,Trolldom_och_annan_vidskepelse_-_Rådhus-_och_kämnärsrätternas_i_Stockholm__1674-1676_,A0060190,00005,dataset-rgb/Trolldom_och_annan_vidskepelse_-_Rådhus-_och_kämnärsrätternas_i_Stockholm__1674-1676_/Trolldom_och_annan_vidskepelse_-_Rådhus-_och_kämnärsrätternas_i_Stockholm__1674-1676__A0060190_00005.png,page_image_98661d1ac1a4c91a833791789347d773d73c9c487df5ee3b0df173cc0485020a,11785873,readable,PNG,6064,4872,1.2447,29543808,RGB,3,8,0.3989,False,False,,unique,,included,,Structurally difficult,"aspect ratio 1.2447 >= 1.15: double-page spread (two facing text blocks, central gutter, two independent reading orders)",,True,False,False,False,,False
dataset_f7dfd857275e7c253a5aba4730f93428121e5156bd4281c4101fd79514b0d8d9,dataset_version_a51bddcb369babc7d5f603d6c6a465de9505061bc876c2d3fdecdc2bcf5eee6e,page_3d04b86b140154f6abb19afe9ceff1e61860e7b9e613172d27b2c15a3e60a22d,document_9e1d58d1c8d731aa23676bf16babf757a55580d2c65e92905b2c2dec20d00245,Trolldom_och_annan_vidskepelse_-_Rådhus-_och_kämnärsrätternas_i_Stockholm__1674-1676_,A0060190,00006,dataset-rgb/Trolldom_och_annan_vidskepelse_-_Rådhus-_och_kämnärsrätternas_i_Stockholm__1674-1676_/Trolldom_och_annan_vidskepelse_-_Rådhus-_och_kämnärsrätternas_i_Stockholm__1674-1676__A0060190_00006.png,page_image_04862f7404a15ad642dea68b855b8398ec3ca26717c33d2b9cf55c70f0d669b5,16854938,readable,PNG,6080,4856,1.2521,29524480,RGB,3,8,0.5709,False,False,,unique,,included,,Structurally difficult,"aspect ratio 1.2521 >= 1.15: double-page spread (two facing text blocks, central gutter, two independent reading orders)",,True,False,False,False,,True
dataset_f7dfd857275e7c253a5aba4730f93428121e5156bd4281c4101fd79514b0d8d9,dataset_version_a51bddcb369babc7d5f603d6c6a465de9505061bc876c2d3fdecdc2bcf5eee6e,page_c17188fc872c9c0392fdb57b2101f5505f14ae211acd331f4f93ed47de2d0998,document_9e1d58d1c8d731aa23676bf16babf757a55580d2c65e92905b2c2dec20d00245,Trolldom_och_annan_vidskepelse_-_Rådhus-_och_kämnärsrätternas_i_Stockholm__1674-1676_,A0060190,00099,dataset-rgb/Trolldom_och_annan_vidskepelse_-_Rådhus-_och_kämnärsrätternas_i_Stockholm__1674-1676_/Trolldom_och_annan_vidskepelse_-_Rådhus-_och_kämnärsrätternas_i_Stockholm__1674-1676__A0060190_00099.png,page_image_7b93e93263f117ae583d0f8c11589a044ac05225875b5f8685c37c751ce4155a,15667315,readable,PNG,5912,4728,1.2504,27951936,RGB,3,8,0.5605,False,False,,unique,,included,,Structurally difficult,"aspect ratio 1.2504 >= 1.15: double-page spread (two facing text blocks, central gutter, two independent reading orders)",,True,False,False,False,,False
dataset_f7dfd857275e7c253a5aba4730f93428121e5156bd4281c4101fd79514b0d8d9,dataset_version_a51bddcb369babc7d5f603d6c6a465de9505061bc876c2d3fdecdc2bcf5eee6e,page_55f85fea630a05e5dacfa606e10ae5be3abd02421787feaafbb611514a88e88c,document_78c3154ee9b73260f62d97099e405e5ef1b05a2c8183e3c53e18ad6785f7ca87,Trolldom_och_annan_vidskepelse_-_Skrivelser_till_Kungl__Maj_t__1584-1734_,A0060186,00007,dataset-rgb/Trolldom_och_annan_vidskepelse_-_Skrivelser_till_Kungl__Maj_t__1584-1734_/Trolldom_och_annan_vidskepelse_-_Skrivelser_till_Kungl__Maj_t__1584-1734__A0060186_00007.png,page_image_ac5a17f86779f6b3ff9771270a886927f7525637cc48bfb60ffdd647862ca265,10491384,readable,PNG,3336,4768,0.6997,15906048,RGB,3,8,0.6596,False,False,,unique,,included,,Ordinary,"single-page portrait raster with no detected technical anomaly; note that structural difficulty beyond page-spread geometry (dense marginalia, tables, multi-column layout, insertions, damage) is NOT automatically detectable without a layout model and is explicitly out of scope for this pass -- this page may be reclassified 'Structurally difficult' by supervised human correction",,False,False,False,False,,False
dataset_f7dfd857275e7c253a5aba4730f93428121e5156bd4281c4101fd79514b0d8d9,dataset_version_a51bddcb369babc7d5f603d6c6a465de9505061bc876c2d3fdecdc2bcf5eee6e,page_1e049dd448702318722dfc1c2f2e286339b44becea421b17009181da315c7a79,document_78c3154ee9b73260f62d97099e405e5ef1b05a2c8183e3c53e18ad6785f7ca87,Trolldom_och_annan_vidskepelse_-_Skrivelser_till_Kungl__Maj_t__1584-1734_,A0060186,00008,dataset-rgb/Trolldom_och_annan_vidskepelse_-_Skrivelser_till_Kungl__Maj_t__1584-1734_/Trolldom_och_annan_vidskepelse_-_Skrivelser_till_Kungl__Maj_t__1584-1734__A0060186_00008.png,page_image_d49ac23b2a998371c7dcf835bf5019090873eb01fb360fd184eeebe537b126de,8278733,readable,PNG,3384,4792,0.7062,16216128,RGB,3,8,0.5105,False,False,,unique,,included,,Ordinary,"single-page portrait raster with no detected technical anomaly; note that structural difficulty beyond page-spread geometry (dense marginalia, tables, multi-column layout, insertions, damage) is NOT automatically detectable without a layout model and is explicitly out of scope for this pass -- this page may be reclassified 'Structurally difficult' by supervised human correction",,False,False,False,False,,False
dataset_f7dfd857275e7c253a5aba4730f93428121e5156bd4281c4101fd79514b0d8d9,dataset_version_a51bddcb369babc7d5f603d6c6a465de9505061bc876c2d3fdecdc2bcf5eee6e,page_82b35305bd5c776d01f92f6cb5d650e61c931d8f02287949892893ecf362e309,document_78c3154ee9b73260f62d97099e405e5ef1b05a2c8183e3c53e18ad6785f7ca87,Trolldom_och_annan_vidskepelse_-_Skrivelser_till_Kungl__Maj_t__1584-1734_,A0060186,00010,dataset-rgb/Trolldom_och_annan_vidskepelse_-_Skrivelser_till_Kungl__Maj_t__1584-1734_/Trolldom_och_annan_vidskepelse_-_Skrivelser_till_Kungl__Maj_t__1584-1734__A0060186_00010.png,page_image_45beeb611f878beefe49666aa6f3297df8d486ffb3d4b7d0f0724429b92b2b7d,10938191,readable,PNG,3512,4960,0.7081,17419520,RGB,3,8,0.6279,False,False,,unique,,included,,Ordinary,"single-page portrait raster with no detected technical anomaly; note that structural difficulty beyond page-spread geometry (dense marginalia, tables, multi-column layout, insertions, damage) is NOT automatically detectable without a layout model and is explicitly out of scope for this pass -- this page may be reclassified 'Structurally difficult' by supervised human correction",,False,False,False,False,,False
dataset_f7dfd857275e7c253a5aba4730f93428121e5156bd4281c4101fd79514b0d8d9,dataset_version_a51bddcb369babc7d5f603d6c6a465de9505061bc876c2d3fdecdc2bcf5eee6e,page_cde3d6099081ffebce3811e19387c00260ee73a27ed390b03f8edaa4233d1617,document_78c3154ee9b73260f62d97099e405e5ef1b05a2c8183e3c53e18ad6785f7ca87,Trolldom_och_annan_vidskepelse_-_Skrivelser_till_Kungl__Maj_t__1584-1734_,A0060186,00011,dataset-rgb/Trolldom_och_annan_vidskepelse_-_Skrivelser_till_Kungl__Maj_t__1584-1734_/Trolldom_och_annan_vidskepelse_-_Skrivelser_till_Kungl__Maj_t__1584-1734__A0060186_00011.png,page_image_59530bb7cd1bbf2b01694a18831827507b18ce2f9c04595b5bfe8e3a2ddcac6e,22172321,readable,PNG,6448,4856,1.3278,31311488,RGB,3,8,0.7081,False,False,,unique,,included,,Structurally difficult,"aspect ratio 1.3278 >= 1.15: double-page spread (two facing text blocks, central gutter, two independent reading orders)",,True,False,False,False,,False
dataset_f7dfd857275e7c253a5aba4730f93428121e5156bd4281c4101fd79514b0d8d9,dataset_version_a51bddcb369babc7d5f603d6c6a465de9505061bc876c2d3fdecdc2bcf5eee6e,page_d6b62334f7fe09a17ad9ab759a96f1f60cdad115174e33f1e2832e48ccf76225,document_78c3154ee9b73260f62d97099e405e5ef1b05a2c8183e3c53e18ad6785f7ca87,Trolldom_och_annan_vidskepelse_-_Skrivelser_till_Kungl__Maj_t__1584-1734_,A0060186,00012,dataset-rgb/Trolldom_och_annan_vidskepelse_-_Skrivelser_till_Kungl__Maj_t__1584-1734_/Trolldom_och_annan_vidskepelse_-_Skrivelser_till_Kungl__Maj_t__1584-1734__A0060186_00012.png,page_image_97027de5d1b10c4fd25ebde354796a73841a870a729ccfdc28f1059762490f9d,10665711,readable,PNG,3368,4792,0.7028,16139456,RGB,3,8,0.6608,False,False,,unique,,included,,Ordinary,"single-page portrait raster with no detected technical anomaly; note that structural difficulty beyond page-spread geometry (dense marginalia, tables, multi-column layout, insertions, damage) is NOT automatically detectable without a layout model and is explicitly out of scope for this pass -- this page may be reclassified 'Structurally difficult' by supervised human correction",,False,False,False,False,,False
dataset_f7dfd857275e7c253a5aba4730f93428121e5156bd4281c4101fd79514b0d8d9,dataset_version_a51bddcb369babc7d5f603d6c6a465de9505061bc876c2d3fdecdc2bcf5eee6e,page_0b997951f9378cb9c42897b1bd4af7a45afe8b9fdd20fe929a823d440d011c34,document_78c3154ee9b73260f62d97099e405e5ef1b05a2c8183e3c53e18ad6785f7ca87,Trolldom_och_annan_vidskepelse_-_Skrivelser_till_Kungl__Maj_t__1584-1734_,A0060186,00013,dataset-rgb/Trolldom_och_annan_vidskepelse_-_Skrivelser_till_Kungl__Maj_t__1584-1734_/Trolldom_och_annan_vidskepelse_-_Skrivelser_till_Kungl__Maj_t__1584-1734__A0060186_00013.png,page_image_1c262e3d92b09ebe54cf538ead36f8fe47ad3f63d44b21a3494cd5f6bd4cadd4,20853246,readable,PNG,6168,4856,1.2702,29951808,RGB,3,8,0.6962,False,False,,unique,,included,,Structurally difficult,"aspect ratio 1.2702 >= 1.15: double-page spread (two facing text blocks, central gutter, two independent reading orders)",,True,False,False,False,,True
dataset_f7dfd857275e7c253a5aba4730f93428121e5156bd4281c4101fd79514b0d8d9,dataset_version_a51bddcb369babc7d5f603d6c6a465de9505061bc876c2d3fdecdc2bcf5eee6e,page_0a29caf835913a8780f490fb43f9c2ffcc27f3ae43b9c1ef78def30ec64dc815,document_78c3154ee9b73260f62d97099e405e5ef1b05a2c8183e3c53e18ad6785f7ca87,Trolldom_och_annan_vidskepelse_-_Skrivelser_till_Kungl__Maj_t__1584-1734_,A0060186,00014,dataset-rgb/Trolldom_och_annan_vidskepelse_-_Skrivelser_till_Kungl__Maj_t__1584-1734_/Trolldom_och_annan_vidskepelse_-_Skrivelser_till_Kungl__Maj_t__1584-1734__A0060186_00014.png,page_image_d19f44f24642724408989f1b3b8319cb03c52cdf494347f5aa823dd220704e3e,20615231,readable,PNG,6160,4808,1.2812,29617280,RGB,3,8,0.6961,False,False,,unique,,included,,Structurally difficult,"aspect ratio 1.2812 >= 1.15: double-page spread (two facing text blocks, central gutter, two independent reading orders)",,True,False,False,False,,False
dataset_f7dfd857275e7c253a5aba4730f93428121e5156bd4281c4101fd79514b0d8d9,dataset_version_a51bddcb369babc7d5f603d6c6a465de9505061bc876c2d3fdecdc2bcf5eee6e,page_80c23aea702d8825542f1d0d722fcfb9dbc7e248a4822bae3d1eed82d1f0c46a,document_78c3154ee9b73260f62d97099e405e5ef1b05a2c8183e3c53e18ad6785f7ca87,Trolldom_och_annan_vidskepelse_-_Skrivelser_till_Kungl__Maj_t__1584-1734_,A0060186,00015,dataset-rgb/Trolldom_och_annan_vidskepelse_-_Skrivelser_till_Kungl__Maj_t__1584-1734_/Trolldom_och_annan_vidskepelse_-_Skrivelser_till_Kungl__Maj_t__1584-1734__A0060186_00015.png,page_image_725a6575690c92a532943337ad6f51c107783713b5005ecd648f2f714d324cc2,21030599,readable,PNG,6216,4832,1.2864,30035712,RGB,3,8,0.7002,False,False,,unique,,included,,Structurally difficult,"aspect ratio 1.2864 >= 1.15: double-page spread (two facing text blocks, central gutter, two independent reading orders)",,True,False,False,False,,False
dataset_f7dfd857275e7c253a5aba4730f93428121e5156bd4281c4101fd79514b0d8d9,dataset_version_a51bddcb369babc7d5f603d6c6a465de9505061bc876c2d3fdecdc2bcf5eee6e,page_3862acd4338d5a039825d9c409c617995a889a9b45605ef0a13b16d30171447a,document_78c3154ee9b73260f62d97099e405e5ef1b05a2c8183e3c53e18ad6785f7ca87,Trolldom_och_annan_vidskepelse_-_Skrivelser_till_Kungl__Maj_t__1584-1734_,A0060186,00016,dataset-rgb/Trolldom_och_annan_vidskepelse_-_Skrivelser_till_Kungl__Maj_t__1584-1734_/Trolldom_och_annan_vidskepelse_-_Skrivelser_till_Kungl__Maj_t__1584-1734__A0060186_00016.png,page_image_9a099794b145778929fef08bddf0ac387fe7f73b903e5502a539d6fa11c70c65,14685942,readable,PNG,5680,4808,1.1814,27309440,RGB,3,8,0.5378,False,False,,unique,,included,,Structurally difficult,"aspect ratio 1.1814 >= 1.15: double-page spread (two facing text blocks, central gutter, two independent reading orders)",,True,False,False,False,,False
dataset_f7dfd857275e7c253a5aba4730f93428121e5156bd4281c4101fd79514b0d8d9,dataset_version_a51bddcb369babc7d5f603d6c6a465de9505061bc876c2d3fdecdc2bcf5eee6e,page_04153c4367f11df714ee496b8b7fa5355dc5b9a11d56c03243848a96e870eceb,document_78c3154ee9b73260f62d97099e405e5ef1b05a2c8183e3c53e18ad6785f7ca87,Trolldom_och_annan_vidskepelse_-_Skrivelser_till_Kungl__Maj_t__1584-1734_,A0060186,00017,dataset-rgb/Trolldom_och_annan_vidskepelse_-_Skrivelser_till_Kungl__Maj_t__1584-1734_/Trolldom_och_annan_vidskepelse_-_Skrivelser_till_Kungl__Maj_t__1584-1734__A0060186_00017.png,page_image_bb929b8dd8c64d10bdc5a1ec51ce4fe44d42342a44ee09616896193a2b4b08e1,10025925,readable,PNG,3560,4776,0.7454,17002560,RGB,3,8,0.5897,False,False,,unique,,included,,Ordinary,"single-page portrait raster with no detected technical anomaly; note that structural difficulty beyond page-spread geometry (dense marginalia, tables, multi-column layout, insertions, damage) is NOT automatically detectable without a layout model and is explicitly out of scope for this pass -- this page may be reclassified 'Structurally difficult' by supervised human correction",,False,False,False,False,,False
dataset_f7dfd857275e7c253a5aba4730f93428121e5156bd4281c4101fd79514b0d8d9,dataset_version_a51bddcb369babc7d5f603d6c6a465de9505061bc876c2d3fdecdc2bcf5eee6e,page_48203020db802694b50e191286f85afa7b9cf94c3e6b7abe6f86cd5ccb797e46,document_78c3154ee9b73260f62d97099e405e5ef1b05a2c8183e3c53e18ad6785f7ca87,Trolldom_och_annan_vidskepelse_-_Skrivelser_till_Kungl__Maj_t__1584-1734_,A0060186,00018,dataset-rgb/Trolldom_och_annan_vidskepelse_-_Skrivelser_till_Kungl__Maj_t__1584-1734_/Trolldom_och_annan_vidskepelse_-_Skrivelser_till_Kungl__Maj_t__1584-1734__A0060186_00018.png,page_image_40cd6f82eaf410793b314b41b23a37096c58ce4866197878c7e4526de023330d,19176592,readable,PNG,6136,4768,1.2869,29256448,RGB,3,8,0.6555,False,False,,unique,,included,,Structurally difficult,"aspect ratio 1.2869 >= 1.15: double-page spread (two facing text blocks, central gutter, two independent reading orders)",,True,False,False,False,,False
dataset_f7dfd857275e7c253a5aba4730f93428121e5156bd4281c4101fd79514b0d8d9,dataset_version_a51bddcb369babc7d5f603d6c6a465de9505061bc876c2d3fdecdc2bcf5eee6e,page_89aabdae8096cfb5af4e2b16583268b07eb9d4a8cd329b657ef3b320a64f4d12,document_78c3154ee9b73260f62d97099e405e5ef1b05a2c8183e3c53e18ad6785f7ca87,Trolldom_och_annan_vidskepelse_-_Skrivelser_till_Kungl__Maj_t__1584-1734_,A0060186,00019,dataset-rgb/Trolldom_och_annan_vidskepelse_-_Skrivelser_till_Kungl__Maj_t__1584-1734_/Trolldom_och_annan_vidskepelse_-_Skrivelser_till_Kungl__Maj_t__1584-1734__A0060186_00019.png,page_image_3f4f91cfee1d7ffae78aaebf9358c87e4d1a0efc794cbcbd9469e6b70c5d812a,15642228,readable,PNG,6144,4728,1.2995,29048832,RGB,3,8,0.5385,False,False,,unique,,included,,Structurally difficult,"aspect ratio 1.2995 >= 1.15: double-page spread (two facing text blocks, central gutter, two independent reading orders)",,True,False,False,False,,False
dataset_f7dfd857275e7c253a5aba4730f93428121e5156bd4281c4101fd79514b0d8d9,dataset_version_a51bddcb369babc7d5f603d6c6a465de9505061bc876c2d3fdecdc2bcf5eee6e,page_d34621574cce3bc273eebde9678b503117dbd2ead186c8b6383373d04d3458d1,document_78c3154ee9b73260f62d97099e405e5ef1b05a2c8183e3c53e18ad6785f7ca87,Trolldom_och_annan_vidskepelse_-_Skrivelser_till_Kungl__Maj_t__1584-1734_,A0060186,00020,dataset-rgb/Trolldom_och_annan_vidskepelse_-_Skrivelser_till_Kungl__Maj_t__1584-1734_/Trolldom_och_annan_vidskepelse_-_Skrivelser_till_Kungl__Maj_t__1584-1734__A0060186_00020.png,page_image_94c3d0057ba7a7aa5ed30c543a8547b41f9d2b1788754df3d618fa31a1a8a638,9107366,readable,PNG,3224,4824,0.6683,15552576,RGB,3,8,0.5856,False,False,,unique,,included,,Ordinary,"single-page portrait raster with no detected technical anomaly; note that structural difficulty beyond page-spread geometry (dense marginalia, tables, multi-column layout, insertions, damage) is NOT automatically detectable without a layout model and is explicitly out of scope for this pass -- this page may be reclassified 'Structurally difficult' by supervised human correction",,False,False,False,False,,False
dataset_f7dfd857275e7c253a5aba4730f93428121e5156bd4281c4101fd79514b0d8d9,dataset_version_a51bddcb369babc7d5f603d6c6a465de9505061bc876c2d3fdecdc2bcf5eee6e,page_99a958cee6297740acca71ce0c1d862907d71bf3e77e09e032024b5e760f2ee3,document_78c3154ee9b73260f62d97099e405e5ef1b05a2c8183e3c53e18ad6785f7ca87,Trolldom_och_annan_vidskepelse_-_Skrivelser_till_Kungl__Maj_t__1584-1734_,A0060186,00021,dataset-rgb/Trolldom_och_annan_vidskepelse_-_Skrivelser_till_Kungl__Maj_t__1584-1734_/Trolldom_och_annan_vidskepelse_-_Skrivelser_till_Kungl__Maj_t__1584-1734__A0060186_00021.png,page_image_74fb07431f54ec018f27b29877127c3f29af10e070647765c65eab738161716f,16788283,readable,PNG,5800,4752,1.2205,27561600,RGB,3,8,0.6091,False,False,,unique,,included,,Structurally difficult,"aspect ratio 1.2205 >= 1.15: double-page spread (two facing text blocks, central gutter, two independent reading orders)",,True,False,False,False,,False
dataset_f7dfd857275e7c253a5aba4730f93428121e5156bd4281c4101fd79514b0d8d9,dataset_version_a51bddcb369babc7d5f603d6c6a465de9505061bc876c2d3fdecdc2bcf5eee6e,page_39d009ddb9eb0785f7512aa70b1297bcfe33f4b638db173d28c43facb5ce423e,document_78c3154ee9b73260f62d97099e405e5ef1b05a2c8183e3c53e18ad6785f7ca87,Trolldom_och_annan_vidskepelse_-_Skrivelser_till_Kungl__Maj_t__1584-1734_,A0060186,00024,dataset-rgb/Trolldom_och_annan_vidskepelse_-_Skrivelser_till_Kungl__Maj_t__1584-1734_/Trolldom_och_annan_vidskepelse_-_Skrivelser_till_Kungl__Maj_t__1584-1734__A0060186_00024.png,page_image_34b04309afb681db7916a03f4e63c25c01889d434a9b5bd546904d7dbc90ab6f,14215676,readable,PNG,6192,4776,1.2965,29572992,RGB,3,8,0.4807,False,False,,unique,,included,,Structurally difficult,"aspect ratio 1.2965 >= 1.15: double-page spread (two facing text blocks, central gutter, two independent reading orders)",,True,False,False,False,,False
dataset_f7dfd857275e7c253a5aba4730f93428121e5156bd4281c4101fd79514b0d8d9,dataset_version_a51bddcb369babc7d5f603d6c6a465de9505061bc876c2d3fdecdc2bcf5eee6e,page_c17235334e00b59dcd264fc2b6ac5a76ce18ead46bceea7581e13fae8cfdc851,document_78c3154ee9b73260f62d97099e405e5ef1b05a2c8183e3c53e18ad6785f7ca87,Trolldom_och_annan_vidskepelse_-_Skrivelser_till_Kungl__Maj_t__1584-1734_,A0060186,00025,dataset-rgb/Trolldom_och_annan_vidskepelse_-_Skrivelser_till_Kungl__Maj_t__1584-1734_/Trolldom_och_annan_vidskepelse_-_Skrivelser_till_Kungl__Maj_t__1584-1734__A0060186_00025.png,page_image_e00a1c68ca0002a7e6ff82edabba5d47cb02574d91c0e9e904c1a5513740cb40,13461535,readable,PNG,6280,4720,1.3305,29641600,RGB,3,8,0.4541,False,False,,unique,,included,,Structurally difficult,"aspect ratio 1.3305 >= 1.15: double-page spread (two facing text blocks, central gutter, two independent reading orders)",,True,False,False,False,,False
dataset_f7dfd857275e7c253a5aba4730f93428121e5156bd4281c4101fd79514b0d8d9,dataset_version_a51bddcb369babc7d5f603d6c6a465de9505061bc876c2d3fdecdc2bcf5eee6e,page_80fb4bbab4882da5533a92f2583fe2c418141f5212a6f335e77e38b69fad0a03,document_78c3154ee9b73260f62d97099e405e5ef1b05a2c8183e3c53e18ad6785f7ca87,Trolldom_och_annan_vidskepelse_-_Skrivelser_till_Kungl__Maj_t__1584-1734_,A0060186,00029,dataset-rgb/Trolldom_och_annan_vidskepelse_-_Skrivelser_till_Kungl__Maj_t__1584-1734_/Trolldom_och_annan_vidskepelse_-_Skrivelser_till_Kungl__Maj_t__1584-1734__A0060186_00029.png,page_image_9f46085e44dfd93714553ca385acf47dd2309bd4c670d5064c84da74eaa127d4,5814821,readable,PNG,3480,4672,0.7449,16258560,RGB,3,8,0.3576,False,False,,unique,,included,,Ordinary,"single-page portrait raster with no detected technical anomaly; note that structural difficulty beyond page-spread geometry (dense marginalia, tables, multi-column layout, insertions, damage) is NOT automatically detectable without a layout model and is explicitly out of scope for this pass -- this page may be reclassified 'Structurally difficult' by supervised human correction",,False,False,False,False,,False
dataset_f7dfd857275e7c253a5aba4730f93428121e5156bd4281c4101fd79514b0d8d9,dataset_version_a51bddcb369babc7d5f603d6c6a465de9505061bc876c2d3fdecdc2bcf5eee6e,page_9bde5173d0a2535f4f1ce6bce53c7019f03cbaa36b8525aef75ee9ae79ff73c2,document_78c3154ee9b73260f62d97099e405e5ef1b05a2c8183e3c53e18ad6785f7ca87,Trolldom_och_annan_vidskepelse_-_Skrivelser_till_Kungl__Maj_t__1584-1734_,A0060186,00030,dataset-rgb/Trolldom_och_annan_vidskepelse_-_Skrivelser_till_Kungl__Maj_t__1584-1734_/Trolldom_och_annan_vidskepelse_-_Skrivelser_till_Kungl__Maj_t__1584-1734__A0060186_00030.png,page_image_dc4cef241504892cb39ad5f62f862eb1b5a0bb778e170951cdcfaab37f12a9a2,6503575,readable,PNG,3416,4776,0.7152,16314816,RGB,3,8,0.3986,False,False,,unique,,included,,Ordinary,"single-page portrait raster with no detected technical anomaly; note that structural difficulty beyond page-spread geometry (dense marginalia, tables, multi-column layout, insertions, damage) is NOT automatically detectable without a layout model and is explicitly out of scope for this pass -- this page may be reclassified 'Structurally difficult' by supervised human correction",,False,False,False,False,,False
dataset_f7dfd857275e7c253a5aba4730f93428121e5156bd4281c4101fd79514b0d8d9,dataset_version_a51bddcb369babc7d5f603d6c6a465de9505061bc876c2d3fdecdc2bcf5eee6e,page_83ed21538b3e659ec2fe3f7cd7cdc09194bd209d7a743e7c6811f376db4ec0a8,document_78c3154ee9b73260f62d97099e405e5ef1b05a2c8183e3c53e18ad6785f7ca87,Trolldom_och_annan_vidskepelse_-_Skrivelser_till_Kungl__Maj_t__1584-1734_,A0060186,00031,dataset-rgb/Trolldom_och_annan_vidskepelse_-_Skrivelser_till_Kungl__Maj_t__1584-1734_/Trolldom_och_annan_vidskepelse_-_Skrivelser_till_Kungl__Maj_t__1584-1734__A0060186_00031.png,page_image_ca8f5d05431b4adac2fc2b76f772bb1952828eab2aa571eaeb2e70bbbdc6580f,8079068,readable,PNG,3272,4696,0.6968,15365312,RGB,3,8,0.5258,False,False,,unique,,included,,Ordinary,"single-page portrait raster with no detected technical anomaly; note that structural difficulty beyond page-spread geometry (dense marginalia, tables, multi-column layout, insertions, damage) is NOT automatically detectable without a layout model and is explicitly out of scope for this pass -- this page may be reclassified 'Structurally difficult' by supervised human correction",,False,False,False,False,,False
dataset_f7dfd857275e7c253a5aba4730f93428121e5156bd4281c4101fd79514b0d8d9,dataset_version_a51bddcb369babc7d5f603d6c6a465de9505061bc876c2d3fdecdc2bcf5eee6e,page_fb017d37d3fa9e18a6f1cefa5e126ec650f652c292d5f065e31fe8e6b2f92634,document_78c3154ee9b73260f62d97099e405e5ef1b05a2c8183e3c53e18ad6785f7ca87,Trolldom_och_annan_vidskepelse_-_Skrivelser_till_Kungl__Maj_t__1584-1734_,A0060186,00032,dataset-rgb/Trolldom_och_annan_vidskepelse_-_Skrivelser_till_Kungl__Maj_t__1584-1734_/Trolldom_och_annan_vidskepelse_-_Skrivelser_till_Kungl__Maj_t__1584-1734__A0060186_00032.png,page_image_cb892f29155684bab6bd9d84f23659fe9d5a35fddb962c175b32c58824d35199,16130811,readable,PNG,5976,4784,1.2492,28589184,RGB,3,8,0.5642,False,False,,unique,,included,,Structurally difficult,"aspect ratio 1.2492 >= 1.15: double-page spread (two facing text blocks, central gutter, two independent reading orders)",,True,False,False,False,,False
dataset_f7dfd857275e7c253a5aba4730f93428121e5156bd4281c4101fd79514b0d8d9,dataset_version_a51bddcb369babc7d5f603d6c6a465de9505061bc876c2d3fdecdc2bcf5eee6e,page_7998f5278dcbe687a483720eeb9d30a24f93b7761516d7a201992408ac3aef95,document_78c3154ee9b73260f62d97099e405e5ef1b05a2c8183e3c53e18ad6785f7ca87,Trolldom_och_annan_vidskepelse_-_Skrivelser_till_Kungl__Maj_t__1584-1734_,A0060186,00033,dataset-rgb/Trolldom_och_annan_vidskepelse_-_Skrivelser_till_Kungl__Maj_t__1584-1734_/Trolldom_och_annan_vidskepelse_-_Skrivelser_till_Kungl__Maj_t__1584-1734__A0060186_00033.png,page_image_da483f6e23eed3aedd34a8eb1d78036cf5ae8c61b503e533d07b9766bb90313e,9467638,readable,PNG,3368,4760,0.7076,16031680,RGB,3,8,0.5906,False,False,,unique,,included,,Ordinary,"single-page portrait raster with no detected technical anomaly; note that structural difficulty beyond page-spread geometry (dense marginalia, tables, multi-column layout, insertions, damage) is NOT automatically detectable without a layout model and is explicitly out of scope for this pass -- this page may be reclassified 'Structurally difficult' by supervised human correction",,False,False,False,False,,False
dataset_f7dfd857275e7c253a5aba4730f93428121e5156bd4281c4101fd79514b0d8d9,dataset_version_a51bddcb369babc7d5f603d6c6a465de9505061bc876c2d3fdecdc2bcf5eee6e,page_ee2ca78c1b47fa5786dd0395a7d9277fa55c22c7e2fd8c6e3ad55bab88552c23,document_78c3154ee9b73260f62d97099e405e5ef1b05a2c8183e3c53e18ad6785f7ca87,Trolldom_och_annan_vidskepelse_-_Skrivelser_till_Kungl__Maj_t__1584-1734_,A0060186,00034,dataset-rgb/Trolldom_och_annan_vidskepelse_-_Skrivelser_till_Kungl__Maj_t__1584-1734_/Trolldom_och_annan_vidskepelse_-_Skrivelser_till_Kungl__Maj_t__1584-1734__A0060186_00034.png,page_image_4d1a9e161aea92aa74d4bbbac263cf8f8cb76254cadb4c8b2c45e7774ca9129c,16458270,readable,PNG,6016,4688,1.2833,28203008,RGB,3,8,0.5836,False,False,,unique,,included,,Structurally difficult,"aspect ratio 1.2833 >= 1.15: double-page spread (two facing text blocks, central gutter, two independent reading orders)",,True,False,False,False,,False
dataset_f7dfd857275e7c253a5aba4730f93428121e5156bd4281c4101fd79514b0d8d9,dataset_version_a51bddcb369babc7d5f603d6c6a465de9505061bc876c2d3fdecdc2bcf5eee6e,page_a49f4cee368e73b0ea993a24aafb242328bb2dfa9b50588cea4c311b90d7fa8c,document_78c3154ee9b73260f62d97099e405e5ef1b05a2c8183e3c53e18ad6785f7ca87,Trolldom_och_annan_vidskepelse_-_Skrivelser_till_Kungl__Maj_t__1584-1734_,A0060186,00035,dataset-rgb/Trolldom_och_annan_vidskepelse_-_Skrivelser_till_Kungl__Maj_t__1584-1734_/Trolldom_och_annan_vidskepelse_-_Skrivelser_till_Kungl__Maj_t__1584-1734__A0060186_00035.png,page_image_7e488f2cebdb74c70c14f10f134110289407019037331d3f04e5c251c1157a00,15109920,readable,PNG,5984,4648,1.2874,27813632,RGB,3,8,0.5433,False,False,,unique,,included,,Structurally difficult,"aspect ratio 1.2874 >= 1.15: double-page spread (two facing text blocks, central gutter, two independent reading orders)",,True,False,False,False,,False
dataset_f7dfd857275e7c253a5aba4730f93428121e5156bd4281c4101fd79514b0d8d9,dataset_version_a51bddcb369babc7d5f603d6c6a465de9505061bc876c2d3fdecdc2bcf5eee6e,page_b935d1a3519b1f347a1c3332d2c2a2e5abb3a6cbe345e4a77ca1dfe11bbb11ba,document_78c3154ee9b73260f62d97099e405e5ef1b05a2c8183e3c53e18ad6785f7ca87,Trolldom_och_annan_vidskepelse_-_Skrivelser_till_Kungl__Maj_t__1584-1734_,A0060186,00036,dataset-rgb/Trolldom_och_annan_vidskepelse_-_Skrivelser_till_Kungl__Maj_t__1584-1734_/Trolldom_och_annan_vidskepelse_-_Skrivelser_till_Kungl__Maj_t__1584-1734__A0060186_00036.png,page_image_93e774700e8eaa5778530d7a9899bf8e413c165bc9c2ffeebd0e8180b69a4956,17930400,readable,PNG,6032,4760,1.2672,28712320,RGB,3,8,0.6245,False,False,,unique,,included,,Structurally difficult,"aspect ratio 1.2672 >= 1.15: double-page spread (two facing text blocks, central gutter, two independent reading orders)",,True,False,False,False,,False
dataset_f7dfd857275e7c253a5aba4730f93428121e5156bd4281c4101fd79514b0d8d9,dataset_version_a51bddcb369babc7d5f603d6c6a465de9505061bc876c2d3fdecdc2bcf5eee6e,page_c235c6512c69e81df48a491482b544f0c995800b3084dbbbb2773ad353168a09,document_78c3154ee9b73260f62d97099e405e5ef1b05a2c8183e3c53e18ad6785f7ca87,Trolldom_och_annan_vidskepelse_-_Skrivelser_till_Kungl__Maj_t__1584-1734_,A0060186,00037,dataset-rgb/Trolldom_och_annan_vidskepelse_-_Skrivelser_till_Kungl__Maj_t__1584-1734_/Trolldom_och_annan_vidskepelse_-_Skrivelser_till_Kungl__Maj_t__1584-1734__A0060186_00037.png,page_image_72bc0fce9677a351a7a759f3218962b46d5987b85bffd1b9282ee580c30963d3,16150639,readable,PNG,6016,4736,1.2703,28491776,RGB,3,8,0.5669,False,False,,unique,,included,,Structurally difficult,"aspect ratio 1.2703 >= 1.15: double-page spread (two facing text blocks, central gutter, two independent reading orders)",,True,False,False,False,,False
dataset_f7dfd857275e7c253a5aba4730f93428121e5156bd4281c4101fd79514b0d8d9,dataset_version_a51bddcb369babc7d5f603d6c6a465de9505061bc876c2d3fdecdc2bcf5eee6e,page_cc32dcd8ec5f8b2256b77437fa906befe167cefb00c70294276174d7f2217444,document_78c3154ee9b73260f62d97099e405e5ef1b05a2c8183e3c53e18ad6785f7ca87,Trolldom_och_annan_vidskepelse_-_Skrivelser_till_Kungl__Maj_t__1584-1734_,A0060186,00038,dataset-rgb/Trolldom_och_annan_vidskepelse_-_Skrivelser_till_Kungl__Maj_t__1584-1734_/Trolldom_och_annan_vidskepelse_-_Skrivelser_till_Kungl__Maj_t__1584-1734__A0060186_00038.png,page_image_92851085ba7fb54cb811d6206c139ead51aa8d404ecabf4159563c64822c6d02,19185363,readable,PNG,6112,4728,1.2927,28897536,RGB,3,8,0.6639,False,False,,unique,,included,,Structurally difficult,"aspect ratio 1.2927 >= 1.15: double-page spread (two facing text blocks, central gutter, two independent reading orders)",,True,False,False,False,,False
dataset_f7dfd857275e7c253a5aba4730f93428121e5156bd4281c4101fd79514b0d8d9,dataset_version_a51bddcb369babc7d5f603d6c6a465de9505061bc876c2d3fdecdc2bcf5eee6e,page_50b31375fd02425357540eaa517dc0df606a5b9341ec09916bf7c2af9d1f5a37,document_78c3154ee9b73260f62d97099e405e5ef1b05a2c8183e3c53e18ad6785f7ca87,Trolldom_och_annan_vidskepelse_-_Skrivelser_till_Kungl__Maj_t__1584-1734_,A0060186,00039,dataset-rgb/Trolldom_och_annan_vidskepelse_-_Skrivelser_till_Kungl__Maj_t__1584-1734_/Trolldom_och_annan_vidskepelse_-_Skrivelser_till_Kungl__Maj_t__1584-1734__A0060186_00039.png,page_image_39f4ba4260c84502a984b47a5ca34edeef18ff8ee12873a37cff9b30f152c966,21175130,readable,PNG,6120,4760,1.2857,29131200,RGB,3,8,0.7269,False,False,,unique,,included,,Structurally difficult,"aspect ratio 1.2857 >= 1.15: double-page spread (two facing text blocks, central gutter, two independent reading orders)",,True,False,False,False,,False
dataset_f7dfd857275e7c253a5aba4730f93428121e5156bd4281c4101fd79514b0d8d9,dataset_version_a51bddcb369babc7d5f603d6c6a465de9505061bc876c2d3fdecdc2bcf5eee6e,page_dd103fbb41c3bdb36f136a355415a2ba2a4117aaaa353e6c64d2692dc2443efa,document_78c3154ee9b73260f62d97099e405e5ef1b05a2c8183e3c53e18ad6785f7ca87,Trolldom_och_annan_vidskepelse_-_Skrivelser_till_Kungl__Maj_t__1584-1734_,A0060186,00040,dataset-rgb/Trolldom_och_annan_vidskepelse_-_Skrivelser_till_Kungl__Maj_t__1584-1734_/Trolldom_och_annan_vidskepelse_-_Skrivelser_till_Kungl__Maj_t__1584-1734__A0060186_00040.png,page_image_ed164429411346203376424418880898e728851540b7e325a4bf198439589c4b,19590376,readable,PNG,6168,4784,1.2893,29507712,RGB,3,8,0.6639,False,False,,unique,,included,,Structurally difficult,"aspect ratio 1.2893 >= 1.15: double-page spread (two facing text blocks, central gutter, two independent reading orders)",,True,False,False,False,,False
dataset_f7dfd857275e7c253a5aba4730f93428121e5156bd4281c4101fd79514b0d8d9,dataset_version_a51bddcb369babc7d5f603d6c6a465de9505061bc876c2d3fdecdc2bcf5eee6e,page_63201144b10e73ec85efdadcc9660f37d0282dd088e26a993f7545f2b76cbd3a,document_78c3154ee9b73260f62d97099e405e5ef1b05a2c8183e3c53e18ad6785f7ca87,Trolldom_och_annan_vidskepelse_-_Skrivelser_till_Kungl__Maj_t__1584-1734_,A0060186,00041,dataset-rgb/Trolldom_och_annan_vidskepelse_-_Skrivelser_till_Kungl__Maj_t__1584-1734_/Trolldom_och_annan_vidskepelse_-_Skrivelser_till_Kungl__Maj_t__1584-1734__A0060186_00041.png,page_image_f04d9117269085f8f07f5dd69fad4041db0d21521f1728b94e5d5ef32e5d331f,21260045,readable,PNG,6144,4728,1.2995,29048832,RGB,3,8,0.7319,False,False,,unique,,included,,Structurally difficult,"aspect ratio 1.2995 >= 1.15: double-page spread (two facing text blocks, central gutter, two independent reading orders)",,True,False,False,False,,False
dataset_f7dfd857275e7c253a5aba4730f93428121e5156bd4281c4101fd79514b0d8d9,dataset_version_a51bddcb369babc7d5f603d6c6a465de9505061bc876c2d3fdecdc2bcf5eee6e,page_424dca59ddc6037390163ab286285fbd0377ef039c0dadf3c00610c712bc5021,document_78c3154ee9b73260f62d97099e405e5ef1b05a2c8183e3c53e18ad6785f7ca87,Trolldom_och_annan_vidskepelse_-_Skrivelser_till_Kungl__Maj_t__1584-1734_,A0060186,00042,dataset-rgb/Trolldom_och_annan_vidskepelse_-_Skrivelser_till_Kungl__Maj_t__1584-1734_/Trolldom_och_annan_vidskepelse_-_Skrivelser_till_Kungl__Maj_t__1584-1734__A0060186_00042.png,page_image_0d344c1b8e705f550a6f1c861841fbb75947b1f073cb77ab7fdf18ae6eeae448,9379811,readable,PNG,3512,4752,0.7391,16689024,RGB,3,8,0.562,False,False,,unique,,included,,Ordinary,"single-page portrait raster with no detected technical anomaly; note that structural difficulty beyond page-spread geometry (dense marginalia, tables, multi-column layout, insertions, damage) is NOT automatically detectable without a layout model and is explicitly out of scope for this pass -- this page may be reclassified 'Structurally difficult' by supervised human correction",,False,False,False,False,,False
dataset_f7dfd857275e7c253a5aba4730f93428121e5156bd4281c4101fd79514b0d8d9,dataset_version_a51bddcb369babc7d5f603d6c6a465de9505061bc876c2d3fdecdc2bcf5eee6e,page_621fbb4b018a80bd92b63d8df90135f068675b75ddb269b94cc6936a2b7454ce,document_78c3154ee9b73260f62d97099e405e5ef1b05a2c8183e3c53e18ad6785f7ca87,Trolldom_och_annan_vidskepelse_-_Skrivelser_till_Kungl__Maj_t__1584-1734_,A0060186,00043,dataset-rgb/Trolldom_och_annan_vidskepelse_-_Skrivelser_till_Kungl__Maj_t__1584-1734_/Trolldom_och_annan_vidskepelse_-_Skrivelser_till_Kungl__Maj_t__1584-1734__A0060186_00043.png,page_image_00670b3da9e66587de9b2253c459dd1c8b68ace9cd79d9539fc2671c8e013a59,8593528,readable,PNG,3400,4728,0.7191,16075200,RGB,3,8,0.5346,False,False,,unique,,included,,Ordinary,"single-page portrait raster with no detected technical anomaly; note that structural difficulty beyond page-spread geometry (dense marginalia, tables, multi-column layout, insertions, damage) is NOT automatically detectable without a layout model and is explicitly out of scope for this pass -- this page may be reclassified 'Structurally difficult' by supervised human correction",,False,False,False,False,,False
dataset_f7dfd857275e7c253a5aba4730f93428121e5156bd4281c4101fd79514b0d8d9,dataset_version_a51bddcb369babc7d5f603d6c6a465de9505061bc876c2d3fdecdc2bcf5eee6e,page_dcb36a8b0cd330a02493a9ac6a8e4e792340df3d584c2690ebd2a37a4ea0ac68,document_78c3154ee9b73260f62d97099e405e5ef1b05a2c8183e3c53e18ad6785f7ca87,Trolldom_och_annan_vidskepelse_-_Skrivelser_till_Kungl__Maj_t__1584-1734_,A0060186,00044,dataset-rgb/Trolldom_och_annan_vidskepelse_-_Skrivelser_till_Kungl__Maj_t__1584-1734_/Trolldom_och_annan_vidskepelse_-_Skrivelser_till_Kungl__Maj_t__1584-1734__A0060186_00044.png,page_image_59ea01fe17063daf5458377fb3decbba874d6e484129374dcf8224104f1d4040,16696050,readable,PNG,6088,4696,1.2964,28589248,RGB,3,8,0.584,False,False,,unique,,included,,Structurally difficult,"aspect ratio 1.2964 >= 1.15: double-page spread (two facing text blocks, central gutter, two independent reading orders)",,True,False,False,False,,False
dataset_f7dfd857275e7c253a5aba4730f93428121e5156bd4281c4101fd79514b0d8d9,dataset_version_a51bddcb369babc7d5f603d6c6a465de9505061bc876c2d3fdecdc2bcf5eee6e,page_42408bf4817d4358d40ce7e9e885436740ef0ffb22a918a578327c18e1185e7b,document_78c3154ee9b73260f62d97099e405e5ef1b05a2c8183e3c53e18ad6785f7ca87,Trolldom_och_annan_vidskepelse_-_Skrivelser_till_Kungl__Maj_t__1584-1734_,A0060186,00045,dataset-rgb/Trolldom_och_annan_vidskepelse_-_Skrivelser_till_Kungl__Maj_t__1584-1734_/Trolldom_och_annan_vidskepelse_-_Skrivelser_till_Kungl__Maj_t__1584-1734__A0060186_00045.png,page_image_c60af22a386813a11757be3b7d4c5705c3f9596614a26a3faac9480b71b14f13,17504274,readable,PNG,6072,4688,1.2952,28465536,RGB,3,8,0.6149,False,False,,unique,,included,,Structurally difficult,"aspect ratio 1.2952 >= 1.15: double-page spread (two facing text blocks, central gutter, two independent reading orders)",,True,False,False,False,,False
dataset_f7dfd857275e7c253a5aba4730f93428121e5156bd4281c4101fd79514b0d8d9,dataset_version_a51bddcb369babc7d5f603d6c6a465de9505061bc876c2d3fdecdc2bcf5eee6e,page_fccd284158620b0e7a8842ef3d8df96bf5fa8f053999b6204943a2426e4ecaf2,document_78c3154ee9b73260f62d97099e405e5ef1b05a2c8183e3c53e18ad6785f7ca87,Trolldom_och_annan_vidskepelse_-_Skrivelser_till_Kungl__Maj_t__1584-1734_,A0060186,00046,dataset-rgb/Trolldom_och_annan_vidskepelse_-_Skrivelser_till_Kungl__Maj_t__1584-1734_/Trolldom_och_annan_vidskepelse_-_Skrivelser_till_Kungl__Maj_t__1584-1734__A0060186_00046.png,page_image_6bb34227872250ee22eed216f184f30aa9c3dfb0e82c76b3e8760a274ff87685,17009589,readable,PNG,6088,4720,1.2898,28735360,RGB,3,8,0.5919,False,False,,unique,,included,,Structurally difficult,"aspect ratio 1.2898 >= 1.15: double-page spread (two facing text blocks, central gutter, two independent reading orders)",,True,False,False,False,,False
dataset_f7dfd857275e7c253a5aba4730f93428121e5156bd4281c4101fd79514b0d8d9,dataset_version_a51bddcb369babc7d5f603d6c6a465de9505061bc876c2d3fdecdc2bcf5eee6e,page_6d941911983fea903a1b9c1d58995b84a52585ab0def2b9c83ad923affb922c5,document_78c3154ee9b73260f62d97099e405e5ef1b05a2c8183e3c53e18ad6785f7ca87,Trolldom_och_annan_vidskepelse_-_Skrivelser_till_Kungl__Maj_t__1584-1734_,A0060186,00047,dataset-rgb/Trolldom_och_annan_vidskepelse_-_Skrivelser_till_Kungl__Maj_t__1584-1734_/Trolldom_och_annan_vidskepelse_-_Skrivelser_till_Kungl__Maj_t__1584-1734__A0060186_00047.png,page_image_226ec901e6ff4e8c5b971ca888410a911289876882ad0dc7c22ecd37c82a64ae,18128852,readable,PNG,6032,4664,1.2933,28133248,RGB,3,8,0.6444,False,False,,unique,,included,,Structurally difficult,"aspect ratio 1.2933 >= 1.15: double-page spread (two facing text blocks, central gutter, two independent reading orders)",,True,False,False,False,,False
dataset_f7dfd857275e7c253a5aba4730f93428121e5156bd4281c4101fd79514b0d8d9,dataset_version_a51bddcb369babc7d5f603d6c6a465de9505061bc876c2d3fdecdc2bcf5eee6e,page_f1f9e1efd279eb49c32adde1e8f5805223edd0871c8c5dc6eb9acd27618b537d,document_4fd016638e32679b9e9dac78bd7e1ae1605bf4d6e52767ed57df2fbde489eb61,Trolldom_och_annan_vidskepelse_-_Strödda_handlingar__1595-1720_,A0060187,00008,dataset-rgb/Trolldom_och_annan_vidskepelse_-_Strödda_handlingar__1595-1720_/Trolldom_och_annan_vidskepelse_-_Strödda_handlingar__1595-1720__A0060187_00008.png,page_image_0cb50ef24c7678200cb83040dd2f00c5bcf8e200a6c17c5ad1d14d7550a9b142,21670277,readable,PNG,5760,4856,1.1862,27970560,RGB,3,8,0.7748,False,False,,unique,,included,,Structurally difficult,"aspect ratio 1.1862 >= 1.15: double-page spread (two facing text blocks, central gutter, two independent reading orders)",,True,False,False,False,,False
dataset_f7dfd857275e7c253a5aba4730f93428121e5156bd4281c4101fd79514b0d8d9,dataset_version_a51bddcb369babc7d5f603d6c6a465de9505061bc876c2d3fdecdc2bcf5eee6e,page_617639eb27762b09ae90b9e180ae3de3ce5e5e4de2ec5509652e966518740842,document_4fd016638e32679b9e9dac78bd7e1ae1605bf4d6e52767ed57df2fbde489eb61,Trolldom_och_annan_vidskepelse_-_Strödda_handlingar__1595-1720_,A0060187,00009,dataset-rgb/Trolldom_och_annan_vidskepelse_-_Strödda_handlingar__1595-1720_/Trolldom_och_annan_vidskepelse_-_Strödda_handlingar__1595-1720__A0060187_00009.png,page_image_42d8ad67ac22736b71631fc373a69662feea72815d3efde3bd0b62260f6e514f,20592541,readable,PNG,5784,4848,1.1931,28040832,RGB,3,8,0.7344,False,False,,unique,,included,,Structurally difficult,"aspect ratio 1.1931 >= 1.15: double-page spread (two facing text blocks, central gutter, two independent reading orders)",,True,False,False,False,,False
dataset_f7dfd857275e7c253a5aba4730f93428121e5156bd4281c4101fd79514b0d8d9,dataset_version_a51bddcb369babc7d5f603d6c6a465de9505061bc876c2d3fdecdc2bcf5eee6e,page_6225362331d8097dce39100a9ed8a13099688ca630a98774d7b1c82d9ee49cf5,document_4fd016638e32679b9e9dac78bd7e1ae1605bf4d6e52767ed57df2fbde489eb61,Trolldom_och_annan_vidskepelse_-_Strödda_handlingar__1595-1720_,A0060187,00014,dataset-rgb/Trolldom_och_annan_vidskepelse_-_Strödda_handlingar__1595-1720_/Trolldom_och_annan_vidskepelse_-_Strödda_handlingar__1595-1720__A0060187_00014.png,page_image_8e823769e498adbc6853b1a39162eddcec15873a6ca0b100bed078b977fe32a1,5804579,readable,PNG,2688,3176,0.8463,8537088,RGB,3,8,0.6799,False,False,,unique,,included,,Ordinary,"single-page portrait raster with no detected technical anomaly; note that structural difficulty beyond page-spread geometry (dense marginalia, tables, multi-column layout, insertions, damage) is NOT automatically detectable without a layout model and is explicitly out of scope for this pass -- this page may be reclassified 'Structurally difficult' by supervised human correction",,False,False,False,False,,False
dataset_f7dfd857275e7c253a5aba4730f93428121e5156bd4281c4101fd79514b0d8d9,dataset_version_a51bddcb369babc7d5f603d6c6a465de9505061bc876c2d3fdecdc2bcf5eee6e,page_44158b3386823817998cecc37f413da3fa935f3749260ecc671ce9f7eaf95692,document_4fd016638e32679b9e9dac78bd7e1ae1605bf4d6e52767ed57df2fbde489eb61,Trolldom_och_annan_vidskepelse_-_Strödda_handlingar__1595-1720_,A0060187,00015,dataset-rgb/Trolldom_och_annan_vidskepelse_-_Strödda_handlingar__1595-1720_/Trolldom_och_annan_vidskepelse_-_Strödda_handlingar__1595-1720__A0060187_00015.png,page_image_2d11aa3eab4cc87acc297ac3cfa20360f6fa218effcfed5faff54f05a8830661,3631174,readable,PNG,2744,3176,0.864,8714944,RGB,3,8,0.4167,False,False,,unique,,included,,Ordinary,"single-page portrait raster with no detected technical anomaly; note that structural difficulty beyond page-spread geometry (dense marginalia, tables, multi-column layout, insertions, damage) is NOT automatically detectable without a layout model and is explicitly out of scope for this pass -- this page may be reclassified 'Structurally difficult' by supervised human correction",,False,False,False,False,,False
dataset_f7dfd857275e7c253a5aba4730f93428121e5156bd4281c4101fd79514b0d8d9,dataset_version_a51bddcb369babc7d5f603d6c6a465de9505061bc876c2d3fdecdc2bcf5eee6e,page_36dee1698e411b50feea4a9f4caad7a1d52369f78b65e0d77c12f91e6a2fc69c,document_4fd016638e32679b9e9dac78bd7e1ae1605bf4d6e52767ed57df2fbde489eb61,Trolldom_och_annan_vidskepelse_-_Strödda_handlingar__1595-1720_,A0060187,00021,dataset-rgb/Trolldom_och_annan_vidskepelse_-_Strödda_handlingar__1595-1720_/Trolldom_och_annan_vidskepelse_-_Strödda_handlingar__1595-1720__A0060187_00021.png,page_image_3884ca48d85fdcbcf7398d81408ed353757aae67e7a68d800543f51037d4460d,8737075,readable,PNG,3384,4728,0.7157,15999552,RGB,3,8,0.5461,False,False,,unique,,included,,Ordinary,"single-page portrait raster with no detected technical anomaly; note that structural difficulty beyond page-spread geometry (dense marginalia, tables, multi-column layout, insertions, damage) is NOT automatically detectable without a layout model and is explicitly out of scope for this pass -- this page may be reclassified 'Structurally difficult' by supervised human correction",,False,False,False,False,,False
dataset_f7dfd857275e7c253a5aba4730f93428121e5156bd4281c4101fd79514b0d8d9,dataset_version_a51bddcb369babc7d5f603d6c6a465de9505061bc876c2d3fdecdc2bcf5eee6e,page_8ab75673eda518518d495f7b89b793a4bf9c90eded150c27b4a4c266fead7cf8,document_4fd016638e32679b9e9dac78bd7e1ae1605bf4d6e52767ed57df2fbde489eb61,Trolldom_och_annan_vidskepelse_-_Strödda_handlingar__1595-1720_,A0060187,00023,dataset-rgb/Trolldom_och_annan_vidskepelse_-_Strödda_handlingar__1595-1720_/Trolldom_och_annan_vidskepelse_-_Strödda_handlingar__1595-1720__A0060187_00023.png,page_image_81e54d4009a51dfcd32b819a500d600038d28fc35b57d589657cfafc443b7944,6280857,readable,PNG,2800,3200,0.875,8960000,RGB,3,8,0.701,False,False,,unique,,included,,Ordinary,"single-page portrait raster with no detected technical anomaly; note that structural difficulty beyond page-spread geometry (dense marginalia, tables, multi-column layout, insertions, damage) is NOT automatically detectable without a layout model and is explicitly out of scope for this pass -- this page may be reclassified 'Structurally difficult' by supervised human correction",,False,False,False,False,,False
dataset_f7dfd857275e7c253a5aba4730f93428121e5156bd4281c4101fd79514b0d8d9,dataset_version_a51bddcb369babc7d5f603d6c6a465de9505061bc876c2d3fdecdc2bcf5eee6e,page_131708ddf23950137894d53fe365068453f989c73ca27e7118f2101712ce4883,document_4fd016638e32679b9e9dac78bd7e1ae1605bf4d6e52767ed57df2fbde489eb61,Trolldom_och_annan_vidskepelse_-_Strödda_handlingar__1595-1720_,A0060187,00024,dataset-rgb/Trolldom_och_annan_vidskepelse_-_Strödda_handlingar__1595-1720_/Trolldom_och_annan_vidskepelse_-_Strödda_handlingar__1595-1720__A0060187_00024.png,page_image_3bedf58b375aa93ecb24ec83ec13d08a3a44afd42667d5365b2c3326ffdc5cb4,11834767,readable,PNG,4984,3304,1.5085,16467136,RGB,3,8,0.7187,False,False,,unique,,included,,Structurally difficult,"aspect ratio 1.5085 >= 1.15: double-page spread (two facing text blocks, central gutter, two independent reading orders)",,True,False,False,False,,True
dataset_f7dfd857275e7c253a5aba4730f93428121e5156bd4281c4101fd79514b0d8d9,dataset_version_a51bddcb369babc7d5f603d6c6a465de9505061bc876c2d3fdecdc2bcf5eee6e,page_26d1a2639949b588abf7d03683c9e1d377723da90b62f4898cbd1a47c739a468,document_4fd016638e32679b9e9dac78bd7e1ae1605bf4d6e52767ed57df2fbde489eb61,Trolldom_och_annan_vidskepelse_-_Strödda_handlingar__1595-1720_,A0060187,00037,dataset-rgb/Trolldom_och_annan_vidskepelse_-_Strödda_handlingar__1595-1720_/Trolldom_och_annan_vidskepelse_-_Strödda_handlingar__1595-1720__A0060187_00037.png,page_image_304bce80262f6f8e68c4ab02c74602a43b8802c79d7e9642213e74a51804afdc,7700280,readable,PNG,3088,4544,0.6796,14031872,RGB,3,8,0.5488,False,False,,unique,,included,,Ordinary,"single-page portrait raster with no detected technical anomaly; note that structural difficulty beyond page-spread geometry (dense marginalia, tables, multi-column layout, insertions, damage) is NOT automatically detectable without a layout model and is explicitly out of scope for this pass -- this page may be reclassified 'Structurally difficult' by supervised human correction",,False,False,False,False,,False
dataset_f7dfd857275e7c253a5aba4730f93428121e5156bd4281c4101fd79514b0d8d9,dataset_version_a51bddcb369babc7d5f603d6c6a465de9505061bc876c2d3fdecdc2bcf5eee6e,page_41d612f0fc27690b9c813e712505c7e8b0f9b5b0c569555ec778d3bc4f50e0c9,document_4fd016638e32679b9e9dac78bd7e1ae1605bf4d6e52767ed57df2fbde489eb61,Trolldom_och_annan_vidskepelse_-_Strödda_handlingar__1595-1720_,A0060187,00041,dataset-rgb/Trolldom_och_annan_vidskepelse_-_Strödda_handlingar__1595-1720_/Trolldom_och_annan_vidskepelse_-_Strödda_handlingar__1595-1720__A0060187_00041.png,page_image_456f461bea15ac605d716f9d5c8d7cf2648ad06744df5c32e0e1928264ed9f00,10454114,readable,PNG,4968,3272,1.5183,16255296,RGB,3,8,0.6431,False,False,,unique,,included,,Structurally difficult,"aspect ratio 1.5183 >= 1.15: double-page spread (two facing text blocks, central gutter, two independent reading orders)",,True,False,False,False,,False
dataset_f7dfd857275e7c253a5aba4730f93428121e5156bd4281c4101fd79514b0d8d9,dataset_version_a51bddcb369babc7d5f603d6c6a465de9505061bc876c2d3fdecdc2bcf5eee6e,page_8edbb45a9964ce375094e685678ae6eff7f7964d3630714dd628a3040fbf7117,document_4fd016638e32679b9e9dac78bd7e1ae1605bf4d6e52767ed57df2fbde489eb61,Trolldom_och_annan_vidskepelse_-_Strödda_handlingar__1595-1720_,A0060187,00043,dataset-rgb/Trolldom_och_annan_vidskepelse_-_Strödda_handlingar__1595-1720_/Trolldom_och_annan_vidskepelse_-_Strödda_handlingar__1595-1720__A0060187_00043.png,page_image_3e10c8872ed4ba7f319ac28970e0de5e9ef3f639ca5ce00542826eeee8aff083,6967314,readable,PNG,4976,3264,1.5245,16241664,RGB,3,8,0.429,False,False,,unique,,included,,Structurally difficult,"aspect ratio 1.5245 >= 1.15: double-page spread (two facing text blocks, central gutter, two independent reading orders)",,True,False,False,False,,False
dataset_f7dfd857275e7c253a5aba4730f93428121e5156bd4281c4101fd79514b0d8d9,dataset_version_a51bddcb369babc7d5f603d6c6a465de9505061bc876c2d3fdecdc2bcf5eee6e,page_0912011e4d8da62fe2bbf90ea707b274cae73f84bd81975926f895c1de912ab3,document_4fd016638e32679b9e9dac78bd7e1ae1605bf4d6e52767ed57df2fbde489eb61,Trolldom_och_annan_vidskepelse_-_Strödda_handlingar__1595-1720_,A0060187,00048,dataset-rgb/Trolldom_och_annan_vidskepelse_-_Strödda_handlingar__1595-1720_/Trolldom_och_annan_vidskepelse_-_Strödda_handlingar__1595-1720__A0060187_00048.png,page_image_984c094f9b086c18ee60a18c65b9750f61d4fc6e7a072526a7b7e75632d9bf76,6092190,readable,PNG,3424,4736,0.723,16216064,RGB,3,8,0.3757,False,False,,unique,,included,,Ordinary,"single-page portrait raster with no detected technical anomaly; note that structural difficulty beyond page-spread geometry (dense marginalia, tables, multi-column layout, insertions, damage) is NOT automatically detectable without a layout model and is explicitly out of scope for this pass -- this page may be reclassified 'Structurally difficult' by supervised human correction",,False,False,False,False,,False
dataset_f7dfd857275e7c253a5aba4730f93428121e5156bd4281c4101fd79514b0d8d9,dataset_version_a51bddcb369babc7d5f603d6c6a465de9505061bc876c2d3fdecdc2bcf5eee6e,page_607e1be323548623a14ac95c441c1b3c432f52d312079981781a949047df6159,document_4fd016638e32679b9e9dac78bd7e1ae1605bf4d6e52767ed57df2fbde489eb61,Trolldom_och_annan_vidskepelse_-_Strödda_handlingar__1595-1720_,A0060187,00076,dataset-rgb/Trolldom_och_annan_vidskepelse_-_Strödda_handlingar__1595-1720_/Trolldom_och_annan_vidskepelse_-_Strödda_handlingar__1595-1720__A0060187_00076.png,page_image_0325ec8e8e21b533220804f3fcaf7c08ae4b173d1f1fd726d2de4afa2d2014b8,7787148,readable,PNG,3248,4664,0.6964,15148672,RGB,3,8,0.514,False,False,,unique,,included,,Ordinary,"single-page portrait raster with no detected technical anomaly; note that structural difficulty beyond page-spread geometry (dense marginalia, tables, multi-column layout, insertions, damage) is NOT automatically detectable without a layout model and is explicitly out of scope for this pass -- this page may be reclassified 'Structurally difficult' by supervised human correction",,False,False,False,False,,False
dataset_f7dfd857275e7c253a5aba4730f93428121e5156bd4281c4101fd79514b0d8d9,dataset_version_a51bddcb369babc7d5f603d6c6a465de9505061bc876c2d3fdecdc2bcf5eee6e,page_54fa58d434ab080667f7d623d0554531210d47502762dd6c2a2fccc747c3f17f,document_4fd016638e32679b9e9dac78bd7e1ae1605bf4d6e52767ed57df2fbde489eb61,Trolldom_och_annan_vidskepelse_-_Strödda_handlingar__1595-1720_,A0060187,00081,dataset-rgb/Trolldom_och_annan_vidskepelse_-_Strödda_handlingar__1595-1720_/Trolldom_och_annan_vidskepelse_-_Strödda_handlingar__1595-1720__A0060187_00081.png,page_image_ed082ee9d05d93f288d74907d277924270c185b8ef9996418af6ff9444e21691,8469517,readable,PNG,3272,4784,0.6839,15653248,RGB,3,8,0.5411,False,False,,unique,,included,,Ordinary,"single-page portrait raster with no detected technical anomaly; note that structural difficulty beyond page-spread geometry (dense marginalia, tables, multi-column layout, insertions, damage) is NOT automatically detectable without a layout model and is explicitly out of scope for this pass -- this page may be reclassified 'Structurally difficult' by supervised human correction",,False,False,False,False,,False
dataset_f7dfd857275e7c253a5aba4730f93428121e5156bd4281c4101fd79514b0d8d9,dataset_version_a51bddcb369babc7d5f603d6c6a465de9505061bc876c2d3fdecdc2bcf5eee6e,page_01f5f470e7ba06258b518ca57b105f112bf4aac5371158bd05c7647775ba9f2b,document_46faa089e3991b663f95bc8678d5f5ab877222b58b0698bb88e083d130c2e795,Trolldom_och_annan_vidskepelse_-_Trolldomskommissionens_resolutioner__1672-1673_,A0060189,00006,dataset-rgb/Trolldom_och_annan_vidskepelse_-_Trolldomskommissionens_resolutioner__1672-1673_/Trolldom_och_annan_vidskepelse_-_Trolldomskommissionens_resolutioner__1672-1673__A0060189_00006.png,page_image_1ceb6179eab5295ca1774e9d0cf6977c6719af049f36827693a472ff6197f152,26104738,readable,PNG,6016,4792,1.2554,28828672,RGB,3,8,0.9055,False,False,,unique,,included,,Structurally difficult,"aspect ratio 1.2554 >= 1.15: double-page spread (two facing text blocks, central gutter, two independent reading orders)",,True,False,False,False,,False
dataset_f7dfd857275e7c253a5aba4730f93428121e5156bd4281c4101fd79514b0d8d9,dataset_version_a51bddcb369babc7d5f603d6c6a465de9505061bc876c2d3fdecdc2bcf5eee6e,page_496de65ff4f4fab4052eca03cede00503044a2964e399eab6752d98d60791075,document_46faa089e3991b663f95bc8678d5f5ab877222b58b0698bb88e083d130c2e795,Trolldom_och_annan_vidskepelse_-_Trolldomskommissionens_resolutioner__1672-1673_,A0060189,00007,dataset-rgb/Trolldom_och_annan_vidskepelse_-_Trolldomskommissionens_resolutioner__1672-1673_/Trolldom_och_annan_vidskepelse_-_Trolldomskommissionens_resolutioner__1672-1673__A0060189_00007.png,page_image_1a52cd6d0b75600f2395a075325fdaad6a50ad719b8604772cbf68ca3dff72c1,17722503,readable,PNG,6088,4928,1.2354,30001664,RGB,3,8,0.5907,False,False,,unique,,included,,Structurally difficult,"aspect ratio 1.2354 >= 1.15: double-page spread (two facing text blocks, central gutter, two independent reading orders)",,True,False,False,False,,False
dataset_f7dfd857275e7c253a5aba4730f93428121e5156bd4281c4101fd79514b0d8d9,dataset_version_a51bddcb369babc7d5f603d6c6a465de9505061bc876c2d3fdecdc2bcf5eee6e,page_10fc74cdd2c27810658666652bea35170200d10a9aca3ea564c1e46d5e6ece82,document_46faa089e3991b663f95bc8678d5f5ab877222b58b0698bb88e083d130c2e795,Trolldom_och_annan_vidskepelse_-_Trolldomskommissionens_resolutioner__1672-1673_,A0060189,00008,dataset-rgb/Trolldom_och_annan_vidskepelse_-_Trolldomskommissionens_resolutioner__1672-1673_/Trolldom_och_annan_vidskepelse_-_Trolldomskommissionens_resolutioner__1672-1673__A0060189_00008.png,page_image_583c94f87e875c3b98a35c19ac7d95eb38e82d3597d335228b9879f1ab11a605,15423268,readable,PNG,6104,4880,1.2508,29787520,RGB,3,8,0.5178,False,False,,unique,,included,,Structurally difficult,"aspect ratio 1.2508 >= 1.15: double-page spread (two facing text blocks, central gutter, two independent reading orders)",,True,False,False,False,,False
dataset_f7dfd857275e7c253a5aba4730f93428121e5156bd4281c4101fd79514b0d8d9,dataset_version_a51bddcb369babc7d5f603d6c6a465de9505061bc876c2d3fdecdc2bcf5eee6e,page_c1e2267f773575b0f6e4a880ee5e621dd5add3c14e3f02e04a5ee3d7b1e1bd0b,document_46faa089e3991b663f95bc8678d5f5ab877222b58b0698bb88e083d130c2e795,Trolldom_och_annan_vidskepelse_-_Trolldomskommissionens_resolutioner__1672-1673_,A0060189,00009,dataset-rgb/Trolldom_och_annan_vidskepelse_-_Trolldomskommissionens_resolutioner__1672-1673_/Trolldom_och_annan_vidskepelse_-_Trolldomskommissionens_resolutioner__1672-1673__A0060189_00009.png,page_image_37b1940ccfd023ade02e875853287d6579411b60d0e851b34672de94e2b36146,20409073,readable,PNG,6112,4896,1.2484,29924352,RGB,3,8,0.682,False,False,,unique,,included,,Structurally difficult,"aspect ratio 1.2484 >= 1.15: double-page spread (two facing text blocks, central gutter, two independent reading orders)",,True,False,False,False,,True
dataset_f7dfd857275e7c253a5aba4730f93428121e5156bd4281c4101fd79514b0d8d9,dataset_version_a51bddcb369babc7d5f603d6c6a465de9505061bc876c2d3fdecdc2bcf5eee6e,page_734b2be2b670e7f742730aa28f9e01b1f19ce714722961cd020a36eb53578355,document_46faa089e3991b663f95bc8678d5f5ab877222b58b0698bb88e083d130c2e795,Trolldom_och_annan_vidskepelse_-_Trolldomskommissionens_resolutioner__1672-1673_,A0060189,00010,dataset-rgb/Trolldom_och_annan_vidskepelse_-_Trolldomskommissionens_resolutioner__1672-1673_/Trolldom_och_annan_vidskepelse_-_Trolldomskommissionens_resolutioner__1672-1673__A0060189_00010.png,page_image_b72d168c2b0ae71119e019b0709611800cb5f3b4ac6a523d3c7f914f0c8ce69d,20519325,readable,PNG,6064,4896,1.2386,29689344,RGB,3,8,0.6911,False,False,,unique,,included,,Structurally difficult,"aspect ratio 1.2386 >= 1.15: double-page spread (two facing text blocks, central gutter, two independent reading orders)",,True,False,False,False,,False
dataset_f7dfd857275e7c253a5aba4730f93428121e5156bd4281c4101fd79514b0d8d9,dataset_version_a51bddcb369babc7d5f603d6c6a465de9505061bc876c2d3fdecdc2bcf5eee6e,page_b5c5d2909aec6bda9f74ea0f426fe23120abac18b3e96132d67c8adb5bf66956,document_46faa089e3991b663f95bc8678d5f5ab877222b58b0698bb88e083d130c2e795,Trolldom_och_annan_vidskepelse_-_Trolldomskommissionens_resolutioner__1672-1673_,A0060189,00011,dataset-rgb/Trolldom_och_annan_vidskepelse_-_Trolldomskommissionens_resolutioner__1672-1673_/Trolldom_och_annan_vidskepelse_-_Trolldomskommissionens_resolutioner__1672-1673__A0060189_00011.png,page_image_622b2cd8ea99f9769a8bd7e1f549999e9bd0ff50a1cbb447203fd3b378cede5c,19250414,readable,PNG,6144,4928,1.2468,30277632,RGB,3,8,0.6358,False,False,,unique,,included,,Structurally difficult,"aspect ratio 1.2468 >= 1.15: double-page spread (two facing text blocks, central gutter, two independent reading orders)",,True,False,False,False,,False
dataset_f7dfd857275e7c253a5aba4730f93428121e5156bd4281c4101fd79514b0d8d9,dataset_version_a51bddcb369babc7d5f603d6c6a465de9505061bc876c2d3fdecdc2bcf5eee6e,page_c1a0287e08b47ea7f0b2a7c5ce45c6da79eb9df1b33b467165f16437d5faf2af,document_46faa089e3991b663f95bc8678d5f5ab877222b58b0698bb88e083d130c2e795,Trolldom_och_annan_vidskepelse_-_Trolldomskommissionens_resolutioner__1672-1673_,A0060189,00012,dataset-rgb/Trolldom_och_annan_vidskepelse_-_Trolldomskommissionens_resolutioner__1672-1673_/Trolldom_och_annan_vidskepelse_-_Trolldomskommissionens_resolutioner__1672-1673__A0060189_00012.png,page_image_b14ff3cd89a00a113bc45eecb6edd7810380792c6e00fe0ebbf83f93ed786876,15626677,readable,PNG,6080,4888,1.2439,29719040,RGB,3,8,0.5258,False,False,,unique,,included,,Structurally difficult,"aspect ratio 1.2439 >= 1.15: double-page spread (two facing text blocks, central gutter, two independent reading orders)",,True,False,False,False,,False
dataset_f7dfd857275e7c253a5aba4730f93428121e5156bd4281c4101fd79514b0d8d9,dataset_version_a51bddcb369babc7d5f603d6c6a465de9505061bc876c2d3fdecdc2bcf5eee6e,page_185916e1bb3c282c459fa378f896c1088e780cd33ddac8f083091078f3594165,document_46faa089e3991b663f95bc8678d5f5ab877222b58b0698bb88e083d130c2e795,Trolldom_och_annan_vidskepelse_-_Trolldomskommissionens_resolutioner__1672-1673_,A0060189,00013,dataset-rgb/Trolldom_och_annan_vidskepelse_-_Trolldomskommissionens_resolutioner__1672-1673_/Trolldom_och_annan_vidskepelse_-_Trolldomskommissionens_resolutioner__1672-1673__A0060189_00013.png,page_image_1d760543dab163c3c8bc17bc2057e2c25c1e9ab4edf0bd96a693a471c97e6217,12183193,readable,PNG,6128,4904,1.2496,30051712,RGB,3,8,0.4054,False,False,,unique,,included,,Structurally difficult,"aspect ratio 1.2496 >= 1.15: double-page spread (two facing text blocks, central gutter, two independent reading orders)",,True,False,False,False,,False
dataset_f7dfd857275e7c253a5aba4730f93428121e5156bd4281c4101fd79514b0d8d9,dataset_version_a51bddcb369babc7d5f603d6c6a465de9505061bc876c2d3fdecdc2bcf5eee6e,page_dbab90226ef7e1e36bc7e0694d23a280f4f2f791be312360b0cccf97a734327e,document_46faa089e3991b663f95bc8678d5f5ab877222b58b0698bb88e083d130c2e795,Trolldom_och_annan_vidskepelse_-_Trolldomskommissionens_resolutioner__1672-1673_,A0060189,00014,dataset-rgb/Trolldom_och_annan_vidskepelse_-_Trolldomskommissionens_resolutioner__1672-1673_/Trolldom_och_annan_vidskepelse_-_Trolldomskommissionens_resolutioner__1672-1673__A0060189_00014.png,page_image_1960a198aa7d6ba1357d8ce50eed307ff2121a7d4df84ef201e7c7fbd6f2a983,16537889,readable,PNG,6080,4928,1.2338,29962240,RGB,3,8,0.552,False,False,,unique,,included,,Structurally difficult,"aspect ratio 1.2338 >= 1.15: double-page spread (two facing text blocks, central gutter, two independent reading orders)",,True,False,False,False,,False
dataset_f7dfd857275e7c253a5aba4730f93428121e5156bd4281c4101fd79514b0d8d9,dataset_version_a51bddcb369babc7d5f603d6c6a465de9505061bc876c2d3fdecdc2bcf5eee6e,page_3e34097b085c7bb17f8433cdd191b65dbd1e70f4a5ca4031051240043d8d8c91,document_46faa089e3991b663f95bc8678d5f5ab877222b58b0698bb88e083d130c2e795,Trolldom_och_annan_vidskepelse_-_Trolldomskommissionens_resolutioner__1672-1673_,A0060189,00015,dataset-rgb/Trolldom_och_annan_vidskepelse_-_Trolldomskommissionens_resolutioner__1672-1673_/Trolldom_och_annan_vidskepelse_-_Trolldomskommissionens_resolutioner__1672-1673__A0060189_00015.png,page_image_d39598bba6316a307b08cee2ede0deab8abe0a09c60980633fab253cdadd601c,17855574,readable,PNG,6200,4848,1.2789,30057600,RGB,3,8,0.594,False,False,,unique,,included,,Structurally difficult,"aspect ratio 1.2789 >= 1.15: double-page spread (two facing text blocks, central gutter, two independent reading orders)",,True,False,False,False,,False
dataset_f7dfd857275e7c253a5aba4730f93428121e5156bd4281c4101fd79514b0d8d9,dataset_version_a51bddcb369babc7d5f603d6c6a465de9505061bc876c2d3fdecdc2bcf5eee6e,page_9886a9bf15d6c2a0b2c604afe2832629aaf2b89e1ce356d067082a5b2f236f61,document_46faa089e3991b663f95bc8678d5f5ab877222b58b0698bb88e083d130c2e795,Trolldom_och_annan_vidskepelse_-_Trolldomskommissionens_resolutioner__1672-1673_,A0060189,00016,dataset-rgb/Trolldom_och_annan_vidskepelse_-_Trolldomskommissionens_resolutioner__1672-1673_/Trolldom_och_annan_vidskepelse_-_Trolldomskommissionens_resolutioner__1672-1673__A0060189_00016.png,page_image_b8430d821adadaf1d8fd1a9c9d7c520d71d119328691dea22c129c3ad2b8695f,12994004,readable,PNG,6240,4936,1.2642,30800640,RGB,3,8,0.4219,False,False,,unique,,included,,Structurally difficult,"aspect ratio 1.2642 >= 1.15: double-page spread (two facing text blocks, central gutter, two independent reading orders)",,True,False,False,False,,False
dataset_f7dfd857275e7c253a5aba4730f93428121e5156bd4281c4101fd79514b0d8d9,dataset_version_a51bddcb369babc7d5f603d6c6a465de9505061bc876c2d3fdecdc2bcf5eee6e,page_40d063393e245907b3bb43c8bd1bdaf424ea98d420fd65c3b1ab305a407e6eb1,document_46faa089e3991b663f95bc8678d5f5ab877222b58b0698bb88e083d130c2e795,Trolldom_och_annan_vidskepelse_-_Trolldomskommissionens_resolutioner__1672-1673_,A0060189,00017,dataset-rgb/Trolldom_och_annan_vidskepelse_-_Trolldomskommissionens_resolutioner__1672-1673_/Trolldom_och_annan_vidskepelse_-_Trolldomskommissionens_resolutioner__1672-1673__A0060189_00017.png,page_image_fbce2a2228dff8035d74b427260114cece9d3eede4a75e7056f7df777792acaa,18484883,readable,PNG,6304,4936,1.2771,31116544,RGB,3,8,0.5941,False,False,,unique,,included,,Structurally difficult,"aspect ratio 1.2771 >= 1.15: double-page spread (two facing text blocks, central gutter, two independent reading orders)",,True,False,False,False,,False
dataset_f7dfd857275e7c253a5aba4730f93428121e5156bd4281c4101fd79514b0d8d9,dataset_version_a51bddcb369babc7d5f603d6c6a465de9505061bc876c2d3fdecdc2bcf5eee6e,page_5139b957ee52c7bf509ab945ef775cce4eedda03683c5bd5fad28f676cc6ac80,document_46faa089e3991b663f95bc8678d5f5ab877222b58b0698bb88e083d130c2e795,Trolldom_och_annan_vidskepelse_-_Trolldomskommissionens_resolutioner__1672-1673_,A0060189,00018,dataset-rgb/Trolldom_och_annan_vidskepelse_-_Trolldomskommissionens_resolutioner__1672-1673_/Trolldom_och_annan_vidskepelse_-_Trolldomskommissionens_resolutioner__1672-1673__A0060189_00018.png,page_image_72cdb93e61b74230f6d809d4947601dbae9a448133116c3195cb9bba3bd5559e,12307629,readable,PNG,6280,4864,1.2911,30545920,RGB,3,8,0.4029,False,False,,unique,,included,,Structurally difficult,"aspect ratio 1.2911 >= 1.15: double-page spread (two facing text blocks, central gutter, two independent reading orders)",,True,False,False,False,,False
dataset_f7dfd857275e7c253a5aba4730f93428121e5156bd4281c4101fd79514b0d8d9,dataset_version_a51bddcb369babc7d5f603d6c6a465de9505061bc876c2d3fdecdc2bcf5eee6e,page_c32e93c29f148d654bc46c990d7d170d28ef7672fc8cad2f3e01c47318cff542,document_46faa089e3991b663f95bc8678d5f5ab877222b58b0698bb88e083d130c2e795,Trolldom_och_annan_vidskepelse_-_Trolldomskommissionens_resolutioner__1672-1673_,A0060189,00019,dataset-rgb/Trolldom_och_annan_vidskepelse_-_Trolldomskommissionens_resolutioner__1672-1673_/Trolldom_och_annan_vidskepelse_-_Trolldomskommissionens_resolutioner__1672-1673__A0060189_00019.png,page_image_6a6f81a9f6f59f5706567a604a5361a3e65cf4351343cb5280622c72c8ec31d1,10958802,readable,PNG,6312,4872,1.2956,30752064,RGB,3,8,0.3564,False,False,,unique,,included,,Structurally difficult,"aspect ratio 1.2956 >= 1.15: double-page spread (two facing text blocks, central gutter, two independent reading orders)",,True,False,False,False,,False
dataset_f7dfd857275e7c253a5aba4730f93428121e5156bd4281c4101fd79514b0d8d9,dataset_version_a51bddcb369babc7d5f603d6c6a465de9505061bc876c2d3fdecdc2bcf5eee6e,page_f553b64b56acc8259af2b63388debed5899342c617f2277ea5d2be72737fb72c,document_46faa089e3991b663f95bc8678d5f5ab877222b58b0698bb88e083d130c2e795,Trolldom_och_annan_vidskepelse_-_Trolldomskommissionens_resolutioner__1672-1673_,A0060189,00020,dataset-rgb/Trolldom_och_annan_vidskepelse_-_Trolldomskommissionens_resolutioner__1672-1673_/Trolldom_och_annan_vidskepelse_-_Trolldomskommissionens_resolutioner__1672-1673__A0060189_00020.png,page_image_2196c4420d25c76ef7b91d6f01bd210426ea848c16f60d866106459bc1223547,12667304,readable,PNG,6272,4840,1.2959,30356480,RGB,3,8,0.4173,False,False,,unique,,included,,Structurally difficult,"aspect ratio 1.2959 >= 1.15: double-page spread (two facing text blocks, central gutter, two independent reading orders)",,True,False,False,False,,False
dataset_f7dfd857275e7c253a5aba4730f93428121e5156bd4281c4101fd79514b0d8d9,dataset_version_a51bddcb369babc7d5f603d6c6a465de9505061bc876c2d3fdecdc2bcf5eee6e,page_88484cf79b8ae6c1c871ff7a0a0b48ddcd29a9bf08db99d2ddf47081f8223597,document_46faa089e3991b663f95bc8678d5f5ab877222b58b0698bb88e083d130c2e795,Trolldom_och_annan_vidskepelse_-_Trolldomskommissionens_resolutioner__1672-1673_,A0060189,00021,dataset-rgb/Trolldom_och_annan_vidskepelse_-_Trolldomskommissionens_resolutioner__1672-1673_/Trolldom_och_annan_vidskepelse_-_Trolldomskommissionens_resolutioner__1672-1673__A0060189_00021.png,page_image_28150f0f38b6bac248b60194de728be980a7eeaed19820e6f56d3439bff97335,14087025,readable,PNG,6248,4864,1.2845,30390272,RGB,3,8,0.4635,False,False,,unique,,included,,Structurally difficult,"aspect ratio 1.2845 >= 1.15: double-page spread (two facing text blocks, central gutter, two independent reading orders)",,True,False,False,False,,False
dataset_f7dfd857275e7c253a5aba4730f93428121e5156bd4281c4101fd79514b0d8d9,dataset_version_a51bddcb369babc7d5f603d6c6a465de9505061bc876c2d3fdecdc2bcf5eee6e,page_597c63810d64f844b937dcf7b6a50ea4f91402f96d350f96c3529ffe7a0fb816,document_2043db2fb4b250b49c69be62e8917d851be0033fa062d9e898f67e64b6ab55e6,Trolldom_och_annan_vidskepelse_-_Trolldomsprocess__1757-1763_,A0060203,00010,dataset-rgb/Trolldom_och_annan_vidskepelse_-_Trolldomsprocess__1757-1763_/Trolldom_och_annan_vidskepelse_-_Trolldomsprocess__1757-1763__A0060203_00010.png,page_image_91c7c734141b2593c471ff8b336396fdba6ec2572a1efde85102167112d2647f,12933376,readable,PNG,6080,4768,1.2752,28989440,RGB,3,8,0.4461,False,False,,unique,,included,,Structurally difficult,"aspect ratio 1.2752 >= 1.15: double-page spread (two facing text blocks, central gutter, two independent reading orders)",,True,False,False,False,,False
dataset_f7dfd857275e7c253a5aba4730f93428121e5156bd4281c4101fd79514b0d8d9,dataset_version_a51bddcb369babc7d5f603d6c6a465de9505061bc876c2d3fdecdc2bcf5eee6e,page_58f0797eecbe96f6907fabede209b8c9d83065ca0d25dd46b0dd36089e458b74,document_2043db2fb4b250b49c69be62e8917d851be0033fa062d9e898f67e64b6ab55e6,Trolldom_och_annan_vidskepelse_-_Trolldomsprocess__1757-1763_,A0060203,00011,dataset-rgb/Trolldom_och_annan_vidskepelse_-_Trolldomsprocess__1757-1763_/Trolldom_och_annan_vidskepelse_-_Trolldomsprocess__1757-1763__A0060203_00011.png,page_image_5ba3e26f118d83b2345d3fece0f46cf8b47323f4a92a859371bfd369e95404f7,12660781,readable,PNG,6048,4832,1.2517,29223936,RGB,3,8,0.4332,False,False,,unique,,included,,Structurally difficult,"aspect ratio 1.2517 >= 1.15: double-page spread (two facing text blocks, central gutter, two independent reading orders)",,True,False,False,False,,False
dataset_f7dfd857275e7c253a5aba4730f93428121e5156bd4281c4101fd79514b0d8d9,dataset_version_a51bddcb369babc7d5f603d6c6a465de9505061bc876c2d3fdecdc2bcf5eee6e,page_6660df363b254e01f65a4ad6608a3e6e8172905412fdb5f9ce4eb30ecd2f6597,document_2043db2fb4b250b49c69be62e8917d851be0033fa062d9e898f67e64b6ab55e6,Trolldom_och_annan_vidskepelse_-_Trolldomsprocess__1757-1763_,A0060203,00012,dataset-rgb/Trolldom_och_annan_vidskepelse_-_Trolldomsprocess__1757-1763_/Trolldom_och_annan_vidskepelse_-_Trolldomsprocess__1757-1763__A0060203_00012.png,page_image_42f55ff50e2bd8423330c0e93d6dbb910817133f913426e2f6486eb7f6a9a818,12599735,readable,PNG,6040,4784,1.2625,28895360,RGB,3,8,0.436,False,False,,unique,,included,,Structurally difficult,"aspect ratio 1.2625 >= 1.15: double-page spread (two facing text blocks, central gutter, two independent reading orders)",,True,False,False,False,,False
dataset_f7dfd857275e7c253a5aba4730f93428121e5156bd4281c4101fd79514b0d8d9,dataset_version_a51bddcb369babc7d5f603d6c6a465de9505061bc876c2d3fdecdc2bcf5eee6e,page_b38e1870747cd3368d58565329169beeb8b3a001b7f98ebda18c8a42bed18e82,document_2043db2fb4b250b49c69be62e8917d851be0033fa062d9e898f67e64b6ab55e6,Trolldom_och_annan_vidskepelse_-_Trolldomsprocess__1757-1763_,A0060203,00013,dataset-rgb/Trolldom_och_annan_vidskepelse_-_Trolldomsprocess__1757-1763_/Trolldom_och_annan_vidskepelse_-_Trolldomsprocess__1757-1763__A0060203_00013.png,page_image_6b9b1fbbe5a95a653c56f308841ee2ebe09391ef5bd9e095e0f4d4a86a0f54f4,12310714,readable,PNG,6176,4928,1.2532,30435328,RGB,3,8,0.4045,False,False,,unique,,included,,Structurally difficult,"aspect ratio 1.2532 >= 1.15: double-page spread (two facing text blocks, central gutter, two independent reading orders)",,True,False,False,False,,False
dataset_f7dfd857275e7c253a5aba4730f93428121e5156bd4281c4101fd79514b0d8d9,dataset_version_a51bddcb369babc7d5f603d6c6a465de9505061bc876c2d3fdecdc2bcf5eee6e,page_8936098a9e510211c3e6e235d7540ff7537846253e20ff42785750cf116c3137,document_2043db2fb4b250b49c69be62e8917d851be0033fa062d9e898f67e64b6ab55e6,Trolldom_och_annan_vidskepelse_-_Trolldomsprocess__1757-1763_,A0060203,00028,dataset-rgb/Trolldom_och_annan_vidskepelse_-_Trolldomsprocess__1757-1763_/Trolldom_och_annan_vidskepelse_-_Trolldomsprocess__1757-1763__A0060203_00028.png,page_image_82dc93db65e8ad3cfcd752e1a99b0ab05e1d82ab88f965bc53758efdd6a681dd,12195289,readable,PNG,6152,4760,1.2924,29283520,RGB,3,8,0.4165,False,False,,unique,,included,,Structurally difficult,"aspect ratio 1.2924 >= 1.15: double-page spread (two facing text blocks, central gutter, two independent reading orders)",,True,False,False,False,,False
dataset_f7dfd857275e7c253a5aba4730f93428121e5156bd4281c4101fd79514b0d8d9,dataset_version_a51bddcb369babc7d5f603d6c6a465de9505061bc876c2d3fdecdc2bcf5eee6e,page_8277c75aeff9bad40d70881d390b86b33e0b6610d9ce10fbb0d6669802bdbffe,document_2043db2fb4b250b49c69be62e8917d851be0033fa062d9e898f67e64b6ab55e6,Trolldom_och_annan_vidskepelse_-_Trolldomsprocess__1757-1763_,A0060203,00029,dataset-rgb/Trolldom_och_annan_vidskepelse_-_Trolldomsprocess__1757-1763_/Trolldom_och_annan_vidskepelse_-_Trolldomsprocess__1757-1763__A0060203_00029.png,page_image_1bd82167669355b76ed4b792df9ca15b5d774bdfcd6d245ea154327d9c4eb19a,12426666,readable,PNG,6176,4768,1.2953,29447168,RGB,3,8,0.422,False,False,,unique,,included,,Structurally difficult,"aspect ratio 1.2953 >= 1.15: double-page spread (two facing text blocks, central gutter, two independent reading orders)",,True,False,False,False,,False
dataset_f7dfd857275e7c253a5aba4730f93428121e5156bd4281c4101fd79514b0d8d9,dataset_version_a51bddcb369babc7d5f603d6c6a465de9505061bc876c2d3fdecdc2bcf5eee6e,page_32974cda8c0e5b8fba6c5b8cefbc75ea4bb5a52be5bbc92cd12bbb1bf8c95673,document_2043db2fb4b250b49c69be62e8917d851be0033fa062d9e898f67e64b6ab55e6,Trolldom_och_annan_vidskepelse_-_Trolldomsprocess__1757-1763_,A0060203,00030,dataset-rgb/Trolldom_och_annan_vidskepelse_-_Trolldomsprocess__1757-1763_/Trolldom_och_annan_vidskepelse_-_Trolldomsprocess__1757-1763__A0060203_00030.png,page_image_aab0f877dbdeef88258a9a06e3d7e9749e5a53f6753559d5d1bab09b3d655e9f,12307410,readable,PNG,6208,4736,1.3108,29401088,RGB,3,8,0.4186,False,False,,unique,,included,,Structurally difficult,"aspect ratio 1.3108 >= 1.15: double-page spread (two facing text blocks, central gutter, two independent reading orders)",,True,False,False,False,,False
dataset_f7dfd857275e7c253a5aba4730f93428121e5156bd4281c4101fd79514b0d8d9,dataset_version_a51bddcb369babc7d5f603d6c6a465de9505061bc876c2d3fdecdc2bcf5eee6e,page_9fafe61b0e1b2bc28e97d8a3d5d30cc3305e5c51e09b9dc6c93ddc67b39a1f4b,document_2043db2fb4b250b49c69be62e8917d851be0033fa062d9e898f67e64b6ab55e6,Trolldom_och_annan_vidskepelse_-_Trolldomsprocess__1757-1763_,A0060203,00031,dataset-rgb/Trolldom_och_annan_vidskepelse_-_Trolldomsprocess__1757-1763_/Trolldom_och_annan_vidskepelse_-_Trolldomsprocess__1757-1763__A0060203_00031.png,page_image_af89cb75148a44989a1a700175832bcac11d498d6f8b6c798f62d5de3f60a9e8,12334400,readable,PNG,6160,4760,1.2941,29321600,RGB,3,8,0.4207,False,False,,unique,,included,,Structurally difficult,"aspect ratio 1.2941 >= 1.15: double-page spread (two facing text blocks, central gutter, two independent reading orders)",,True,False,False,False,,False
dataset_f7dfd857275e7c253a5aba4730f93428121e5156bd4281c4101fd79514b0d8d9,dataset_version_a51bddcb369babc7d5f603d6c6a465de9505061bc876c2d3fdecdc2bcf5eee6e,page_23eb3f67b2f5a06b90ba28cc7005feb5b08781a75d038690ceea7767413dbbda,document_2043db2fb4b250b49c69be62e8917d851be0033fa062d9e898f67e64b6ab55e6,Trolldom_och_annan_vidskepelse_-_Trolldomsprocess__1757-1763_,A0060203,00032,dataset-rgb/Trolldom_och_annan_vidskepelse_-_Trolldomsprocess__1757-1763_/Trolldom_och_annan_vidskepelse_-_Trolldomsprocess__1757-1763__A0060203_00032.png,page_image_3f6ad9a0bf530fbf2fb8f3b67aabc06c5ab003c84bdc0924142e24dbb473235b,12054035,readable,PNG,6264,4768,1.3138,29866752,RGB,3,8,0.4036,False,False,,unique,,included,,Structurally difficult,"aspect ratio 1.3138 >= 1.15: double-page spread (two facing text blocks, central gutter, two independent reading orders)",,True,False,False,False,,False
dataset_f7dfd857275e7c253a5aba4730f93428121e5156bd4281c4101fd79514b0d8d9,dataset_version_a51bddcb369babc7d5f603d6c6a465de9505061bc876c2d3fdecdc2bcf5eee6e,page_2e92de6b09eacb2fbba9749ad34d0d05c39b0a5f7d267c03a6c2fa8b4f6a4fbb,document_2043db2fb4b250b49c69be62e8917d851be0033fa062d9e898f67e64b6ab55e6,Trolldom_och_annan_vidskepelse_-_Trolldomsprocess__1757-1763_,A0060203,00033,dataset-rgb/Trolldom_och_annan_vidskepelse_-_Trolldomsprocess__1757-1763_/Trolldom_och_annan_vidskepelse_-_Trolldomsprocess__1757-1763__A0060203_00033.png,page_image_0d58786c0793595fea7e9ad2a5f67f7f69264f0d573e936037ad76a268742ecc,12322488,readable,PNG,6224,4744,1.312,29526656,RGB,3,8,0.4173,False,False,,unique,,included,,Structurally difficult,"aspect ratio 1.312 >= 1.15: double-page spread (two facing text blocks, central gutter, two independent reading orders)",,True,False,False,False,,False
dataset_f7dfd857275e7c253a5aba4730f93428121e5156bd4281c4101fd79514b0d8d9,dataset_version_a51bddcb369babc7d5f603d6c6a465de9505061bc876c2d3fdecdc2bcf5eee6e,page_f54a69d68f0c5f1bb85aad8f06bbbc6c96336f339b3466b8cd22875cadf85a07,document_2043db2fb4b250b49c69be62e8917d851be0033fa062d9e898f67e64b6ab55e6,Trolldom_och_annan_vidskepelse_-_Trolldomsprocess__1757-1763_,A0060203,00034,dataset-rgb/Trolldom_och_annan_vidskepelse_-_Trolldomsprocess__1757-1763_/Trolldom_och_annan_vidskepelse_-_Trolldomsprocess__1757-1763__A0060203_00034.png,page_image_b004f6852cecafa60b78c135325bcf4a08217fa2e354896cb29def422a181281,11993777,readable,PNG,6184,4752,1.3013,29386368,RGB,3,8,0.4081,False,False,,unique,,included,,Structurally difficult,"aspect ratio 1.3013 >= 1.15: double-page spread (two facing text blocks, central gutter, two independent reading orders)",,True,False,False,False,,False
dataset_f7dfd857275e7c253a5aba4730f93428121e5156bd4281c4101fd79514b0d8d9,dataset_version_a51bddcb369babc7d5f603d6c6a465de9505061bc876c2d3fdecdc2bcf5eee6e,page_2c2190f1ee42cf93cc8306c5fbec0d308ce4067c0ed103bc66144766dbdc8b26,document_2043db2fb4b250b49c69be62e8917d851be0033fa062d9e898f67e64b6ab55e6,Trolldom_och_annan_vidskepelse_-_Trolldomsprocess__1757-1763_,A0060203,00035,dataset-rgb/Trolldom_och_annan_vidskepelse_-_Trolldomsprocess__1757-1763_/Trolldom_och_annan_vidskepelse_-_Trolldomsprocess__1757-1763__A0060203_00035.png,page_image_196beb5dd42179c0c1eaf2f32a347ce95bdabb1899848e9399281c2ef90e3c15,12803210,readable,PNG,6200,4840,1.281,30008000,RGB,3,8,0.4267,False,False,,unique,,included,,Structurally difficult,"aspect ratio 1.281 >= 1.15: double-page spread (two facing text blocks, central gutter, two independent reading orders)",,True,False,False,False,,True
dataset_f7dfd857275e7c253a5aba4730f93428121e5156bd4281c4101fd79514b0d8d9,dataset_version_a51bddcb369babc7d5f603d6c6a465de9505061bc876c2d3fdecdc2bcf5eee6e,page_a6632a26d3545373ce4d60b89f63bd768283e769c2abbe41000b2ef337e10bbb,document_80ae76e99b777ba8abcb6ae38074db5271fc6688d7a15247bdb91ec5e430e69c,Trolldom_och_annan_vidskepelse_-_Undersökningsprotokoll_i_Svea_Hovrätt_ang__trolldomsväsendet__1676_,A0060195,00009,dataset-rgb/Trolldom_och_annan_vidskepelse_-_Undersökningsprotokoll_i_Svea_Hovrätt_ang__trolldomsväsendet__1676_/Trolldom_och_annan_vidskepelse_-_Undersökningsprotokoll_i_Svea_Hovrätt_ang__trolldomsväsendet__1676__A0060195_00009.png,page_image_1f759dc67024a19e2e2a570e1c3db6c35d80e5b810f78cde7b180620b9842c66,21238422,readable,PNG,6240,4744,1.3153,29602560,RGB,3,8,0.7175,False,False,,unique,,included,,Structurally difficult,"aspect ratio 1.3153 >= 1.15: double-page spread (two facing text blocks, central gutter, two independent reading orders)",,True,False,False,False,,True
dataset_f7dfd857275e7c253a5aba4730f93428121e5156bd4281c4101fd79514b0d8d9,dataset_version_a51bddcb369babc7d5f603d6c6a465de9505061bc876c2d3fdecdc2bcf5eee6e,page_801333c4769d194db4759fe50d809ded2e4f5aad025a18d7a68b0710a62abd9e,document_80ae76e99b777ba8abcb6ae38074db5271fc6688d7a15247bdb91ec5e430e69c,Trolldom_och_annan_vidskepelse_-_Undersökningsprotokoll_i_Svea_Hovrätt_ang__trolldomsväsendet__1676_,A0060195,00010,dataset-rgb/Trolldom_och_annan_vidskepelse_-_Undersökningsprotokoll_i_Svea_Hovrätt_ang__trolldomsväsendet__1676_/Trolldom_och_annan_vidskepelse_-_Undersökningsprotokoll_i_Svea_Hovrätt_ang__trolldomsväsendet__1676__A0060195_00010.png,page_image_9fa1577cc9ae49bf9d61510423077874eddbf4ac0e497f10c259f571a6936c9b,23527585,readable,PNG,6208,4736,1.3108,29401088,RGB,3,8,0.8002,False,False,,unique,,included,,Structurally difficult,"aspect ratio 1.3108 >= 1.15: double-page spread (two facing text blocks, central gutter, two independent reading orders)",,True,False,False,False,,False
dataset_f7dfd857275e7c253a5aba4730f93428121e5156bd4281c4101fd79514b0d8d9,dataset_version_a51bddcb369babc7d5f603d6c6a465de9505061bc876c2d3fdecdc2bcf5eee6e,page_f6a84383eb2ab53d495acb00555235d2a0344b66cea1584ed47b4b8c347f9fc9,document_80ae76e99b777ba8abcb6ae38074db5271fc6688d7a15247bdb91ec5e430e69c,Trolldom_och_annan_vidskepelse_-_Undersökningsprotokoll_i_Svea_Hovrätt_ang__trolldomsväsendet__1676_,A0060195,00011,dataset-rgb/Trolldom_och_annan_vidskepelse_-_Undersökningsprotokoll_i_Svea_Hovrätt_ang__trolldomsväsendet__1676_/Trolldom_och_annan_vidskepelse_-_Undersökningsprotokoll_i_Svea_Hovrätt_ang__trolldomsväsendet__1676__A0060195_00011.png,page_image_d75c954ac2deaaabc56e8bd36dcb517403ac69b5bdef4b96255d583f11c5b017,24099108,readable,PNG,6264,4736,1.3226,29666304,RGB,3,8,0.8123,False,False,,unique,,included,,Structurally difficult,"aspect ratio 1.3226 >= 1.15: double-page spread (two facing text blocks, central gutter, two independent reading orders)",,True,False,False,False,,False
dataset_f7dfd857275e7c253a5aba4730f93428121e5156bd4281c4101fd79514b0d8d9,dataset_version_a51bddcb369babc7d5f603d6c6a465de9505061bc876c2d3fdecdc2bcf5eee6e,page_3f07a436e8914255ed040d92887d069ae7d3e963720582b9979d97f2de688c92,document_80ae76e99b777ba8abcb6ae38074db5271fc6688d7a15247bdb91ec5e430e69c,Trolldom_och_annan_vidskepelse_-_Undersökningsprotokoll_i_Svea_Hovrätt_ang__trolldomsväsendet__1676_,A0060195,00017,dataset-rgb/Trolldom_och_annan_vidskepelse_-_Undersökningsprotokoll_i_Svea_Hovrätt_ang__trolldomsväsendet__1676_/Trolldom_och_annan_vidskepelse_-_Undersökningsprotokoll_i_Svea_Hovrätt_ang__trolldomsväsendet__1676__A0060195_00017.png,page_image_aab386c1787b8b0704518e5dbd13b7fdabbc5854cebe26fb991a52b811b3ce7c,26363916,readable,PNG,6248,4752,1.3148,29690496,RGB,3,8,0.888,False,False,,unique,,included,,Structurally difficult,"aspect ratio 1.3148 >= 1.15: double-page spread (two facing text blocks, central gutter, two independent reading orders)",,True,False,False,False,,False
dataset_f7dfd857275e7c253a5aba4730f93428121e5156bd4281c4101fd79514b0d8d9,dataset_version_a51bddcb369babc7d5f603d6c6a465de9505061bc876c2d3fdecdc2bcf5eee6e,page_d55db07db89315c887e2f31a9c89d85db0c2d2c492b197acfdd578a0000d4965,document_80ae76e99b777ba8abcb6ae38074db5271fc6688d7a15247bdb91ec5e430e69c,Trolldom_och_annan_vidskepelse_-_Undersökningsprotokoll_i_Svea_Hovrätt_ang__trolldomsväsendet__1676_,A0060195,00021,dataset-rgb/Trolldom_och_annan_vidskepelse_-_Undersökningsprotokoll_i_Svea_Hovrätt_ang__trolldomsväsendet__1676_/Trolldom_och_annan_vidskepelse_-_Undersökningsprotokoll_i_Svea_Hovrätt_ang__trolldomsväsendet__1676__A0060195_00021.png,page_image_bf3e69500e2cd7257852d40df141ef184d2bcbb78cb7006f9a097638d1f2c021,23974897,readable,PNG,6264,4704,1.3316,29465856,RGB,3,8,0.8137,False,False,,unique,,included,,Structurally difficult,"aspect ratio 1.3316 >= 1.15: double-page spread (two facing text blocks, central gutter, two independent reading orders)",,True,False,False,False,,False
dataset_f7dfd857275e7c253a5aba4730f93428121e5156bd4281c4101fd79514b0d8d9,dataset_version_a51bddcb369babc7d5f603d6c6a465de9505061bc876c2d3fdecdc2bcf5eee6e,page_a454570e27d8a544ff960208ad0ae6bce6866ec258d5b348916b3f1915664a9f,document_80ae76e99b777ba8abcb6ae38074db5271fc6688d7a15247bdb91ec5e430e69c,Trolldom_och_annan_vidskepelse_-_Undersökningsprotokoll_i_Svea_Hovrätt_ang__trolldomsväsendet__1676_,A0060195,00035,dataset-rgb/Trolldom_och_annan_vidskepelse_-_Undersökningsprotokoll_i_Svea_Hovrätt_ang__trolldomsväsendet__1676_/Trolldom_och_annan_vidskepelse_-_Undersökningsprotokoll_i_Svea_Hovrätt_ang__trolldomsväsendet__1676__A0060195_00035.png,page_image_6aaa4ad99cbf25502dceb802a2f36475c00938a65c6cd850fb22dd3597c1fc55,20002522,readable,PNG,6200,4688,1.3225,29065600,RGB,3,8,0.6882,False,False,,unique,,included,,Structurally difficult,"aspect ratio 1.3225 >= 1.15: double-page spread (two facing text blocks, central gutter, two independent reading orders)",,True,False,False,False,,False
