line_id,image_width,padded,official_status,official_cer,padded_status,padded_cer,cer_delta
Svea_Hovraett_etc_export_job_4502443_858057_Svea_Hovraett_OCo_Advokatfiskalen_Jaemtlands_laen__1713_-f577f7f3/0001_DSC_0449/r2l1,584,False,ok,0.45,ok,0.45,0.0
Svea_Hovraett_etc_export_job_4502443_858057_Svea_Hovraett_OCo_Advokatfiskalen_Jaemtlands_laen__1713_-f577f7f3/0001_DSC_0449/r2l2,586,False,ok,0.1579,ok,0.1579,0.0
Svea_Hovraett_etc_export_job_4502443_858057_Svea_Hovraett_OCo_Advokatfiskalen_Jaemtlands_laen__1713_-f577f7f3/0001_DSC_0449/r2l3,544,False,ok,0.4242,ok,0.4242,0.0
Svea_Hovraett_etc_export_job_4502443_858057_Svea_Hovraett_OCo_Advokatfiskalen_Jaemtlands_laen__1713_-f577f7f3/0001_DSC_0449/r2l4,530,False,ok,0.3056,ok,0.3056,0.0
Svea_Hovraett_etc_export_job_4502443_858057_Svea_Hovraett_OCo_Advokatfiskalen_Jaemtlands_laen__1713_-f577f7f3/0001_DSC_0449/line_1638973695479_561,734,False,ok,0.38,ok,0.38,0.0
Svea_Hovraett_etc_export_job_4502443_858057_Svea_Hovraett_OCo_Advokatfiskalen_Jaemtlands_laen__1713_-f577f7f3/0001_DSC_0449/line_1638973698919_565,700,False,ok,0.3469,ok,0.3469,0.0
Svea_Hovraett_etc_export_job_4502443_858057_Svea_Hovraett_OCo_Advokatfiskalen_Jaemtlands_laen__1713_-f577f7f3/0001_DSC_0449/line_1638973701951_569,710,False,ok,0.4286,ok,0.4286,0.0
Svea_Hovraett_etc_export_job_4502443_858057_Svea_Hovraett_OCo_Advokatfiskalen_Jaemtlands_laen__1713_-f577f7f3/0001_DSC_0449/line_1638973705134_573,761,False,ok,0.5,ok,0.5,0.0
Svea_Hovraett_etc_export_job_4502443_858057_Svea_Hovraett_OCo_Advokatfiskalen_Jaemtlands_laen__1713_-f577f7f3/0001_DSC_0449/line_1638973708415_577,771,False,ok,0.3529,ok,0.3529,0.0
Svea_Hovraett_etc_export_job_4502443_858057_Svea_Hovraett_OCo_Advokatfiskalen_Jaemtlands_laen__1713_-f577f7f3/0001_DSC_0449/r2l15,318,False,ok,0.5185,ok,0.5185,0.0
Svea_Hovraett_etc_export_job_4502443_858057_Svea_Hovraett_OCo_Advokatfiskalen_Jaemtlands_laen__1713_-f577f7f3/0001_DSC_0449/r2l16,782,False,ok,0.3061,ok,0.3061,0.0
Svea_Hovraett_etc_export_job_4502443_858057_Svea_Hovraett_OCo_Advokatfiskalen_Jaemtlands_laen__1713_-f577f7f3/0001_DSC_0449/r2l17,786,False,ok,0.339,ok,0.339,0.0
Svea_Hovraett_etc_export_job_4502443_858057_Svea_Hovraett_OCo_Advokatfiskalen_Jaemtlands_laen__1713_-f577f7f3/0001_DSC_0449/r2l18,789,False,ok,0.2353,ok,0.2353,0.0
Svea_Hovraett_etc_export_job_4502443_858057_Svea_Hovraett_OCo_Advokatfiskalen_Jaemtlands_laen__1713_-f577f7f3/0001_DSC_0449/r2l19,800,False,ok,0.2321,ok,0.2321,0.0
Svea_Hovraett_etc_export_job_4502443_858057_Svea_Hovraett_OCo_Advokatfiskalen_Jaemtlands_laen__1713_-f577f7f3/0001_DSC_0449/r2l20,818,False,ok,0.3393,ok,0.3393,0.0
Svea_Hovraett_etc_export_job_4502443_858057_Svea_Hovraett_OCo_Advokatfiskalen_Jaemtlands_laen__1713_-f577f7f3/0001_DSC_0449/r2l21,842,False,ok,0.4138,ok,0.4138,0.0
Svea_Hovraett_etc_export_job_4502443_858057_Svea_Hovraett_OCo_Advokatfiskalen_Jaemtlands_laen__1713_-f577f7f3/0001_DSC_0449/r2l22,831,False,ok,0.1923,ok,0.1923,0.0
Svea_Hovraett_etc_export_job_4502443_858057_Svea_Hovraett_OCo_Advokatfiskalen_Jaemtlands_laen__1713_-f577f7f3/0001_DSC_0449/r2l23,850,False,ok,0.1481,ok,0.1481,0.0
Svea_Hovraett_etc_export_job_4502443_858057_Svea_Hovraett_OCo_Advokatfiskalen_Jaemtlands_laen__1713_-f577f7f3/0001_DSC_0449/r2l24,842,False,ok,0.2353,ok,0.2353,0.0
Svea_Hovraett_etc_export_job_4502443_858057_Svea_Hovraett_OCo_Advokatfiskalen_Jaemtlands_laen__1713_-f577f7f3/0001_DSC_0449/r2l25,855,False,ok,0.1731,ok,0.1731,0.0
Svea_Hovraett_etc_export_job_4502443_858057_Svea_Hovraett_OCo_Advokatfiskalen_Jaemtlands_laen__1713_-f577f7f3/0001_DSC_0449/r2l26,833,False,ok,0.3913,ok,0.3913,0.0
Svea_Hovraett_etc_export_job_4502443_858057_Svea_Hovraett_OCo_Advokatfiskalen_Jaemtlands_laen__1713_-f577f7f3/0001_DSC_0449/r2l27,844,False,ok,0.0943,ok,0.0943,0.0
Svea_Hovraett_etc_export_job_4502443_858057_Svea_Hovraett_OCo_Advokatfiskalen_Jaemtlands_laen__1713_-f577f7f3/0001_DSC_0449/r2l28,866,False,ok,0.2979,ok,0.2979,0.0
Svea_Hovraett_etc_export_job_4502443_858057_Svea_Hovraett_OCo_Advokatfiskalen_Jaemtlands_laen__1713_-f577f7f3/0001_DSC_0449/r2l29,876,False,ok,0.2593,ok,0.2593,0.0
Svea_Hovraett_etc_export_job_4502443_858057_Svea_Hovraett_OCo_Advokatfiskalen_Jaemtlands_laen__1713_-f577f7f3/0001_DSC_0449/r2l30,108,True,empty,1.0,empty,1.0,0.0
Svea_Hovraett_etc_export_job_4502443_858057_Svea_Hovraett_OCo_Advokatfiskalen_Jaemtlands_laen__1713_-f577f7f3/0002_DSC_0450/r1l1,677,False,ok,0.6731,ok,0.6731,0.0
Svea_Hovraett_etc_export_job_4502443_858057_Svea_Hovraett_OCo_Advokatfiskalen_Jaemtlands_laen__1713_-f577f7f3/0002_DSC_0450/r1l2,660,False,ok,0.7719,ok,0.7719,0.0
Svea_Hovraett_etc_export_job_4502443_858057_Svea_Hovraett_OCo_Advokatfiskalen_Jaemtlands_laen__1713_-f577f7f3/0002_DSC_0450/r1l3,681,False,ok,0.8542,ok,0.8542,0.0
Svea_Hovraett_etc_export_job_4502443_858057_Svea_Hovraett_OCo_Advokatfiskalen_Jaemtlands_laen__1713_-f577f7f3/0002_DSC_0450/r1l4,670,False,ok,0.898,ok,0.898,0.0
Svea_Hovraett_etc_export_job_4502443_858057_Svea_Hovraett_OCo_Advokatfiskalen_Jaemtlands_laen__1713_-f577f7f3/0002_DSC_0450/r1l5,691,False,ok,0.8627,ok,0.8627,0.0
Svea_Hovraett_etc_export_job_4502443_858057_Svea_Hovraett_OCo_Advokatfiskalen_Jaemtlands_laen__1713_-f577f7f3/0002_DSC_0450/r1l6,670,False,ok,0.7447,ok,0.7447,0.0
Svea_Hovraett_etc_export_job_4502443_858057_Svea_Hovraett_OCo_Advokatfiskalen_Jaemtlands_laen__1713_-f577f7f3/0002_DSC_0450/r1l7,663,False,ok,0.9149,ok,0.9149,0.0
Svea_Hovraett_etc_export_job_4502443_858057_Svea_Hovraett_OCo_Advokatfiskalen_Jaemtlands_laen__1713_-f577f7f3/0002_DSC_0450/r1l8,676,False,ok,0.5294,ok,0.5294,0.0
Svea_Hovraett_etc_export_job_4502443_858057_Svea_Hovraett_OCo_Advokatfiskalen_Jaemtlands_laen__1713_-f577f7f3/0002_DSC_0450/r1l10,35,True,ok,1.0,empty,1.0,0.0
Svea_Hovraett_etc_export_job_4502443_858057_Svea_Hovraett_OCo_Advokatfiskalen_Jaemtlands_laen__1713_-f577f7f3/0002_DSC_0450/r1l11,98,True,ok,3.0,ok,3.0,0.0
Svea_Hovraett_etc_export_job_4502443_858057_Svea_Hovraett_OCo_Advokatfiskalen_Jaemtlands_laen__1713_-f577f7f3/0002_DSC_0450/r1l12,671,False,ok,0.8367,ok,0.8367,0.0
Svea_Hovraett_etc_export_job_4502443_858057_Svea_Hovraett_OCo_Advokatfiskalen_Jaemtlands_laen__1713_-f577f7f3/0002_DSC_0450/r1l13,675,False,ok,0.7917,ok,0.7917,0.0
Svea_Hovraett_etc_export_job_4502443_858057_Svea_Hovraett_OCo_Advokatfiskalen_Jaemtlands_laen__1713_-f577f7f3/0002_DSC_0450/r1l14,663,False,ok,0.6667,ok,0.6667,0.0
Svea_Hovraett_etc_export_job_4502443_858057_Svea_Hovraett_OCo_Advokatfiskalen_Jaemtlands_laen__1713_-f577f7f3/0002_DSC_0450/r1l15,665,False,ok,0.6087,ok,0.6087,0.0
Svea_Hovraett_etc_export_job_4502443_858057_Svea_Hovraett_OCo_Advokatfiskalen_Jaemtlands_laen__1713_-f577f7f3/0002_DSC_0450/r1l16,679,False,ok,0.5294,ok,0.5294,0.0
Svea_Hovraett_etc_export_job_4502443_858057_Svea_Hovraett_OCo_Advokatfiskalen_Jaemtlands_laen__1713_-f577f7f3/0002_DSC_0450/r1l17,685,False,ok,0.5094,ok,0.5094,0.0
Svea_Hovraett_etc_export_job_4502443_858057_Svea_Hovraett_OCo_Advokatfiskalen_Jaemtlands_laen__1713_-f577f7f3/0002_DSC_0450/r1l18,670,False,ok,0.5,ok,0.5,0.0
Svea_Hovraett_etc_export_job_4502443_858057_Svea_Hovraett_OCo_Advokatfiskalen_Jaemtlands_laen__1713_-f577f7f3/0002_DSC_0450/r1l19,704,False,ok,0.2857,ok,0.2857,0.0
Svea_Hovraett_etc_export_job_4502443_858057_Svea_Hovraett_OCo_Advokatfiskalen_Jaemtlands_laen__1713_-f577f7f3/0002_DSC_0450/r1l20,699,False,ok,0.2917,ok,0.2917,0.0
Svea_Hovraett_etc_export_job_4502443_858057_Svea_Hovraett_OCo_Advokatfiskalen_Jaemtlands_laen__1713_-f577f7f3/0002_DSC_0450/r1l21,695,False,ok,0.325,ok,0.325,0.0
Svea_Hovraett_etc_export_job_4502443_858057_Svea_Hovraett_OCo_Advokatfiskalen_Jaemtlands_laen__1713_-f577f7f3/0002_DSC_0450/r1l22,698,False,ok,0.2708,ok,0.2708,0.0
Svea_Hovraett_etc_export_job_4502443_858057_Svea_Hovraett_OCo_Advokatfiskalen_Jaemtlands_laen__1713_-f577f7f3/0002_DSC_0450/r1l24,710,False,ok,0.2353,ok,0.2353,0.0
Svea_Hovraett_etc_export_job_4502443_858057_Svea_Hovraett_OCo_Advokatfiskalen_Jaemtlands_laen__1713_-f577f7f3/0002_DSC_0450/r1l25,695,False,ok,0.2045,ok,0.2045,0.0
Svea_Hovraett_etc_export_job_4502443_858057_Svea_Hovraett_OCo_Advokatfiskalen_Jaemtlands_laen__1713_-f577f7f3/0002_DSC_0450/r1l26,689,False,ok,0.0465,ok,0.0465,0.0
Svea_Hovraett_etc_export_job_4502443_858057_Svea_Hovraett_OCo_Advokatfiskalen_Jaemtlands_laen__1713_-f577f7f3/0002_DSC_0450/r1l27,712,False,ok,0.1064,ok,0.1064,0.0
Svea_Hovraett_etc_export_job_4502443_858057_Svea_Hovraett_OCo_Advokatfiskalen_Jaemtlands_laen__1713_-f577f7f3/0002_DSC_0450/r1l28,292,False,ok,0.1875,ok,0.1875,0.0
Svea_Hovraett_etc_export_job_4502443_858057_Svea_Hovraett_OCo_Advokatfiskalen_Jaemtlands_laen__1713_-f577f7f3/0002_DSC_0450/r1l30,140,True,ok,0.1429,ok,0.1429,0.0
Svea_Hovraett_etc_export_job_4502443_858057_Svea_Hovraett_OCo_Advokatfiskalen_Jaemtlands_laen__1713_-f577f7f3/0002_DSC_0450/r2l1,43,True,ok,1.0,empty,1.0,0.0
Svea_Hovraett_etc_export_job_4502443_858057_Svea_Hovraett_OCo_Advokatfiskalen_Jaemtlands_laen__1713_-f577f7f3/0002_DSC_0450/r2l2,717,False,ok,0.2917,ok,0.2917,0.0
Svea_Hovraett_etc_export_job_4502443_858057_Svea_Hovraett_OCo_Advokatfiskalen_Jaemtlands_laen__1713_-f577f7f3/0002_DSC_0450/r2l3,730,False,ok,0.2727,ok,0.2727,0.0
Svea_Hovraett_etc_export_job_4502443_858057_Svea_Hovraett_OCo_Advokatfiskalen_Jaemtlands_laen__1713_-f577f7f3/0002_DSC_0450/r2l4,718,False,ok,0.1277,ok,0.1277,0.0
Svea_Hovraett_etc_export_job_4502443_858057_Svea_Hovraett_OCo_Advokatfiskalen_Jaemtlands_laen__1713_-f577f7f3/0002_DSC_0450/r2l5,750,False,ok,0.4314,ok,0.4314,0.0
Svea_Hovraett_etc_export_job_4502443_858057_Svea_Hovraett_OCo_Advokatfiskalen_Jaemtlands_laen__1713_-f577f7f3/0002_DSC_0450/r2l6,732,False,ok,0.098,ok,0.098,0.0
Svea_Hovraett_etc_export_job_4502443_858057_Svea_Hovraett_OCo_Advokatfiskalen_Jaemtlands_laen__1713_-f577f7f3/0002_DSC_0450/r2l7,737,False,ok,0.037,ok,0.037,0.0
Svea_Hovraett_etc_export_job_4502443_858057_Svea_Hovraett_OCo_Advokatfiskalen_Jaemtlands_laen__1713_-f577f7f3/0002_DSC_0450/r2l8,733,False,ok,0.0208,ok,0.0208,0.0
Svea_Hovraett_etc_export_job_4502443_858057_Svea_Hovraett_OCo_Advokatfiskalen_Jaemtlands_laen__1713_-f577f7f3/0002_DSC_0450/r2l9,737,False,ok,0.4808,ok,0.4808,0.0
Svea_Hovraett_etc_export_job_4502443_858057_Svea_Hovraett_OCo_Advokatfiskalen_Jaemtlands_laen__1713_-f577f7f3/0002_DSC_0450/r2l10,749,False,ok,0.3793,ok,0.3793,0.0
Svea_Hovraett_etc_export_job_4502443_858057_Svea_Hovraett_OCo_Advokatfiskalen_Jaemtlands_laen__1713_-f577f7f3/0002_DSC_0450/r2l11,759,False,ok,0.2115,ok,0.2115,0.0
Svea_Hovraett_etc_export_job_4502443_858057_Svea_Hovraett_OCo_Advokatfiskalen_Jaemtlands_laen__1713_-f577f7f3/0002_DSC_0450/r2l12,750,False,ok,0.1765,ok,0.1765,0.0
Svea_Hovraett_etc_export_job_4502443_858057_Svea_Hovraett_OCo_Advokatfiskalen_Jaemtlands_laen__1713_-f577f7f3/0002_DSC_0450/r2l13,766,False,ok,0.3519,ok,0.3519,0.0
Svea_Hovraett_etc_export_job_4502443_858057_Svea_Hovraett_OCo_Advokatfiskalen_Jaemtlands_laen__1713_-f577f7f3/0002_DSC_0450/r2l14,748,False,ok,0.322,ok,0.322,0.0
Svea_Hovraett_etc_export_job_4502443_858057_Svea_Hovraett_OCo_Advokatfiskalen_Jaemtlands_laen__1713_-f577f7f3/0002_DSC_0450/r2l15,744,False,ok,0.1667,ok,0.1667,0.0
Svea_Hovraett_etc_export_job_4502443_858057_Svea_Hovraett_OCo_Advokatfiskalen_Jaemtlands_laen__1713_-f577f7f3/0002_DSC_0450/r2l16,745,False,ok,0.1739,ok,0.1739,0.0
Svea_Hovraett_etc_export_job_4502443_858057_Svea_Hovraett_OCo_Advokatfiskalen_Jaemtlands_laen__1713_-f577f7f3/0002_DSC_0450/r2l17,755,False,ok,0.4107,ok,0.4107,0.0
Svea_Hovraett_etc_export_job_4502443_858057_Svea_Hovraett_OCo_Advokatfiskalen_Jaemtlands_laen__1713_-f577f7f3/0002_DSC_0450/r2l18,758,False,ok,0.1667,ok,0.1667,0.0
Svea_Hovraett_etc_export_job_4502443_858057_Svea_Hovraett_OCo_Advokatfiskalen_Jaemtlands_laen__1713_-f577f7f3/0002_DSC_0450/r2l19,769,False,ok,0.1569,ok,0.1569,0.0
Svea_Hovraett_etc_export_job_4502443_858057_Svea_Hovraett_OCo_Advokatfiskalen_Jaemtlands_laen__1713_-f577f7f3/0002_DSC_0450/r2l20,775,False,ok,0.1765,ok,0.1765,0.0
Svea_Hovraett_etc_export_job_4502443_858057_Svea_Hovraett_OCo_Advokatfiskalen_Jaemtlands_laen__1713_-f577f7f3/0002_DSC_0450/r2l21,742,False,ok,0.1915,ok,0.1915,0.0
Svea_Hovraett_etc_export_job_4502443_858057_Svea_Hovraett_OCo_Advokatfiskalen_Jaemtlands_laen__1713_-f577f7f3/0002_DSC_0450/r2l22,792,False,ok,0.2115,ok,0.2115,0.0
Svea_Hovraett_etc_export_job_4502443_858057_Svea_Hovraett_OCo_Advokatfiskalen_Jaemtlands_laen__1713_-f577f7f3/0002_DSC_0450/r2l23,772,False,ok,0.1957,ok,0.1957,0.0
Svea_Hovraett_etc_export_job_4502443_858057_Svea_Hovraett_OCo_Advokatfiskalen_Jaemtlands_laen__1713_-f577f7f3/0002_DSC_0450/r2l24,781,False,ok,0.1429,ok,0.1429,0.0
Svea_Hovraett_etc_export_job_4502443_858057_Svea_Hovraett_OCo_Advokatfiskalen_Jaemtlands_laen__1713_-f577f7f3/0002_DSC_0450/r2l25,796,False,ok,0.3,ok,0.3,0.0
Svea_Hovraett_etc_export_job_4502443_858057_Svea_Hovraett_OCo_Advokatfiskalen_Jaemtlands_laen__1713_-f577f7f3/0002_DSC_0450/r2l27,808,False,ok,0.1633,ok,0.1633,0.0
Svea_Hovraett_etc_export_job_4502443_858057_Svea_Hovraett_OCo_Advokatfiskalen_Jaemtlands_laen__1713_-f577f7f3/0002_DSC_0450/r2l28,110,True,ok,0.6667,empty,1.0,0.3333
Svea_Hovraett_etc_export_job_4502443_858057_Svea_Hovraett_OCo_Advokatfiskalen_Jaemtlands_laen__1713_-f577f7f3/0003_DSC_0451/r1l1,637,False,ok,0.9375,ok,0.9375,0.0
Svea_Hovraett_etc_export_job_4502443_858057_Svea_Hovraett_OCo_Advokatfiskalen_Jaemtlands_laen__1713_-f577f7f3/0003_DSC_0451/r1l2,634,False,ok,0.9348,ok,0.9348,0.0
Svea_Hovraett_etc_export_job_4502443_858057_Svea_Hovraett_OCo_Advokatfiskalen_Jaemtlands_laen__1713_-f577f7f3/0003_DSC_0451/r1l3,653,False,ok,0.8367,ok,0.8367,0.0
Svea_Hovraett_etc_export_job_4502443_858057_Svea_Hovraett_OCo_Advokatfiskalen_Jaemtlands_laen__1713_-f577f7f3/0003_DSC_0451/r1l4,365,False,ok,0.8966,ok,0.8966,0.0
Svea_Hovraett_etc_export_job_4502443_858057_Svea_Hovraett_OCo_Advokatfiskalen_Jaemtlands_laen__1713_-f577f7f3/0003_DSC_0451/r1l5,748,False,ok,0.9206,ok,0.9206,0.0
Svea_Hovraett_etc_export_job_4502443_858057_Svea_Hovraett_OCo_Advokatfiskalen_Jaemtlands_laen__1713_-f577f7f3/0003_DSC_0451/r1l6,629,False,ok,0.8085,ok,0.8085,0.0
Svea_Hovraett_etc_export_job_4502443_858057_Svea_Hovraett_OCo_Advokatfiskalen_Jaemtlands_laen__1713_-f577f7f3/0003_DSC_0451/r1l7,649,False,empty,1.0,empty,1.0,0.0
Svea_Hovraett_etc_export_job_4502443_858057_Svea_Hovraett_OCo_Advokatfiskalen_Jaemtlands_laen__1713_-f577f7f3/0003_DSC_0451/r1l8,650,False,ok,0.8723,ok,0.8723,0.0
Svea_Hovraett_etc_export_job_4502443_858057_Svea_Hovraett_OCo_Advokatfiskalen_Jaemtlands_laen__1713_-f577f7f3/0003_DSC_0451/r1l9,658,False,ok,0.9231,ok,0.9231,0.0
Svea_Hovraett_etc_export_job_4502443_858057_Svea_Hovraett_OCo_Advokatfiskalen_Jaemtlands_laen__1713_-f577f7f3/0003_DSC_0451/r1l10,673,False,ok,0.7551,ok,0.7551,0.0
Svea_Hovraett_etc_export_job_4502443_858057_Svea_Hovraett_OCo_Advokatfiskalen_Jaemtlands_laen__1713_-f577f7f3/0003_DSC_0451/r1l11,653,False,ok,0.96,ok,0.96,0.0
Svea_Hovraett_etc_export_job_4502443_858057_Svea_Hovraett_OCo_Advokatfiskalen_Jaemtlands_laen__1713_-f577f7f3/0003_DSC_0451/r1l12,672,False,empty,1.0,empty,1.0,0.0
Svea_Hovraett_etc_export_job_4502443_858057_Svea_Hovraett_OCo_Advokatfiskalen_Jaemtlands_laen__1713_-f577f7f3/0003_DSC_0451/r1l13,668,False,ok,0.9362,ok,0.9362,0.0
Svea_Hovraett_etc_export_job_4502443_858057_Svea_Hovraett_OCo_Advokatfiskalen_Jaemtlands_laen__1713_-f577f7f3/0003_DSC_0451/r1l14,670,False,ok,0.9556,ok,0.9556,0.0
Svea_Hovraett_etc_export_job_4502443_858057_Svea_Hovraett_OCo_Advokatfiskalen_Jaemtlands_laen__1713_-f577f7f3/0003_DSC_0451/r1l15,673,False,ok,0.8667,ok,0.8667,0.0
Svea_Hovraett_etc_export_job_4502443_858057_Svea_Hovraett_OCo_Advokatfiskalen_Jaemtlands_laen__1713_-f577f7f3/0003_DSC_0451/r1l16,681,False,ok,0.8571,ok,0.8571,0.0
Svea_Hovraett_etc_export_job_4502443_858057_Svea_Hovraett_OCo_Advokatfiskalen_Jaemtlands_laen__1713_-f577f7f3/0003_DSC_0451/r1l17,675,False,ok,0.82,ok,0.82,0.0
Svea_Hovraett_etc_export_job_4502443_858057_Svea_Hovraett_OCo_Advokatfiskalen_Jaemtlands_laen__1713_-f577f7f3/0003_DSC_0451/r1l18,669,False,ok,0.6327,ok,0.6327,0.0
Svea_Hovraett_etc_export_job_4502443_858057_Svea_Hovraett_OCo_Advokatfiskalen_Jaemtlands_laen__1713_-f577f7f3/0003_DSC_0451/r1l19,681,False,ok,0.439,ok,0.439,0.0
Svea_Hovraett_etc_export_job_4502443_858057_Svea_Hovraett_OCo_Advokatfiskalen_Jaemtlands_laen__1713_-f577f7f3/0003_DSC_0451/r1l20,683,False,ok,0.8333,ok,0.8333,0.0
Svea_Hovraett_etc_export_job_4502443_858057_Svea_Hovraett_OCo_Advokatfiskalen_Jaemtlands_laen__1713_-f577f7f3/0003_DSC_0451/r1l21,691,False,ok,0.5909,ok,0.5909,0.0
Svea_Hovraett_etc_export_job_4502443_858057_Svea_Hovraett_OCo_Advokatfiskalen_Jaemtlands_laen__1713_-f577f7f3/0003_DSC_0451/r1l23,682,False,ok,0.3061,ok,0.3061,0.0
Svea_Hovraett_etc_export_job_4502443_858057_Svea_Hovraett_OCo_Advokatfiskalen_Jaemtlands_laen__1713_-f577f7f3/0003_DSC_0451/r1l24,696,False,ok,0.383,ok,0.383,0.0
Svea_Hovraett_etc_export_job_4502443_858057_Svea_Hovraett_OCo_Advokatfiskalen_Jaemtlands_laen__1713_-f577f7f3/0003_DSC_0451/r1l25,671,False,ok,0.449,ok,0.449,0.0
Svea_Hovraett_etc_export_job_4502443_858057_Svea_Hovraett_OCo_Advokatfiskalen_Jaemtlands_laen__1713_-f577f7f3/0003_DSC_0451/r1l27,147,True,ok,0.0,ok,0.0,0.0
Svea_Hovraett_etc_export_job_4502443_858057_Svea_Hovraett_OCo_Advokatfiskalen_Jaemtlands_laen__1713_-f577f7f3/0003_DSC_0451/r2l2,661,False,ok,0.5082,ok,0.5082,0.0
Svea_Hovraett_etc_export_job_4502443_858057_Svea_Hovraett_OCo_Advokatfiskalen_Jaemtlands_laen__1713_-f577f7f3/0003_DSC_0451/r2l3,661,False,ok,0.2586,ok,0.2586,0.0
Svea_Hovraett_etc_export_job_4502443_858057_Svea_Hovraett_OCo_Advokatfiskalen_Jaemtlands_laen__1713_-f577f7f3/0003_DSC_0451/r2l4,667,False,ok,0.4333,ok,0.4333,0.0
Svea_Hovraett_etc_export_job_4502443_858057_Svea_Hovraett_OCo_Advokatfiskalen_Jaemtlands_laen__1713_-f577f7f3/0003_DSC_0451/r2l5,661,False,ok,0.3273,ok,0.3273,0.0
Svea_Hovraett_etc_export_job_4502443_858057_Svea_Hovraett_OCo_Advokatfiskalen_Jaemtlands_laen__1713_-f577f7f3/0003_DSC_0451/r2l6,668,False,ok,0.4035,ok,0.4035,0.0
Svea_Hovraett_etc_export_job_4502443_858057_Svea_Hovraett_OCo_Advokatfiskalen_Jaemtlands_laen__1713_-f577f7f3/0003_DSC_0451/r2l7,679,False,ok,0.5312,ok,0.5312,0.0
Svea_Hovraett_etc_export_job_4502443_858057_Svea_Hovraett_OCo_Advokatfiskalen_Jaemtlands_laen__1713_-f577f7f3/0003_DSC_0451/r2l8,661,False,ok,0.28,ok,0.28,0.0
Svea_Hovraett_etc_export_job_4502443_858057_Svea_Hovraett_OCo_Advokatfiskalen_Jaemtlands_laen__1713_-f577f7f3/0003_DSC_0451/r2l9,672,False,ok,0.3214,ok,0.3214,0.0
Svea_Hovraett_etc_export_job_4502443_858057_Svea_Hovraett_OCo_Advokatfiskalen_Jaemtlands_laen__1713_-f577f7f3/0003_DSC_0451/r2l10,682,False,ok,0.25,ok,0.25,0.0
Svea_Hovraett_etc_export_job_4502443_858057_Svea_Hovraett_OCo_Advokatfiskalen_Jaemtlands_laen__1713_-f577f7f3/0003_DSC_0451/r2l11,697,False,ok,0.3878,ok,0.3878,0.0
Svea_Hovraett_etc_export_job_4502443_858057_Svea_Hovraett_OCo_Advokatfiskalen_Jaemtlands_laen__1713_-f577f7f3/0003_DSC_0451/r2l12,682,False,ok,0.2245,ok,0.2245,0.0
Svea_Hovraett_etc_export_job_4502443_858057_Svea_Hovraett_OCo_Advokatfiskalen_Jaemtlands_laen__1713_-f577f7f3/0003_DSC_0451/r2l13,689,False,ok,0.2553,ok,0.2553,0.0
Svea_Hovraett_etc_export_job_4502443_858057_Svea_Hovraett_OCo_Advokatfiskalen_Jaemtlands_laen__1713_-f577f7f3/0003_DSC_0451/r2l14,697,False,ok,0.4583,ok,0.4583,0.0
Svea_Hovraett_etc_export_job_4502443_858057_Svea_Hovraett_OCo_Advokatfiskalen_Jaemtlands_laen__1713_-f577f7f3/0003_DSC_0451/r2l15,700,False,ok,0.5098,ok,0.5098,0.0
Svea_Hovraett_etc_export_job_4502443_858057_Svea_Hovraett_OCo_Advokatfiskalen_Jaemtlands_laen__1713_-f577f7f3/0003_DSC_0451/r2l16,709,False,ok,0.6346,ok,0.6346,0.0
Svea_Hovraett_etc_export_job_4502443_858057_Svea_Hovraett_OCo_Advokatfiskalen_Jaemtlands_laen__1713_-f577f7f3/0003_DSC_0451/r2l17,683,False,ok,0.4889,ok,0.4889,0.0
Svea_Hovraett_etc_export_job_4502443_858057_Svea_Hovraett_OCo_Advokatfiskalen_Jaemtlands_laen__1713_-f577f7f3/0003_DSC_0451/r2l18,724,False,ok,0.4375,ok,0.4375,0.0
Svea_Hovraett_etc_export_job_4502443_858057_Svea_Hovraett_OCo_Advokatfiskalen_Jaemtlands_laen__1713_-f577f7f3/0003_DSC_0451/r2l19,712,False,ok,0.3265,ok,0.3265,0.0
Svea_Hovraett_etc_export_job_4502443_858057_Svea_Hovraett_OCo_Advokatfiskalen_Jaemtlands_laen__1713_-f577f7f3/0003_DSC_0451/r2l21,719,False,ok,0.375,ok,0.375,0.0
Svea_Hovraett_etc_export_job_4502443_858057_Svea_Hovraett_OCo_Advokatfiskalen_Jaemtlands_laen__1713_-f577f7f3/0003_DSC_0451/r2l22,721,False,ok,0.2857,ok,0.2857,0.0
Svea_Hovraett_etc_export_job_4502443_858057_Svea_Hovraett_OCo_Advokatfiskalen_Jaemtlands_laen__1713_-f577f7f3/0003_DSC_0451/r2l23,722,False,ok,0.3333,ok,0.3333,0.0
Svea_Hovraett_etc_export_job_4502443_858057_Svea_Hovraett_OCo_Advokatfiskalen_Jaemtlands_laen__1713_-f577f7f3/0003_DSC_0451/r2l25,751,False,ok,0.3462,ok,0.3462,0.0
Svea_Hovraett_etc_export_job_4502443_858057_Svea_Hovraett_OCo_Advokatfiskalen_Jaemtlands_laen__1713_-f577f7f3/0003_DSC_0451/r2l26,533,False,ok,0.5217,ok,0.5217,0.0
Svea_Hovraett_etc_export_job_4502443_858057_Svea_Hovraett_OCo_Advokatfiskalen_Jaemtlands_laen__1713_-f577f7f3/0003_DSC_0451/r2l27,45,True,ok,1.0,empty,1.0,0.0
Svea_Hovraett_etc_export_job_4502443_858057_Svea_Hovraett_OCo_Advokatfiskalen_Jaemtlands_laen__1713_-f577f7f3/0003_DSC_0451/r2l28,774,False,ok,0.4255,ok,0.4255,0.0
Svea_Hovraett_etc_export_job_4502443_858057_Svea_Hovraett_OCo_Advokatfiskalen_Jaemtlands_laen__1713_-f577f7f3/0003_DSC_0451/r2l29,763,False,ok,0.4151,ok,0.4151,0.0
Svea_Hovraett_etc_export_job_4502443_858057_Svea_Hovraett_OCo_Advokatfiskalen_Jaemtlands_laen__1713_-f577f7f3/0003_DSC_0451/r2l30,101,True,empty,1.0,empty,1.0,0.0
Svea_Hovraett_etc_export_job_4502443_858057_Svea_Hovraett_OCo_Advokatfiskalen_Jaemtlands_laen__1713_-f577f7f3/0004_DSC_0452/r1l1,632,False,ok,0.6667,ok,0.6667,0.0
Svea_Hovraett_etc_export_job_4502443_858057_Svea_Hovraett_OCo_Advokatfiskalen_Jaemtlands_laen__1713_-f577f7f3/0004_DSC_0452/r1l2,638,False,ok,0.8163,ok,0.8163,0.0
Svea_Hovraett_etc_export_job_4502443_858057_Svea_Hovraett_OCo_Advokatfiskalen_Jaemtlands_laen__1713_-f577f7f3/0004_DSC_0452/r1l3,636,False,ok,0.8235,ok,0.8235,0.0
Svea_Hovraett_etc_export_job_4502443_858057_Svea_Hovraett_OCo_Advokatfiskalen_Jaemtlands_laen__1713_-f577f7f3/0004_DSC_0452/r1l4,655,False,ok,0.6341,ok,0.6341,0.0
Svea_Hovraett_etc_export_job_4502443_858057_Svea_Hovraett_OCo_Advokatfiskalen_Jaemtlands_laen__1713_-f577f7f3/0004_DSC_0452/r1l5,647,False,ok,0.7826,ok,0.7826,0.0
Svea_Hovraett_etc_export_job_4502443_858057_Svea_Hovraett_OCo_Advokatfiskalen_Jaemtlands_laen__1713_-f577f7f3/0004_DSC_0452/r1l6,665,False,ok,0.9,ok,0.9,0.0
Svea_Hovraett_etc_export_job_4502443_858057_Svea_Hovraett_OCo_Advokatfiskalen_Jaemtlands_laen__1713_-f577f7f3/0004_DSC_0452/r1l7,658,False,ok,0.7021,ok,0.7021,0.0
Svea_Hovraett_etc_export_job_4502443_858057_Svea_Hovraett_OCo_Advokatfiskalen_Jaemtlands_laen__1713_-f577f7f3/0004_DSC_0452/r1l8,667,False,ok,0.7636,ok,0.7636,0.0
Svea_Hovraett_etc_export_job_4502443_858057_Svea_Hovraett_OCo_Advokatfiskalen_Jaemtlands_laen__1713_-f577f7f3/0004_DSC_0452/r1l9,653,False,ok,0.7174,ok,0.7174,0.0
Svea_Hovraett_etc_export_job_4502443_858057_Svea_Hovraett_OCo_Advokatfiskalen_Jaemtlands_laen__1713_-f577f7f3/0004_DSC_0452/r1l10,660,False,ok,0.9783,ok,0.9783,0.0
Svea_Hovraett_etc_export_job_4502443_858057_Svea_Hovraett_OCo_Advokatfiskalen_Jaemtlands_laen__1713_-f577f7f3/0004_DSC_0452/r1l11,657,False,ok,0.4717,ok,0.4717,0.0
Svea_Hovraett_etc_export_job_4502443_858057_Svea_Hovraett_OCo_Advokatfiskalen_Jaemtlands_laen__1713_-f577f7f3/0004_DSC_0452/r1l12,675,False,ok,0.617,ok,0.617,0.0
Svea_Hovraett_etc_export_job_4502443_858057_Svea_Hovraett_OCo_Advokatfiskalen_Jaemtlands_laen__1713_-f577f7f3/0004_DSC_0452/r1l13,682,False,ok,0.5909,ok,0.5909,0.0
Svea_Hovraett_etc_export_job_4502443_858057_Svea_Hovraett_OCo_Advokatfiskalen_Jaemtlands_laen__1713_-f577f7f3/0004_DSC_0452/r1l14,674,False,ok,0.2245,ok,0.2245,0.0
Svea_Hovraett_etc_export_job_4502443_858057_Svea_Hovraett_OCo_Advokatfiskalen_Jaemtlands_laen__1713_-f577f7f3/0004_DSC_0452/r1l15,689,False,ok,0.2667,ok,0.2667,0.0
Svea_Hovraett_etc_export_job_4502443_858057_Svea_Hovraett_OCo_Advokatfiskalen_Jaemtlands_laen__1713_-f577f7f3/0004_DSC_0452/r1l16,675,False,ok,0.3654,ok,0.3654,0.0
Svea_Hovraett_etc_export_job_4502443_858057_Svea_Hovraett_OCo_Advokatfiskalen_Jaemtlands_laen__1713_-f577f7f3/0004_DSC_0452/r1l17,693,False,ok,0.1818,ok,0.1818,0.0
Svea_Hovraett_etc_export_job_4502443_858057_Svea_Hovraett_OCo_Advokatfiskalen_Jaemtlands_laen__1713_-f577f7f3/0004_DSC_0452/r1l19,697,False,ok,0.1064,ok,0.1064,0.0
Svea_Hovraett_etc_export_job_4502443_858057_Svea_Hovraett_OCo_Advokatfiskalen_Jaemtlands_laen__1713_-f577f7f3/0004_DSC_0452/r1l20,674,False,ok,0.12,ok,0.12,0.0
Svea_Hovraett_etc_export_job_4502443_858057_Svea_Hovraett_OCo_Advokatfiskalen_Jaemtlands_laen__1713_-f577f7f3/0004_DSC_0452/r1l21,694,False,ok,0.098,ok,0.098,0.0
Svea_Hovraett_etc_export_job_4502443_858057_Svea_Hovraett_OCo_Advokatfiskalen_Jaemtlands_laen__1713_-f577f7f3/0004_DSC_0452/r1l22,685,False,ok,0.2041,ok,0.2041,0.0
Svea_Hovraett_etc_export_job_4502443_858057_Svea_Hovraett_OCo_Advokatfiskalen_Jaemtlands_laen__1713_-f577f7f3/0004_DSC_0452/r1l23,684,False,ok,0.1556,ok,0.1556,0.0
Svea_Hovraett_etc_export_job_4502443_858057_Svea_Hovraett_OCo_Advokatfiskalen_Jaemtlands_laen__1713_-f577f7f3/0004_DSC_0452/r1l24,679,False,ok,0.2653,ok,0.2653,0.0
Svea_Hovraett_etc_export_job_4502443_858057_Svea_Hovraett_OCo_Advokatfiskalen_Jaemtlands_laen__1713_-f577f7f3/0004_DSC_0452/r1l25,706,False,ok,0.2727,ok,0.2727,0.0
Svea_Hovraett_etc_export_job_4502443_858057_Svea_Hovraett_OCo_Advokatfiskalen_Jaemtlands_laen__1713_-f577f7f3/0004_DSC_0452/r1l26,700,False,ok,0.025,ok,0.025,0.0
Svea_Hovraett_etc_export_job_4502443_858057_Svea_Hovraett_OCo_Advokatfiskalen_Jaemtlands_laen__1713_-f577f7f3/0004_DSC_0452/r1l27,175,True,ok,0.1818,ok,0.1818,0.0
Svea_Hovraett_etc_export_job_4502443_858057_Svea_Hovraett_OCo_Advokatfiskalen_Jaemtlands_laen__1713_-f577f7f3/0004_DSC_0452/r2l2,692,False,ok,0.2449,ok,0.2449,0.0
Svea_Hovraett_etc_export_job_4502443_858057_Svea_Hovraett_OCo_Advokatfiskalen_Jaemtlands_laen__1713_-f577f7f3/0004_DSC_0452/r2l3,691,False,ok,0.24,ok,0.24,0.0
Svea_Hovraett_etc_export_job_4502443_858057_Svea_Hovraett_OCo_Advokatfiskalen_Jaemtlands_laen__1713_-f577f7f3/0004_DSC_0452/r2l4,669,False,ok,0.2807,ok,0.2807,0.0
Svea_Hovraett_etc_export_job_4502443_858057_Svea_Hovraett_OCo_Advokatfiskalen_Jaemtlands_laen__1713_-f577f7f3/0004_DSC_0452/r2l5,688,False,ok,0.0408,ok,0.0408,0.0
Svea_Hovraett_etc_export_job_4502443_858057_Svea_Hovraett_OCo_Advokatfiskalen_Jaemtlands_laen__1713_-f577f7f3/0004_DSC_0452/r2l6,676,False,ok,0.2917,ok,0.2917,0.0
Svea_Hovraett_etc_export_job_4502443_858057_Svea_Hovraett_OCo_Advokatfiskalen_Jaemtlands_laen__1713_-f577f7f3/0004_DSC_0452/r2l7,700,False,ok,0.1304,ok,0.1304,0.0
Svea_Hovraett_etc_export_job_4502443_858057_Svea_Hovraett_OCo_Advokatfiskalen_Jaemtlands_laen__1713_-f577f7f3/0004_DSC_0452/r2l8,706,False,ok,0.2,ok,0.2,0.0
Svea_Hovraett_etc_export_job_4502443_858057_Svea_Hovraett_OCo_Advokatfiskalen_Jaemtlands_laen__1713_-f577f7f3/0004_DSC_0452/r2l9,710,False,ok,0.0833,ok,0.0833,0.0
Svea_Hovraett_etc_export_job_4502443_858057_Svea_Hovraett_OCo_Advokatfiskalen_Jaemtlands_laen__1713_-f577f7f3/0004_DSC_0452/r2l10,646,False,ok,0.0488,ok,0.0488,0.0
Svea_Hovraett_etc_export_job_4502443_858057_Svea_Hovraett_OCo_Advokatfiskalen_Jaemtlands_laen__1713_-f577f7f3/0004_DSC_0452/r2l11,699,False,ok,0.1591,ok,0.1591,0.0
Svea_Hovraett_etc_export_job_4502443_858057_Svea_Hovraett_OCo_Advokatfiskalen_Jaemtlands_laen__1713_-f577f7f3/0004_DSC_0452/r2l12,717,False,ok,0.25,ok,0.25,0.0
Svea_Hovraett_etc_export_job_4502443_858057_Svea_Hovraett_OCo_Advokatfiskalen_Jaemtlands_laen__1713_-f577f7f3/0004_DSC_0452/r2l13,736,False,ok,0.1739,ok,0.1739,0.0
Svea_Hovraett_etc_export_job_4502443_858057_Svea_Hovraett_OCo_Advokatfiskalen_Jaemtlands_laen__1713_-f577f7f3/0004_DSC_0452/r2l14,704,False,ok,0.0426,ok,0.0426,0.0
Svea_Hovraett_etc_export_job_4502443_858057_Svea_Hovraett_OCo_Advokatfiskalen_Jaemtlands_laen__1713_-f577f7f3/0004_DSC_0452/r2l15,740,False,ok,0.0435,ok,0.0435,0.0
Svea_Hovraett_etc_export_job_4502443_858057_Svea_Hovraett_OCo_Advokatfiskalen_Jaemtlands_laen__1713_-f577f7f3/0004_DSC_0452/r2l16,727,False,ok,0.2353,ok,0.2353,0.0
Svea_Hovraett_etc_export_job_4502443_858057_Svea_Hovraett_OCo_Advokatfiskalen_Jaemtlands_laen__1713_-f577f7f3/0004_DSC_0452/r2l17,751,False,ok,0.2593,ok,0.2593,0.0
Svea_Hovraett_etc_export_job_4502443_858057_Svea_Hovraett_OCo_Advokatfiskalen_Jaemtlands_laen__1713_-f577f7f3/0004_DSC_0452/r2l18,744,False,ok,0.1481,ok,0.1481,0.0
Svea_Hovraett_etc_export_job_4502443_858057_Svea_Hovraett_OCo_Advokatfiskalen_Jaemtlands_laen__1713_-f577f7f3/0004_DSC_0452/r2l19,731,False,ok,0.1875,ok,0.1875,0.0
Svea_Hovraett_etc_export_job_4502443_858057_Svea_Hovraett_OCo_Advokatfiskalen_Jaemtlands_laen__1713_-f577f7f3/0004_DSC_0452/r2l20,719,False,ok,0.0682,ok,0.0682,0.0
Svea_Hovraett_etc_export_job_4502443_858057_Svea_Hovraett_OCo_Advokatfiskalen_Jaemtlands_laen__1713_-f577f7f3/0004_DSC_0452/r2l21,753,False,ok,0.1154,ok,0.1154,0.0
Svea_Hovraett_etc_export_job_4502443_858057_Svea_Hovraett_OCo_Advokatfiskalen_Jaemtlands_laen__1713_-f577f7f3/0004_DSC_0452/r2l22,739,False,ok,0.2449,ok,0.2449,0.0
Svea_Hovraett_etc_export_job_4502443_858057_Svea_Hovraett_OCo_Advokatfiskalen_Jaemtlands_laen__1713_-f577f7f3/0004_DSC_0452/r2l23,724,False,ok,0.1852,ok,0.1852,0.0
Svea_Hovraett_etc_export_job_4502443_858057_Svea_Hovraett_OCo_Advokatfiskalen_Jaemtlands_laen__1713_-f577f7f3/0004_DSC_0452/r2l24,751,False,ok,0.2692,ok,0.2692,0.0
Svea_Hovraett_etc_export_job_4502443_858057_Svea_Hovraett_OCo_Advokatfiskalen_Jaemtlands_laen__1713_-f577f7f3/0004_DSC_0452/r2l25,748,False,ok,0.1915,ok,0.1915,0.0
Svea_Hovraett_etc_export_job_4502443_858057_Svea_Hovraett_OCo_Advokatfiskalen_Jaemtlands_laen__1713_-f577f7f3/0004_DSC_0452/r2l26,767,False,ok,0.3137,ok,0.3137,0.0
Svea_Hovraett_etc_export_job_4502443_858057_Svea_Hovraett_OCo_Advokatfiskalen_Jaemtlands_laen__1713_-f577f7f3/0004_DSC_0452/r2l27,760,False,ok,0.18,ok,0.18,0.0
Svea_Hovraett_etc_export_job_4502443_858057_Svea_Hovraett_OCo_Advokatfiskalen_Jaemtlands_laen__1713_-f577f7f3/0004_DSC_0452/r2l28,40,True,ok,0.25,empty,1.0,0.75
Svea_Hovraett_etc_export_job_4502443_858057_Svea_Hovraett_OCo_Advokatfiskalen_Jaemtlands_laen__1713_-f577f7f3/0005_DSC_0453/r1l2,687,False,ok,0.8923,ok,0.8923,0.0
Svea_Hovraett_etc_export_job_4502443_858057_Svea_Hovraett_OCo_Advokatfiskalen_Jaemtlands_laen__1713_-f577f7f3/0005_DSC_0453/r1l3,670,False,ok,0.8545,ok,0.8545,0.0
Svea_Hovraett_etc_export_job_4502443_858057_Svea_Hovraett_OCo_Advokatfiskalen_Jaemtlands_laen__1713_-f577f7f3/0005_DSC_0453/r1l4,641,False,ok,0.9792,ok,0.9792,0.0
Svea_Hovraett_etc_export_job_4502443_858057_Svea_Hovraett_OCo_Advokatfiskalen_Jaemtlands_laen__1713_-f577f7f3/0005_DSC_0453/r1l5,671,False,ok,0.9057,ok,0.9057,0.0
Svea_Hovraett_etc_export_job_4502443_858057_Svea_Hovraett_OCo_Advokatfiskalen_Jaemtlands_laen__1713_-f577f7f3/0005_DSC_0453/r1l6,658,False,ok,0.9833,ok,0.9833,0.0
Svea_Hovraett_etc_export_job_4502443_858057_Svea_Hovraett_OCo_Advokatfiskalen_Jaemtlands_laen__1713_-f577f7f3/0005_DSC_0453/r1l7,661,False,ok,0.8039,ok,0.8039,0.0
Svea_Hovraett_etc_export_job_4502443_858057_Svea_Hovraett_OCo_Advokatfiskalen_Jaemtlands_laen__1713_-f577f7f3/0005_DSC_0453/r1l8,697,False,ok,0.8431,ok,0.8431,0.0
Svea_Hovraett_etc_export_job_4502443_858057_Svea_Hovraett_OCo_Advokatfiskalen_Jaemtlands_laen__1713_-f577f7f3/0005_DSC_0453/r1l9,683,False,ok,0.9057,ok,0.9057,0.0
Svea_Hovraett_etc_export_job_4502443_858057_Svea_Hovraett_OCo_Advokatfiskalen_Jaemtlands_laen__1713_-f577f7f3/0005_DSC_0453/r1l10,678,False,ok,0.9455,ok,0.9455,0.0
Svea_Hovraett_etc_export_job_4502443_858057_Svea_Hovraett_OCo_Advokatfiskalen_Jaemtlands_laen__1713_-f577f7f3/0005_DSC_0453/r1l11,700,False,ok,0.8235,ok,0.8235,0.0
Svea_Hovraett_etc_export_job_4502443_858057_Svea_Hovraett_OCo_Advokatfiskalen_Jaemtlands_laen__1713_-f577f7f3/0005_DSC_0453/r1l12,688,False,ok,0.8833,ok,0.8833,0.0
Svea_Hovraett_etc_export_job_4502443_858057_Svea_Hovraett_OCo_Advokatfiskalen_Jaemtlands_laen__1713_-f577f7f3/0005_DSC_0453/r1l14,705,False,ok,0.7193,ok,0.7193,0.0
Svea_Hovraett_etc_export_job_4502443_858057_Svea_Hovraett_OCo_Advokatfiskalen_Jaemtlands_laen__1713_-f577f7f3/0005_DSC_0453/r1l15,683,False,ok,0.7925,ok,0.7925,0.0
Svea_Hovraett_etc_export_job_4502443_858057_Svea_Hovraett_OCo_Advokatfiskalen_Jaemtlands_laen__1713_-f577f7f3/0005_DSC_0453/r1l16,684,False,ok,0.6939,ok,0.6939,0.0
Svea_Hovraett_etc_export_job_4502443_858057_Svea_Hovraett_OCo_Advokatfiskalen_Jaemtlands_laen__1713_-f577f7f3/0005_DSC_0453/r1l17,702,False,ok,0.5849,ok,0.5849,0.0
Svea_Hovraett_etc_export_job_4502443_858057_Svea_Hovraett_OCo_Advokatfiskalen_Jaemtlands_laen__1713_-f577f7f3/0005_DSC_0453/r1l18,725,False,ok,0.5577,ok,0.5577,0.0
Svea_Hovraett_etc_export_job_4502443_858057_Svea_Hovraett_OCo_Advokatfiskalen_Jaemtlands_laen__1713_-f577f7f3/0005_DSC_0453/r1l19,723,False,ok,0.4561,ok,0.4561,0.0
Svea_Hovraett_etc_export_job_4502443_858057_Svea_Hovraett_OCo_Advokatfiskalen_Jaemtlands_laen__1713_-f577f7f3/0005_DSC_0453/r1l20,709,False,ok,0.4043,ok,0.4043,0.0
Svea_Hovraett_etc_export_job_4502443_858057_Svea_Hovraett_OCo_Advokatfiskalen_Jaemtlands_laen__1713_-f577f7f3/0005_DSC_0453/r1l21,706,False,ok,0.322,ok,0.322,0.0
Svea_Hovraett_etc_export_job_4502443_858057_Svea_Hovraett_OCo_Advokatfiskalen_Jaemtlands_laen__1713_-f577f7f3/0005_DSC_0453/r1l22,706,False,ok,0.4444,ok,0.4444,0.0
Svea_Hovraett_etc_export_job_4502443_858057_Svea_Hovraett_OCo_Advokatfiskalen_Jaemtlands_laen__1713_-f577f7f3/0005_DSC_0453/r1l23,715,False,ok,0.2979,ok,0.2979,0.0
Svea_Hovraett_etc_export_job_4502443_858057_Svea_Hovraett_OCo_Advokatfiskalen_Jaemtlands_laen__1713_-f577f7f3/0005_DSC_0453/r1l24,721,False,ok,0.5,ok,0.5,0.0
Svea_Hovraett_etc_export_job_4502443_858057_Svea_Hovraett_OCo_Advokatfiskalen_Jaemtlands_laen__1713_-f577f7f3/0005_DSC_0453/r1l25,697,False,ok,0.125,ok,0.125,0.0
Svea_Hovraett_etc_export_job_4502443_858057_Svea_Hovraett_OCo_Advokatfiskalen_Jaemtlands_laen__1713_-f577f7f3/0005_DSC_0453/r1l26,709,False,ok,0.1837,ok,0.1837,0.0
Svea_Hovraett_etc_export_job_4502443_858057_Svea_Hovraett_OCo_Advokatfiskalen_Jaemtlands_laen__1713_-f577f7f3/0005_DSC_0453/r1l27,721,False,ok,0.1957,ok,0.1957,0.0
Svea_Hovraett_etc_export_job_4502443_858057_Svea_Hovraett_OCo_Advokatfiskalen_Jaemtlands_laen__1713_-f577f7f3/0005_DSC_0453/r1l28,713,False,ok,0.1778,ok,0.1778,0.0
Svea_Hovraett_etc_export_job_4502443_858057_Svea_Hovraett_OCo_Advokatfiskalen_Jaemtlands_laen__1713_-f577f7f3/0005_DSC_0453/r1l29,726,False,ok,0.2558,ok,0.2558,0.0
Svea_Hovraett_etc_export_job_4502443_858057_Svea_Hovraett_OCo_Advokatfiskalen_Jaemtlands_laen__1713_-f577f7f3/0005_DSC_0453/r1l30,111,True,ok,1.0,empty,1.0,0.0
Svea_Hovraett_etc_export_job_4502443_858057_Svea_Hovraett_OCo_Advokatfiskalen_Jaemtlands_laen__1713_-f577f7f3/0005_DSC_0453/r2l1,703,False,ok,0.2885,ok,0.2885,0.0
Svea_Hovraett_etc_export_job_4502443_858057_Svea_Hovraett_OCo_Advokatfiskalen_Jaemtlands_laen__1713_-f577f7f3/0005_DSC_0453/r2l2,695,False,ok,0.2593,ok,0.2593,0.0
Svea_Hovraett_etc_export_job_4502443_858057_Svea_Hovraett_OCo_Advokatfiskalen_Jaemtlands_laen__1713_-f577f7f3/0005_DSC_0453/r2l4,552,False,ok,0.2143,ok,0.2143,0.0
Svea_Hovraett_etc_export_job_4502443_858057_Svea_Hovraett_OCo_Advokatfiskalen_Jaemtlands_laen__1713_-f577f7f3/0005_DSC_0453/r2l5,31,True,ok,1.0,empty,1.0,0.0
Svea_Hovraett_etc_export_job_4502443_858057_Svea_Hovraett_OCo_Advokatfiskalen_Jaemtlands_laen__1713_-f577f7f3/0005_DSC_0453/r2l6,691,False,ok,0.4038,ok,0.4038,0.0
Svea_Hovraett_etc_export_job_4502443_858057_Svea_Hovraett_OCo_Advokatfiskalen_Jaemtlands_laen__1713_-f577f7f3/0005_DSC_0453/r2l7,718,False,ok,0.1923,ok,0.1923,0.0
Svea_Hovraett_etc_export_job_4502443_858057_Svea_Hovraett_OCo_Advokatfiskalen_Jaemtlands_laen__1713_-f577f7f3/0005_DSC_0453/r2l8,725,False,ok,0.2,ok,0.2,0.0
Svea_Hovraett_etc_export_job_4502443_858057_Svea_Hovraett_OCo_Advokatfiskalen_Jaemtlands_laen__1713_-f577f7f3/0005_DSC_0453/r2l9,727,False,ok,0.1698,ok,0.1698,0.0
Svea_Hovraett_etc_export_job_4502443_858057_Svea_Hovraett_OCo_Advokatfiskalen_Jaemtlands_laen__1713_-f577f7f3/0005_DSC_0453/r2l10,724,False,ok,0.3103,ok,0.3103,0.0
Svea_Hovraett_etc_export_job_4502443_858057_Svea_Hovraett_OCo_Advokatfiskalen_Jaemtlands_laen__1713_-f577f7f3/0005_DSC_0453/r2l11,727,False,ok,0.2889,ok,0.2889,0.0
Svea_Hovraett_etc_export_job_4502443_858057_Svea_Hovraett_OCo_Advokatfiskalen_Jaemtlands_laen__1713_-f577f7f3/0005_DSC_0453/r2l12,739,False,ok,0.2979,ok,0.2979,0.0
Svea_Hovraett_etc_export_job_4502443_858057_Svea_Hovraett_OCo_Advokatfiskalen_Jaemtlands_laen__1713_-f577f7f3/0005_DSC_0453/r2l13,730,False,ok,0.4348,ok,0.4348,0.0
Svea_Hovraett_etc_export_job_4502443_858057_Svea_Hovraett_OCo_Advokatfiskalen_Jaemtlands_laen__1713_-f577f7f3/0005_DSC_0453/r2l14,750,False,ok,0.2245,ok,0.2245,0.0
Svea_Hovraett_etc_export_job_4502443_858057_Svea_Hovraett_OCo_Advokatfiskalen_Jaemtlands_laen__1713_-f577f7f3/0005_DSC_0453/r2l15,756,False,ok,0.1731,ok,0.1731,0.0
Svea_Hovraett_etc_export_job_4502443_858057_Svea_Hovraett_OCo_Advokatfiskalen_Jaemtlands_laen__1713_-f577f7f3/0005_DSC_0453/r2l16,747,False,ok,0.2982,ok,0.2982,0.0
Svea_Hovraett_etc_export_job_4502443_858057_Svea_Hovraett_OCo_Advokatfiskalen_Jaemtlands_laen__1713_-f577f7f3/0005_DSC_0453/r2l17,758,False,ok,0.4706,ok,0.4706,0.0
Svea_Hovraett_etc_export_job_4502443_858057_Svea_Hovraett_OCo_Advokatfiskalen_Jaemtlands_laen__1713_-f577f7f3/0005_DSC_0453/r2l18,749,False,ok,0.5686,ok,0.5686,0.0
Svea_Hovraett_etc_export_job_4502443_858057_Svea_Hovraett_OCo_Advokatfiskalen_Jaemtlands_laen__1713_-f577f7f3/0005_DSC_0453/r2l20,763,False,ok,0.1429,ok,0.1429,0.0
Svea_Hovraett_etc_export_job_4502443_858057_Svea_Hovraett_OCo_Advokatfiskalen_Jaemtlands_laen__1713_-f577f7f3/0005_DSC_0453/r2l22,784,False,ok,0.451,ok,0.451,0.0
Svea_Hovraett_etc_export_job_4502443_858057_Svea_Hovraett_OCo_Advokatfiskalen_Jaemtlands_laen__1713_-f577f7f3/0005_DSC_0453/r2l23,770,False,ok,0.3333,ok,0.3333,0.0
Svea_Hovraett_etc_export_job_4502443_858057_Svea_Hovraett_OCo_Advokatfiskalen_Jaemtlands_laen__1713_-f577f7f3/0005_DSC_0453/r2l24,752,False,ok,0.2037,ok,0.2037,0.0
Svea_Hovraett_etc_export_job_4502443_858057_Svea_Hovraett_OCo_Advokatfiskalen_Jaemtlands_laen__1713_-f577f7f3/0005_DSC_0453/r2l25,745,False,ok,0.3889,ok,0.3889,0.0
Svea_Hovraett_etc_export_job_4502443_858057_Svea_Hovraett_OCo_Advokatfiskalen_Jaemtlands_laen__1713_-f577f7f3/0005_DSC_0453/r2l27,761,False,ok,0.4,ok,0.4,0.0
Svea_Hovraett_etc_export_job_4502443_858057_Svea_Hovraett_OCo_Advokatfiskalen_Jaemtlands_laen__1713_-f577f7f3/0005_DSC_0453/r2l28,782,False,ok,0.25,ok,0.25,0.0
Svea_Hovraett_etc_export_job_4502443_858057_Svea_Hovraett_OCo_Advokatfiskalen_Jaemtlands_laen__1713_-f577f7f3/0005_DSC_0453/r2l29,773,False,ok,0.2917,ok,0.2917,0.0
Svea_Hovraett_etc_export_job_4502443_858057_Svea_Hovraett_OCo_Advokatfiskalen_Jaemtlands_laen__1713_-f577f7f3/0005_DSC_0453/r2l30,125,True,empty,1.0,empty,1.0,0.0
Svea_Hovraett_etc_export_job_4502443_858057_Svea_Hovraett_OCo_Advokatfiskalen_Jaemtlands_laen__1713_-f577f7f3/0006_DSC_0454/r1l1,684,False,ok,0.8929,ok,0.8929,0.0
Svea_Hovraett_etc_export_job_4502443_858057_Svea_Hovraett_OCo_Advokatfiskalen_Jaemtlands_laen__1713_-f577f7f3/0006_DSC_0454/r1l2,674,False,ok,0.6111,ok,0.6111,0.0
Svea_Hovraett_etc_export_job_4502443_858057_Svea_Hovraett_OCo_Advokatfiskalen_Jaemtlands_laen__1713_-f577f7f3/0006_DSC_0454/r1l3,677,False,ok,0.8333,ok,0.8333,0.0
Svea_Hovraett_etc_export_job_4502443_858057_Svea_Hovraett_OCo_Advokatfiskalen_Jaemtlands_laen__1713_-f577f7f3/0006_DSC_0454/r1l4,681,False,ok,0.5091,ok,0.5091,0.0
Svea_Hovraett_etc_export_job_4502443_858057_Svea_Hovraett_OCo_Advokatfiskalen_Jaemtlands_laen__1713_-f577f7f3/0006_DSC_0454/r1l5,689,False,ok,0.6939,ok,0.6939,0.0
Svea_Hovraett_etc_export_job_4502443_858057_Svea_Hovraett_OCo_Advokatfiskalen_Jaemtlands_laen__1713_-f577f7f3/0006_DSC_0454/r1l6,687,False,ok,0.7018,ok,0.7018,0.0
Svea_Hovraett_etc_export_job_4502443_858057_Svea_Hovraett_OCo_Advokatfiskalen_Jaemtlands_laen__1713_-f577f7f3/0006_DSC_0454/r1l7,695,False,ok,0.6364,ok,0.6364,0.0
Svea_Hovraett_etc_export_job_4502443_858057_Svea_Hovraett_OCo_Advokatfiskalen_Jaemtlands_laen__1713_-f577f7f3/0006_DSC_0454/r1l8,691,False,ok,0.4314,ok,0.4314,0.0
Svea_Hovraett_etc_export_job_4502443_858057_Svea_Hovraett_OCo_Advokatfiskalen_Jaemtlands_laen__1713_-f577f7f3/0006_DSC_0454/r1l9,681,False,ok,0.8679,ok,0.8679,0.0
Svea_Hovraett_etc_export_job_4502443_858057_Svea_Hovraett_OCo_Advokatfiskalen_Jaemtlands_laen__1713_-f577f7f3/0006_DSC_0454/r1l10,693,False,ok,0.6154,ok,0.6154,0.0
Svea_Hovraett_etc_export_job_4502443_858057_Svea_Hovraett_OCo_Advokatfiskalen_Jaemtlands_laen__1713_-f577f7f3/0006_DSC_0454/r1l11,698,False,ok,0.4828,ok,0.4828,0.0
Svea_Hovraett_etc_export_job_4502443_858057_Svea_Hovraett_OCo_Advokatfiskalen_Jaemtlands_laen__1713_-f577f7f3/0006_DSC_0454/r1l13,686,False,ok,0.6604,ok,0.6604,0.0
Svea_Hovraett_etc_export_job_4502443_858057_Svea_Hovraett_OCo_Advokatfiskalen_Jaemtlands_laen__1713_-f577f7f3/0006_DSC_0454/r1l14,692,False,ok,0.3333,ok,0.3333,0.0
Svea_Hovraett_etc_export_job_4502443_858057_Svea_Hovraett_OCo_Advokatfiskalen_Jaemtlands_laen__1713_-f577f7f3/0006_DSC_0454/r1l15,692,False,ok,0.5306,ok,0.5306,0.0
Svea_Hovraett_etc_export_job_4502443_858057_Svea_Hovraett_OCo_Advokatfiskalen_Jaemtlands_laen__1713_-f577f7f3/0006_DSC_0454/r1l16,686,False,ok,0.4906,ok,0.4906,0.0
Svea_Hovraett_etc_export_job_4502443_858057_Svea_Hovraett_OCo_Advokatfiskalen_Jaemtlands_laen__1713_-f577f7f3/0006_DSC_0454/r1l17,691,False,ok,0.4694,ok,0.4694,0.0
Svea_Hovraett_etc_export_job_4502443_858057_Svea_Hovraett_OCo_Advokatfiskalen_Jaemtlands_laen__1713_-f577f7f3/0006_DSC_0454/r1l18,709,False,ok,0.2308,ok,0.2308,0.0
Svea_Hovraett_etc_export_job_4502443_858057_Svea_Hovraett_OCo_Advokatfiskalen_Jaemtlands_laen__1713_-f577f7f3/0006_DSC_0454/r1l19,713,False,ok,0.2,ok,0.2,0.0
Svea_Hovraett_etc_export_job_4502443_858057_Svea_Hovraett_OCo_Advokatfiskalen_Jaemtlands_laen__1713_-f577f7f3/0006_DSC_0454/r1l20,709,False,ok,0.2692,ok,0.2692,0.0
Svea_Hovraett_etc_export_job_4502443_858057_Svea_Hovraett_OCo_Advokatfiskalen_Jaemtlands_laen__1713_-f577f7f3/0006_DSC_0454/r1l21,723,False,ok,0.1569,ok,0.1569,0.0
Svea_Hovraett_etc_export_job_4502443_858057_Svea_Hovraett_OCo_Advokatfiskalen_Jaemtlands_laen__1713_-f577f7f3/0006_DSC_0454/r1l22,705,False,ok,0.1915,ok,0.1915,0.0
Svea_Hovraett_etc_export_job_4502443_858057_Svea_Hovraett_OCo_Advokatfiskalen_Jaemtlands_laen__1713_-f577f7f3/0006_DSC_0454/r1l23,733,False,ok,0.125,ok,0.125,0.0
Svea_Hovraett_etc_export_job_4502443_858057_Svea_Hovraett_OCo_Advokatfiskalen_Jaemtlands_laen__1713_-f577f7f3/0006_DSC_0454/r1l24,710,False,ok,0.1591,ok,0.1591,0.0
Svea_Hovraett_etc_export_job_4502443_858057_Svea_Hovraett_OCo_Advokatfiskalen_Jaemtlands_laen__1713_-f577f7f3/0006_DSC_0454/r1l25,718,False,ok,0.3077,ok,0.3077,0.0
Svea_Hovraett_etc_export_job_4502443_858057_Svea_Hovraett_OCo_Advokatfiskalen_Jaemtlands_laen__1713_-f577f7f3/0006_DSC_0454/r1l26,703,False,ok,0.234,ok,0.234,0.0
Svea_Hovraett_etc_export_job_4502443_858057_Svea_Hovraett_OCo_Advokatfiskalen_Jaemtlands_laen__1713_-f577f7f3/0006_DSC_0454/r1l27,739,False,ok,0.2558,ok,0.2558,0.0
Svea_Hovraett_etc_export_job_4502443_858057_Svea_Hovraett_OCo_Advokatfiskalen_Jaemtlands_laen__1713_-f577f7f3/0006_DSC_0454/r1l28,716,False,ok,0.3673,ok,0.3673,0.0
Svea_Hovraett_etc_export_job_4502443_858057_Svea_Hovraett_OCo_Advokatfiskalen_Jaemtlands_laen__1713_-f577f7f3/0006_DSC_0454/r1l29,163,True,ok,0.4286,ok,0.4286,0.0
Svea_Hovraett_etc_export_job_4502443_858057_Svea_Hovraett_OCo_Advokatfiskalen_Jaemtlands_laen__1713_-f577f7f3/0006_DSC_0454/r2l1,686,False,ok,0.2642,ok,0.2642,0.0
Svea_Hovraett_etc_export_job_4502443_858057_Svea_Hovraett_OCo_Advokatfiskalen_Jaemtlands_laen__1713_-f577f7f3/0006_DSC_0454/r2l2,696,False,ok,0.2727,ok,0.2727,0.0
Svea_Hovraett_etc_export_job_4502443_858057_Svea_Hovraett_OCo_Advokatfiskalen_Jaemtlands_laen__1713_-f577f7f3/0006_DSC_0454/r2l3,707,False,ok,0.25,ok,0.25,0.0
Svea_Hovraett_etc_export_job_4502443_858057_Svea_Hovraett_OCo_Advokatfiskalen_Jaemtlands_laen__1713_-f577f7f3/0006_DSC_0454/r2l4,688,False,ok,0.1346,ok,0.1346,0.0
Svea_Hovraett_etc_export_job_4502443_858057_Svea_Hovraett_OCo_Advokatfiskalen_Jaemtlands_laen__1713_-f577f7f3/0006_DSC_0454/r2l5,721,False,ok,0.1607,ok,0.1607,0.0
Svea_Hovraett_etc_export_job_4502443_858057_Svea_Hovraett_OCo_Advokatfiskalen_Jaemtlands_laen__1713_-f577f7f3/0006_DSC_0454/r2l6,719,False,ok,0.2241,ok,0.2241,0.0
Svea_Hovraett_etc_export_job_4502443_858057_Svea_Hovraett_OCo_Advokatfiskalen_Jaemtlands_laen__1713_-f577f7f3/0006_DSC_0454/r2l7,719,False,ok,0.2167,ok,0.2167,0.0
Svea_Hovraett_etc_export_job_4502443_858057_Svea_Hovraett_OCo_Advokatfiskalen_Jaemtlands_laen__1713_-f577f7f3/0006_DSC_0454/r2l8,726,False,ok,0.2632,ok,0.2632,0.0
Svea_Hovraett_etc_export_job_4502443_858057_Svea_Hovraett_OCo_Advokatfiskalen_Jaemtlands_laen__1713_-f577f7f3/0006_DSC_0454/r2l9,720,False,ok,0.0714,ok,0.0714,0.0
Svea_Hovraett_etc_export_job_4502443_858057_Svea_Hovraett_OCo_Advokatfiskalen_Jaemtlands_laen__1713_-f577f7f3/0006_DSC_0454/r2l10,727,False,ok,0.1154,ok,0.1154,0.0
Svea_Hovraett_etc_export_job_4502443_858057_Svea_Hovraett_OCo_Advokatfiskalen_Jaemtlands_laen__1713_-f577f7f3/0006_DSC_0454/r2l11,733,False,ok,0.1071,ok,0.1071,0.0
Svea_Hovraett_etc_export_job_4502443_858057_Svea_Hovraett_OCo_Advokatfiskalen_Jaemtlands_laen__1713_-f577f7f3/0006_DSC_0454/r2l12,727,False,ok,0.1429,ok,0.1429,0.0
Svea_Hovraett_etc_export_job_4502443_858057_Svea_Hovraett_OCo_Advokatfiskalen_Jaemtlands_laen__1713_-f577f7f3/0006_DSC_0454/r2l13,721,False,ok,0.1176,ok,0.1176,0.0
Svea_Hovraett_etc_export_job_4502443_858057_Svea_Hovraett_OCo_Advokatfiskalen_Jaemtlands_laen__1713_-f577f7f3/0006_DSC_0454/r2l14,729,False,ok,0.1923,ok,0.1923,0.0
Svea_Hovraett_etc_export_job_4502443_858057_Svea_Hovraett_OCo_Advokatfiskalen_Jaemtlands_laen__1713_-f577f7f3/0006_DSC_0454/r2l15,740,False,ok,0.1321,ok,0.1321,0.0
Svea_Hovraett_etc_export_job_4502443_858057_Svea_Hovraett_OCo_Advokatfiskalen_Jaemtlands_laen__1713_-f577f7f3/0006_DSC_0454/r2l16,739,False,ok,0.0588,ok,0.0588,0.0
Svea_Hovraett_etc_export_job_4502443_858057_Svea_Hovraett_OCo_Advokatfiskalen_Jaemtlands_laen__1713_-f577f7f3/0006_DSC_0454/r2l17,745,False,ok,0.2692,ok,0.2692,0.0
Svea_Hovraett_etc_export_job_4502443_858057_Svea_Hovraett_OCo_Advokatfiskalen_Jaemtlands_laen__1713_-f577f7f3/0006_DSC_0454/r2l18,755,False,ok,0.0408,ok,0.0408,0.0
Svea_Hovraett_etc_export_job_4502443_858057_Svea_Hovraett_OCo_Advokatfiskalen_Jaemtlands_laen__1713_-f577f7f3/0006_DSC_0454/r2l19,754,False,ok,0.1961,ok,0.1961,0.0
Svea_Hovraett_etc_export_job_4502443_858057_Svea_Hovraett_OCo_Advokatfiskalen_Jaemtlands_laen__1713_-f577f7f3/0006_DSC_0454/r2l20,763,False,ok,0.1132,ok,0.1132,0.0
Svea_Hovraett_etc_export_job_4502443_858057_Svea_Hovraett_OCo_Advokatfiskalen_Jaemtlands_laen__1713_-f577f7f3/0006_DSC_0454/r2l21,748,False,ok,0.06,ok,0.06,0.0
Svea_Hovraett_etc_export_job_4502443_858057_Svea_Hovraett_OCo_Advokatfiskalen_Jaemtlands_laen__1713_-f577f7f3/0006_DSC_0454/r2l22,692,False,ok,0.1739,ok,0.1739,0.0
Svea_Hovraett_etc_export_job_4502443_858057_Svea_Hovraett_OCo_Advokatfiskalen_Jaemtlands_laen__1713_-f577f7f3/0006_DSC_0454/r2l23,44,True,ok,1.0,empty,1.0,0.0
Svea_Hovraett_etc_export_job_4502443_858057_Svea_Hovraett_OCo_Advokatfiskalen_Jaemtlands_laen__1713_-f577f7f3/0006_DSC_0454/r2l24,750,False,ok,0.2766,ok,0.2766,0.0
Svea_Hovraett_etc_export_job_4502443_858057_Svea_Hovraett_OCo_Advokatfiskalen_Jaemtlands_laen__1713_-f577f7f3/0006_DSC_0454/r2l25,770,False,ok,0.102,ok,0.102,0.0
Svea_Hovraett_etc_export_job_4502443_858057_Svea_Hovraett_OCo_Advokatfiskalen_Jaemtlands_laen__1713_-f577f7f3/0006_DSC_0454/r2l27,782,False,ok,0.3913,ok,0.3913,0.0
Svea_Hovraett_etc_export_job_4502443_858057_Svea_Hovraett_OCo_Advokatfiskalen_Jaemtlands_laen__1713_-f577f7f3/0006_DSC_0454/r2l28,790,False,ok,0.2619,ok,0.2619,0.0
Svea_Hovraett_etc_export_job_4502443_858057_Svea_Hovraett_OCo_Advokatfiskalen_Jaemtlands_laen__1713_-f577f7f3/0006_DSC_0454/r2l29,101,True,empty,1.0,empty,1.0,0.0
Svea_Hovraett_etc_export_job_4502443_858057_Svea_Hovraett_OCo_Advokatfiskalen_Jaemtlands_laen__1713_-f577f7f3/0007_DSC_0455/r1l1,667,False,ok,0.7193,ok,0.7193,0.0
Svea_Hovraett_etc_export_job_4502443_858057_Svea_Hovraett_OCo_Advokatfiskalen_Jaemtlands_laen__1713_-f577f7f3/0007_DSC_0455/r1l2,663,False,ok,0.5965,ok,0.5965,0.0
Svea_Hovraett_etc_export_job_4502443_858057_Svea_Hovraett_OCo_Advokatfiskalen_Jaemtlands_laen__1713_-f577f7f3/0007_DSC_0455/r1l3,665,False,ok,0.5472,ok,0.5472,0.0
Svea_Hovraett_etc_export_job_4502443_858057_Svea_Hovraett_OCo_Advokatfiskalen_Jaemtlands_laen__1713_-f577f7f3/0007_DSC_0455/r1l4,665,False,ok,0.4792,ok,0.4792,0.0
Svea_Hovraett_etc_export_job_4502443_858057_Svea_Hovraett_OCo_Advokatfiskalen_Jaemtlands_laen__1713_-f577f7f3/0007_DSC_0455/r1l6,680,False,ok,0.4,ok,0.4,0.0
Svea_Hovraett_etc_export_job_4502443_858057_Svea_Hovraett_OCo_Advokatfiskalen_Jaemtlands_laen__1713_-f577f7f3/0007_DSC_0455/r1l7,668,False,ok,0.3958,ok,0.3958,0.0
Svea_Hovraett_etc_export_job_4502443_858057_Svea_Hovraett_OCo_Advokatfiskalen_Jaemtlands_laen__1713_-f577f7f3/0007_DSC_0455/r1l8,679,False,ok,0.5094,ok,0.5094,0.0
Svea_Hovraett_etc_export_job_4502443_858057_Svea_Hovraett_OCo_Advokatfiskalen_Jaemtlands_laen__1713_-f577f7f3/0007_DSC_0455/r1l9,680,False,ok,0.36,ok,0.36,0.0
Svea_Hovraett_etc_export_job_4502443_858057_Svea_Hovraett_OCo_Advokatfiskalen_Jaemtlands_laen__1713_-f577f7f3/0007_DSC_0455/r1l11,296,False,ok,0.1304,ok,0.1304,0.0
Svea_Hovraett_etc_export_job_4502443_858057_Svea_Hovraett_OCo_Advokatfiskalen_Jaemtlands_laen__1713_-f577f7f3/0007_DSC_0455/r1l13,664,False,ok,0.2667,ok,0.2667,0.0
Svea_Hovraett_etc_export_job_4502443_858057_Svea_Hovraett_OCo_Advokatfiskalen_Jaemtlands_laen__1713_-f577f7f3/0007_DSC_0455/r1l14,682,False,ok,0.1509,ok,0.1509,0.0
Svea_Hovraett_etc_export_job_4502443_858057_Svea_Hovraett_OCo_Advokatfiskalen_Jaemtlands_laen__1713_-f577f7f3/0007_DSC_0455/r1l15,700,False,ok,0.098,ok,0.098,0.0
Svea_Hovraett_etc_export_job_4502443_858057_Svea_Hovraett_OCo_Advokatfiskalen_Jaemtlands_laen__1713_-f577f7f3/0007_DSC_0455/r1l16,697,False,ok,0.0943,ok,0.0943,0.0
Svea_Hovraett_etc_export_job_4502443_858057_Svea_Hovraett_OCo_Advokatfiskalen_Jaemtlands_laen__1713_-f577f7f3/0007_DSC_0455/line_1638974568995_856,698,False,ok,0.18,ok,0.18,0.0
Svea_Hovraett_etc_export_job_4502443_858057_Svea_Hovraett_OCo_Advokatfiskalen_Jaemtlands_laen__1713_-f577f7f3/0007_DSC_0455/r1l19,699,False,ok,0.0833,ok,0.0833,0.0
Svea_Hovraett_etc_export_job_4502443_858057_Svea_Hovraett_OCo_Advokatfiskalen_Jaemtlands_laen__1713_-f577f7f3/0007_DSC_0455/r1l21,99,True,ok,0.6667,ok,0.6667,0.0
Svea_Hovraett_etc_export_job_4502443_858057_Svea_Hovraett_OCo_Advokatfiskalen_Jaemtlands_laen__1713_-f577f7f3/0007_DSC_0455/r1l22,59,True,ok,0.6667,empty,1.0,0.3333
Svea_Hovraett_etc_export_job_4502443_858057_Svea_Hovraett_OCo_Advokatfiskalen_Jaemtlands_laen__1713_-f577f7f3/0007_DSC_0455/r1l24,700,False,ok,0.2653,ok,0.2653,0.0
Svea_Hovraett_etc_export_job_4502443_858057_Svea_Hovraett_OCo_Advokatfiskalen_Jaemtlands_laen__1713_-f577f7f3/0007_DSC_0455/r1l25,695,False,ok,0.2115,ok,0.2115,0.0
Svea_Hovraett_etc_export_job_4502443_858057_Svea_Hovraett_OCo_Advokatfiskalen_Jaemtlands_laen__1713_-f577f7f3/0007_DSC_0455/r1l26,660,False,ok,0.3409,ok,0.3409,0.0
Svea_Hovraett_etc_export_job_4502443_858057_Svea_Hovraett_OCo_Advokatfiskalen_Jaemtlands_laen__1713_-f577f7f3/0007_DSC_0455/r1l27,693,False,ok,0.56,ok,0.56,0.0
Svea_Hovraett_etc_export_job_4502443_858057_Svea_Hovraett_OCo_Advokatfiskalen_Jaemtlands_laen__1713_-f577f7f3/0007_DSC_0455/r1l29,703,False,ok,0.66,ok,0.66,0.0
Svea_Hovraett_etc_export_job_4502443_858057_Svea_Hovraett_OCo_Advokatfiskalen_Jaemtlands_laen__1713_-f577f7f3/0007_DSC_0455/r1l30,712,False,ok,0.3265,ok,0.3265,0.0
Svea_Hovraett_etc_export_job_4502443_858057_Svea_Hovraett_OCo_Advokatfiskalen_Jaemtlands_laen__1713_-f577f7f3/0007_DSC_0455/r1l31,710,False,ok,0.6667,ok,0.6667,0.0
Svea_Hovraett_etc_export_job_4502443_858057_Svea_Hovraett_OCo_Advokatfiskalen_Jaemtlands_laen__1713_-f577f7f3/0007_DSC_0455/r1l32,120,True,ok,0.3333,ok,0.3333,0.0
Svea_Hovraett_etc_export_job_4502443_858057_Svea_Hovraett_OCo_Advokatfiskalen_Jaemtlands_laen__1713_-f577f7f3/0007_DSC_0455/r2l1,680,False,ok,0.4082,ok,0.4082,0.0
Svea_Hovraett_etc_export_job_4502443_858057_Svea_Hovraett_OCo_Advokatfiskalen_Jaemtlands_laen__1713_-f577f7f3/0007_DSC_0455/r2l2,666,False,ok,0.56,ok,0.56,0.0
Svea_Hovraett_etc_export_job_4502443_858057_Svea_Hovraett_OCo_Advokatfiskalen_Jaemtlands_laen__1713_-f577f7f3/0007_DSC_0455/r2l3,660,False,ok,0.6038,ok,0.6038,0.0
Svea_Hovraett_etc_export_job_4502443_858057_Svea_Hovraett_OCo_Advokatfiskalen_Jaemtlands_laen__1713_-f577f7f3/0007_DSC_0455/r2l4,688,False,ok,0.3636,ok,0.3636,0.0
Svea_Hovraett_etc_export_job_4502443_858057_Svea_Hovraett_OCo_Advokatfiskalen_Jaemtlands_laen__1713_-f577f7f3/0007_DSC_0455/r2l5,683,False,ok,0.4118,ok,0.4118,0.0
Svea_Hovraett_etc_export_job_4502443_858057_Svea_Hovraett_OCo_Advokatfiskalen_Jaemtlands_laen__1713_-f577f7f3/0007_DSC_0455/r2l6,674,False,ok,0.1702,ok,0.1702,0.0
Svea_Hovraett_etc_export_job_4502443_858057_Svea_Hovraett_OCo_Advokatfiskalen_Jaemtlands_laen__1713_-f577f7f3/0007_DSC_0455/r2l7,685,False,ok,0.0943,ok,0.0943,0.0
Svea_Hovraett_etc_export_job_4502443_858057_Svea_Hovraett_OCo_Advokatfiskalen_Jaemtlands_laen__1713_-f577f7f3/0007_DSC_0455/r2l8,675,False,ok,0.0238,ok,0.0238,0.0
Svea_Hovraett_etc_export_job_4502443_858057_Svea_Hovraett_OCo_Advokatfiskalen_Jaemtlands_laen__1713_-f577f7f3/0007_DSC_0455/r2l9,678,False,ok,0.2353,ok,0.2353,0.0
Svea_Hovraett_etc_export_job_4502443_858057_Svea_Hovraett_OCo_Advokatfiskalen_Jaemtlands_laen__1713_-f577f7f3/0007_DSC_0455/r2l10,688,False,ok,0.283,ok,0.283,0.0
Svea_Hovraett_etc_export_job_4502443_858057_Svea_Hovraett_OCo_Advokatfiskalen_Jaemtlands_laen__1713_-f577f7f3/0007_DSC_0455/r2l11,687,False,ok,0.0426,ok,0.0426,0.0
Svea_Hovraett_etc_export_job_4502443_858057_Svea_Hovraett_OCo_Advokatfiskalen_Jaemtlands_laen__1713_-f577f7f3/0007_DSC_0455/r2l12,697,False,ok,0.1522,ok,0.1522,0.0
Svea_Hovraett_etc_export_job_4502443_858057_Svea_Hovraett_OCo_Advokatfiskalen_Jaemtlands_laen__1713_-f577f7f3/0007_DSC_0455/r2l13,714,False,ok,0.1961,ok,0.1961,0.0
Svea_Hovraett_etc_export_job_4502443_858057_Svea_Hovraett_OCo_Advokatfiskalen_Jaemtlands_laen__1713_-f577f7f3/0007_DSC_0455/r2l14,709,False,ok,0.1915,ok,0.1915,0.0
Svea_Hovraett_etc_export_job_4502443_858057_Svea_Hovraett_OCo_Advokatfiskalen_Jaemtlands_laen__1713_-f577f7f3/0007_DSC_0455/r2l15,708,False,ok,0.22,ok,0.22,0.0
Svea_Hovraett_etc_export_job_4502443_858057_Svea_Hovraett_OCo_Advokatfiskalen_Jaemtlands_laen__1713_-f577f7f3/0007_DSC_0455/r2l16,722,False,ok,0.0465,ok,0.0465,0.0
Svea_Hovraett_etc_export_job_4502443_858057_Svea_Hovraett_OCo_Advokatfiskalen_Jaemtlands_laen__1713_-f577f7f3/0007_DSC_0455/r2l17,725,False,ok,0.25,ok,0.25,0.0
Svea_Hovraett_etc_export_job_4502443_858057_Svea_Hovraett_OCo_Advokatfiskalen_Jaemtlands_laen__1713_-f577f7f3/0007_DSC_0455/r2l18,704,False,ok,0.2553,ok,0.2553,0.0
Svea_Hovraett_etc_export_job_4502443_858057_Svea_Hovraett_OCo_Advokatfiskalen_Jaemtlands_laen__1713_-f577f7f3/0007_DSC_0455/r2l19,742,False,ok,0.25,ok,0.25,0.0
Svea_Hovraett_etc_export_job_4502443_858057_Svea_Hovraett_OCo_Advokatfiskalen_Jaemtlands_laen__1713_-f577f7f3/0007_DSC_0455/r2l20,733,False,ok,0.0851,ok,0.0851,0.0
Svea_Hovraett_etc_export_job_4502443_858057_Svea_Hovraett_OCo_Advokatfiskalen_Jaemtlands_laen__1713_-f577f7f3/0007_DSC_0455/r2l21,731,False,ok,0.3256,ok,0.3256,0.0
Svea_Hovraett_etc_export_job_4502443_858057_Svea_Hovraett_OCo_Advokatfiskalen_Jaemtlands_laen__1713_-f577f7f3/0007_DSC_0455/r2l22,732,False,ok,0.26,ok,0.26,0.0
Svea_Hovraett_etc_export_job_4502443_858057_Svea_Hovraett_OCo_Advokatfiskalen_Jaemtlands_laen__1713_-f577f7f3/0007_DSC_0455/r2l23,739,False,ok,0.15,ok,0.15,0.0
Svea_Hovraett_etc_export_job_4502443_858057_Svea_Hovraett_OCo_Advokatfiskalen_Jaemtlands_laen__1713_-f577f7f3/0007_DSC_0455/r2l24,760,False,ok,0.1522,ok,0.1522,0.0
Svea_Hovraett_etc_export_job_4502443_858057_Svea_Hovraett_OCo_Advokatfiskalen_Jaemtlands_laen__1713_-f577f7f3/0007_DSC_0455/r2l25,763,False,ok,0.1667,ok,0.1667,0.0
Svea_Hovraett_etc_export_job_4502443_858057_Svea_Hovraett_OCo_Advokatfiskalen_Jaemtlands_laen__1713_-f577f7f3/0007_DSC_0455/r2l26,58,True,ok,0.5,empty,1.0,0.5
Svea_Hovraett_etc_export_job_4502443_858057_Svea_Hovraett_OCo_Advokatfiskalen_Jaemtlands_laen__1713_-f577f7f3/0008_DSC_0456/r1l2,640,False,ok,0.6735,ok,0.6735,0.0
Svea_Hovraett_etc_export_job_4502443_858057_Svea_Hovraett_OCo_Advokatfiskalen_Jaemtlands_laen__1713_-f577f7f3/0008_DSC_0456/r1l3,639,False,ok,0.9286,ok,0.9286,0.0
Svea_Hovraett_etc_export_job_4502443_858057_Svea_Hovraett_OCo_Advokatfiskalen_Jaemtlands_laen__1713_-f577f7f3/0008_DSC_0456/r1l4,629,False,ok,0.9792,ok,0.9792,0.0
Svea_Hovraett_etc_export_job_4502443_858057_Svea_Hovraett_OCo_Advokatfiskalen_Jaemtlands_laen__1713_-f577f7f3/0008_DSC_0456/r1l5,641,False,ok,0.8462,ok,0.8462,0.0
Svea_Hovraett_etc_export_job_4502443_858057_Svea_Hovraett_OCo_Advokatfiskalen_Jaemtlands_laen__1713_-f577f7f3/0008_DSC_0456/r1l6,620,False,ok,0.7818,ok,0.7818,0.0
Svea_Hovraett_etc_export_job_4502443_858057_Svea_Hovraett_OCo_Advokatfiskalen_Jaemtlands_laen__1713_-f577f7f3/0008_DSC_0456/r1l7,624,False,ok,0.9184,ok,0.9184,0.0
Svea_Hovraett_etc_export_job_4502443_858057_Svea_Hovraett_OCo_Advokatfiskalen_Jaemtlands_laen__1713_-f577f7f3/0008_DSC_0456/r1l8,661,False,ok,0.7963,ok,0.7963,0.0
Svea_Hovraett_etc_export_job_4502443_858057_Svea_Hovraett_OCo_Advokatfiskalen_Jaemtlands_laen__1713_-f577f7f3/0008_DSC_0456/r1l9,76,True,ok,1.0,empty,1.0,0.0
Svea_Hovraett_etc_export_job_4502443_858057_Svea_Hovraett_OCo_Advokatfiskalen_Jaemtlands_laen__1713_-f577f7f3/0008_DSC_0456/r1l11,640,False,ok,0.6481,ok,0.6481,0.0
Svea_Hovraett_etc_export_job_4502443_858057_Svea_Hovraett_OCo_Advokatfiskalen_Jaemtlands_laen__1713_-f577f7f3/0008_DSC_0456/r1l12,661,False,ok,0.8983,ok,0.8983,0.0
Svea_Hovraett_etc_export_job_4502443_858057_Svea_Hovraett_OCo_Advokatfiskalen_Jaemtlands_laen__1713_-f577f7f3/0008_DSC_0456/r1l13,649,False,ok,0.8393,ok,0.8393,0.0
Svea_Hovraett_etc_export_job_4502443_858057_Svea_Hovraett_OCo_Advokatfiskalen_Jaemtlands_laen__1713_-f577f7f3/0008_DSC_0456/r1l14,659,False,ok,0.7222,ok,0.7222,0.0
Svea_Hovraett_etc_export_job_4502443_858057_Svea_Hovraett_OCo_Advokatfiskalen_Jaemtlands_laen__1713_-f577f7f3/0008_DSC_0456/r1l15,674,False,ok,0.5849,ok,0.5849,0.0
Svea_Hovraett_etc_export_job_4502443_858057_Svea_Hovraett_OCo_Advokatfiskalen_Jaemtlands_laen__1713_-f577f7f3/0008_DSC_0456/r1l16,664,False,ok,0.7059,ok,0.7059,0.0
Svea_Hovraett_etc_export_job_4502443_858057_Svea_Hovraett_OCo_Advokatfiskalen_Jaemtlands_laen__1713_-f577f7f3/0008_DSC_0456/r1l17,674,False,ok,0.4894,ok,0.4894,0.0
Svea_Hovraett_etc_export_job_4502443_858057_Svea_Hovraett_OCo_Advokatfiskalen_Jaemtlands_laen__1713_-f577f7f3/0008_DSC_0456/r1l18,676,False,ok,0.2157,ok,0.2157,0.0
Svea_Hovraett_etc_export_job_4502443_858057_Svea_Hovraett_OCo_Advokatfiskalen_Jaemtlands_laen__1713_-f577f7f3/0008_DSC_0456/r1l19,700,False,ok,0.3265,ok,0.3265,0.0
Svea_Hovraett_etc_export_job_4502443_858057_Svea_Hovraett_OCo_Advokatfiskalen_Jaemtlands_laen__1713_-f577f7f3/0008_DSC_0456/r1l20,686,False,ok,0.2075,ok,0.2075,0.0
Svea_Hovraett_etc_export_job_4502443_858057_Svea_Hovraett_OCo_Advokatfiskalen_Jaemtlands_laen__1713_-f577f7f3/0008_DSC_0456/r1l21,687,False,ok,0.12,ok,0.12,0.0
Svea_Hovraett_etc_export_job_4502443_858057_Svea_Hovraett_OCo_Advokatfiskalen_Jaemtlands_laen__1713_-f577f7f3/0008_DSC_0456/r1l23,244,False,ok,0.25,ok,0.25,0.0
Svea_Hovraett_etc_export_job_4502443_858057_Svea_Hovraett_OCo_Advokatfiskalen_Jaemtlands_laen__1713_-f577f7f3/0008_DSC_0456/r1l24,25,True,empty,1.0,ok,1.0,0.0
Svea_Hovraett_etc_export_job_4502443_858057_Svea_Hovraett_OCo_Advokatfiskalen_Jaemtlands_laen__1713_-f577f7f3/0008_DSC_0456/r1l25,663,False,ok,0.2391,ok,0.2391,0.0
Svea_Hovraett_etc_export_job_4502443_858057_Svea_Hovraett_OCo_Advokatfiskalen_Jaemtlands_laen__1713_-f577f7f3/0008_DSC_0456/r1l26,662,False,ok,0.0682,ok,0.0682,0.0
Svea_Hovraett_etc_export_job_4502443_858057_Svea_Hovraett_OCo_Advokatfiskalen_Jaemtlands_laen__1713_-f577f7f3/0008_DSC_0456/r1l27,681,False,ok,0.3488,ok,0.3488,0.0
Svea_Hovraett_etc_export_job_4502443_858057_Svea_Hovraett_OCo_Advokatfiskalen_Jaemtlands_laen__1713_-f577f7f3/0008_DSC_0456/r1l28,690,False,ok,0.2222,ok,0.2222,0.0
Svea_Hovraett_etc_export_job_4502443_858057_Svea_Hovraett_OCo_Advokatfiskalen_Jaemtlands_laen__1713_-f577f7f3/0008_DSC_0456/r1l29,126,True,ok,0.1429,ok,0.1429,0.0
Svea_Hovraett_etc_export_job_4502443_858057_Svea_Hovraett_OCo_Advokatfiskalen_Jaemtlands_laen__1713_-f577f7f3/0008_DSC_0456/r2l1,661,False,ok,0.3,ok,0.3,0.0
Svea_Hovraett_etc_export_job_4502443_858057_Svea_Hovraett_OCo_Advokatfiskalen_Jaemtlands_laen__1713_-f577f7f3/0008_DSC_0456/r2l2,652,False,ok,0.2653,ok,0.2653,0.0
Svea_Hovraett_etc_export_job_4502443_858057_Svea_Hovraett_OCo_Advokatfiskalen_Jaemtlands_laen__1713_-f577f7f3/0008_DSC_0456/r2l3,676,False,ok,0.25,ok,0.25,0.0
Svea_Hovraett_etc_export_job_4502443_858057_Svea_Hovraett_OCo_Advokatfiskalen_Jaemtlands_laen__1713_-f577f7f3/0008_DSC_0456/r2l4,676,False,ok,0.2545,ok,0.2545,0.0
Svea_Hovraett_etc_export_job_4502443_858057_Svea_Hovraett_OCo_Advokatfiskalen_Jaemtlands_laen__1713_-f577f7f3/0008_DSC_0456/r2l5,700,False,ok,0.2963,ok,0.2963,0.0
Svea_Hovraett_etc_export_job_4502443_858057_Svea_Hovraett_OCo_Advokatfiskalen_Jaemtlands_laen__1713_-f577f7f3/0008_DSC_0456/r2l6,677,False,ok,0.4151,ok,0.4151,0.0
Svea_Hovraett_etc_export_job_4502443_858057_Svea_Hovraett_OCo_Advokatfiskalen_Jaemtlands_laen__1713_-f577f7f3/0008_DSC_0456/r2l7,681,False,ok,0.2979,ok,0.2979,0.0
Svea_Hovraett_etc_export_job_4502443_858057_Svea_Hovraett_OCo_Advokatfiskalen_Jaemtlands_laen__1713_-f577f7f3/0008_DSC_0456/r2l8,700,False,ok,0.24,ok,0.24,0.0
Svea_Hovraett_etc_export_job_4502443_858057_Svea_Hovraett_OCo_Advokatfiskalen_Jaemtlands_laen__1713_-f577f7f3/0008_DSC_0456/r2l9,691,False,ok,0.42,ok,0.42,0.0
Svea_Hovraett_etc_export_job_4502443_858057_Svea_Hovraett_OCo_Advokatfiskalen_Jaemtlands_laen__1713_-f577f7f3/0008_DSC_0456/r2l11,697,False,ok,0.26,ok,0.26,0.0
Svea_Hovraett_etc_export_job_4502443_858057_Svea_Hovraett_OCo_Advokatfiskalen_Jaemtlands_laen__1713_-f577f7f3/0008_DSC_0456/r2l12,705,False,ok,0.4,ok,0.4,0.0
Svea_Hovraett_etc_export_job_4502443_858057_Svea_Hovraett_OCo_Advokatfiskalen_Jaemtlands_laen__1713_-f577f7f3/0008_DSC_0456/r2l13,687,False,ok,0.2667,ok,0.2667,0.0
Svea_Hovraett_etc_export_job_4502443_858057_Svea_Hovraett_OCo_Advokatfiskalen_Jaemtlands_laen__1713_-f577f7f3/0008_DSC_0456/r2l15,728,False,ok,0.2245,ok,0.2245,0.0
Svea_Hovraett_etc_export_job_4502443_858057_Svea_Hovraett_OCo_Advokatfiskalen_Jaemtlands_laen__1713_-f577f7f3/0008_DSC_0456/r2l16,716,False,ok,0.3396,ok,0.3396,0.0
Svea_Hovraett_etc_export_job_4502443_858057_Svea_Hovraett_OCo_Advokatfiskalen_Jaemtlands_laen__1713_-f577f7f3/0008_DSC_0456/r2l17,714,False,ok,0.1111,ok,0.1111,0.0
Svea_Hovraett_etc_export_job_4502443_858057_Svea_Hovraett_OCo_Advokatfiskalen_Jaemtlands_laen__1713_-f577f7f3/0008_DSC_0456/r2l19,291,False,ok,0.25,ok,0.25,0.0
Svea_Hovraett_etc_export_job_4502443_858057_Svea_Hovraett_OCo_Advokatfiskalen_Jaemtlands_laen__1713_-f577f7f3/0008_DSC_0456/r2l20,43,True,empty,1.0,empty,1.0,0.0
Svea_Hovraett_etc_export_job_4502443_858057_Svea_Hovraett_OCo_Advokatfiskalen_Jaemtlands_laen__1713_-f577f7f3/0008_DSC_0456/r2l21,724,False,ok,0.3654,ok,0.3654,0.0
Svea_Hovraett_etc_export_job_4502443_858057_Svea_Hovraett_OCo_Advokatfiskalen_Jaemtlands_laen__1713_-f577f7f3/0008_DSC_0456/r2l22,714,False,ok,0.2273,ok,0.2273,0.0
Svea_Hovraett_etc_export_job_4502443_858057_Svea_Hovraett_OCo_Advokatfiskalen_Jaemtlands_laen__1713_-f577f7f3/0008_DSC_0456/r2l23,726,False,ok,0.2889,ok,0.2889,0.0
Svea_Hovraett_etc_export_job_4502443_858057_Svea_Hovraett_OCo_Advokatfiskalen_Jaemtlands_laen__1713_-f577f7f3/0008_DSC_0456/r2l24,743,False,ok,0.2083,ok,0.2083,0.0
Svea_Hovraett_etc_export_job_4502443_858057_Svea_Hovraett_OCo_Advokatfiskalen_Jaemtlands_laen__1713_-f577f7f3/0008_DSC_0456/r2l25,723,False,ok,0.234,ok,0.234,0.0
Svea_Hovraett_etc_export_job_4502443_858057_Svea_Hovraett_OCo_Advokatfiskalen_Jaemtlands_laen__1713_-f577f7f3/0008_DSC_0456/r2l26,707,False,ok,0.2449,ok,0.2449,0.0
Svea_Hovraett_etc_export_job_4502443_858057_Svea_Hovraett_OCo_Advokatfiskalen_Jaemtlands_laen__1713_-f577f7f3/0008_DSC_0456/r2l27,728,False,ok,0.3269,ok,0.3269,0.0
Svea_Hovraett_etc_export_job_4502443_858057_Svea_Hovraett_OCo_Advokatfiskalen_Jaemtlands_laen__1713_-f577f7f3/0008_DSC_0456/r2l29,743,False,ok,0.46,ok,0.46,0.0
Svea_Hovraett_etc_export_job_4502443_858057_Svea_Hovraett_OCo_Advokatfiskalen_Jaemtlands_laen__1713_-f577f7f3/0008_DSC_0456/r2l30,107,True,ok,0.8333,empty,1.0,0.1667
Svea_Hovraett_etc_export_job_4502444_855910_Svea_Hovraett_OCo_Advokatfiskalen_Jaemtlands_laen__1713_-b58e9491/0001_DSC_0433/r1l4,475,False,ok,0.3214,ok,0.3214,0.0
Svea_Hovraett_etc_export_job_4502444_855910_Svea_Hovraett_OCo_Advokatfiskalen_Jaemtlands_laen__1713_-b58e9491/0001_DSC_0433/r1l6,486,False,ok,0.4167,ok,0.4167,0.0
Svea_Hovraett_etc_export_job_4502444_855910_Svea_Hovraett_OCo_Advokatfiskalen_Jaemtlands_laen__1713_-b58e9491/0001_DSC_0433/r1l8,513,False,ok,0.2222,ok,0.2222,0.0
Svea_Hovraett_etc_export_job_4502444_855910_Svea_Hovraett_OCo_Advokatfiskalen_Jaemtlands_laen__1713_-b58e9491/0001_DSC_0433/r1l10,524,False,ok,0.3143,ok,0.3143,0.0
Svea_Hovraett_etc_export_job_4502444_855910_Svea_Hovraett_OCo_Advokatfiskalen_Jaemtlands_laen__1713_-b58e9491/0001_DSC_0433/r1l12,114,True,ok,1.0,empty,1.0,0.0
Svea_Hovraett_etc_export_job_4502444_855910_Svea_Hovraett_OCo_Advokatfiskalen_Jaemtlands_laen__1713_-b58e9491/0001_DSC_0433/r1l15,742,False,ok,0.3962,ok,0.3962,0.0
Svea_Hovraett_etc_export_job_4502444_855910_Svea_Hovraett_OCo_Advokatfiskalen_Jaemtlands_laen__1713_-b58e9491/0001_DSC_0433/line_1638883213128_979,715,False,ok,0.3725,ok,0.3725,0.0
Svea_Hovraett_etc_export_job_4502444_855910_Svea_Hovraett_OCo_Advokatfiskalen_Jaemtlands_laen__1713_-b58e9491/0001_DSC_0433/line_1638883217576_983,696,False,ok,0.5,ok,0.5,0.0
Svea_Hovraett_etc_export_job_4502444_855910_Svea_Hovraett_OCo_Advokatfiskalen_Jaemtlands_laen__1713_-b58e9491/0001_DSC_0433/line_1638883221224_987,743,False,ok,0.449,ok,0.449,0.0
Svea_Hovraett_etc_export_job_4502444_855910_Svea_Hovraett_OCo_Advokatfiskalen_Jaemtlands_laen__1713_-b58e9491/0001_DSC_0433/line_1638883231297_994,757,False,ok,0.5217,ok,0.5217,0.0
Svea_Hovraett_etc_export_job_4502444_855910_Svea_Hovraett_OCo_Advokatfiskalen_Jaemtlands_laen__1713_-b58e9491/0001_DSC_0433/r1l30,389,False,ok,0.2917,ok,0.2917,0.0
Svea_Hovraett_etc_export_job_4502444_855910_Svea_Hovraett_OCo_Advokatfiskalen_Jaemtlands_laen__1713_-b58e9491/0001_DSC_0433/r1l32,52,True,ok,1.0,empty,1.0,0.0
Svea_Hovraett_etc_export_job_4502444_855910_Svea_Hovraett_OCo_Advokatfiskalen_Jaemtlands_laen__1713_-b58e9491/0001_DSC_0433/r1l34,772,False,ok,0.4,ok,0.4,0.0
Svea_Hovraett_etc_export_job_4502444_855910_Svea_Hovraett_OCo_Advokatfiskalen_Jaemtlands_laen__1713_-b58e9491/0001_DSC_0433/r1l36,803,False,ok,0.1538,ok,0.1538,0.0
Svea_Hovraett_etc_export_job_4502444_855910_Svea_Hovraett_OCo_Advokatfiskalen_Jaemtlands_laen__1713_-b58e9491/0001_DSC_0433/r1l38,809,False,ok,0.0577,ok,0.0577,0.0
Svea_Hovraett_etc_export_job_4502444_855910_Svea_Hovraett_OCo_Advokatfiskalen_Jaemtlands_laen__1713_-b58e9491/0001_DSC_0433/r1l40,821,False,ok,0.1042,ok,0.1042,0.0
Svea_Hovraett_etc_export_job_4502444_855910_Svea_Hovraett_OCo_Advokatfiskalen_Jaemtlands_laen__1713_-b58e9491/0001_DSC_0433/r1l42,443,False,ok,0.4,ok,0.4,0.0
Svea_Hovraett_etc_export_job_4502444_855910_Svea_Hovraett_OCo_Advokatfiskalen_Jaemtlands_laen__1713_-b58e9491/0001_DSC_0433/r1l46,47,True,empty,1.0,empty,1.0,0.0
Svea_Hovraett_etc_export_job_4502444_855910_Svea_Hovraett_OCo_Advokatfiskalen_Jaemtlands_laen__1713_-b58e9491/0001_DSC_0433/r1l48,819,False,ok,0.1556,ok,0.1556,0.0
Svea_Hovraett_etc_export_job_4502444_855910_Svea_Hovraett_OCo_Advokatfiskalen_Jaemtlands_laen__1713_-b58e9491/0001_DSC_0433/r1l51,853,False,ok,0.102,ok,0.102,0.0
Svea_Hovraett_etc_export_job_4502444_855910_Svea_Hovraett_OCo_Advokatfiskalen_Jaemtlands_laen__1713_-b58e9491/0001_DSC_0433/r1l53,845,False,ok,0.35,ok,0.35,0.0
Svea_Hovraett_etc_export_job_4502444_855910_Svea_Hovraett_OCo_Advokatfiskalen_Jaemtlands_laen__1713_-b58e9491/0001_DSC_0433/r1l55,856,False,ok,0.04,ok,0.04,0.0
Svea_Hovraett_etc_export_job_4502444_855910_Svea_Hovraett_OCo_Advokatfiskalen_Jaemtlands_laen__1713_-b58e9491/0001_DSC_0433/line_1638883138197_939,880,False,ok,0.0612,ok,0.0612,0.0
Svea_Hovraett_etc_export_job_4502444_855910_Svea_Hovraett_OCo_Advokatfiskalen_Jaemtlands_laen__1713_-b58e9491/0001_DSC_0433/line_1638883138200_941,892,False,ok,0.4074,ok,0.4074,0.0
Svea_Hovraett_etc_export_job_4502444_855910_Svea_Hovraett_OCo_Advokatfiskalen_Jaemtlands_laen__1713_-b58e9491/0001_DSC_0433/r1l61,879,False,ok,0.2115,ok,0.2115,0.0
Svea_Hovraett_etc_export_job_4502444_855910_Svea_Hovraett_OCo_Advokatfiskalen_Jaemtlands_laen__1713_-b58e9491/0001_DSC_0433/r1l63,895,False,ok,0.3571,ok,0.3571,0.0
Svea_Hovraett_etc_export_job_4502444_855910_Svea_Hovraett_OCo_Advokatfiskalen_Jaemtlands_laen__1713_-b58e9491/0001_DSC_0433/r1l64,82,True,empty,1.0,empty,1.0,0.0
Svea_Hovraett_etc_export_job_4502444_855910_Svea_Hovraett_OCo_Advokatfiskalen_Jaemtlands_laen__1713_-b58e9491/0002_DSC_0435/r1l2,697,False,ok,0.3137,ok,0.3137,0.0
Svea_Hovraett_etc_export_job_4502444_855910_Svea_Hovraett_OCo_Advokatfiskalen_Jaemtlands_laen__1713_-b58e9491/0002_DSC_0435/r1l3,712,False,ok,0.2667,ok,0.2667,0.0
Svea_Hovraett_etc_export_job_4502444_855910_Svea_Hovraett_OCo_Advokatfiskalen_Jaemtlands_laen__1713_-b58e9491/0002_DSC_0435/r1l4,695,False,ok,0.2593,ok,0.2593,0.0
Svea_Hovraett_etc_export_job_4502444_855910_Svea_Hovraett_OCo_Advokatfiskalen_Jaemtlands_laen__1713_-b58e9491/0002_DSC_0435/r1l5,712,False,ok,0.1923,ok,0.1923,0.0
Svea_Hovraett_etc_export_job_4502444_855910_Svea_Hovraett_OCo_Advokatfiskalen_Jaemtlands_laen__1713_-b58e9491/0002_DSC_0435/r1l6,695,False,ok,0.1702,ok,0.1702,0.0
Svea_Hovraett_etc_export_job_4502444_855910_Svea_Hovraett_OCo_Advokatfiskalen_Jaemtlands_laen__1713_-b58e9491/0002_DSC_0435/r1l7,706,False,ok,0.1429,ok,0.1429,0.0
Svea_Hovraett_etc_export_job_4502444_855910_Svea_Hovraett_OCo_Advokatfiskalen_Jaemtlands_laen__1713_-b58e9491/0002_DSC_0435/r1l8,702,False,ok,0.1837,ok,0.1837,0.0
Svea_Hovraett_etc_export_job_4502444_855910_Svea_Hovraett_OCo_Advokatfiskalen_Jaemtlands_laen__1713_-b58e9491/0002_DSC_0435/r1l9,710,False,ok,0.463,ok,0.463,0.0
Svea_Hovraett_etc_export_job_4502444_855910_Svea_Hovraett_OCo_Advokatfiskalen_Jaemtlands_laen__1713_-b58e9491/0002_DSC_0435/r1l10,725,False,ok,0.12,ok,0.12,0.0
Svea_Hovraett_etc_export_job_4502444_855910_Svea_Hovraett_OCo_Advokatfiskalen_Jaemtlands_laen__1713_-b58e9491/0002_DSC_0435/r1l11,715,False,ok,0.1698,ok,0.1698,0.0
Svea_Hovraett_etc_export_job_4502444_855910_Svea_Hovraett_OCo_Advokatfiskalen_Jaemtlands_laen__1713_-b58e9491/0002_DSC_0435/r1l12,718,False,ok,0.1,ok,0.1,0.0
Svea_Hovraett_etc_export_job_4502444_855910_Svea_Hovraett_OCo_Advokatfiskalen_Jaemtlands_laen__1713_-b58e9491/0002_DSC_0435/r1l13,732,False,ok,0.1455,ok,0.1455,0.0
Svea_Hovraett_etc_export_job_4502444_855910_Svea_Hovraett_OCo_Advokatfiskalen_Jaemtlands_laen__1713_-b58e9491/0002_DSC_0435/r1l14,728,False,ok,0.1373,ok,0.1373,0.0
Svea_Hovraett_etc_export_job_4502444_855910_Svea_Hovraett_OCo_Advokatfiskalen_Jaemtlands_laen__1713_-b58e9491/0002_DSC_0435/r1l15,739,False,ok,0.1176,ok,0.1176,0.0
Svea_Hovraett_etc_export_job_4502444_855910_Svea_Hovraett_OCo_Advokatfiskalen_Jaemtlands_laen__1713_-b58e9491/0002_DSC_0435/r1l17,735,False,ok,0.1509,ok,0.1509,0.0
Svea_Hovraett_etc_export_job_4502444_855910_Svea_Hovraett_OCo_Advokatfiskalen_Jaemtlands_laen__1713_-b58e9491/0002_DSC_0435/r1l18,740,False,ok,0.1818,ok,0.1818,0.0
Svea_Hovraett_etc_export_job_4502444_855910_Svea_Hovraett_OCo_Advokatfiskalen_Jaemtlands_laen__1713_-b58e9491/0002_DSC_0435/r1l19,739,False,ok,0.1765,ok,0.1765,0.0
Svea_Hovraett_etc_export_job_4502444_855910_Svea_Hovraett_OCo_Advokatfiskalen_Jaemtlands_laen__1713_-b58e9491/0002_DSC_0435/r1l20,735,False,ok,0.2917,ok,0.2917,0.0
Svea_Hovraett_etc_export_job_4502444_855910_Svea_Hovraett_OCo_Advokatfiskalen_Jaemtlands_laen__1713_-b58e9491/0002_DSC_0435/r1l21,737,False,ok,0.1778,ok,0.1778,0.0
Svea_Hovraett_etc_export_job_4502444_855910_Svea_Hovraett_OCo_Advokatfiskalen_Jaemtlands_laen__1713_-b58e9491/0002_DSC_0435/r1l22,740,False,ok,0.1064,ok,0.1064,0.0
Svea_Hovraett_etc_export_job_4502444_855910_Svea_Hovraett_OCo_Advokatfiskalen_Jaemtlands_laen__1713_-b58e9491/0002_DSC_0435/r1l23,751,False,ok,0.2857,ok,0.2857,0.0
Svea_Hovraett_etc_export_job_4502444_855910_Svea_Hovraett_OCo_Advokatfiskalen_Jaemtlands_laen__1713_-b58e9491/0002_DSC_0435/r1l24,746,False,ok,0.2381,ok,0.2381,0.0
Svea_Hovraett_etc_export_job_4502444_855910_Svea_Hovraett_OCo_Advokatfiskalen_Jaemtlands_laen__1713_-b58e9491/0002_DSC_0435/r1l26,759,False,ok,0.1739,ok,0.1739,0.0
Svea_Hovraett_etc_export_job_4502444_855910_Svea_Hovraett_OCo_Advokatfiskalen_Jaemtlands_laen__1713_-b58e9491/0002_DSC_0435/r1l27,752,False,ok,0.1333,ok,0.1333,0.0
Svea_Hovraett_etc_export_job_4502444_855910_Svea_Hovraett_OCo_Advokatfiskalen_Jaemtlands_laen__1713_-b58e9491/0002_DSC_0435/r1l28,755,False,ok,0.2653,ok,0.2653,0.0
Svea_Hovraett_etc_export_job_4502444_855910_Svea_Hovraett_OCo_Advokatfiskalen_Jaemtlands_laen__1713_-b58e9491/0002_DSC_0435/r1l30,742,False,ok,0.3269,ok,0.3269,0.0
Svea_Hovraett_etc_export_job_4502444_855910_Svea_Hovraett_OCo_Advokatfiskalen_Jaemtlands_laen__1713_-b58e9491/0002_DSC_0435/r1l31,90,True,ok,0.75,empty,1.0,0.25
Svea_Hovraett_etc_export_job_4502444_855910_Svea_Hovraett_OCo_Advokatfiskalen_Jaemtlands_laen__1713_-b58e9491/0002_DSC_0435/r2l1,632,False,ok,0.2941,ok,0.2941,0.0
Svea_Hovraett_etc_export_job_4502444_855910_Svea_Hovraett_OCo_Advokatfiskalen_Jaemtlands_laen__1713_-b58e9491/0002_DSC_0435/r2l2,670,False,ok,0.4,ok,0.4,0.0
Svea_Hovraett_etc_export_job_4502444_855910_Svea_Hovraett_OCo_Advokatfiskalen_Jaemtlands_laen__1713_-b58e9491/0002_DSC_0435/r2l3,666,False,ok,0.5636,ok,0.5636,0.0
Svea_Hovraett_etc_export_job_4502444_855910_Svea_Hovraett_OCo_Advokatfiskalen_Jaemtlands_laen__1713_-b58e9491/0002_DSC_0435/r2l4,676,False,ok,0.32,ok,0.32,0.0
Svea_Hovraett_etc_export_job_4502444_855910_Svea_Hovraett_OCo_Advokatfiskalen_Jaemtlands_laen__1713_-b58e9491/0002_DSC_0435/r2l5,704,False,ok,0.3273,ok,0.3273,0.0
Svea_Hovraett_etc_export_job_4502444_855910_Svea_Hovraett_OCo_Advokatfiskalen_Jaemtlands_laen__1713_-b58e9491/0002_DSC_0435/r2l6,706,False,ok,0.3148,ok,0.3148,0.0
Svea_Hovraett_etc_export_job_4502444_855910_Svea_Hovraett_OCo_Advokatfiskalen_Jaemtlands_laen__1713_-b58e9491/0002_DSC_0435/r2l7,691,False,ok,0.22,ok,0.22,0.0
Svea_Hovraett_etc_export_job_4502444_855910_Svea_Hovraett_OCo_Advokatfiskalen_Jaemtlands_laen__1713_-b58e9491/0002_DSC_0435/r2l8,695,False,ok,0.16,ok,0.16,0.0
Svea_Hovraett_etc_export_job_4502444_855910_Svea_Hovraett_OCo_Advokatfiskalen_Jaemtlands_laen__1713_-b58e9491/0002_DSC_0435/r2l9,704,False,ok,0.2609,ok,0.2609,0.0
Svea_Hovraett_etc_export_job_4502444_855910_Svea_Hovraett_OCo_Advokatfiskalen_Jaemtlands_laen__1713_-b58e9491/0002_DSC_0435/r2l10,699,False,ok,0.2545,ok,0.2545,0.0
Svea_Hovraett_etc_export_job_4502444_855910_Svea_Hovraett_OCo_Advokatfiskalen_Jaemtlands_laen__1713_-b58e9491/0002_DSC_0435/r2l12,714,False,ok,0.3077,ok,0.3077,0.0
Svea_Hovraett_etc_export_job_4502444_855910_Svea_Hovraett_OCo_Advokatfiskalen_Jaemtlands_laen__1713_-b58e9491/0002_DSC_0435/r2l13,712,False,ok,0.14,ok,0.14,0.0
Svea_Hovraett_etc_export_job_4502444_855910_Svea_Hovraett_OCo_Advokatfiskalen_Jaemtlands_laen__1713_-b58e9491/0002_DSC_0435/r2l14,721,False,ok,0.3922,ok,0.3922,0.0
Svea_Hovraett_etc_export_job_4502444_855910_Svea_Hovraett_OCo_Advokatfiskalen_Jaemtlands_laen__1713_-b58e9491/0002_DSC_0435/r2l15,714,False,ok,0.5741,ok,0.5741,0.0
Svea_Hovraett_etc_export_job_4502444_855910_Svea_Hovraett_OCo_Advokatfiskalen_Jaemtlands_laen__1713_-b58e9491/0002_DSC_0435/r2l16,702,False,ok,0.3529,ok,0.3529,0.0
Svea_Hovraett_etc_export_job_4502444_855910_Svea_Hovraett_OCo_Advokatfiskalen_Jaemtlands_laen__1713_-b58e9491/0002_DSC_0435/r2l17,730,False,ok,0.1296,ok,0.1296,0.0
Svea_Hovraett_etc_export_job_4502444_855910_Svea_Hovraett_OCo_Advokatfiskalen_Jaemtlands_laen__1713_-b58e9491/0002_DSC_0435/r2l18,729,False,ok,0.1091,ok,0.1091,0.0
Svea_Hovraett_etc_export_job_4502444_855910_Svea_Hovraett_OCo_Advokatfiskalen_Jaemtlands_laen__1713_-b58e9491/0002_DSC_0435/r2l19,567,False,ok,0.2162,ok,0.2162,0.0
Svea_Hovraett_etc_export_job_4502444_855910_Svea_Hovraett_OCo_Advokatfiskalen_Jaemtlands_laen__1713_-b58e9491/0002_DSC_0435/r2l20,41,True,empty,1.0,empty,1.0,0.0
Svea_Hovraett_etc_export_job_4502444_855910_Svea_Hovraett_OCo_Advokatfiskalen_Jaemtlands_laen__1713_-b58e9491/0002_DSC_0435/line_1638883594192_1146,836,False,ok,0.3968,ok,0.3968,0.0
Svea_Hovraett_etc_export_job_4502444_855910_Svea_Hovraett_OCo_Advokatfiskalen_Jaemtlands_laen__1713_-b58e9491/0002_DSC_0435/r2l22,755,False,ok,0.26,ok,0.26,0.0
Svea_Hovraett_etc_export_job_4502444_855910_Svea_Hovraett_OCo_Advokatfiskalen_Jaemtlands_laen__1713_-b58e9491/0002_DSC_0435/r2l23,752,False,ok,0.2041,ok,0.2041,0.0
Svea_Hovraett_etc_export_job_4502444_855910_Svea_Hovraett_OCo_Advokatfiskalen_Jaemtlands_laen__1713_-b58e9491/0002_DSC_0435/r2l24,755,False,ok,0.1837,ok,0.1837,0.0
Svea_Hovraett_etc_export_job_4502444_855910_Svea_Hovraett_OCo_Advokatfiskalen_Jaemtlands_laen__1713_-b58e9491/0002_DSC_0435/r2l25,771,False,ok,0.1633,ok,0.1633,0.0
Svea_Hovraett_etc_export_job_4502444_855910_Svea_Hovraett_OCo_Advokatfiskalen_Jaemtlands_laen__1713_-b58e9491/0002_DSC_0435/r2l26,743,False,ok,0.2553,ok,0.2553,0.0
Svea_Hovraett_etc_export_job_4502444_855910_Svea_Hovraett_OCo_Advokatfiskalen_Jaemtlands_laen__1713_-b58e9491/0002_DSC_0435/r2l27,746,False,ok,0.2653,ok,0.2653,0.0
Svea_Hovraett_etc_export_job_4502444_855910_Svea_Hovraett_OCo_Advokatfiskalen_Jaemtlands_laen__1713_-b58e9491/0003_DSC_0436/r1l3,682,False,ok,0.2453,ok,0.2453,0.0
Svea_Hovraett_etc_export_job_4502444_855910_Svea_Hovraett_OCo_Advokatfiskalen_Jaemtlands_laen__1713_-b58e9491/0003_DSC_0436/r1l5,682,False,ok,0.2632,ok,0.2632,0.0
Svea_Hovraett_etc_export_job_4502444_855910_Svea_Hovraett_OCo_Advokatfiskalen_Jaemtlands_laen__1713_-b58e9491/0003_DSC_0436/r1l7,696,False,ok,0.1695,ok,0.1695,0.0
Svea_Hovraett_etc_export_job_4502444_855910_Svea_Hovraett_OCo_Advokatfiskalen_Jaemtlands_laen__1713_-b58e9491/0003_DSC_0436/r1l9,677,False,ok,0.26,ok,0.26,0.0
Svea_Hovraett_etc_export_job_4502444_855910_Svea_Hovraett_OCo_Advokatfiskalen_Jaemtlands_laen__1713_-b58e9491/0003_DSC_0436/r1l11,696,False,ok,0.3462,ok,0.3462,0.0
Svea_Hovraett_etc_export_job_4502444_855910_Svea_Hovraett_OCo_Advokatfiskalen_Jaemtlands_laen__1713_-b58e9491/0003_DSC_0436/r1l13,698,False,ok,0.1042,ok,0.1042,0.0
Svea_Hovraett_etc_export_job_4502444_855910_Svea_Hovraett_OCo_Advokatfiskalen_Jaemtlands_laen__1713_-b58e9491/0003_DSC_0436/r1l15,728,False,ok,0.34,ok,0.34,0.0
Svea_Hovraett_etc_export_job_4502444_855910_Svea_Hovraett_OCo_Advokatfiskalen_Jaemtlands_laen__1713_-b58e9491/0003_DSC_0436/r1l19,700,False,ok,0.2083,ok,0.2083,0.0
Svea_Hovraett_etc_export_job_4502444_855910_Svea_Hovraett_OCo_Advokatfiskalen_Jaemtlands_laen__1713_-b58e9491/0003_DSC_0436/r1l21,699,False,ok,0.1458,ok,0.1458,0.0
Svea_Hovraett_etc_export_job_4502444_855910_Svea_Hovraett_OCo_Advokatfiskalen_Jaemtlands_laen__1713_-b58e9491/0003_DSC_0436/r1l23,716,False,ok,0.3269,ok,0.3269,0.0
Svea_Hovraett_etc_export_job_4502444_855910_Svea_Hovraett_OCo_Advokatfiskalen_Jaemtlands_laen__1713_-b58e9491/0003_DSC_0436/r1l25,731,False,ok,0.2105,ok,0.2105,0.0
Svea_Hovraett_etc_export_job_4502444_855910_Svea_Hovraett_OCo_Advokatfiskalen_Jaemtlands_laen__1713_-b58e9491/0003_DSC_0436/r1l27,749,False,ok,0.1915,ok,0.1915,0.0
Svea_Hovraett_etc_export_job_4502444_855910_Svea_Hovraett_OCo_Advokatfiskalen_Jaemtlands_laen__1713_-b58e9491/0003_DSC_0436/r1l29,729,False,ok,0.0612,ok,0.0612,0.0
Svea_Hovraett_etc_export_job_4502444_855910_Svea_Hovraett_OCo_Advokatfiskalen_Jaemtlands_laen__1713_-b58e9491/0003_DSC_0436/r1l31,740,False,ok,0.2273,ok,0.2273,0.0
Svea_Hovraett_etc_export_job_4502444_855910_Svea_Hovraett_OCo_Advokatfiskalen_Jaemtlands_laen__1713_-b58e9491/0003_DSC_0436/line_1638883975765_1368,740,False,ok,0.25,ok,0.25,0.0
Svea_Hovraett_etc_export_job_4502444_855910_Svea_Hovraett_OCo_Advokatfiskalen_Jaemtlands_laen__1713_-b58e9491/0003_DSC_0436/line_1638883975766_1370,729,False,ok,0.2222,ok,0.2222,0.0
Svea_Hovraett_etc_export_job_4502444_855910_Svea_Hovraett_OCo_Advokatfiskalen_Jaemtlands_laen__1713_-b58e9491/0003_DSC_0436/line_1638884125542_1430,773,False,ok,0.2115,ok,0.2115,0.0
Svea_Hovraett_etc_export_job_4502444_855910_Svea_Hovraett_OCo_Advokatfiskalen_Jaemtlands_laen__1713_-b58e9491/0003_DSC_0436/line_1638883975768_1374,733,False,ok,0.1887,ok,0.1887,0.0
Svea_Hovraett_etc_export_job_4502444_855910_Svea_Hovraett_OCo_Advokatfiskalen_Jaemtlands_laen__1713_-b58e9491/0003_DSC_0436/r1l41,743,False,ok,0.1304,ok,0.1304,0.0
Svea_Hovraett_etc_export_job_4502444_855910_Svea_Hovraett_OCo_Advokatfiskalen_Jaemtlands_laen__1713_-b58e9491/0003_DSC_0436/line_1638884168542_1445,762,False,ok,0.1957,ok,0.1957,0.0
Svea_Hovraett_etc_export_job_4502444_855910_Svea_Hovraett_OCo_Advokatfiskalen_Jaemtlands_laen__1713_-b58e9491/0003_DSC_0436/r1l45,748,False,ok,0.2292,ok,0.2292,0.0
Svea_Hovraett_etc_export_job_4502444_855910_Svea_Hovraett_OCo_Advokatfiskalen_Jaemtlands_laen__1713_-b58e9491/0003_DSC_0436/line_1638883975771_1376,727,False,ok,0.2045,ok,0.2045,0.0
Svea_Hovraett_etc_export_job_4502444_855910_Svea_Hovraett_OCo_Advokatfiskalen_Jaemtlands_laen__1713_-b58e9491/0003_DSC_0436/r1l49,750,False,ok,0.2093,ok,0.2093,0.0
Svea_Hovraett_etc_export_job_4502444_855910_Svea_Hovraett_OCo_Advokatfiskalen_Jaemtlands_laen__1713_-b58e9491/0003_DSC_0436/line_1638883975773_1378,743,False,ok,0.2766,ok,0.2766,0.0
Svea_Hovraett_etc_export_job_4502444_855910_Svea_Hovraett_OCo_Advokatfiskalen_Jaemtlands_laen__1713_-b58e9491/0003_DSC_0436/line_1638883975774_1380,757,False,ok,0.1961,ok,0.1961,0.0
Svea_Hovraett_etc_export_job_4502444_855910_Svea_Hovraett_OCo_Advokatfiskalen_Jaemtlands_laen__1713_-b58e9491/0003_DSC_0436/line_1638883975775_1382,757,False,ok,0.3333,ok,0.3333,0.0
Svea_Hovraett_etc_export_job_4502444_855910_Svea_Hovraett_OCo_Advokatfiskalen_Jaemtlands_laen__1713_-b58e9491/0003_DSC_0436/r1l55,156,True,ok,0.8889,ok,0.7778,-0.1111
Svea_Hovraett_etc_export_job_4502444_855910_Svea_Hovraett_OCo_Advokatfiskalen_Jaemtlands_laen__1713_-b58e9491/0003_DSC_0436/r1l2,640,False,ok,0.5179,ok,0.5179,0.0
Svea_Hovraett_etc_export_job_4502444_855910_Svea_Hovraett_OCo_Advokatfiskalen_Jaemtlands_laen__1713_-b58e9491/0003_DSC_0436/r1l4,666,False,ok,0.5102,ok,0.5102,0.0
Svea_Hovraett_etc_export_job_4502444_855910_Svea_Hovraett_OCo_Advokatfiskalen_Jaemtlands_laen__1713_-b58e9491/0003_DSC_0436/r1l6,655,False,ok,0.3148,ok,0.3148,0.0
Svea_Hovraett_etc_export_job_4502444_855910_Svea_Hovraett_OCo_Advokatfiskalen_Jaemtlands_laen__1713_-b58e9491/0003_DSC_0436/line_1638883975760_1363,641,False,ok,0.2353,ok,0.2353,0.0
Svea_Hovraett_etc_export_job_4502444_855910_Svea_Hovraett_OCo_Advokatfiskalen_Jaemtlands_laen__1713_-b58e9491/0003_DSC_0436/r1l10,677,False,ok,0.3333,ok,0.3333,0.0
Svea_Hovraett_etc_export_job_4502444_855910_Svea_Hovraett_OCo_Advokatfiskalen_Jaemtlands_laen__1713_-b58e9491/0003_DSC_0436/r1l12,676,False,ok,0.3333,ok,0.3333,0.0
Svea_Hovraett_etc_export_job_4502444_855910_Svea_Hovraett_OCo_Advokatfiskalen_Jaemtlands_laen__1713_-b58e9491/0003_DSC_0436/r1l14,676,False,ok,0.3673,ok,0.3673,0.0
Svea_Hovraett_etc_export_job_4502444_855910_Svea_Hovraett_OCo_Advokatfiskalen_Jaemtlands_laen__1713_-b58e9491/0003_DSC_0436/line_1638883975762_1365,681,False,ok,0.3571,ok,0.3571,0.0
Svea_Hovraett_etc_export_job_4502444_855910_Svea_Hovraett_OCo_Advokatfiskalen_Jaemtlands_laen__1713_-b58e9491/0003_DSC_0436/r1l18,427,False,ok,0.475,ok,0.475,0.0
Svea_Hovraett_etc_export_job_4502444_855910_Svea_Hovraett_OCo_Advokatfiskalen_Jaemtlands_laen__1713_-b58e9491/0003_DSC_0436/r1l20,40,True,ok,0.5,empty,1.0,0.5
Svea_Hovraett_etc_export_job_4502444_855910_Svea_Hovraett_OCo_Advokatfiskalen_Jaemtlands_laen__1713_-b58e9491/0003_DSC_0436/r1l22,688,False,ok,0.2,ok,0.2,0.0
Svea_Hovraett_etc_export_job_4502444_855910_Svea_Hovraett_OCo_Advokatfiskalen_Jaemtlands_laen__1713_-b58e9491/0003_DSC_0436/r1l24,696,False,ok,0.3519,ok,0.3519,0.0
Svea_Hovraett_etc_export_job_4502444_855910_Svea_Hovraett_OCo_Advokatfiskalen_Jaemtlands_laen__1713_-b58e9491/0003_DSC_0436/r1l26,690,False,ok,0.3667,ok,0.3667,0.0
Svea_Hovraett_etc_export_job_4502444_855910_Svea_Hovraett_OCo_Advokatfiskalen_Jaemtlands_laen__1713_-b58e9491/0003_DSC_0436/r1l28,696,False,ok,0.5098,ok,0.5098,0.0
Svea_Hovraett_etc_export_job_4502444_855910_Svea_Hovraett_OCo_Advokatfiskalen_Jaemtlands_laen__1713_-b58e9491/0003_DSC_0436/r1l30,709,False,ok,0.4194,ok,0.4194,0.0
Svea_Hovraett_etc_export_job_4502444_855910_Svea_Hovraett_OCo_Advokatfiskalen_Jaemtlands_laen__1713_-b58e9491/0003_DSC_0436/r1l32,719,False,ok,0.5,ok,0.5,0.0
Svea_Hovraett_etc_export_job_4502444_855910_Svea_Hovraett_OCo_Advokatfiskalen_Jaemtlands_laen__1713_-b58e9491/0003_DSC_0436/r1l34,726,False,ok,0.5593,ok,0.5593,0.0
Svea_Hovraett_etc_export_job_4502444_855910_Svea_Hovraett_OCo_Advokatfiskalen_Jaemtlands_laen__1713_-b58e9491/0003_DSC_0436/r1l36,718,False,ok,0.7419,ok,0.7419,0.0
Svea_Hovraett_etc_export_job_4502444_855910_Svea_Hovraett_OCo_Advokatfiskalen_Jaemtlands_laen__1713_-b58e9491/0003_DSC_0436/r1l38,723,False,ok,0.6552,ok,0.6552,0.0
Svea_Hovraett_etc_export_job_4502444_855910_Svea_Hovraett_OCo_Advokatfiskalen_Jaemtlands_laen__1713_-b58e9491/0003_DSC_0436/r1l40,742,False,ok,0.6613,ok,0.6613,0.0
Svea_Hovraett_etc_export_job_4502444_855910_Svea_Hovraett_OCo_Advokatfiskalen_Jaemtlands_laen__1713_-b58e9491/0003_DSC_0436/r1l42,738,False,ok,0.5167,ok,0.5167,0.0
Svea_Hovraett_etc_export_job_4502444_855910_Svea_Hovraett_OCo_Advokatfiskalen_Jaemtlands_laen__1713_-b58e9491/0003_DSC_0436/r1l44,708,False,ok,0.5536,ok,0.5536,0.0
Svea_Hovraett_etc_export_job_4502444_855910_Svea_Hovraett_OCo_Advokatfiskalen_Jaemtlands_laen__1713_-b58e9491/0003_DSC_0436/r1l46,734,False,ok,0.7241,ok,0.7241,0.0
Svea_Hovraett_etc_export_job_4502444_855910_Svea_Hovraett_OCo_Advokatfiskalen_Jaemtlands_laen__1713_-b58e9491/0003_DSC_0436/r1l48,729,False,ok,0.7797,ok,0.7797,0.0
Svea_Hovraett_etc_export_job_4502444_855910_Svea_Hovraett_OCo_Advokatfiskalen_Jaemtlands_laen__1713_-b58e9491/0003_DSC_0436/r1l50,730,False,ok,0.4062,ok,0.4062,0.0
Svea_Hovraett_etc_export_job_4502444_855910_Svea_Hovraett_OCo_Advokatfiskalen_Jaemtlands_laen__1713_-b58e9491/0003_DSC_0436/line_1638883975774_1379,780,False,ok,0.5517,ok,0.5517,0.0
Svea_Hovraett_etc_export_job_4502444_855910_Svea_Hovraett_OCo_Advokatfiskalen_Jaemtlands_laen__1713_-b58e9491/0003_DSC_0436/r1l53,134,True,ok,0.75,empty,1.0,0.25
Svea_Hovraett_etc_export_job_4502444_855910_Svea_Hovraett_OCo_Advokatfiskalen_Jaemtlands_laen__1713_-b58e9491/0004_DSC_0437/r1l1,731,False,ok,0.5246,ok,0.5246,0.0
Svea_Hovraett_etc_export_job_4502444_855910_Svea_Hovraett_OCo_Advokatfiskalen_Jaemtlands_laen__1713_-b58e9491/0004_DSC_0437/r1l2,721,False,ok,0.5714,ok,0.5714,0.0
Svea_Hovraett_etc_export_job_4502444_855910_Svea_Hovraett_OCo_Advokatfiskalen_Jaemtlands_laen__1713_-b58e9491/0004_DSC_0437/r1l3,725,False,ok,0.2787,ok,0.2787,0.0
Svea_Hovraett_etc_export_job_4502444_855910_Svea_Hovraett_OCo_Advokatfiskalen_Jaemtlands_laen__1713_-b58e9491/0004_DSC_0437/r1l4,730,False,ok,0.1538,ok,0.1538,0.0
Svea_Hovraett_etc_export_job_4502444_855910_Svea_Hovraett_OCo_Advokatfiskalen_Jaemtlands_laen__1713_-b58e9491/0004_DSC_0437/r1l5,733,False,ok,0.3065,ok,0.3065,0.0
Svea_Hovraett_etc_export_job_4502444_855910_Svea_Hovraett_OCo_Advokatfiskalen_Jaemtlands_laen__1713_-b58e9491/0004_DSC_0437/r1l6,730,False,ok,0.2241,ok,0.2241,0.0
Svea_Hovraett_etc_export_job_4502444_855910_Svea_Hovraett_OCo_Advokatfiskalen_Jaemtlands_laen__1713_-b58e9491/0004_DSC_0437/r1l7,733,False,ok,0.1803,ok,0.1803,0.0
Svea_Hovraett_etc_export_job_4502444_855910_Svea_Hovraett_OCo_Advokatfiskalen_Jaemtlands_laen__1713_-b58e9491/0004_DSC_0437/r1l8,749,False,ok,0.3871,ok,0.3871,0.0
Svea_Hovraett_etc_export_job_4502444_855910_Svea_Hovraett_OCo_Advokatfiskalen_Jaemtlands_laen__1713_-b58e9491/0004_DSC_0437/r1l9,740,False,ok,0.1579,ok,0.1579,0.0
Svea_Hovraett_etc_export_job_4502444_855910_Svea_Hovraett_OCo_Advokatfiskalen_Jaemtlands_laen__1713_-b58e9491/0004_DSC_0437/r1l10,745,False,ok,0.2321,ok,0.2321,0.0
Svea_Hovraett_etc_export_job_4502444_855910_Svea_Hovraett_OCo_Advokatfiskalen_Jaemtlands_laen__1713_-b58e9491/0004_DSC_0437/r1l11,761,False,ok,0.1132,ok,0.1132,0.0
Svea_Hovraett_etc_export_job_4502444_855910_Svea_Hovraett_OCo_Advokatfiskalen_Jaemtlands_laen__1713_-b58e9491/0004_DSC_0437/r1l12,745,False,ok,0.2453,ok,0.2453,0.0
Svea_Hovraett_etc_export_job_4502444_855910_Svea_Hovraett_OCo_Advokatfiskalen_Jaemtlands_laen__1713_-b58e9491/0004_DSC_0437/r1l13,733,False,ok,0.2414,ok,0.2414,0.0
Svea_Hovraett_etc_export_job_4502444_855910_Svea_Hovraett_OCo_Advokatfiskalen_Jaemtlands_laen__1713_-b58e9491/0004_DSC_0437/r1l14,745,False,ok,0.3077,ok,0.3077,0.0
Svea_Hovraett_etc_export_job_4502444_855910_Svea_Hovraett_OCo_Advokatfiskalen_Jaemtlands_laen__1713_-b58e9491/0004_DSC_0437/r1l15,769,False,ok,0.2963,ok,0.2963,0.0
Svea_Hovraett_etc_export_job_4502444_855910_Svea_Hovraett_OCo_Advokatfiskalen_Jaemtlands_laen__1713_-b58e9491/0004_DSC_0437/r1l16,761,False,ok,0.4098,ok,0.4098,0.0
Svea_Hovraett_etc_export_job_4502444_855910_Svea_Hovraett_OCo_Advokatfiskalen_Jaemtlands_laen__1713_-b58e9491/0004_DSC_0437/r1l17,772,False,ok,0.2969,ok,0.2969,0.0
Svea_Hovraett_etc_export_job_4502444_855910_Svea_Hovraett_OCo_Advokatfiskalen_Jaemtlands_laen__1713_-b58e9491/0004_DSC_0437/r1l18,769,False,ok,0.1346,ok,0.1346,0.0
Svea_Hovraett_etc_export_job_4502444_855910_Svea_Hovraett_OCo_Advokatfiskalen_Jaemtlands_laen__1713_-b58e9491/0004_DSC_0437/r1l19,787,False,ok,0.2241,ok,0.2241,0.0
Svea_Hovraett_etc_export_job_4502444_855910_Svea_Hovraett_OCo_Advokatfiskalen_Jaemtlands_laen__1713_-b58e9491/0004_DSC_0437/r1l20,787,False,ok,0.25,ok,0.25,0.0
Svea_Hovraett_etc_export_job_4502444_855910_Svea_Hovraett_OCo_Advokatfiskalen_Jaemtlands_laen__1713_-b58e9491/0004_DSC_0437/r1l21,782,False,ok,0.3966,ok,0.3966,0.0
Svea_Hovraett_etc_export_job_4502444_855910_Svea_Hovraett_OCo_Advokatfiskalen_Jaemtlands_laen__1713_-b58e9491/0004_DSC_0437/r1l22,796,False,ok,0.3016,ok,0.3016,0.0
Svea_Hovraett_etc_export_job_4502444_855910_Svea_Hovraett_OCo_Advokatfiskalen_Jaemtlands_laen__1713_-b58e9491/0004_DSC_0437/r1l23,793,False,ok,0.3509,ok,0.3509,0.0
Svea_Hovraett_etc_export_job_4502444_855910_Svea_Hovraett_OCo_Advokatfiskalen_Jaemtlands_laen__1713_-b58e9491/0004_DSC_0437/r1l24,792,False,ok,0.1698,ok,0.1698,0.0
Svea_Hovraett_etc_export_job_4502444_855910_Svea_Hovraett_OCo_Advokatfiskalen_Jaemtlands_laen__1713_-b58e9491/0004_DSC_0437/r1l25,784,False,ok,0.25,ok,0.25,0.0
Svea_Hovraett_etc_export_job_4502444_855910_Svea_Hovraett_OCo_Advokatfiskalen_Jaemtlands_laen__1713_-b58e9491/0004_DSC_0437/r1l26,790,False,ok,0.3273,ok,0.3273,0.0
Svea_Hovraett_etc_export_job_4502444_855910_Svea_Hovraett_OCo_Advokatfiskalen_Jaemtlands_laen__1713_-b58e9491/0004_DSC_0437/r1l27,801,False,ok,0.4035,ok,0.4035,0.0
Svea_Hovraett_etc_export_job_4502444_855910_Svea_Hovraett_OCo_Advokatfiskalen_Jaemtlands_laen__1713_-b58e9491/0004_DSC_0437/r1l28,790,False,ok,0.4561,ok,0.4561,0.0
Svea_Hovraett_etc_export_job_4502444_855910_Svea_Hovraett_OCo_Advokatfiskalen_Jaemtlands_laen__1713_-b58e9491/0004_DSC_0437/r1l29,131,True,ok,0.6364,ok,0.5455,-0.0909
Svea_Hovraett_etc_export_job_4502444_855910_Svea_Hovraett_OCo_Advokatfiskalen_Jaemtlands_laen__1713_-b58e9491/0004_DSC_0437/r2l2,718,False,ok,0.5385,ok,0.5385,0.0
Svea_Hovraett_etc_export_job_4502444_855910_Svea_Hovraett_OCo_Advokatfiskalen_Jaemtlands_laen__1713_-b58e9491/0004_DSC_0437/r2l3,708,False,ok,0.6984,ok,0.6984,0.0
Svea_Hovraett_etc_export_job_4502444_855910_Svea_Hovraett_OCo_Advokatfiskalen_Jaemtlands_laen__1713_-b58e9491/0004_DSC_0437/r2l4,690,False,ok,0.339,ok,0.339,0.0
Svea_Hovraett_etc_export_job_4502444_855910_Svea_Hovraett_OCo_Advokatfiskalen_Jaemtlands_laen__1713_-b58e9491/0004_DSC_0437/r2l5,712,False,ok,0.3115,ok,0.3115,0.0
Svea_Hovraett_etc_export_job_4502444_855910_Svea_Hovraett_OCo_Advokatfiskalen_Jaemtlands_laen__1713_-b58e9491/0004_DSC_0437/r2l6,717,False,ok,0.3548,ok,0.3548,0.0
Svea_Hovraett_etc_export_job_4502444_855910_Svea_Hovraett_OCo_Advokatfiskalen_Jaemtlands_laen__1713_-b58e9491/0004_DSC_0437/r2l7,717,False,ok,0.2188,ok,0.2188,0.0
Svea_Hovraett_etc_export_job_4502444_855910_Svea_Hovraett_OCo_Advokatfiskalen_Jaemtlands_laen__1713_-b58e9491/0004_DSC_0437/r2l8,713,False,ok,0.2545,ok,0.2545,0.0
Svea_Hovraett_etc_export_job_4502444_855910_Svea_Hovraett_OCo_Advokatfiskalen_Jaemtlands_laen__1713_-b58e9491/0004_DSC_0437/r2l9,718,False,ok,0.5424,ok,0.5424,0.0
Svea_Hovraett_etc_export_job_4502444_855910_Svea_Hovraett_OCo_Advokatfiskalen_Jaemtlands_laen__1713_-b58e9491/0004_DSC_0437/r2l10,714,False,ok,0.2857,ok,0.2857,0.0
Svea_Hovraett_etc_export_job_4502444_855910_Svea_Hovraett_OCo_Advokatfiskalen_Jaemtlands_laen__1713_-b58e9491/0004_DSC_0437/r2l11,700,False,ok,0.3,ok,0.3,0.0
Svea_Hovraett_etc_export_job_4502444_855910_Svea_Hovraett_OCo_Advokatfiskalen_Jaemtlands_laen__1713_-b58e9491/0004_DSC_0437/r2l12,723,False,ok,0.06,ok,0.06,0.0
Svea_Hovraett_etc_export_job_4502444_855910_Svea_Hovraett_OCo_Advokatfiskalen_Jaemtlands_laen__1713_-b58e9491/0004_DSC_0437/r2l13,717,False,ok,0.1887,ok,0.1887,0.0
Svea_Hovraett_etc_export_job_4502444_855910_Svea_Hovraett_OCo_Advokatfiskalen_Jaemtlands_laen__1713_-b58e9491/0004_DSC_0437/r2l14,734,False,ok,0.1053,ok,0.1053,0.0
Svea_Hovraett_etc_export_job_4502444_855910_Svea_Hovraett_OCo_Advokatfiskalen_Jaemtlands_laen__1713_-b58e9491/0004_DSC_0437/r2l15,718,False,ok,0.434,ok,0.434,0.0
Svea_Hovraett_etc_export_job_4502444_855910_Svea_Hovraett_OCo_Advokatfiskalen_Jaemtlands_laen__1713_-b58e9491/0004_DSC_0437/r2l16,700,False,ok,0.16,ok,0.16,0.0
Svea_Hovraett_etc_export_job_4502444_855910_Svea_Hovraett_OCo_Advokatfiskalen_Jaemtlands_laen__1713_-b58e9491/0004_DSC_0437/r2l17,705,False,ok,0.2308,ok,0.2308,0.0
Svea_Hovraett_etc_export_job_4502444_855910_Svea_Hovraett_OCo_Advokatfiskalen_Jaemtlands_laen__1713_-b58e9491/0004_DSC_0437/r2l18,719,False,ok,0.2115,ok,0.2115,0.0
Svea_Hovraett_etc_export_job_4502444_855910_Svea_Hovraett_OCo_Advokatfiskalen_Jaemtlands_laen__1713_-b58e9491/0004_DSC_0437/r2l19,733,False,ok,0.2453,ok,0.2453,0.0
Svea_Hovraett_etc_export_job_4502444_855910_Svea_Hovraett_OCo_Advokatfiskalen_Jaemtlands_laen__1713_-b58e9491/0004_DSC_0437/r2l20,720,False,ok,0.375,ok,0.375,0.0
Svea_Hovraett_etc_export_job_4502444_855910_Svea_Hovraett_OCo_Advokatfiskalen_Jaemtlands_laen__1713_-b58e9491/0004_DSC_0437/r2l21,726,False,ok,0.18,ok,0.18,0.0
Svea_Hovraett_etc_export_job_4502444_855910_Svea_Hovraett_OCo_Advokatfiskalen_Jaemtlands_laen__1713_-b58e9491/0004_DSC_0437/r2l22,738,False,ok,0.5273,ok,0.5273,0.0
Svea_Hovraett_etc_export_job_4502444_855910_Svea_Hovraett_OCo_Advokatfiskalen_Jaemtlands_laen__1713_-b58e9491/0004_DSC_0437/r2l23,760,False,ok,0.3036,ok,0.3036,0.0
Svea_Hovraett_etc_export_job_4502444_855910_Svea_Hovraett_OCo_Advokatfiskalen_Jaemtlands_laen__1713_-b58e9491/0004_DSC_0437/r2l24,757,False,ok,0.3455,ok,0.3455,0.0
Svea_Hovraett_etc_export_job_4502444_855910_Svea_Hovraett_OCo_Advokatfiskalen_Jaemtlands_laen__1713_-b58e9491/0004_DSC_0437/r2l25,734,False,ok,0.1786,ok,0.1786,0.0
Svea_Hovraett_etc_export_job_4502444_855910_Svea_Hovraett_OCo_Advokatfiskalen_Jaemtlands_laen__1713_-b58e9491/0004_DSC_0437/r2l26,747,False,ok,0.3818,ok,0.3818,0.0
Svea_Hovraett_etc_export_job_4502444_855910_Svea_Hovraett_OCo_Advokatfiskalen_Jaemtlands_laen__1713_-b58e9491/0004_DSC_0437/r2l27,742,False,ok,0.6042,ok,0.6042,0.0
Svea_Hovraett_etc_export_job_4502444_855910_Svea_Hovraett_OCo_Advokatfiskalen_Jaemtlands_laen__1713_-b58e9491/0004_DSC_0437/r2l28,751,False,ok,0.3396,ok,0.3396,0.0
Svea_Hovraett_etc_export_job_4502444_855910_Svea_Hovraett_OCo_Advokatfiskalen_Jaemtlands_laen__1713_-b58e9491/0004_DSC_0437/r2l29,746,False,ok,0.4386,ok,0.4386,0.0
Svea_Hovraett_etc_export_job_4502444_855910_Svea_Hovraett_OCo_Advokatfiskalen_Jaemtlands_laen__1713_-b58e9491/0004_DSC_0437/r2l30,735,False,ok,0.4259,ok,0.4259,0.0
Svea_Hovraett_etc_export_job_4502444_855910_Svea_Hovraett_OCo_Advokatfiskalen_Jaemtlands_laen__1713_-b58e9491/0004_DSC_0437/r2l31,105,True,ok,0.0,ok,0.0,0.0
Svea_Hovraett_etc_export_job_4502444_855910_Svea_Hovraett_OCo_Advokatfiskalen_Jaemtlands_laen__1713_-b58e9491/0005_DSC_0438/r1l1,738,False,ok,0.2545,ok,0.2545,0.0
Svea_Hovraett_etc_export_job_4502444_855910_Svea_Hovraett_OCo_Advokatfiskalen_Jaemtlands_laen__1713_-b58e9491/0005_DSC_0438/r1l2,747,False,ok,0.4655,ok,0.4655,0.0
Svea_Hovraett_etc_export_job_4502444_855910_Svea_Hovraett_OCo_Advokatfiskalen_Jaemtlands_laen__1713_-b58e9491/0005_DSC_0438/r1l3,736,False,ok,0.1053,ok,0.1053,0.0
Svea_Hovraett_etc_export_job_4502444_855910_Svea_Hovraett_OCo_Advokatfiskalen_Jaemtlands_laen__1713_-b58e9491/0005_DSC_0438/r1l5,746,False,ok,0.1373,ok,0.1373,0.0
Svea_Hovraett_etc_export_job_4502444_855910_Svea_Hovraett_OCo_Advokatfiskalen_Jaemtlands_laen__1713_-b58e9491/0005_DSC_0438/r1l6,747,False,ok,0.1091,ok,0.1091,0.0
Svea_Hovraett_etc_export_job_4502444_855910_Svea_Hovraett_OCo_Advokatfiskalen_Jaemtlands_laen__1713_-b58e9491/0005_DSC_0438/r1l7,759,False,ok,0.1695,ok,0.1695,0.0
Svea_Hovraett_etc_export_job_4502444_855910_Svea_Hovraett_OCo_Advokatfiskalen_Jaemtlands_laen__1713_-b58e9491/0005_DSC_0438/r1l8,745,False,ok,0.1429,ok,0.1429,0.0
Svea_Hovraett_etc_export_job_4502444_855910_Svea_Hovraett_OCo_Advokatfiskalen_Jaemtlands_laen__1713_-b58e9491/0005_DSC_0438/r1l9,770,False,ok,0.1818,ok,0.1818,0.0
Svea_Hovraett_etc_export_job_4502444_855910_Svea_Hovraett_OCo_Advokatfiskalen_Jaemtlands_laen__1713_-b58e9491/0005_DSC_0438/r1l10,457,False,ok,0.069,ok,0.069,0.0
Svea_Hovraett_etc_export_job_4502444_855910_Svea_Hovraett_OCo_Advokatfiskalen_Jaemtlands_laen__1713_-b58e9491/0005_DSC_0438/r1l11,40,True,ok,1.0,empty,1.0,0.0
Svea_Hovraett_etc_export_job_4502444_855910_Svea_Hovraett_OCo_Advokatfiskalen_Jaemtlands_laen__1713_-b58e9491/0005_DSC_0438/r1l12,786,False,ok,0.16,ok,0.16,0.0
Svea_Hovraett_etc_export_job_4502444_855910_Svea_Hovraett_OCo_Advokatfiskalen_Jaemtlands_laen__1713_-b58e9491/0005_DSC_0438/r1l13,776,False,ok,0.4167,ok,0.4167,0.0
Svea_Hovraett_etc_export_job_4502444_855910_Svea_Hovraett_OCo_Advokatfiskalen_Jaemtlands_laen__1713_-b58e9491/0005_DSC_0438/r1l14,768,False,ok,0.2281,ok,0.2281,0.0
Svea_Hovraett_etc_export_job_4502444_855910_Svea_Hovraett_OCo_Advokatfiskalen_Jaemtlands_laen__1713_-b58e9491/0005_DSC_0438/r1l15,781,False,ok,0.1458,ok,0.1458,0.0
Svea_Hovraett_etc_export_job_4502444_855910_Svea_Hovraett_OCo_Advokatfiskalen_Jaemtlands_laen__1713_-b58e9491/0005_DSC_0438/r1l16,775,False,ok,0.1346,ok,0.1346,0.0
Svea_Hovraett_etc_export_job_4502444_855910_Svea_Hovraett_OCo_Advokatfiskalen_Jaemtlands_laen__1713_-b58e9491/0005_DSC_0438/r1l17,766,False,ok,0.1509,ok,0.1509,0.0
Svea_Hovraett_etc_export_job_4502444_855910_Svea_Hovraett_OCo_Advokatfiskalen_Jaemtlands_laen__1713_-b58e9491/0005_DSC_0438/r1l18,772,False,ok,0.1786,ok,0.1786,0.0
Svea_Hovraett_etc_export_job_4502444_855910_Svea_Hovraett_OCo_Advokatfiskalen_Jaemtlands_laen__1713_-b58e9491/0005_DSC_0438/r1l19,766,False,ok,0.0769,ok,0.0769,0.0
Svea_Hovraett_etc_export_job_4502444_855910_Svea_Hovraett_OCo_Advokatfiskalen_Jaemtlands_laen__1713_-b58e9491/0005_DSC_0438/r1l20,775,False,ok,0.1132,ok,0.1132,0.0
Svea_Hovraett_etc_export_job_4502444_855910_Svea_Hovraett_OCo_Advokatfiskalen_Jaemtlands_laen__1713_-b58e9491/0005_DSC_0438/r1l21,784,False,ok,0.1667,ok,0.1667,0.0
Svea_Hovraett_etc_export_job_4502444_855910_Svea_Hovraett_OCo_Advokatfiskalen_Jaemtlands_laen__1713_-b58e9491/0005_DSC_0438/r1l23,787,False,ok,0.371,ok,0.371,0.0
Svea_Hovraett_etc_export_job_4502444_855910_Svea_Hovraett_OCo_Advokatfiskalen_Jaemtlands_laen__1713_-b58e9491/0005_DSC_0438/r1l24,793,False,ok,0.0893,ok,0.0893,0.0
Svea_Hovraett_etc_export_job_4502444_855910_Svea_Hovraett_OCo_Advokatfiskalen_Jaemtlands_laen__1713_-b58e9491/0005_DSC_0438/r1l25,796,False,ok,0.2182,ok,0.2182,0.0
Svea_Hovraett_etc_export_job_4502444_855910_Svea_Hovraett_OCo_Advokatfiskalen_Jaemtlands_laen__1713_-b58e9491/0005_DSC_0438/r1l26,786,False,ok,0.0851,ok,0.0851,0.0
Svea_Hovraett_etc_export_job_4502444_855910_Svea_Hovraett_OCo_Advokatfiskalen_Jaemtlands_laen__1713_-b58e9491/0005_DSC_0438/r1l27,784,False,ok,0.0577,ok,0.0577,0.0
Svea_Hovraett_etc_export_job_4502444_855910_Svea_Hovraett_OCo_Advokatfiskalen_Jaemtlands_laen__1713_-b58e9491/0005_DSC_0438/r1l28,800,False,ok,0.1957,ok,0.1957,0.0
Svea_Hovraett_etc_export_job_4502444_855910_Svea_Hovraett_OCo_Advokatfiskalen_Jaemtlands_laen__1713_-b58e9491/0005_DSC_0438/r1l29,792,False,ok,0.16,ok,0.16,0.0
Svea_Hovraett_etc_export_job_4502444_855910_Svea_Hovraett_OCo_Advokatfiskalen_Jaemtlands_laen__1713_-b58e9491/0005_DSC_0438/r1l30,123,True,ok,0.0,ok,0.2,0.2
Svea_Hovraett_etc_export_job_4502444_855910_Svea_Hovraett_OCo_Advokatfiskalen_Jaemtlands_laen__1713_-b58e9491/0005_DSC_0438/r2l2,724,False,ok,0.4444,ok,0.4444,0.0
Svea_Hovraett_etc_export_job_4502444_855910_Svea_Hovraett_OCo_Advokatfiskalen_Jaemtlands_laen__1713_-b58e9491/0005_DSC_0438/r2l3,724,False,ok,0.5472,ok,0.5472,0.0
Svea_Hovraett_etc_export_job_4502444_855910_Svea_Hovraett_OCo_Advokatfiskalen_Jaemtlands_laen__1713_-b58e9491/0005_DSC_0438/r2l4,740,False,ok,0.3276,ok,0.3276,0.0
Svea_Hovraett_etc_export_job_4502444_855910_Svea_Hovraett_OCo_Advokatfiskalen_Jaemtlands_laen__1713_-b58e9491/0005_DSC_0438/r2l5,746,False,ok,0.1429,ok,0.1429,0.0
Svea_Hovraett_etc_export_job_4502444_855910_Svea_Hovraett_OCo_Advokatfiskalen_Jaemtlands_laen__1713_-b58e9491/0005_DSC_0438/r2l6,730,False,ok,0.25,ok,0.25,0.0
Svea_Hovraett_etc_export_job_4502444_855910_Svea_Hovraett_OCo_Advokatfiskalen_Jaemtlands_laen__1713_-b58e9491/0005_DSC_0438/r2l7,736,False,ok,0.3774,ok,0.3774,0.0
Svea_Hovraett_etc_export_job_4502444_855910_Svea_Hovraett_OCo_Advokatfiskalen_Jaemtlands_laen__1713_-b58e9491/0005_DSC_0438/r2l8,730,False,ok,0.3455,ok,0.3455,0.0
Svea_Hovraett_etc_export_job_4502444_855910_Svea_Hovraett_OCo_Advokatfiskalen_Jaemtlands_laen__1713_-b58e9491/0005_DSC_0438/r2l9,732,False,ok,0.1154,ok,0.1154,0.0
Svea_Hovraett_etc_export_job_4502444_855910_Svea_Hovraett_OCo_Advokatfiskalen_Jaemtlands_laen__1713_-b58e9491/0005_DSC_0438/r2l10,741,False,ok,0.2264,ok,0.2264,0.0
Svea_Hovraett_etc_export_job_4502444_855910_Svea_Hovraett_OCo_Advokatfiskalen_Jaemtlands_laen__1713_-b58e9491/0005_DSC_0438/r2l11,760,False,ok,0.1818,ok,0.1818,0.0
Svea_Hovraett_etc_export_job_4502444_855910_Svea_Hovraett_OCo_Advokatfiskalen_Jaemtlands_laen__1713_-b58e9491/0005_DSC_0438/r2l12,749,False,ok,0.18,ok,0.18,0.0
Svea_Hovraett_etc_export_job_4502444_855910_Svea_Hovraett_OCo_Advokatfiskalen_Jaemtlands_laen__1713_-b58e9491/0005_DSC_0438/r2l13,730,False,ok,0.1489,ok,0.1489,0.0
Svea_Hovraett_etc_export_job_4502444_855910_Svea_Hovraett_OCo_Advokatfiskalen_Jaemtlands_laen__1713_-b58e9491/0005_DSC_0438/r2l14,756,False,ok,0.2549,ok,0.2549,0.0
Svea_Hovraett_etc_export_job_4502444_855910_Svea_Hovraett_OCo_Advokatfiskalen_Jaemtlands_laen__1713_-b58e9491/0005_DSC_0438/r2l15,767,False,ok,0.6667,ok,0.6667,0.0
Svea_Hovraett_etc_export_job_4502444_855910_Svea_Hovraett_OCo_Advokatfiskalen_Jaemtlands_laen__1713_-b58e9491/0005_DSC_0438/r2l16,760,False,ok,0.2963,ok,0.2963,0.0
Svea_Hovraett_etc_export_job_4502444_855910_Svea_Hovraett_OCo_Advokatfiskalen_Jaemtlands_laen__1713_-b58e9491/0005_DSC_0438/r2l17,764,False,ok,0.2653,ok,0.2653,0.0
Svea_Hovraett_etc_export_job_4502444_855910_Svea_Hovraett_OCo_Advokatfiskalen_Jaemtlands_laen__1713_-b58e9491/0005_DSC_0438/r2l18,738,False,ok,0.087,ok,0.087,0.0
Svea_Hovraett_etc_export_job_4502444_855910_Svea_Hovraett_OCo_Advokatfiskalen_Jaemtlands_laen__1713_-b58e9491/0005_DSC_0438/r2l19,757,False,ok,0.25,ok,0.25,0.0
Svea_Hovraett_etc_export_job_4502444_855910_Svea_Hovraett_OCo_Advokatfiskalen_Jaemtlands_laen__1713_-b58e9491/0005_DSC_0438/r2l20,722,False,ok,0.2,ok,0.2,0.0
Svea_Hovraett_etc_export_job_4502444_855910_Svea_Hovraett_OCo_Advokatfiskalen_Jaemtlands_laen__1713_-b58e9491/0005_DSC_0438/r2l21,40,True,ok,1.0,ok,1.0,0.0
Svea_Hovraett_etc_export_job_4502444_855910_Svea_Hovraett_OCo_Advokatfiskalen_Jaemtlands_laen__1713_-b58e9491/0005_DSC_0438/r2l23,777,False,ok,0.2727,ok,0.2727,0.0
Svea_Hovraett_etc_export_job_4502444_855910_Svea_Hovraett_OCo_Advokatfiskalen_Jaemtlands_laen__1713_-b58e9491/0005_DSC_0438/r2l24,785,False,ok,0.1111,ok,0.1111,0.0
Svea_Hovraett_etc_export_job_4502444_855910_Svea_Hovraett_OCo_Advokatfiskalen_Jaemtlands_laen__1713_-b58e9491/0005_DSC_0438/r2l25,772,False,ok,0.3929,ok,0.3929,0.0
Svea_Hovraett_etc_export_job_4502444_855910_Svea_Hovraett_OCo_Advokatfiskalen_Jaemtlands_laen__1713_-b58e9491/0005_DSC_0438/r2l26,790,False,ok,0.3091,ok,0.3091,0.0
Svea_Hovraett_etc_export_job_4502444_855910_Svea_Hovraett_OCo_Advokatfiskalen_Jaemtlands_laen__1713_-b58e9491/0005_DSC_0438/r2l27,313,False,ok,0.2353,ok,0.2353,0.0
Svea_Hovraett_etc_export_job_4502444_855910_Svea_Hovraett_OCo_Advokatfiskalen_Jaemtlands_laen__1713_-b58e9491/0005_DSC_0438/r2l28,804,False,ok,0.2553,ok,0.2553,0.0
Svea_Hovraett_etc_export_job_4502444_855910_Svea_Hovraett_OCo_Advokatfiskalen_Jaemtlands_laen__1713_-b58e9491/0005_DSC_0438/r2l29,442,False,ok,0.1786,ok,0.1786,0.0
Svea_Hovraett_etc_export_job_4502444_855910_Svea_Hovraett_OCo_Advokatfiskalen_Jaemtlands_laen__1713_-b58e9491/0005_DSC_0438/r2l30,190,True,ok,0.2222,ok,0.0,-0.2222
Svea_Hovraett_etc_export_job_4502444_855910_Svea_Hovraett_OCo_Advokatfiskalen_Jaemtlands_laen__1713_-b58e9491/0006_DSC_0439/r1l1,25,True,empty,1.0,empty,1.0,0.0
Svea_Hovraett_etc_export_job_4502444_855910_Svea_Hovraett_OCo_Advokatfiskalen_Jaemtlands_laen__1713_-b58e9491/0006_DSC_0439/r1l2,739,False,ok,0.5,ok,0.5,0.0
Svea_Hovraett_etc_export_job_4502444_855910_Svea_Hovraett_OCo_Advokatfiskalen_Jaemtlands_laen__1713_-b58e9491/0006_DSC_0439/r1l3,711,False,ok,0.3448,ok,0.3448,0.0
Svea_Hovraett_etc_export_job_4502444_855910_Svea_Hovraett_OCo_Advokatfiskalen_Jaemtlands_laen__1713_-b58e9491/0006_DSC_0439/r1l4,726,False,ok,0.2593,ok,0.2593,0.0
Svea_Hovraett_etc_export_job_4502444_855910_Svea_Hovraett_OCo_Advokatfiskalen_Jaemtlands_laen__1713_-b58e9491/0006_DSC_0439/r1l5,739,False,ok,0.2545,ok,0.2545,0.0
Svea_Hovraett_etc_export_job_4502444_855910_Svea_Hovraett_OCo_Advokatfiskalen_Jaemtlands_laen__1713_-b58e9491/0006_DSC_0439/r1l6,740,False,ok,0.3559,ok,0.3559,0.0
Svea_Hovraett_etc_export_job_4502444_855910_Svea_Hovraett_OCo_Advokatfiskalen_Jaemtlands_laen__1713_-b58e9491/0006_DSC_0439/r1l7,736,False,ok,0.2,ok,0.2,0.0
Svea_Hovraett_etc_export_job_4502444_855910_Svea_Hovraett_OCo_Advokatfiskalen_Jaemtlands_laen__1713_-b58e9491/0006_DSC_0439/r1l8,762,False,ok,0.1864,ok,0.1864,0.0
Svea_Hovraett_etc_export_job_4502444_855910_Svea_Hovraett_OCo_Advokatfiskalen_Jaemtlands_laen__1713_-b58e9491/0006_DSC_0439/r1l9,760,False,ok,0.2679,ok,0.2679,0.0
Svea_Hovraett_etc_export_job_4502444_855910_Svea_Hovraett_OCo_Advokatfiskalen_Jaemtlands_laen__1713_-b58e9491/0006_DSC_0439/r1l10,755,False,ok,0.1296,ok,0.1296,0.0
Svea_Hovraett_etc_export_job_4502444_855910_Svea_Hovraett_OCo_Advokatfiskalen_Jaemtlands_laen__1713_-b58e9491/0006_DSC_0439/r1l11,758,False,ok,0.1373,ok,0.1373,0.0
Svea_Hovraett_etc_export_job_4502444_855910_Svea_Hovraett_OCo_Advokatfiskalen_Jaemtlands_laen__1713_-b58e9491/0006_DSC_0439/r1l12,752,False,ok,0.0727,ok,0.0727,0.0
Svea_Hovraett_etc_export_job_4502444_855910_Svea_Hovraett_OCo_Advokatfiskalen_Jaemtlands_laen__1713_-b58e9491/0006_DSC_0439/r1l13,766,False,ok,0.1636,ok,0.1636,0.0
Svea_Hovraett_etc_export_job_4502444_855910_Svea_Hovraett_OCo_Advokatfiskalen_Jaemtlands_laen__1713_-b58e9491/0006_DSC_0439/r1l14,766,False,ok,0.2182,ok,0.2182,0.0
Svea_Hovraett_etc_export_job_4502444_855910_Svea_Hovraett_OCo_Advokatfiskalen_Jaemtlands_laen__1713_-b58e9491/0006_DSC_0439/r1l15,753,False,ok,0.1296,ok,0.1296,0.0
Svea_Hovraett_etc_export_job_4502444_855910_Svea_Hovraett_OCo_Advokatfiskalen_Jaemtlands_laen__1713_-b58e9491/0006_DSC_0439/r1l16,768,False,ok,0.1132,ok,0.1132,0.0
Svea_Hovraett_etc_export_job_4502444_855910_Svea_Hovraett_OCo_Advokatfiskalen_Jaemtlands_laen__1713_-b58e9491/0006_DSC_0439/r1l17,237,False,ok,0.0667,ok,0.0667,0.0
Svea_Hovraett_etc_export_job_4502444_855910_Svea_Hovraett_OCo_Advokatfiskalen_Jaemtlands_laen__1713_-b58e9491/0006_DSC_0439/r1l19,35,True,ok,1.0,empty,1.0,0.0
Svea_Hovraett_etc_export_job_4502444_855910_Svea_Hovraett_OCo_Advokatfiskalen_Jaemtlands_laen__1713_-b58e9491/0006_DSC_0439/r1l20,767,False,ok,0.2653,ok,0.2653,0.0
Svea_Hovraett_etc_export_job_4502444_855910_Svea_Hovraett_OCo_Advokatfiskalen_Jaemtlands_laen__1713_-b58e9491/0006_DSC_0439/r1l21,782,False,ok,0.2308,ok,0.2308,0.0
Svea_Hovraett_etc_export_job_4502444_855910_Svea_Hovraett_OCo_Advokatfiskalen_Jaemtlands_laen__1713_-b58e9491/0006_DSC_0439/r1l22,773,False,ok,0.098,ok,0.098,0.0
Svea_Hovraett_etc_export_job_4502444_855910_Svea_Hovraett_OCo_Advokatfiskalen_Jaemtlands_laen__1713_-b58e9491/0006_DSC_0439/r1l23,760,False,ok,0.0455,ok,0.0455,0.0
Svea_Hovraett_etc_export_job_4502444_855910_Svea_Hovraett_OCo_Advokatfiskalen_Jaemtlands_laen__1713_-b58e9491/0006_DSC_0439/r1l24,777,False,ok,0.2075,ok,0.2075,0.0
Svea_Hovraett_etc_export_job_4502444_855910_Svea_Hovraett_OCo_Advokatfiskalen_Jaemtlands_laen__1713_-b58e9491/0006_DSC_0439/r1l25,797,False,ok,0.1458,ok,0.1458,0.0
Svea_Hovraett_etc_export_job_4502444_855910_Svea_Hovraett_OCo_Advokatfiskalen_Jaemtlands_laen__1713_-b58e9491/0006_DSC_0439/r1l26,787,False,ok,0.1538,ok,0.1538,0.0
Svea_Hovraett_etc_export_job_4502444_855910_Svea_Hovraett_OCo_Advokatfiskalen_Jaemtlands_laen__1713_-b58e9491/0006_DSC_0439/r1l28,775,False,ok,0.1429,ok,0.1429,0.0
Svea_Hovraett_etc_export_job_4502444_855910_Svea_Hovraett_OCo_Advokatfiskalen_Jaemtlands_laen__1713_-b58e9491/0006_DSC_0439/r1l29,790,False,ok,0.1224,ok,0.1224,0.0
Svea_Hovraett_etc_export_job_4502444_855910_Svea_Hovraett_OCo_Advokatfiskalen_Jaemtlands_laen__1713_-b58e9491/0006_DSC_0439/r1l30,108,True,ok,0.3333,empty,1.0,0.6667
Svea_Hovraett_etc_export_job_4502444_855910_Svea_Hovraett_OCo_Advokatfiskalen_Jaemtlands_laen__1713_-b58e9491/0006_DSC_0439/r2l2,727,False,ok,0.3684,ok,0.3684,0.0
Svea_Hovraett_etc_export_job_4502444_855910_Svea_Hovraett_OCo_Advokatfiskalen_Jaemtlands_laen__1713_-b58e9491/0006_DSC_0439/r2l3,713,False,ok,0.3621,ok,0.3621,0.0
Svea_Hovraett_etc_export_job_4502444_855910_Svea_Hovraett_OCo_Advokatfiskalen_Jaemtlands_laen__1713_-b58e9491/0006_DSC_0439/r2l4,718,False,ok,0.5217,ok,0.5217,0.0
Svea_Hovraett_etc_export_job_4502444_855910_Svea_Hovraett_OCo_Advokatfiskalen_Jaemtlands_laen__1713_-b58e9491/0006_DSC_0439/r2l5,225,True,ok,0.3333,ok,0.3889,0.0556
Svea_Hovraett_etc_export_job_4502444_855910_Svea_Hovraett_OCo_Advokatfiskalen_Jaemtlands_laen__1713_-b58e9491/0006_DSC_0439/r2l6,40,True,ok,1.0,empty,1.0,0.0
Svea_Hovraett_etc_export_job_4502444_855910_Svea_Hovraett_OCo_Advokatfiskalen_Jaemtlands_laen__1713_-b58e9491/0006_DSC_0439/r2l8,703,False,ok,0.2321,ok,0.2321,0.0
Svea_Hovraett_etc_export_job_4502444_855910_Svea_Hovraett_OCo_Advokatfiskalen_Jaemtlands_laen__1713_-b58e9491/0006_DSC_0439/r2l9,703,False,ok,0.1034,ok,0.1034,0.0
Svea_Hovraett_etc_export_job_4502444_855910_Svea_Hovraett_OCo_Advokatfiskalen_Jaemtlands_laen__1713_-b58e9491/0006_DSC_0439/r2l10,708,False,ok,0.2909,ok,0.2909,0.0
Svea_Hovraett_etc_export_job_4502444_855910_Svea_Hovraett_OCo_Advokatfiskalen_Jaemtlands_laen__1713_-b58e9491/0006_DSC_0439/r2l11,710,False,ok,0.1228,ok,0.1228,0.0
Svea_Hovraett_etc_export_job_4502444_855910_Svea_Hovraett_OCo_Advokatfiskalen_Jaemtlands_laen__1713_-b58e9491/0006_DSC_0439/r2l12,724,False,ok,0.3387,ok,0.3387,0.0
Svea_Hovraett_etc_export_job_4502444_855910_Svea_Hovraett_OCo_Advokatfiskalen_Jaemtlands_laen__1713_-b58e9491/0006_DSC_0439/r2l13,711,False,ok,0.3036,ok,0.3036,0.0
Svea_Hovraett_etc_export_job_4502444_855910_Svea_Hovraett_OCo_Advokatfiskalen_Jaemtlands_laen__1713_-b58e9491/0006_DSC_0439/r2l14,736,False,ok,0.2333,ok,0.2333,0.0
Svea_Hovraett_etc_export_job_4502444_855910_Svea_Hovraett_OCo_Advokatfiskalen_Jaemtlands_laen__1713_-b58e9491/0006_DSC_0439/r2l15,726,False,ok,0.0357,ok,0.0357,0.0
Svea_Hovraett_etc_export_job_4502444_855910_Svea_Hovraett_OCo_Advokatfiskalen_Jaemtlands_laen__1713_-b58e9491/0006_DSC_0439/r2l16,738,False,ok,0.2456,ok,0.2456,0.0
Svea_Hovraett_etc_export_job_4502444_855910_Svea_Hovraett_OCo_Advokatfiskalen_Jaemtlands_laen__1713_-b58e9491/0006_DSC_0439/r2l17,745,False,ok,0.1296,ok,0.1296,0.0
Svea_Hovraett_etc_export_job_4502444_855910_Svea_Hovraett_OCo_Advokatfiskalen_Jaemtlands_laen__1713_-b58e9491/0006_DSC_0439/r2l18,736,False,ok,0.069,ok,0.069,0.0
Svea_Hovraett_etc_export_job_4502444_855910_Svea_Hovraett_OCo_Advokatfiskalen_Jaemtlands_laen__1713_-b58e9491/0006_DSC_0439/r2l19,760,False,ok,0.2632,ok,0.2632,0.0
Svea_Hovraett_etc_export_job_4502444_855910_Svea_Hovraett_OCo_Advokatfiskalen_Jaemtlands_laen__1713_-b58e9491/0006_DSC_0439/r2l20,751,False,ok,0.2167,ok,0.2167,0.0
Svea_Hovraett_etc_export_job_4502444_855910_Svea_Hovraett_OCo_Advokatfiskalen_Jaemtlands_laen__1713_-b58e9491/0006_DSC_0439/r2l21,743,False,ok,0.0517,ok,0.0517,0.0
Svea_Hovraett_etc_export_job_4502444_855910_Svea_Hovraett_OCo_Advokatfiskalen_Jaemtlands_laen__1713_-b58e9491/0006_DSC_0439/r2l22,758,False,ok,0.0678,ok,0.0678,0.0
Svea_Hovraett_etc_export_job_4502444_855910_Svea_Hovraett_OCo_Advokatfiskalen_Jaemtlands_laen__1713_-b58e9491/0006_DSC_0439/r2l23,752,False,ok,0.1887,ok,0.1887,0.0
Svea_Hovraett_etc_export_job_4502444_855910_Svea_Hovraett_OCo_Advokatfiskalen_Jaemtlands_laen__1713_-b58e9491/0006_DSC_0439/r2l24,742,False,ok,0.2241,ok,0.2241,0.0
Svea_Hovraett_etc_export_job_4502444_855910_Svea_Hovraett_OCo_Advokatfiskalen_Jaemtlands_laen__1713_-b58e9491/0006_DSC_0439/r2l25,763,False,ok,0.1778,ok,0.1778,0.0
Svea_Hovraett_etc_export_job_4502444_855910_Svea_Hovraett_OCo_Advokatfiskalen_Jaemtlands_laen__1713_-b58e9491/0006_DSC_0439/r2l26,761,False,ok,0.1833,ok,0.1833,0.0
Svea_Hovraett_etc_export_job_4502444_855910_Svea_Hovraett_OCo_Advokatfiskalen_Jaemtlands_laen__1713_-b58e9491/0006_DSC_0439/r2l27,745,False,ok,0.0612,ok,0.0612,0.0
Svea_Hovraett_etc_export_job_4502444_855910_Svea_Hovraett_OCo_Advokatfiskalen_Jaemtlands_laen__1713_-b58e9491/0006_DSC_0439/r2l28,761,False,ok,0.0625,ok,0.0625,0.0
Svea_Hovraett_etc_export_job_4502444_855910_Svea_Hovraett_OCo_Advokatfiskalen_Jaemtlands_laen__1713_-b58e9491/0006_DSC_0439/r2l29,776,False,ok,0.2241,ok,0.2241,0.0
Svea_Hovraett_etc_export_job_4502444_855910_Svea_Hovraett_OCo_Advokatfiskalen_Jaemtlands_laen__1713_-b58e9491/0006_DSC_0439/r2l30,755,False,ok,0.2281,ok,0.2281,0.0
Svea_Hovraett_etc_export_job_4502444_855910_Svea_Hovraett_OCo_Advokatfiskalen_Jaemtlands_laen__1713_-b58e9491/0006_DSC_0439/r2l31,119,True,ok,0.4,ok,0.0,-0.4
Svea_Hovraett_etc_export_job_4502444_855910_Svea_Hovraett_OCo_Advokatfiskalen_Jaemtlands_laen__1713_-b58e9491/0007_DSC_0440/r1l1,735,False,ok,0.6111,ok,0.6111,0.0
Svea_Hovraett_etc_export_job_4502444_855910_Svea_Hovraett_OCo_Advokatfiskalen_Jaemtlands_laen__1713_-b58e9491/0007_DSC_0440/r1l3,737,False,ok,0.6061,ok,0.6061,0.0
Svea_Hovraett_etc_export_job_4502444_855910_Svea_Hovraett_OCo_Advokatfiskalen_Jaemtlands_laen__1713_-b58e9491/0007_DSC_0440/r1l5,744,False,ok,0.5741,ok,0.5741,0.0
Svea_Hovraett_etc_export_job_4502444_855910_Svea_Hovraett_OCo_Advokatfiskalen_Jaemtlands_laen__1713_-b58e9491/0007_DSC_0440/r1l7,737,False,ok,0.3704,ok,0.3704,0.0
Svea_Hovraett_etc_export_job_4502444_855910_Svea_Hovraett_OCo_Advokatfiskalen_Jaemtlands_laen__1713_-b58e9491/0007_DSC_0440/r1l9,755,False,ok,0.8276,ok,0.8276,0.0
Svea_Hovraett_etc_export_job_4502444_855910_Svea_Hovraett_OCo_Advokatfiskalen_Jaemtlands_laen__1713_-b58e9491/0007_DSC_0440/r1l11,752,False,ok,0.4727,ok,0.4727,0.0
Svea_Hovraett_etc_export_job_4502444_855910_Svea_Hovraett_OCo_Advokatfiskalen_Jaemtlands_laen__1713_-b58e9491/0007_DSC_0440/r1l13,736,False,ok,0.4038,ok,0.4038,0.0
Svea_Hovraett_etc_export_job_4502444_855910_Svea_Hovraett_OCo_Advokatfiskalen_Jaemtlands_laen__1713_-b58e9491/0007_DSC_0440/r1l15,741,False,ok,0.569,ok,0.569,0.0
Svea_Hovraett_etc_export_job_4502444_855910_Svea_Hovraett_OCo_Advokatfiskalen_Jaemtlands_laen__1713_-b58e9491/0007_DSC_0440/r1l17,768,False,ok,0.2653,ok,0.2653,0.0
Svea_Hovraett_etc_export_job_4502444_855910_Svea_Hovraett_OCo_Advokatfiskalen_Jaemtlands_laen__1713_-b58e9491/0007_DSC_0440/r1l19,749,False,ok,0.3704,ok,0.3704,0.0
Svea_Hovraett_etc_export_job_4502444_855910_Svea_Hovraett_OCo_Advokatfiskalen_Jaemtlands_laen__1713_-b58e9491/0007_DSC_0440/r1l21,750,False,ok,0.3462,ok,0.3462,0.0
Svea_Hovraett_etc_export_job_4502444_855910_Svea_Hovraett_OCo_Advokatfiskalen_Jaemtlands_laen__1713_-b58e9491/0007_DSC_0440/line_1638889589517_1993,765,False,ok,0.3077,ok,0.3077,0.0
Svea_Hovraett_etc_export_job_4502444_855910_Svea_Hovraett_OCo_Advokatfiskalen_Jaemtlands_laen__1713_-b58e9491/0007_DSC_0440/r1l25,766,False,ok,0.2041,ok,0.2041,0.0
Svea_Hovraett_etc_export_job_4502444_855910_Svea_Hovraett_OCo_Advokatfiskalen_Jaemtlands_laen__1713_-b58e9491/0007_DSC_0440/line_1638889589533_1997,771,False,ok,0.3269,ok,0.3269,0.0
Svea_Hovraett_etc_export_job_4502444_855910_Svea_Hovraett_OCo_Advokatfiskalen_Jaemtlands_laen__1713_-b58e9491/0007_DSC_0440/line_1638889668484_2063,789,False,ok,0.5385,ok,0.5385,0.0
Svea_Hovraett_etc_export_job_4502444_855910_Svea_Hovraett_OCo_Advokatfiskalen_Jaemtlands_laen__1713_-b58e9491/0007_DSC_0440/line_1638889674721_2066,799,False,ok,0.6154,ok,0.6154,0.0
Svea_Hovraett_etc_export_job_4502444_855910_Svea_Hovraett_OCo_Advokatfiskalen_Jaemtlands_laen__1713_-b58e9491/0007_DSC_0440/line_1638889589533_2003,789,False,ok,0.4419,ok,0.4419,0.0
Svea_Hovraett_etc_export_job_4502444_855910_Svea_Hovraett_OCo_Advokatfiskalen_Jaemtlands_laen__1713_-b58e9491/0007_DSC_0440/line_1638889589533_2005,781,False,ok,0.4906,ok,0.4906,0.0
Svea_Hovraett_etc_export_job_4502444_855910_Svea_Hovraett_OCo_Advokatfiskalen_Jaemtlands_laen__1713_-b58e9491/0007_DSC_0440/r1l34,793,False,ok,0.4259,ok,0.4259,0.0
Svea_Hovraett_etc_export_job_4502444_855910_Svea_Hovraett_OCo_Advokatfiskalen_Jaemtlands_laen__1713_-b58e9491/0007_DSC_0440/line_1638889700049_2072,804,False,ok,0.7451,ok,0.7451,0.0
Svea_Hovraett_etc_export_job_4502444_855910_Svea_Hovraett_OCo_Advokatfiskalen_Jaemtlands_laen__1713_-b58e9491/0007_DSC_0440/line_1638889589533_2009,792,False,ok,0.3621,ok,0.3621,0.0
Svea_Hovraett_etc_export_job_4502444_855910_Svea_Hovraett_OCo_Advokatfiskalen_Jaemtlands_laen__1713_-b58e9491/0007_DSC_0440/line_1638889589533_2011,792,False,ok,0.6182,ok,0.6182,0.0
Svea_Hovraett_etc_export_job_4502444_855910_Svea_Hovraett_OCo_Advokatfiskalen_Jaemtlands_laen__1713_-b58e9491/0007_DSC_0440/line_1638889589533_2013,792,False,ok,0.3529,ok,0.3529,0.0
Svea_Hovraett_etc_export_job_4502444_855910_Svea_Hovraett_OCo_Advokatfiskalen_Jaemtlands_laen__1713_-b58e9491/0007_DSC_0440/line_1638889589533_2015,789,False,ok,0.8824,ok,0.8824,0.0
Svea_Hovraett_etc_export_job_4502444_855910_Svea_Hovraett_OCo_Advokatfiskalen_Jaemtlands_laen__1713_-b58e9491/0007_DSC_0440/line_1638889589548_2017,794,False,ok,0.6852,ok,0.6852,0.0
Svea_Hovraett_etc_export_job_4502444_855910_Svea_Hovraett_OCo_Advokatfiskalen_Jaemtlands_laen__1713_-b58e9491/0007_DSC_0440/line_1638889589548_2019,787,False,ok,0.6333,ok,0.6333,0.0
Svea_Hovraett_etc_export_job_4502444_855910_Svea_Hovraett_OCo_Advokatfiskalen_Jaemtlands_laen__1713_-b58e9491/0007_DSC_0440/line_1638889589548_2021,798,False,ok,0.5862,ok,0.5862,0.0
Svea_Hovraett_etc_export_job_4502444_855910_Svea_Hovraett_OCo_Advokatfiskalen_Jaemtlands_laen__1713_-b58e9491/0007_DSC_0440/line_1638889589548_2023,812,False,ok,1.0,ok,1.0,0.0
Svea_Hovraett_etc_export_job_4502444_855910_Svea_Hovraett_OCo_Advokatfiskalen_Jaemtlands_laen__1713_-b58e9491/0007_DSC_0440/line_1638889589517_1984,725,False,ok,0.4,ok,0.4,0.0
Svea_Hovraett_etc_export_job_4502444_855910_Svea_Hovraett_OCo_Advokatfiskalen_Jaemtlands_laen__1713_-b58e9491/0007_DSC_0440/r1l4,720,False,ok,0.5385,ok,0.5385,0.0
Svea_Hovraett_etc_export_job_4502444_855910_Svea_Hovraett_OCo_Advokatfiskalen_Jaemtlands_laen__1713_-b58e9491/0007_DSC_0440/line_1638889589517_1986,734,False,ok,0.5185,ok,0.5185,0.0
Svea_Hovraett_etc_export_job_4502444_855910_Svea_Hovraett_OCo_Advokatfiskalen_Jaemtlands_laen__1713_-b58e9491/0007_DSC_0440/line_1638889589517_1988,741,False,ok,0.3621,ok,0.3621,0.0
Svea_Hovraett_etc_export_job_4502444_855910_Svea_Hovraett_OCo_Advokatfiskalen_Jaemtlands_laen__1713_-b58e9491/0007_DSC_0440/r1l10,747,False,ok,0.375,ok,0.375,0.0
Svea_Hovraett_etc_export_job_4502444_855910_Svea_Hovraett_OCo_Advokatfiskalen_Jaemtlands_laen__1713_-b58e9491/0007_DSC_0440/line_1638889589517_1990,730,False,ok,0.4906,ok,0.4906,0.0
Svea_Hovraett_etc_export_job_4502444_855910_Svea_Hovraett_OCo_Advokatfiskalen_Jaemtlands_laen__1713_-b58e9491/0007_DSC_0440/r1l14,725,False,ok,0.1321,ok,0.1321,0.0
Svea_Hovraett_etc_export_job_4502444_855910_Svea_Hovraett_OCo_Advokatfiskalen_Jaemtlands_laen__1713_-b58e9491/0007_DSC_0440/r1l16,732,False,ok,0.3279,ok,0.3279,0.0
Svea_Hovraett_etc_export_job_4502444_855910_Svea_Hovraett_OCo_Advokatfiskalen_Jaemtlands_laen__1713_-b58e9491/0007_DSC_0440/r1l18,750,False,ok,0.283,ok,0.283,0.0
Svea_Hovraett_etc_export_job_4502444_855910_Svea_Hovraett_OCo_Advokatfiskalen_Jaemtlands_laen__1713_-b58e9491/0007_DSC_0440/r1l20,726,False,ok,0.3455,ok,0.3455,0.0
Svea_Hovraett_etc_export_job_4502444_855910_Svea_Hovraett_OCo_Advokatfiskalen_Jaemtlands_laen__1713_-b58e9491/0007_DSC_0440/r1l22,745,False,ok,0.2778,ok,0.2778,0.0
Svea_Hovraett_etc_export_job_4502444_855910_Svea_Hovraett_OCo_Advokatfiskalen_Jaemtlands_laen__1713_-b58e9491/0007_DSC_0440/line_1638889589533_1994,529,False,ok,0.2558,ok,0.2558,0.0
Svea_Hovraett_etc_export_job_4502444_855910_Svea_Hovraett_OCo_Advokatfiskalen_Jaemtlands_laen__1713_-b58e9491/0007_DSC_0440/r1l26,34,True,ok,0.6667,empty,1.0,0.3333
Svea_Hovraett_etc_export_job_4502444_855910_Svea_Hovraett_OCo_Advokatfiskalen_Jaemtlands_laen__1713_-b58e9491/0007_DSC_0440/line_1638889589533_1998,774,False,ok,0.322,ok,0.322,0.0
Svea_Hovraett_etc_export_job_4502444_855910_Svea_Hovraett_OCo_Advokatfiskalen_Jaemtlands_laen__1713_-b58e9491/0007_DSC_0440/line_1638889589533_2000,764,False,ok,0.16,ok,0.16,0.0
Svea_Hovraett_etc_export_job_4502444_855910_Svea_Hovraett_OCo_Advokatfiskalen_Jaemtlands_laen__1713_-b58e9491/0007_DSC_0440/line_1638889589533_2002,780,False,ok,0.1923,ok,0.1923,0.0
Svea_Hovraett_etc_export_job_4502444_855910_Svea_Hovraett_OCo_Advokatfiskalen_Jaemtlands_laen__1713_-b58e9491/0007_DSC_0440/line_1638889589533_2004,440,False,ok,0.1481,ok,0.1481,0.0
Svea_Hovraett_etc_export_job_4502444_855910_Svea_Hovraett_OCo_Advokatfiskalen_Jaemtlands_laen__1713_-b58e9491/0007_DSC_0440/r1l32,56,True,empty,1.0,empty,1.0,0.0
Svea_Hovraett_etc_export_job_4502444_855910_Svea_Hovraett_OCo_Advokatfiskalen_Jaemtlands_laen__1713_-b58e9491/0007_DSC_0440/line_1638889589533_2008,789,False,ok,0.1321,ok,0.1321,0.0
Svea_Hovraett_etc_export_job_4502444_855910_Svea_Hovraett_OCo_Advokatfiskalen_Jaemtlands_laen__1713_-b58e9491/0007_DSC_0440/line_1638889589533_2010,819,False,ok,0.2909,ok,0.2909,0.0
Svea_Hovraett_etc_export_job_4502444_855910_Svea_Hovraett_OCo_Advokatfiskalen_Jaemtlands_laen__1713_-b58e9491/0007_DSC_0440/line_1638889589533_2012,804,False,ok,0.1754,ok,0.1754,0.0
Svea_Hovraett_etc_export_job_4502444_855910_Svea_Hovraett_OCo_Advokatfiskalen_Jaemtlands_laen__1713_-b58e9491/0007_DSC_0440/line_1638889589533_2014,810,False,ok,0.3529,ok,0.3529,0.0
Svea_Hovraett_etc_export_job_4502444_855910_Svea_Hovraett_OCo_Advokatfiskalen_Jaemtlands_laen__1713_-b58e9491/0007_DSC_0440/line_1638889589548_2016,801,False,ok,0.2642,ok,0.2642,0.0
Svea_Hovraett_etc_export_job_4502444_855910_Svea_Hovraett_OCo_Advokatfiskalen_Jaemtlands_laen__1713_-b58e9491/0007_DSC_0440/line_1638889589548_2018,818,False,ok,0.2679,ok,0.2679,0.0
Svea_Hovraett_etc_export_job_4502444_855910_Svea_Hovraett_OCo_Advokatfiskalen_Jaemtlands_laen__1713_-b58e9491/0007_DSC_0440/line_1638889589548_2020,813,False,ok,0.2308,ok,0.2308,0.0
Svea_Hovraett_etc_export_job_4502444_855910_Svea_Hovraett_OCo_Advokatfiskalen_Jaemtlands_laen__1713_-b58e9491/0007_DSC_0440/line_1638889589548_2022,824,False,ok,0.4364,ok,0.4364,0.0
Svea_Hovraett_etc_export_job_4502444_855910_Svea_Hovraett_OCo_Advokatfiskalen_Jaemtlands_laen__1713_-b58e9491/0007_DSC_0440/r1l44,65,True,empty,1.0,empty,1.0,0.0
Svea_Hovraett_etc_export_job_4502444_855910_Svea_Hovraett_OCo_Advokatfiskalen_Jaemtlands_laen__1713_-b58e9491/0008_DSC_0441/r1l2,722,False,ok,0.5085,ok,0.5085,0.0
Svea_Hovraett_etc_export_job_4502444_855910_Svea_Hovraett_OCo_Advokatfiskalen_Jaemtlands_laen__1713_-b58e9491/0008_DSC_0441/line_1638889866127_2172,727,False,ok,0.4038,ok,0.4038,0.0
Svea_Hovraett_etc_export_job_4502444_855910_Svea_Hovraett_OCo_Advokatfiskalen_Jaemtlands_laen__1713_-b58e9491/0008_DSC_0441/r1l7,718,False,ok,0.3393,ok,0.3393,0.0
Svea_Hovraett_etc_export_job_4502444_855910_Svea_Hovraett_OCo_Advokatfiskalen_Jaemtlands_laen__1713_-b58e9491/0008_DSC_0441/r1l10,722,False,ok,0.3774,ok,0.3774,0.0
Svea_Hovraett_etc_export_job_4502444_855910_Svea_Hovraett_OCo_Advokatfiskalen_Jaemtlands_laen__1713_-b58e9491/0008_DSC_0441/r1l12,726,False,ok,0.3077,ok,0.3077,0.0
Svea_Hovraett_etc_export_job_4502444_855910_Svea_Hovraett_OCo_Advokatfiskalen_Jaemtlands_laen__1713_-b58e9491/0008_DSC_0441/r1l14,730,False,ok,0.3036,ok,0.3036,0.0
Svea_Hovraett_etc_export_job_4502444_855910_Svea_Hovraett_OCo_Advokatfiskalen_Jaemtlands_laen__1713_-b58e9491/0008_DSC_0441/r1l16,727,False,ok,0.1132,ok,0.1132,0.0
Svea_Hovraett_etc_export_job_4502444_855910_Svea_Hovraett_OCo_Advokatfiskalen_Jaemtlands_laen__1713_-b58e9491/0008_DSC_0441/r1l19,725,False,ok,0.2264,ok,0.2264,0.0
Svea_Hovraett_etc_export_job_4502444_855910_Svea_Hovraett_OCo_Advokatfiskalen_Jaemtlands_laen__1713_-b58e9491/0008_DSC_0441/r1l21,732,False,ok,0.2308,ok,0.2308,0.0
Svea_Hovraett_etc_export_job_4502444_855910_Svea_Hovraett_OCo_Advokatfiskalen_Jaemtlands_laen__1713_-b58e9491/0008_DSC_0441/r1l23,737,False,ok,0.3273,ok,0.3273,0.0
Svea_Hovraett_etc_export_job_4502444_855910_Svea_Hovraett_OCo_Advokatfiskalen_Jaemtlands_laen__1713_-b58e9491/0008_DSC_0441/r1l25,741,False,ok,0.2545,ok,0.2545,0.0
Svea_Hovraett_etc_export_job_4502444_855910_Svea_Hovraett_OCo_Advokatfiskalen_Jaemtlands_laen__1713_-b58e9491/0008_DSC_0441/r1l27,729,False,ok,0.1071,ok,0.1071,0.0
Svea_Hovraett_etc_export_job_4502444_855910_Svea_Hovraett_OCo_Advokatfiskalen_Jaemtlands_laen__1713_-b58e9491/0008_DSC_0441/r1l29,749,False,ok,0.0755,ok,0.0755,0.0
Svea_Hovraett_etc_export_job_4502444_855910_Svea_Hovraett_OCo_Advokatfiskalen_Jaemtlands_laen__1713_-b58e9491/0008_DSC_0441/r1l31,753,False,ok,0.1346,ok,0.1346,0.0
Svea_Hovraett_etc_export_job_4502444_855910_Svea_Hovraett_OCo_Advokatfiskalen_Jaemtlands_laen__1713_-b58e9491/0008_DSC_0441/r1l33,748,False,ok,0.0741,ok,0.0741,0.0
Svea_Hovraett_etc_export_job_4502444_855910_Svea_Hovraett_OCo_Advokatfiskalen_Jaemtlands_laen__1713_-b58e9491/0008_DSC_0441/r1l35,750,False,ok,0.0392,ok,0.0392,0.0
Svea_Hovraett_etc_export_job_4502444_855910_Svea_Hovraett_OCo_Advokatfiskalen_Jaemtlands_laen__1713_-b58e9491/0008_DSC_0441/r1l37,741,False,ok,0.1481,ok,0.1481,0.0
Svea_Hovraett_etc_export_job_4502444_855910_Svea_Hovraett_OCo_Advokatfiskalen_Jaemtlands_laen__1713_-b58e9491/0008_DSC_0441/r1l39,744,False,ok,0.1667,ok,0.1667,0.0
Svea_Hovraett_etc_export_job_4502444_855910_Svea_Hovraett_OCo_Advokatfiskalen_Jaemtlands_laen__1713_-b58e9491/0008_DSC_0441/r1l43,754,False,ok,0.1731,ok,0.1731,0.0
Svea_Hovraett_etc_export_job_4502444_855910_Svea_Hovraett_OCo_Advokatfiskalen_Jaemtlands_laen__1713_-b58e9491/0008_DSC_0441/r1l46,753,False,ok,0.1887,ok,0.1887,0.0
Svea_Hovraett_etc_export_job_4502444_855910_Svea_Hovraett_OCo_Advokatfiskalen_Jaemtlands_laen__1713_-b58e9491/0008_DSC_0441/line_1638889845873_2157,754,False,ok,0.3878,ok,0.3878,0.0
Svea_Hovraett_etc_export_job_4502444_855910_Svea_Hovraett_OCo_Advokatfiskalen_Jaemtlands_laen__1713_-b58e9491/0008_DSC_0441/r1l49,760,False,ok,0.3269,ok,0.3269,0.0
Svea_Hovraett_etc_export_job_4502444_855910_Svea_Hovraett_OCo_Advokatfiskalen_Jaemtlands_laen__1713_-b58e9491/0008_DSC_0441/r1l51,748,False,ok,0.3111,ok,0.3111,0.0
Svea_Hovraett_etc_export_job_4502444_855910_Svea_Hovraett_OCo_Advokatfiskalen_Jaemtlands_laen__1713_-b58e9491/0008_DSC_0441/r1l53,758,False,ok,0.1739,ok,0.1739,0.0
Svea_Hovraett_etc_export_job_4502444_855910_Svea_Hovraett_OCo_Advokatfiskalen_Jaemtlands_laen__1713_-b58e9491/0008_DSC_0441/r1l56,754,False,ok,0.3846,ok,0.3846,0.0
Svea_Hovraett_etc_export_job_4502444_855910_Svea_Hovraett_OCo_Advokatfiskalen_Jaemtlands_laen__1713_-b58e9491/0008_DSC_0441/r1l58,748,False,ok,0.1923,ok,0.1923,0.0
Svea_Hovraett_etc_export_job_4502444_855910_Svea_Hovraett_OCo_Advokatfiskalen_Jaemtlands_laen__1713_-b58e9491/0008_DSC_0441/r1l60,96,True,empty,1.0,empty,1.0,0.0
Svea_Hovraett_etc_export_job_4502444_855910_Svea_Hovraett_OCo_Advokatfiskalen_Jaemtlands_laen__1713_-b58e9491/0008_DSC_0441/r1l3,689,False,ok,0.5254,ok,0.5254,0.0
Svea_Hovraett_etc_export_job_4502444_855910_Svea_Hovraett_OCo_Advokatfiskalen_Jaemtlands_laen__1713_-b58e9491/0008_DSC_0441/line_1638889845857_2134,706,False,ok,0.4138,ok,0.4138,0.0
Svea_Hovraett_etc_export_job_4502444_855910_Svea_Hovraett_OCo_Advokatfiskalen_Jaemtlands_laen__1713_-b58e9491/0008_DSC_0441/r1l8,702,False,ok,0.4737,ok,0.4737,0.0
Svea_Hovraett_etc_export_job_4502444_855910_Svea_Hovraett_OCo_Advokatfiskalen_Jaemtlands_laen__1713_-b58e9491/0008_DSC_0441/r1l9,715,False,ok,0.459,ok,0.459,0.0
Svea_Hovraett_etc_export_job_4502444_855910_Svea_Hovraett_OCo_Advokatfiskalen_Jaemtlands_laen__1713_-b58e9491/0008_DSC_0441/r1l11,711,False,ok,0.322,ok,0.322,0.0
Svea_Hovraett_etc_export_job_4502444_855910_Svea_Hovraett_OCo_Advokatfiskalen_Jaemtlands_laen__1713_-b58e9491/0008_DSC_0441/r1l13,703,False,ok,0.1852,ok,0.1852,0.0
Svea_Hovraett_etc_export_job_4502444_855910_Svea_Hovraett_OCo_Advokatfiskalen_Jaemtlands_laen__1713_-b58e9491/0008_DSC_0441/line_1638889845857_2136,715,False,ok,0.1475,ok,0.1475,0.0
Svea_Hovraett_etc_export_job_4502444_855910_Svea_Hovraett_OCo_Advokatfiskalen_Jaemtlands_laen__1713_-b58e9491/0008_DSC_0441/r1l17,710,False,ok,0.2712,ok,0.2712,0.0
Svea_Hovraett_etc_export_job_4502444_855910_Svea_Hovraett_OCo_Advokatfiskalen_Jaemtlands_laen__1713_-b58e9491/0008_DSC_0441/line_1638889845857_2138,715,False,ok,0.2456,ok,0.2456,0.0
Svea_Hovraett_etc_export_job_4502444_855910_Svea_Hovraett_OCo_Advokatfiskalen_Jaemtlands_laen__1713_-b58e9491/0008_DSC_0441/r1l20,723,False,ok,0.2131,ok,0.2131,0.0
Svea_Hovraett_etc_export_job_4502444_855910_Svea_Hovraett_OCo_Advokatfiskalen_Jaemtlands_laen__1713_-b58e9491/0008_DSC_0441/line_1638889845857_2140,712,False,ok,0.1346,ok,0.1346,0.0
Svea_Hovraett_etc_export_job_4502444_855910_Svea_Hovraett_OCo_Advokatfiskalen_Jaemtlands_laen__1713_-b58e9491/0008_DSC_0441/line_1638889845857_2142,732,False,ok,0.0962,ok,0.0962,0.0
Svea_Hovraett_etc_export_job_4502444_855910_Svea_Hovraett_OCo_Advokatfiskalen_Jaemtlands_laen__1713_-b58e9491/0008_DSC_0441/line_1638889845857_2144,727,False,ok,0.1552,ok,0.1552,0.0
Svea_Hovraett_etc_export_job_4502444_855910_Svea_Hovraett_OCo_Advokatfiskalen_Jaemtlands_laen__1713_-b58e9491/0008_DSC_0441/r1l28,724,False,ok,0.2128,ok,0.2128,0.0
Svea_Hovraett_etc_export_job_4502444_855910_Svea_Hovraett_OCo_Advokatfiskalen_Jaemtlands_laen__1713_-b58e9491/0008_DSC_0441/line_1638889845857_2146,732,False,ok,0.0577,ok,0.0577,0.0
Svea_Hovraett_etc_export_job_4502444_855910_Svea_Hovraett_OCo_Advokatfiskalen_Jaemtlands_laen__1713_-b58e9491/0008_DSC_0441/line_1638889845857_2148,727,False,ok,0.1053,ok,0.1053,0.0
Svea_Hovraett_etc_export_job_4502444_855910_Svea_Hovraett_OCo_Advokatfiskalen_Jaemtlands_laen__1713_-b58e9491/0008_DSC_0441/line_1638889845857_2150,567,False,ok,0.2195,ok,0.2195,0.0
Svea_Hovraett_etc_export_job_4502444_855910_Svea_Hovraett_OCo_Advokatfiskalen_Jaemtlands_laen__1713_-b58e9491/0008_DSC_0441/r1l36,49,True,ok,0.6667,empty,1.0,0.3333
Svea_Hovraett_etc_export_job_4502444_855910_Svea_Hovraett_OCo_Advokatfiskalen_Jaemtlands_laen__1713_-b58e9491/0008_DSC_0441/line_1638889845873_2152,747,False,ok,0.1731,ok,0.1731,0.0
Svea_Hovraett_etc_export_job_4502444_855910_Svea_Hovraett_OCo_Advokatfiskalen_Jaemtlands_laen__1713_-b58e9491/0008_DSC_0441/r1l40,739,False,ok,0.3667,ok,0.3667,0.0
Svea_Hovraett_etc_export_job_4502444_855910_Svea_Hovraett_OCo_Advokatfiskalen_Jaemtlands_laen__1713_-b58e9491/0008_DSC_0441/r1l42,739,False,ok,0.1698,ok,0.1698,0.0
Svea_Hovraett_etc_export_job_4502444_855910_Svea_Hovraett_OCo_Advokatfiskalen_Jaemtlands_laen__1713_-b58e9491/0008_DSC_0441/line_1638889845873_2154,742,False,ok,0.102,ok,0.102,0.0
Svea_Hovraett_etc_export_job_4502444_855910_Svea_Hovraett_OCo_Advokatfiskalen_Jaemtlands_laen__1713_-b58e9491/0008_DSC_0441/line_1638889845873_2156,768,False,ok,0.1569,ok,0.1569,0.0
Svea_Hovraett_etc_export_job_4502444_855910_Svea_Hovraett_OCo_Advokatfiskalen_Jaemtlands_laen__1713_-b58e9491/0008_DSC_0441/line_1638889845873_2158,756,False,ok,0.1923,ok,0.1923,0.0
Svea_Hovraett_etc_export_job_4502444_855910_Svea_Hovraett_OCo_Advokatfiskalen_Jaemtlands_laen__1713_-b58e9491/0008_DSC_0441/line_1638889845873_2160,754,False,ok,0.3846,ok,0.3846,0.0
Svea_Hovraett_etc_export_job_4502444_855910_Svea_Hovraett_OCo_Advokatfiskalen_Jaemtlands_laen__1713_-b58e9491/0008_DSC_0441/r1l52,769,False,ok,0.2449,ok,0.2449,0.0
Svea_Hovraett_etc_export_job_4502444_855910_Svea_Hovraett_OCo_Advokatfiskalen_Jaemtlands_laen__1713_-b58e9491/0008_DSC_0441/r1l54,777,False,ok,0.4151,ok,0.4151,0.0
Svea_Hovraett_etc_export_job_4502444_855910_Svea_Hovraett_OCo_Advokatfiskalen_Jaemtlands_laen__1713_-b58e9491/0008_DSC_0441/line_1638889845873_2162,777,False,ok,0.339,ok,0.339,0.0
Svea_Hovraett_etc_export_job_4502444_855910_Svea_Hovraett_OCo_Advokatfiskalen_Jaemtlands_laen__1713_-b58e9491/0008_DSC_0441/r1l59,166,True,ok,0.3333,ok,0.4444,0.1111
Svea_Hovraett_etc_export_job_4502444_855910_Svea_Hovraett_OCo_Advokatfiskalen_Jaemtlands_laen__1713_-b58e9491/0009_DSC_0442/r1l2,667,False,ok,0.3051,ok,0.3051,0.0
Svea_Hovraett_etc_export_job_4502444_855910_Svea_Hovraett_OCo_Advokatfiskalen_Jaemtlands_laen__1713_-b58e9491/0009_DSC_0442/r1l4,672,False,ok,0.5323,ok,0.5323,0.0
Svea_Hovraett_etc_export_job_4502444_855910_Svea_Hovraett_OCo_Advokatfiskalen_Jaemtlands_laen__1713_-b58e9491/0009_DSC_0442/r1l6,676,False,ok,0.5455,ok,0.5455,0.0
Svea_Hovraett_etc_export_job_4502444_855910_Svea_Hovraett_OCo_Advokatfiskalen_Jaemtlands_laen__1713_-b58e9491/0009_DSC_0442/r1l8,689,False,ok,0.4237,ok,0.4237,0.0
Svea_Hovraett_etc_export_job_4502444_855910_Svea_Hovraett_OCo_Advokatfiskalen_Jaemtlands_laen__1713_-b58e9491/0009_DSC_0442/r1l11,670,False,ok,0.6491,ok,0.6491,0.0
Svea_Hovraett_etc_export_job_4502444_855910_Svea_Hovraett_OCo_Advokatfiskalen_Jaemtlands_laen__1713_-b58e9491/0009_DSC_0442/r1l12,677,False,ok,0.2222,ok,0.2222,0.0
Svea_Hovraett_etc_export_job_4502444_855910_Svea_Hovraett_OCo_Advokatfiskalen_Jaemtlands_laen__1713_-b58e9491/0009_DSC_0442/r1l14,672,False,ok,0.2456,ok,0.2456,0.0
Svea_Hovraett_etc_export_job_4502444_855910_Svea_Hovraett_OCo_Advokatfiskalen_Jaemtlands_laen__1713_-b58e9491/0009_DSC_0442/r1l16,681,False,ok,0.3148,ok,0.3148,0.0
Svea_Hovraett_etc_export_job_4502444_855910_Svea_Hovraett_OCo_Advokatfiskalen_Jaemtlands_laen__1713_-b58e9491/0009_DSC_0442/r1l18,687,False,ok,0.3607,ok,0.3607,0.0
Svea_Hovraett_etc_export_job_4502444_855910_Svea_Hovraett_OCo_Advokatfiskalen_Jaemtlands_laen__1713_-b58e9491/0009_DSC_0442/r1l20,694,False,ok,0.431,ok,0.431,0.0
Svea_Hovraett_etc_export_job_4502444_855910_Svea_Hovraett_OCo_Advokatfiskalen_Jaemtlands_laen__1713_-b58e9491/0009_DSC_0442/r1l22,694,False,ok,0.3208,ok,0.3208,0.0
Svea_Hovraett_etc_export_job_4502444_855910_Svea_Hovraett_OCo_Advokatfiskalen_Jaemtlands_laen__1713_-b58e9491/0009_DSC_0442/r1l24,691,False,ok,0.1923,ok,0.1923,0.0
Svea_Hovraett_etc_export_job_4502444_855910_Svea_Hovraett_OCo_Advokatfiskalen_Jaemtlands_laen__1713_-b58e9491/0009_DSC_0442/r1l27,690,False,ok,0.5593,ok,0.5593,0.0
Svea_Hovraett_etc_export_job_4502444_855910_Svea_Hovraett_OCo_Advokatfiskalen_Jaemtlands_laen__1713_-b58e9491/0009_DSC_0442/r1l29,696,False,ok,0.2712,ok,0.2712,0.0
Svea_Hovraett_etc_export_job_4502444_855910_Svea_Hovraett_OCo_Advokatfiskalen_Jaemtlands_laen__1713_-b58e9491/0009_DSC_0442/r1l33,691,False,ok,0.1875,ok,0.1875,0.0
Svea_Hovraett_etc_export_job_4502444_855910_Svea_Hovraett_OCo_Advokatfiskalen_Jaemtlands_laen__1713_-b58e9491/0009_DSC_0442/r1l35,689,False,ok,0.2,ok,0.2,0.0
Svea_Hovraett_etc_export_job_4502444_855910_Svea_Hovraett_OCo_Advokatfiskalen_Jaemtlands_laen__1713_-b58e9491/0009_DSC_0442/line_1638890141692_2368,697,False,ok,0.3148,ok,0.3148,0.0
Svea_Hovraett_etc_export_job_4502444_855910_Svea_Hovraett_OCo_Advokatfiskalen_Jaemtlands_laen__1713_-b58e9491/0009_DSC_0442/line_1638890141692_2370,709,False,ok,0.1837,ok,0.1837,0.0
Svea_Hovraett_etc_export_job_4502444_855910_Svea_Hovraett_OCo_Advokatfiskalen_Jaemtlands_laen__1713_-b58e9491/0009_DSC_0442/r1l40,696,False,ok,0.0755,ok,0.0755,0.0
Svea_Hovraett_etc_export_job_4502444_855910_Svea_Hovraett_OCo_Advokatfiskalen_Jaemtlands_laen__1713_-b58e9491/0009_DSC_0442/r1l42,712,False,ok,0.1961,ok,0.1961,0.0
Svea_Hovraett_etc_export_job_4502444_855910_Svea_Hovraett_OCo_Advokatfiskalen_Jaemtlands_laen__1713_-b58e9491/0009_DSC_0442/r1l44,714,False,ok,0.3585,ok,0.3585,0.0
Svea_Hovraett_etc_export_job_4502444_855910_Svea_Hovraett_OCo_Advokatfiskalen_Jaemtlands_laen__1713_-b58e9491/0009_DSC_0442/r1l47,692,False,ok,0.1923,ok,0.1923,0.0
Svea_Hovraett_etc_export_job_4502444_855910_Svea_Hovraett_OCo_Advokatfiskalen_Jaemtlands_laen__1713_-b58e9491/0009_DSC_0442/r1l49,711,False,ok,0.451,ok,0.451,0.0
Svea_Hovraett_etc_export_job_4502444_855910_Svea_Hovraett_OCo_Advokatfiskalen_Jaemtlands_laen__1713_-b58e9491/0009_DSC_0442/r1l51,715,False,ok,0.3878,ok,0.3878,0.0
Svea_Hovraett_etc_export_job_4502444_855910_Svea_Hovraett_OCo_Advokatfiskalen_Jaemtlands_laen__1713_-b58e9491/0009_DSC_0442/r1l52,703,False,ok,0.4815,ok,0.4815,0.0
Svea_Hovraett_etc_export_job_4502444_855910_Svea_Hovraett_OCo_Advokatfiskalen_Jaemtlands_laen__1713_-b58e9491/0009_DSC_0442/r1l56,132,True,ok,0.2,ok,0.2,0.0
Svea_Hovraett_etc_export_job_4502444_855910_Svea_Hovraett_OCo_Advokatfiskalen_Jaemtlands_laen__1713_-b58e9491/0009_DSC_0442/line_1638890141661_2337,647,False,ok,0.3833,ok,0.3833,0.0
Svea_Hovraett_etc_export_job_4502444_855910_Svea_Hovraett_OCo_Advokatfiskalen_Jaemtlands_laen__1713_-b58e9491/0009_DSC_0442/line_1638890141661_2339,649,False,ok,0.3571,ok,0.3571,0.0
Svea_Hovraett_etc_export_job_4502444_855910_Svea_Hovraett_OCo_Advokatfiskalen_Jaemtlands_laen__1713_-b58e9491/0009_DSC_0442/line_1638890141661_2341,671,False,ok,0.5079,ok,0.5079,0.0
Svea_Hovraett_etc_export_job_4502444_855910_Svea_Hovraett_OCo_Advokatfiskalen_Jaemtlands_laen__1713_-b58e9491/0009_DSC_0442/line_1638890141661_2343,672,False,ok,0.3333,ok,0.3333,0.0
Svea_Hovraett_etc_export_job_4502444_855910_Svea_Hovraett_OCo_Advokatfiskalen_Jaemtlands_laen__1713_-b58e9491/0009_DSC_0442/line_1638890141661_2345,517,False,ok,0.4167,ok,0.4167,0.0
Svea_Hovraett_etc_export_job_4502444_855910_Svea_Hovraett_OCo_Advokatfiskalen_Jaemtlands_laen__1713_-b58e9491/0009_DSC_0442/line_1638890141661_2347,655,False,ok,14.6667,ok,14.6667,0.0
Svea_Hovraett_etc_export_job_4502444_855910_Svea_Hovraett_OCo_Advokatfiskalen_Jaemtlands_laen__1713_-b58e9491/0009_DSC_0442/line_1638890141676_2349,640,False,ok,0.8421,ok,0.8421,0.0
Svea_Hovraett_etc_export_job_4502444_855910_Svea_Hovraett_OCo_Advokatfiskalen_Jaemtlands_laen__1713_-b58e9491/0009_DSC_0442/line_1638890141676_2351,648,False,ok,0.717,ok,0.717,0.0
Svea_Hovraett_etc_export_job_4502444_855910_Svea_Hovraett_OCo_Advokatfiskalen_Jaemtlands_laen__1713_-b58e9491/0009_DSC_0442/line_1638890141676_2353,659,False,ok,0.8364,ok,0.8364,0.0
Svea_Hovraett_etc_export_job_4502444_855910_Svea_Hovraett_OCo_Advokatfiskalen_Jaemtlands_laen__1713_-b58e9491/0009_DSC_0442/r1l21,666,False,ok,0.5484,ok,0.5484,0.0
Svea_Hovraett_etc_export_job_4502444_855910_Svea_Hovraett_OCo_Advokatfiskalen_Jaemtlands_laen__1713_-b58e9491/0009_DSC_0442/line_1638890141676_2355,666,False,ok,0.3725,ok,0.3725,0.0
Svea_Hovraett_etc_export_job_4502444_855910_Svea_Hovraett_OCo_Advokatfiskalen_Jaemtlands_laen__1713_-b58e9491/0009_DSC_0442/line_1638890141676_2357,652,False,ok,0.1346,ok,0.1346,0.0
Svea_Hovraett_etc_export_job_4502444_855910_Svea_Hovraett_OCo_Advokatfiskalen_Jaemtlands_laen__1713_-b58e9491/0009_DSC_0442/line_1638890141676_2359,660,False,ok,0.36,ok,0.36,0.0
Svea_Hovraett_etc_export_job_4502444_855910_Svea_Hovraett_OCo_Advokatfiskalen_Jaemtlands_laen__1713_-b58e9491/0009_DSC_0442/r1l28,668,False,ok,0.18,ok,0.18,0.0
Svea_Hovraett_etc_export_job_4502444_855910_Svea_Hovraett_OCo_Advokatfiskalen_Jaemtlands_laen__1713_-b58e9491/0009_DSC_0442/line_1638890141676_2363,682,False,ok,0.5,ok,0.5,0.0
Svea_Hovraett_etc_export_job_4502444_855910_Svea_Hovraett_OCo_Advokatfiskalen_Jaemtlands_laen__1713_-b58e9491/0009_DSC_0442/line_1638890141676_2365,682,False,ok,0.1961,ok,0.1961,0.0
Svea_Hovraett_etc_export_job_4502444_855910_Svea_Hovraett_OCo_Advokatfiskalen_Jaemtlands_laen__1713_-b58e9491/0009_DSC_0442/r1l36,676,False,ok,0.2692,ok,0.2692,0.0
Svea_Hovraett_etc_export_job_4502444_855910_Svea_Hovraett_OCo_Advokatfiskalen_Jaemtlands_laen__1713_-b58e9491/0009_DSC_0442/line_1638890141692_2369,700,False,ok,0.6078,ok,0.6078,0.0
Svea_Hovraett_etc_export_job_4502444_855910_Svea_Hovraett_OCo_Advokatfiskalen_Jaemtlands_laen__1713_-b58e9491/0009_DSC_0442/r1l39,684,False,ok,0.3404,ok,0.3404,0.0
Svea_Hovraett_etc_export_job_4502444_855910_Svea_Hovraett_OCo_Advokatfiskalen_Jaemtlands_laen__1713_-b58e9491/0009_DSC_0442/line_1638890141692_2371,695,False,ok,0.375,ok,0.375,0.0
Svea_Hovraett_etc_export_job_4502444_855910_Svea_Hovraett_OCo_Advokatfiskalen_Jaemtlands_laen__1713_-b58e9491/0009_DSC_0442/line_1638890141692_2373,709,False,ok,0.4068,ok,0.4068,0.0
Svea_Hovraett_etc_export_job_4502444_855910_Svea_Hovraett_OCo_Advokatfiskalen_Jaemtlands_laen__1713_-b58e9491/0009_DSC_0442/r1l45,705,False,ok,0.3455,ok,0.3455,0.0
Svea_Hovraett_etc_export_job_4502444_855910_Svea_Hovraett_OCo_Advokatfiskalen_Jaemtlands_laen__1713_-b58e9491/0009_DSC_0442/line_1638890141692_2375,712,False,ok,0.2857,ok,0.2857,0.0
Svea_Hovraett_etc_export_job_4502444_855910_Svea_Hovraett_OCo_Advokatfiskalen_Jaemtlands_laen__1713_-b58e9491/0009_DSC_0442/line_1638890141692_2377,702,False,ok,0.4,ok,0.4,0.0
Svea_Hovraett_etc_export_job_4502444_855910_Svea_Hovraett_OCo_Advokatfiskalen_Jaemtlands_laen__1713_-b58e9491/0009_DSC_0442/r1l50,706,False,ok,0.3333,ok,0.3333,0.0
Svea_Hovraett_etc_export_job_4502444_855910_Svea_Hovraett_OCo_Advokatfiskalen_Jaemtlands_laen__1713_-b58e9491/0009_DSC_0442/line_1638890141692_2379,715,False,ok,0.5636,ok,0.5636,0.0
Svea_Hovraett_etc_export_job_4502444_855910_Svea_Hovraett_OCo_Advokatfiskalen_Jaemtlands_laen__1713_-b58e9491/0009_DSC_0442/r1l54,128,True,empty,1.0,empty,1.0,0.0
Svea_Hovraett_etc_export_job_4502444_855910_Svea_Hovraett_OCo_Advokatfiskalen_Jaemtlands_laen__1713_-b58e9491/0010_DSC_0443/r1l1,703,False,ok,0.5472,ok,0.5472,0.0
Svea_Hovraett_etc_export_job_4502444_855910_Svea_Hovraett_OCo_Advokatfiskalen_Jaemtlands_laen__1713_-b58e9491/0010_DSC_0443/r1l3,699,False,ok,0.4386,ok,0.4386,0.0
Svea_Hovraett_etc_export_job_4502444_855910_Svea_Hovraett_OCo_Advokatfiskalen_Jaemtlands_laen__1713_-b58e9491/0010_DSC_0443/r1l6,694,False,ok,0.4655,ok,0.4655,0.0
Svea_Hovraett_etc_export_job_4502444_855910_Svea_Hovraett_OCo_Advokatfiskalen_Jaemtlands_laen__1713_-b58e9491/0010_DSC_0443/r1l8,710,False,ok,0.3667,ok,0.3667,0.0
Svea_Hovraett_etc_export_job_4502444_855910_Svea_Hovraett_OCo_Advokatfiskalen_Jaemtlands_laen__1713_-b58e9491/0010_DSC_0443/r1l10,701,False,ok,0.5283,ok,0.5283,0.0
Svea_Hovraett_etc_export_job_4502444_855910_Svea_Hovraett_OCo_Advokatfiskalen_Jaemtlands_laen__1713_-b58e9491/0010_DSC_0443/r1l12,720,False,ok,0.4211,ok,0.4211,0.0
Svea_Hovraett_etc_export_job_4502444_855910_Svea_Hovraett_OCo_Advokatfiskalen_Jaemtlands_laen__1713_-b58e9491/0010_DSC_0443/r1l14,719,False,ok,0.4107,ok,0.4107,0.0
Svea_Hovraett_etc_export_job_4502444_855910_Svea_Hovraett_OCo_Advokatfiskalen_Jaemtlands_laen__1713_-b58e9491/0010_DSC_0443/r1l16,724,False,ok,0.12,ok,0.12,0.0
Svea_Hovraett_etc_export_job_4502444_855910_Svea_Hovraett_OCo_Advokatfiskalen_Jaemtlands_laen__1713_-b58e9491/0010_DSC_0443/r1l18,730,False,ok,0.42,ok,0.42,0.0
Svea_Hovraett_etc_export_job_4502444_855910_Svea_Hovraett_OCo_Advokatfiskalen_Jaemtlands_laen__1713_-b58e9491/0010_DSC_0443/r1l20,731,False,ok,0.6491,ok,0.6491,0.0
Svea_Hovraett_etc_export_job_4502444_855910_Svea_Hovraett_OCo_Advokatfiskalen_Jaemtlands_laen__1713_-b58e9491/0010_DSC_0443/r1l22,732,False,ok,0.3103,ok,0.3103,0.0
Svea_Hovraett_etc_export_job_4502444_855910_Svea_Hovraett_OCo_Advokatfiskalen_Jaemtlands_laen__1713_-b58e9491/0010_DSC_0443/r1l28,765,False,ok,0.2157,ok,0.2157,0.0
Svea_Hovraett_etc_export_job_4502444_855910_Svea_Hovraett_OCo_Advokatfiskalen_Jaemtlands_laen__1713_-b58e9491/0010_DSC_0443/r1l30,737,False,ok,0.4286,ok,0.4286,0.0
Svea_Hovraett_etc_export_job_4502444_855910_Svea_Hovraett_OCo_Advokatfiskalen_Jaemtlands_laen__1713_-b58e9491/0010_DSC_0443/r1l32,754,False,ok,0.1698,ok,0.1698,0.0
Svea_Hovraett_etc_export_job_4502444_855910_Svea_Hovraett_OCo_Advokatfiskalen_Jaemtlands_laen__1713_-b58e9491/0010_DSC_0443/r1l34,746,False,ok,0.4423,ok,0.4423,0.0
Svea_Hovraett_etc_export_job_4502444_855910_Svea_Hovraett_OCo_Advokatfiskalen_Jaemtlands_laen__1713_-b58e9491/0010_DSC_0443/r1l36,744,False,ok,0.3148,ok,0.3148,0.0
Svea_Hovraett_etc_export_job_4502444_855910_Svea_Hovraett_OCo_Advokatfiskalen_Jaemtlands_laen__1713_-b58e9491/0010_DSC_0443/r1l38,750,False,ok,0.5645,ok,0.5645,0.0
Svea_Hovraett_etc_export_job_4502444_855910_Svea_Hovraett_OCo_Advokatfiskalen_Jaemtlands_laen__1713_-b58e9491/0010_DSC_0443/r1l42,744,False,ok,0.3519,ok,0.3519,0.0
Svea_Hovraett_etc_export_job_4502444_855910_Svea_Hovraett_OCo_Advokatfiskalen_Jaemtlands_laen__1713_-b58e9491/0010_DSC_0443/r1l44,740,False,ok,0.3091,ok,0.3091,0.0
Svea_Hovraett_etc_export_job_4502444_855910_Svea_Hovraett_OCo_Advokatfiskalen_Jaemtlands_laen__1713_-b58e9491/0010_DSC_0443/r1l49,738,False,ok,0.4643,ok,0.4643,0.0
Svea_Hovraett_etc_export_job_4502444_855910_Svea_Hovraett_OCo_Advokatfiskalen_Jaemtlands_laen__1713_-b58e9491/0010_DSC_0443/r1l51,745,False,ok,0.3404,ok,0.3404,0.0
Svea_Hovraett_etc_export_job_4502444_855910_Svea_Hovraett_OCo_Advokatfiskalen_Jaemtlands_laen__1713_-b58e9491/0010_DSC_0443/line_1638890420322_2589,757,False,ok,0.3273,ok,0.3273,0.0
Svea_Hovraett_etc_export_job_4502444_855910_Svea_Hovraett_OCo_Advokatfiskalen_Jaemtlands_laen__1713_-b58e9491/0010_DSC_0443/r1l54,110,True,ok,0.8,ok,0.6,-0.2
Svea_Hovraett_etc_export_job_4502444_855910_Svea_Hovraett_OCo_Advokatfiskalen_Jaemtlands_laen__1713_-b58e9491/0010_DSC_0443/line_1638890420306_2562,676,False,ok,0.35,ok,0.35,0.0
Svea_Hovraett_etc_export_job_4502444_855910_Svea_Hovraett_OCo_Advokatfiskalen_Jaemtlands_laen__1713_-b58e9491/0010_DSC_0443/line_1638890420306_2564,669,False,ok,0.3585,ok,0.3585,0.0
Svea_Hovraett_etc_export_job_4502444_855910_Svea_Hovraett_OCo_Advokatfiskalen_Jaemtlands_laen__1713_-b58e9491/0010_DSC_0443/line_1638890420306_2566,664,False,ok,0.2143,ok,0.2143,0.0
Svea_Hovraett_etc_export_job_4502444_855910_Svea_Hovraett_OCo_Advokatfiskalen_Jaemtlands_laen__1713_-b58e9491/0010_DSC_0443/line_1638890420306_2568,665,False,ok,0.3214,ok,0.3214,0.0
Svea_Hovraett_etc_export_job_4502444_855910_Svea_Hovraett_OCo_Advokatfiskalen_Jaemtlands_laen__1713_-b58e9491/0010_DSC_0443/line_1638890420306_2570,668,False,ok,0.3509,ok,0.3509,0.0
Svea_Hovraett_etc_export_job_4502444_855910_Svea_Hovraett_OCo_Advokatfiskalen_Jaemtlands_laen__1713_-b58e9491/0010_DSC_0443/line_1638890420306_2572,671,False,ok,0.2963,ok,0.2963,0.0
Svea_Hovraett_etc_export_job_4502444_855910_Svea_Hovraett_OCo_Advokatfiskalen_Jaemtlands_laen__1713_-b58e9491/0010_DSC_0443/line_1638890420306_2574,679,False,ok,0.22,ok,0.22,0.0
Svea_Hovraett_etc_export_job_4502444_855910_Svea_Hovraett_OCo_Advokatfiskalen_Jaemtlands_laen__1713_-b58e9491/0010_DSC_0443/r1l15,682,False,ok,0.2,ok,0.2,0.0
Svea_Hovraett_etc_export_job_4502444_855910_Svea_Hovraett_OCo_Advokatfiskalen_Jaemtlands_laen__1713_-b58e9491/0010_DSC_0443/line_1638890420306_2576,693,False,ok,0.25,ok,0.25,0.0
Svea_Hovraett_etc_export_job_4502444_855910_Svea_Hovraett_OCo_Advokatfiskalen_Jaemtlands_laen__1713_-b58e9491/0010_DSC_0443/r1l19,703,False,ok,0.3673,ok,0.3673,0.0
Svea_Hovraett_etc_export_job_4502444_855910_Svea_Hovraett_OCo_Advokatfiskalen_Jaemtlands_laen__1713_-b58e9491/0010_DSC_0443/line_1638890420306_2578,694,False,ok,0.2174,ok,0.2174,0.0
Svea_Hovraett_etc_export_job_4502444_855910_Svea_Hovraett_OCo_Advokatfiskalen_Jaemtlands_laen__1713_-b58e9491/0010_DSC_0443/r1l23,686,False,ok,0.2653,ok,0.2653,0.0
Svea_Hovraett_etc_export_job_4502444_855910_Svea_Hovraett_OCo_Advokatfiskalen_Jaemtlands_laen__1713_-b58e9491/0010_DSC_0443/line_1638890420306_2580,706,False,ok,0.2885,ok,0.2885,0.0
Svea_Hovraett_etc_export_job_4502444_855910_Svea_Hovraett_OCo_Advokatfiskalen_Jaemtlands_laen__1713_-b58e9491/0010_DSC_0443/line_1638890420306_2582,713,False,ok,0.125,ok,0.125,0.0
Svea_Hovraett_etc_export_job_4502444_855910_Svea_Hovraett_OCo_Advokatfiskalen_Jaemtlands_laen__1713_-b58e9491/0010_DSC_0443/r1l29,331,False,ok,0.2609,ok,0.2609,0.0
Svea_Hovraett_etc_export_job_4502444_855910_Svea_Hovraett_OCo_Advokatfiskalen_Jaemtlands_laen__1713_-b58e9491/0010_DSC_0443/r1l31,68,True,ok,0.3333,ok,0.6667,0.3333
Svea_Hovraett_etc_export_job_4502444_855910_Svea_Hovraett_OCo_Advokatfiskalen_Jaemtlands_laen__1713_-b58e9491/0010_DSC_0443/r1l33,721,False,ok,0.2041,ok,0.2041,0.0
Svea_Hovraett_etc_export_job_4502444_855910_Svea_Hovraett_OCo_Advokatfiskalen_Jaemtlands_laen__1713_-b58e9491/0010_DSC_0443/r1l35,712,False,ok,0.2041,ok,0.2041,0.0
Svea_Hovraett_etc_export_job_4502444_855910_Svea_Hovraett_OCo_Advokatfiskalen_Jaemtlands_laen__1713_-b58e9491/0010_DSC_0443/r1l39,726,False,ok,0.4255,ok,0.4255,0.0
Svea_Hovraett_etc_export_job_4502444_855910_Svea_Hovraett_OCo_Advokatfiskalen_Jaemtlands_laen__1713_-b58e9491/0010_DSC_0443/r1l41,749,False,ok,0.449,ok,0.449,0.0
Svea_Hovraett_etc_export_job_4502444_855910_Svea_Hovraett_OCo_Advokatfiskalen_Jaemtlands_laen__1713_-b58e9491/0010_DSC_0443/r1l43,728,False,ok,0.2889,ok,0.2889,0.0
Svea_Hovraett_etc_export_job_4502444_855910_Svea_Hovraett_OCo_Advokatfiskalen_Jaemtlands_laen__1713_-b58e9491/0010_DSC_0443/r1l45,741,False,ok,0.3864,ok,0.3864,0.0
Svea_Hovraett_etc_export_job_4502444_855910_Svea_Hovraett_OCo_Advokatfiskalen_Jaemtlands_laen__1713_-b58e9491/0010_DSC_0443/line_1638890420322_2586,752,False,ok,0.4082,ok,0.4082,0.0
Svea_Hovraett_etc_export_job_4502444_855910_Svea_Hovraett_OCo_Advokatfiskalen_Jaemtlands_laen__1713_-b58e9491/0010_DSC_0443/r1l48,728,False,ok,0.3617,ok,0.3617,0.0
Svea_Hovraett_etc_export_job_4502444_855910_Svea_Hovraett_OCo_Advokatfiskalen_Jaemtlands_laen__1713_-b58e9491/0010_DSC_0443/r1l50,771,False,ok,0.617,ok,0.617,0.0
Svea_Hovraett_etc_export_job_4502444_855910_Svea_Hovraett_OCo_Advokatfiskalen_Jaemtlands_laen__1713_-b58e9491/0010_DSC_0443/line_1638890420322_2588,758,False,ok,0.5962,ok,0.5962,0.0
Svea_Hovraett_etc_export_job_4502444_855910_Svea_Hovraett_OCo_Advokatfiskalen_Jaemtlands_laen__1713_-b58e9491/0010_DSC_0443/r1l53,96,True,ok,0.5,empty,1.0,0.5
Svea_Hovraett_etc_export_job_4502444_855910_Svea_Hovraett_OCo_Advokatfiskalen_Jaemtlands_laen__1713_-b58e9491/0011_DSC_0444/r1l1,726,False,ok,0.14,ok,0.14,0.0
Svea_Hovraett_etc_export_job_4502444_855910_Svea_Hovraett_OCo_Advokatfiskalen_Jaemtlands_laen__1713_-b58e9491/0011_DSC_0444/r1l3,737,False,ok,0.1887,ok,0.1887,0.0
Svea_Hovraett_etc_export_job_4502444_855910_Svea_Hovraett_OCo_Advokatfiskalen_Jaemtlands_laen__1713_-b58e9491/0011_DSC_0444/r1l6,741,False,ok,0.36,ok,0.36,0.0
Svea_Hovraett_etc_export_job_4502444_855910_Svea_Hovraett_OCo_Advokatfiskalen_Jaemtlands_laen__1713_-b58e9491/0011_DSC_0444/r1l8,737,False,ok,0.1875,ok,0.1875,0.0
Svea_Hovraett_etc_export_job_4502444_855910_Svea_Hovraett_OCo_Advokatfiskalen_Jaemtlands_laen__1713_-b58e9491/0011_DSC_0444/r1l10,753,False,ok,0.16,ok,0.16,0.0
Svea_Hovraett_etc_export_job_4502444_855910_Svea_Hovraett_OCo_Advokatfiskalen_Jaemtlands_laen__1713_-b58e9491/0011_DSC_0444/r1l14,765,False,ok,0.3725,ok,0.3725,0.0
Svea_Hovraett_etc_export_job_4502444_855910_Svea_Hovraett_OCo_Advokatfiskalen_Jaemtlands_laen__1713_-b58e9491/0011_DSC_0444/r1l16,755,False,ok,0.6667,ok,0.6667,0.0
Svea_Hovraett_etc_export_job_4502444_855910_Svea_Hovraett_OCo_Advokatfiskalen_Jaemtlands_laen__1713_-b58e9491/0011_DSC_0444/r1l18,773,False,ok,0.4727,ok,0.4727,0.0
Svea_Hovraett_etc_export_job_4502444_855910_Svea_Hovraett_OCo_Advokatfiskalen_Jaemtlands_laen__1713_-b58e9491/0011_DSC_0444/r1l21,772,False,ok,0.3256,ok,0.3256,0.0
Svea_Hovraett_etc_export_job_4502444_855910_Svea_Hovraett_OCo_Advokatfiskalen_Jaemtlands_laen__1713_-b58e9491/0011_DSC_0444/r1l23,777,False,ok,0.38,ok,0.38,0.0
Svea_Hovraett_etc_export_job_4502444_855910_Svea_Hovraett_OCo_Advokatfiskalen_Jaemtlands_laen__1713_-b58e9491/0011_DSC_0444/r1l25,770,False,ok,0.72,ok,0.72,0.0
Svea_Hovraett_etc_export_job_4502444_855910_Svea_Hovraett_OCo_Advokatfiskalen_Jaemtlands_laen__1713_-b58e9491/0011_DSC_0444/r1l27,786,False,ok,0.2766,ok,0.2766,0.0
Svea_Hovraett_etc_export_job_4502444_855910_Svea_Hovraett_OCo_Advokatfiskalen_Jaemtlands_laen__1713_-b58e9491/0011_DSC_0444/r1l30,264,False,ok,0.0,ok,0.0,0.0
Svea_Hovraett_etc_export_job_4502444_855910_Svea_Hovraett_OCo_Advokatfiskalen_Jaemtlands_laen__1713_-b58e9491/0011_DSC_0444/r1l33,58,True,ok,1.0,empty,1.0,0.0
Svea_Hovraett_etc_export_job_4502444_855910_Svea_Hovraett_OCo_Advokatfiskalen_Jaemtlands_laen__1713_-b58e9491/0011_DSC_0444/line_1638890683809_2709,783,False,ok,0.3871,ok,0.3871,0.0
Svea_Hovraett_etc_export_job_4502444_855910_Svea_Hovraett_OCo_Advokatfiskalen_Jaemtlands_laen__1713_-b58e9491/0011_DSC_0444/line_1638890683809_2711,781,False,ok,0.4,ok,0.4,0.0
Svea_Hovraett_etc_export_job_4502444_855910_Svea_Hovraett_OCo_Advokatfiskalen_Jaemtlands_laen__1713_-b58e9491/0011_DSC_0444/line_1638890683809_2713,800,False,ok,0.5926,ok,0.5926,0.0
Svea_Hovraett_etc_export_job_4502444_855910_Svea_Hovraett_OCo_Advokatfiskalen_Jaemtlands_laen__1713_-b58e9491/0011_DSC_0444/line_1638890683809_2715,785,False,ok,0.1698,ok,0.1698,0.0
Svea_Hovraett_etc_export_job_4502444_855910_Svea_Hovraett_OCo_Advokatfiskalen_Jaemtlands_laen__1713_-b58e9491/0011_DSC_0444/r1l44,785,False,ok,0.2128,ok,0.2128,0.0
Svea_Hovraett_etc_export_job_4502444_855910_Svea_Hovraett_OCo_Advokatfiskalen_Jaemtlands_laen__1713_-b58e9491/0011_DSC_0444/line_1638890683809_2719,802,False,ok,0.5,ok,0.5,0.0
Svea_Hovraett_etc_export_job_4502444_855910_Svea_Hovraett_OCo_Advokatfiskalen_Jaemtlands_laen__1713_-b58e9491/0011_DSC_0444/line_1638890683825_2721,798,False,ok,0.48,ok,0.48,0.0
Svea_Hovraett_etc_export_job_4502444_855910_Svea_Hovraett_OCo_Advokatfiskalen_Jaemtlands_laen__1713_-b58e9491/0011_DSC_0444/line_1638890683825_2723,786,False,ok,0.2791,ok,0.2791,0.0
Svea_Hovraett_etc_export_job_4502444_855910_Svea_Hovraett_OCo_Advokatfiskalen_Jaemtlands_laen__1713_-b58e9491/0011_DSC_0444/r1l52,806,False,ok,0.3696,ok,0.3696,0.0
Svea_Hovraett_etc_export_job_4502444_855910_Svea_Hovraett_OCo_Advokatfiskalen_Jaemtlands_laen__1713_-b58e9491/0011_DSC_0444/line_1638890683825_2725,815,False,ok,0.5098,ok,0.5098,0.0
Svea_Hovraett_etc_export_job_4502444_855910_Svea_Hovraett_OCo_Advokatfiskalen_Jaemtlands_laen__1713_-b58e9491/0011_DSC_0444/line_1638890683825_2727,110,True,ok,0.75,ok,1.0,0.25
Svea_Hovraett_etc_export_job_4502444_855910_Svea_Hovraett_OCo_Advokatfiskalen_Jaemtlands_laen__1713_-b58e9491/0011_DSC_0444/line_1638890683809_2700,700,False,ok,0.3846,ok,0.3846,0.0
Svea_Hovraett_etc_export_job_4502444_855910_Svea_Hovraett_OCo_Advokatfiskalen_Jaemtlands_laen__1713_-b58e9491/0011_DSC_0444/line_1638890683809_2702,731,False,ok,0.5741,ok,0.5741,0.0
Svea_Hovraett_etc_export_job_4502444_855910_Svea_Hovraett_OCo_Advokatfiskalen_Jaemtlands_laen__1713_-b58e9491/0011_DSC_0444/line_1638890683809_2704,721,False,ok,0.5357,ok,0.5357,0.0
Svea_Hovraett_etc_export_job_4502444_855910_Svea_Hovraett_OCo_Advokatfiskalen_Jaemtlands_laen__1713_-b58e9491/0011_DSC_0444/r1l9,723,False,ok,0.1509,ok,0.1509,0.0
Svea_Hovraett_etc_export_job_4502444_855910_Svea_Hovraett_OCo_Advokatfiskalen_Jaemtlands_laen__1713_-b58e9491/0011_DSC_0444/r1l11,480,False,ok,0.4286,ok,0.4286,0.0
Svea_Hovraett_etc_export_job_4502444_855910_Svea_Hovraett_OCo_Advokatfiskalen_Jaemtlands_laen__1713_-b58e9491/0011_DSC_0444/r1l13,714,False,ok,0.26,ok,0.26,0.0
Svea_Hovraett_etc_export_job_4502444_855910_Svea_Hovraett_OCo_Advokatfiskalen_Jaemtlands_laen__1713_-b58e9491/0011_DSC_0444/r1l15,719,False,ok,0.16,ok,0.16,0.0
Svea_Hovraett_etc_export_job_4502444_855910_Svea_Hovraett_OCo_Advokatfiskalen_Jaemtlands_laen__1713_-b58e9491/0011_DSC_0444/r1l17,737,False,ok,0.2333,ok,0.2333,0.0
Svea_Hovraett_etc_export_job_4502444_855910_Svea_Hovraett_OCo_Advokatfiskalen_Jaemtlands_laen__1713_-b58e9491/0011_DSC_0444/r1l19,733,False,ok,0.12,ok,0.12,0.0
Svea_Hovraett_etc_export_job_4502444_855910_Svea_Hovraett_OCo_Advokatfiskalen_Jaemtlands_laen__1713_-b58e9491/0011_DSC_0444/r1l20,731,False,ok,0.4182,ok,0.4182,0.0
Svea_Hovraett_etc_export_job_4502444_855910_Svea_Hovraett_OCo_Advokatfiskalen_Jaemtlands_laen__1713_-b58e9491/0011_DSC_0444/r1l22,763,False,ok,0.1455,ok,0.1455,0.0
Svea_Hovraett_etc_export_job_4502444_855910_Svea_Hovraett_OCo_Advokatfiskalen_Jaemtlands_laen__1713_-b58e9491/0011_DSC_0444/r1l24,738,False,ok,0.14,ok,0.14,0.0
Svea_Hovraett_etc_export_job_4502444_855910_Svea_Hovraett_OCo_Advokatfiskalen_Jaemtlands_laen__1713_-b58e9491/0011_DSC_0444/r1l26,753,False,ok,0.2264,ok,0.2264,0.0
Svea_Hovraett_etc_export_job_4502444_855910_Svea_Hovraett_OCo_Advokatfiskalen_Jaemtlands_laen__1713_-b58e9491/0011_DSC_0444/r1l28,761,False,ok,0.5,ok,0.5,0.0
Svea_Hovraett_etc_export_job_4502444_855910_Svea_Hovraett_OCo_Advokatfiskalen_Jaemtlands_laen__1713_-b58e9491/0011_DSC_0444/r1l31,759,False,ok,0.3137,ok,0.3137,0.0
Svea_Hovraett_etc_export_job_4502444_855910_Svea_Hovraett_OCo_Advokatfiskalen_Jaemtlands_laen__1713_-b58e9491/0011_DSC_0444/r1l32,773,False,ok,0.2453,ok,0.2453,0.0
Svea_Hovraett_etc_export_job_4502444_855910_Svea_Hovraett_OCo_Advokatfiskalen_Jaemtlands_laen__1713_-b58e9491/0011_DSC_0444/r1l35,763,False,ok,0.3774,ok,0.3774,0.0
Svea_Hovraett_etc_export_job_4502444_855910_Svea_Hovraett_OCo_Advokatfiskalen_Jaemtlands_laen__1713_-b58e9491/0011_DSC_0444/r1l37,754,False,ok,0.4082,ok,0.4082,0.0
Svea_Hovraett_etc_export_job_4502444_855910_Svea_Hovraett_OCo_Advokatfiskalen_Jaemtlands_laen__1713_-b58e9491/0011_DSC_0444/r1l41,792,False,ok,0.3966,ok,0.3966,0.0
Svea_Hovraett_etc_export_job_4502444_855910_Svea_Hovraett_OCo_Advokatfiskalen_Jaemtlands_laen__1713_-b58e9491/0011_DSC_0444/r1l43,791,False,ok,0.2105,ok,0.2105,0.0
Svea_Hovraett_etc_export_job_4502444_855910_Svea_Hovraett_OCo_Advokatfiskalen_Jaemtlands_laen__1713_-b58e9491/0011_DSC_0444/r1l45,795,False,ok,0.1852,ok,0.1852,0.0
Svea_Hovraett_etc_export_job_4502444_855910_Svea_Hovraett_OCo_Advokatfiskalen_Jaemtlands_laen__1713_-b58e9491/0011_DSC_0444/r1l47,771,False,ok,0.1556,ok,0.1556,0.0
Svea_Hovraett_etc_export_job_4502444_855910_Svea_Hovraett_OCo_Advokatfiskalen_Jaemtlands_laen__1713_-b58e9491/0011_DSC_0444/line_1638890683825_2722,828,False,ok,0.2692,ok,0.2692,0.0
Svea_Hovraett_etc_export_job_4502444_855910_Svea_Hovraett_OCo_Advokatfiskalen_Jaemtlands_laen__1713_-b58e9491/0011_DSC_0444/r1l50,665,False,ok,0.4,ok,0.4,0.0
Svea_Hovraett_etc_export_job_4502444_855910_Svea_Hovraett_OCo_Advokatfiskalen_Jaemtlands_laen__1713_-b58e9491/0011_DSC_0444/r1l51,53,True,ok,0.3333,ok,0.6667,0.3333
Svea_Hovraett_etc_export_job_4502444_855910_Svea_Hovraett_OCo_Advokatfiskalen_Jaemtlands_laen__1713_-b58e9491/0011_DSC_0444/line_1638890627104_2678,783,False,ok,0.2826,ok,0.2826,0.0
Svea_Hovraett_etc_export_job_4502444_855910_Svea_Hovraett_OCo_Advokatfiskalen_Jaemtlands_laen__1713_-b58e9491/0011_DSC_0444/r1l56,99,True,ok,1.0,empty,1.0,0.0
Svea_Hovraett_etc_export_job_4502444_855910_Svea_Hovraett_OCo_Advokatfiskalen_Jaemtlands_laen__1713_-b58e9491/0012_DSC_0445/r1l3,768,False,ok,0.2203,ok,0.2203,0.0
Svea_Hovraett_etc_export_job_4502444_855910_Svea_Hovraett_OCo_Advokatfiskalen_Jaemtlands_laen__1713_-b58e9491/0012_DSC_0445/r1l5,751,False,ok,0.3333,ok,0.3333,0.0
Svea_Hovraett_etc_export_job_4502444_855910_Svea_Hovraett_OCo_Advokatfiskalen_Jaemtlands_laen__1713_-b58e9491/0012_DSC_0445/line_1638890986608_2923,783,False,ok,0.4898,ok,0.4898,0.0
Svea_Hovraett_etc_export_job_4502444_855910_Svea_Hovraett_OCo_Advokatfiskalen_Jaemtlands_laen__1713_-b58e9491/0012_DSC_0445/r1l10,753,False,ok,0.1633,ok,0.1633,0.0
Svea_Hovraett_etc_export_job_4502444_855910_Svea_Hovraett_OCo_Advokatfiskalen_Jaemtlands_laen__1713_-b58e9491/0012_DSC_0445/r1l12,786,False,ok,0.1915,ok,0.1915,0.0
Svea_Hovraett_etc_export_job_4502444_855910_Svea_Hovraett_OCo_Advokatfiskalen_Jaemtlands_laen__1713_-b58e9491/0012_DSC_0445/r1l14,772,False,ok,0.1915,ok,0.1915,0.0
Svea_Hovraett_etc_export_job_4502444_855910_Svea_Hovraett_OCo_Advokatfiskalen_Jaemtlands_laen__1713_-b58e9491/0012_DSC_0445/r1l16,783,False,ok,0.1111,ok,0.1111,0.0
Svea_Hovraett_etc_export_job_4502444_855910_Svea_Hovraett_OCo_Advokatfiskalen_Jaemtlands_laen__1713_-b58e9491/0012_DSC_0445/r1l17,415,False,ok,0.1667,ok,0.1667,0.0
Svea_Hovraett_etc_export_job_4502444_855910_Svea_Hovraett_OCo_Advokatfiskalen_Jaemtlands_laen__1713_-b58e9491/0012_DSC_0445/r1l20,770,False,ok,0.1346,ok,0.1346,0.0
Svea_Hovraett_etc_export_job_4502444_855910_Svea_Hovraett_OCo_Advokatfiskalen_Jaemtlands_laen__1713_-b58e9491/0012_DSC_0445/r1l22,787,False,ok,0.0816,ok,0.0816,0.0
Svea_Hovraett_etc_export_job_4502444_855910_Svea_Hovraett_OCo_Advokatfiskalen_Jaemtlands_laen__1713_-b58e9491/0012_DSC_0445/line_1638890934396_2885,797,False,ok,0.16,ok,0.16,0.0
Svea_Hovraett_etc_export_job_4502444_855910_Svea_Hovraett_OCo_Advokatfiskalen_Jaemtlands_laen__1713_-b58e9491/0012_DSC_0445/r1l26,661,False,ok,0.275,ok,0.275,0.0
Svea_Hovraett_etc_export_job_4502444_855910_Svea_Hovraett_OCo_Advokatfiskalen_Jaemtlands_laen__1713_-b58e9491/0012_DSC_0445/r1l28,787,False,ok,0.3696,ok,0.3696,0.0
Svea_Hovraett_etc_export_job_4502444_855910_Svea_Hovraett_OCo_Advokatfiskalen_Jaemtlands_laen__1713_-b58e9491/0012_DSC_0445/r1l30,364,False,ok,0.2778,ok,0.2778,0.0
Svea_Hovraett_etc_export_job_4502444_855910_Svea_Hovraett_OCo_Advokatfiskalen_Jaemtlands_laen__1713_-b58e9491/0012_DSC_0445/r1l33,63,True,ok,0.3333,ok,0.6667,0.3333
Svea_Hovraett_etc_export_job_4502444_855910_Svea_Hovraett_OCo_Advokatfiskalen_Jaemtlands_laen__1713_-b58e9491/0012_DSC_0445/line_1638890934396_2887,810,False,ok,0.2667,ok,0.2667,0.0
Svea_Hovraett_etc_export_job_4502444_855910_Svea_Hovraett_OCo_Advokatfiskalen_Jaemtlands_laen__1713_-b58e9491/0012_DSC_0445/r1l39,801,False,ok,0.0833,ok,0.0833,0.0
Svea_Hovraett_etc_export_job_4502444_855910_Svea_Hovraett_OCo_Advokatfiskalen_Jaemtlands_laen__1713_-b58e9491/0012_DSC_0445/r1l41,814,False,ok,0.3261,ok,0.3261,0.0
Svea_Hovraett_etc_export_job_4502444_855910_Svea_Hovraett_OCo_Advokatfiskalen_Jaemtlands_laen__1713_-b58e9491/0012_DSC_0445/r1l45,784,False,ok,0.1176,ok,0.1176,0.0
Svea_Hovraett_etc_export_job_4502444_855910_Svea_Hovraett_OCo_Advokatfiskalen_Jaemtlands_laen__1713_-b58e9491/0012_DSC_0445/r1l47,808,False,ok,0.3833,ok,0.3833,0.0
Svea_Hovraett_etc_export_job_4502444_855910_Svea_Hovraett_OCo_Advokatfiskalen_Jaemtlands_laen__1713_-b58e9491/0012_DSC_0445/line_1638890934412_2891,806,False,ok,0.2174,ok,0.2174,0.0
Svea_Hovraett_etc_export_job_4502444_855910_Svea_Hovraett_OCo_Advokatfiskalen_Jaemtlands_laen__1713_-b58e9491/0012_DSC_0445/r1l51,524,False,ok,0.2069,ok,0.2069,0.0
Svea_Hovraett_etc_export_job_4502444_855910_Svea_Hovraett_OCo_Advokatfiskalen_Jaemtlands_laen__1713_-b58e9491/0012_DSC_0445/line_1638890934412_2895,936,False,ok,0.2903,ok,0.2903,0.0
Svea_Hovraett_etc_export_job_4502444_855910_Svea_Hovraett_OCo_Advokatfiskalen_Jaemtlands_laen__1713_-b58e9491/0012_DSC_0445/line_1638890934412_2897,808,False,ok,0.42,ok,0.42,0.0
Svea_Hovraett_etc_export_job_4502444_855910_Svea_Hovraett_OCo_Advokatfiskalen_Jaemtlands_laen__1713_-b58e9491/0012_DSC_0445/r1l57,814,False,ok,0.3673,ok,0.3673,0.0
Svea_Hovraett_etc_export_job_4502444_855910_Svea_Hovraett_OCo_Advokatfiskalen_Jaemtlands_laen__1713_-b58e9491/0012_DSC_0445/r1l58,126,True,ok,0.2,ok,0.0,-0.2
Svea_Hovraett_etc_export_job_4502444_855910_Svea_Hovraett_OCo_Advokatfiskalen_Jaemtlands_laen__1713_-b58e9491/0012_DSC_0445/r1l2,737,False,ok,0.3091,ok,0.3091,0.0
Svea_Hovraett_etc_export_job_4502444_855910_Svea_Hovraett_OCo_Advokatfiskalen_Jaemtlands_laen__1713_-b58e9491/0012_DSC_0445/r1l4,747,False,ok,0.1967,ok,0.1967,0.0
Svea_Hovraett_etc_export_job_4502444_855910_Svea_Hovraett_OCo_Advokatfiskalen_Jaemtlands_laen__1713_-b58e9491/0012_DSC_0445/line_1638890934396_2882,746,False,ok,0.16,ok,0.16,0.0
Svea_Hovraett_etc_export_job_4502444_855910_Svea_Hovraett_OCo_Advokatfiskalen_Jaemtlands_laen__1713_-b58e9491/0012_DSC_0445/r1l9,745,False,ok,0.1296,ok,0.1296,0.0
Svea_Hovraett_etc_export_job_4502444_855910_Svea_Hovraett_OCo_Advokatfiskalen_Jaemtlands_laen__1713_-b58e9491/0012_DSC_0445/r1l11,755,False,ok,0.1698,ok,0.1698,0.0
Svea_Hovraett_etc_export_job_4502444_855910_Svea_Hovraett_OCo_Advokatfiskalen_Jaemtlands_laen__1713_-b58e9491/0012_DSC_0445/r1l13,738,False,ok,0.1321,ok,0.1321,0.0
Svea_Hovraett_etc_export_job_4502444_855910_Svea_Hovraett_OCo_Advokatfiskalen_Jaemtlands_laen__1713_-b58e9491/0012_DSC_0445/r1l15,579,False,ok,0.186,ok,0.186,0.0
Svea_Hovraett_etc_export_job_4502444_855910_Svea_Hovraett_OCo_Advokatfiskalen_Jaemtlands_laen__1713_-b58e9491/0012_DSC_0445/r1l18,759,False,ok,0.2,ok,0.2,0.0
Svea_Hovraett_etc_export_job_4502444_855910_Svea_Hovraett_OCo_Advokatfiskalen_Jaemtlands_laen__1713_-b58e9491/0012_DSC_0445/r1l19,755,False,ok,0.2,ok,0.2,0.0
Svea_Hovraett_etc_export_job_4502444_855910_Svea_Hovraett_OCo_Advokatfiskalen_Jaemtlands_laen__1713_-b58e9491/0012_DSC_0445/r1l21,764,False,ok,0.1111,ok,0.1111,0.0
Svea_Hovraett_etc_export_job_4502444_855910_Svea_Hovraett_OCo_Advokatfiskalen_Jaemtlands_laen__1713_-b58e9491/0012_DSC_0445/r1l23,751,False,ok,0.1837,ok,0.1837,0.0
Svea_Hovraett_etc_export_job_4502444_855910_Svea_Hovraett_OCo_Advokatfiskalen_Jaemtlands_laen__1713_-b58e9491/0012_DSC_0445/r1l25,770,False,ok,0.1277,ok,0.1277,0.0
Svea_Hovraett_etc_export_job_4502444_855910_Svea_Hovraett_OCo_Advokatfiskalen_Jaemtlands_laen__1713_-b58e9491/0012_DSC_0445/r1l27,758,False,ok,0.0377,ok,0.0377,0.0
Svea_Hovraett_etc_export_job_4502444_855910_Svea_Hovraett_OCo_Advokatfiskalen_Jaemtlands_laen__1713_-b58e9491/0012_DSC_0445/r1l29,773,False,ok,0.3684,ok,0.3684,0.0
Svea_Hovraett_etc_export_job_4502444_855910_Svea_Hovraett_OCo_Advokatfiskalen_Jaemtlands_laen__1713_-b58e9491/0012_DSC_0445/r1l32,779,False,ok,0.1481,ok,0.1481,0.0
Svea_Hovraett_etc_export_job_4502444_855910_Svea_Hovraett_OCo_Advokatfiskalen_Jaemtlands_laen__1713_-b58e9491/0012_DSC_0445/r1l35,770,False,ok,0.0667,ok,0.0667,0.0
Svea_Hovraett_etc_export_job_4502444_855910_Svea_Hovraett_OCo_Advokatfiskalen_Jaemtlands_laen__1713_-b58e9491/0012_DSC_0445/r1l38,781,False,ok,0.0962,ok,0.0962,0.0
Svea_Hovraett_etc_export_job_4502444_855910_Svea_Hovraett_OCo_Advokatfiskalen_Jaemtlands_laen__1713_-b58e9491/0012_DSC_0445/line_1638890934396_2888,785,False,ok,0.0545,ok,0.0545,0.0
Svea_Hovraett_etc_export_job_4502444_855910_Svea_Hovraett_OCo_Advokatfiskalen_Jaemtlands_laen__1713_-b58e9491/0012_DSC_0445/r1l42,794,False,ok,0.16,ok,0.16,0.0
Svea_Hovraett_etc_export_job_4502444_855910_Svea_Hovraett_OCo_Advokatfiskalen_Jaemtlands_laen__1713_-b58e9491/0012_DSC_0445/r1l44,790,False,ok,0.0408,ok,0.0408,0.0
Svea_Hovraett_etc_export_job_4502444_855910_Svea_Hovraett_OCo_Advokatfiskalen_Jaemtlands_laen__1713_-b58e9491/0012_DSC_0445/r1l46,797,False,ok,0.3542,ok,0.3542,0.0
Svea_Hovraett_etc_export_job_4502444_855910_Svea_Hovraett_OCo_Advokatfiskalen_Jaemtlands_laen__1713_-b58e9491/0012_DSC_0445/r1l48,798,False,ok,0.18,ok,0.18,0.0
Svea_Hovraett_etc_export_job_4502444_855910_Svea_Hovraett_OCo_Advokatfiskalen_Jaemtlands_laen__1713_-b58e9491/0012_DSC_0445/line_1638890934412_2892,799,False,ok,0.1154,ok,0.1154,0.0
Svea_Hovraett_etc_export_job_4502444_855910_Svea_Hovraett_OCo_Advokatfiskalen_Jaemtlands_laen__1713_-b58e9491/0012_DSC_0445/r1l52,808,False,ok,0.0227,ok,0.0227,0.0
Svea_Hovraett_etc_export_job_4502444_855910_Svea_Hovraett_OCo_Advokatfiskalen_Jaemtlands_laen__1713_-b58e9491/0012_DSC_0445/line_1638890934412_2894,807,False,ok,0.1852,ok,0.1852,0.0
Svea_Hovraett_etc_export_job_4502444_855910_Svea_Hovraett_OCo_Advokatfiskalen_Jaemtlands_laen__1713_-b58e9491/0012_DSC_0445/line_1638890934412_2896,799,False,ok,0.1887,ok,0.1887,0.0
Svea_Hovraett_etc_export_job_4502444_855910_Svea_Hovraett_OCo_Advokatfiskalen_Jaemtlands_laen__1713_-b58e9491/0012_DSC_0445/line_1638969387420_390,800,False,ok,0.3947,ok,0.3947,0.0
Svea_Hovraett_etc_export_job_4502444_855910_Svea_Hovraett_OCo_Advokatfiskalen_Jaemtlands_laen__1713_-b58e9491/0013_DSC_0446/line_1638967913623_32,726,False,ok,0.2766,ok,0.2766,0.0
Svea_Hovraett_etc_export_job_4502444_855910_Svea_Hovraett_OCo_Advokatfiskalen_Jaemtlands_laen__1713_-b58e9491/0013_DSC_0446/r1l4,745,False,ok,0.42,ok,0.42,0.0
Svea_Hovraett_etc_export_job_4502444_855910_Svea_Hovraett_OCo_Advokatfiskalen_Jaemtlands_laen__1713_-b58e9491/0013_DSC_0446/r1l5,748,False,ok,0.3273,ok,0.3273,0.0
Svea_Hovraett_etc_export_job_4502444_855910_Svea_Hovraett_OCo_Advokatfiskalen_Jaemtlands_laen__1713_-b58e9491/0013_DSC_0446/r1l6,752,False,ok,0.2941,ok,0.2941,0.0
Svea_Hovraett_etc_export_job_4502444_855910_Svea_Hovraett_OCo_Advokatfiskalen_Jaemtlands_laen__1713_-b58e9491/0013_DSC_0446/r1l7,750,False,ok,0.2037,ok,0.2037,0.0
Svea_Hovraett_etc_export_job_4502444_855910_Svea_Hovraett_OCo_Advokatfiskalen_Jaemtlands_laen__1713_-b58e9491/0013_DSC_0446/r1l8,747,False,ok,0.2807,ok,0.2807,0.0
Svea_Hovraett_etc_export_job_4502444_855910_Svea_Hovraett_OCo_Advokatfiskalen_Jaemtlands_laen__1713_-b58e9491/0013_DSC_0446/r1l9,732,False,ok,0.339,ok,0.339,0.0
Svea_Hovraett_etc_export_job_4502444_855910_Svea_Hovraett_OCo_Advokatfiskalen_Jaemtlands_laen__1713_-b58e9491/0013_DSC_0446/r1l10,734,False,ok,0.3462,ok,0.3462,0.0
Svea_Hovraett_etc_export_job_4502444_855910_Svea_Hovraett_OCo_Advokatfiskalen_Jaemtlands_laen__1713_-b58e9491/0013_DSC_0446/r1l11,765,False,ok,0.1481,ok,0.1481,0.0
Svea_Hovraett_etc_export_job_4502444_855910_Svea_Hovraett_OCo_Advokatfiskalen_Jaemtlands_laen__1713_-b58e9491/0013_DSC_0446/r1l12,753,False,ok,0.3962,ok,0.3962,0.0
Svea_Hovraett_etc_export_job_4502444_855910_Svea_Hovraett_OCo_Advokatfiskalen_Jaemtlands_laen__1713_-b58e9491/0013_DSC_0446/r1l13,749,False,ok,0.4107,ok,0.4107,0.0
Svea_Hovraett_etc_export_job_4502444_855910_Svea_Hovraett_OCo_Advokatfiskalen_Jaemtlands_laen__1713_-b58e9491/0013_DSC_0446/r1l14,762,False,ok,0.1042,ok,0.1042,0.0
Svea_Hovraett_etc_export_job_4502444_855910_Svea_Hovraett_OCo_Advokatfiskalen_Jaemtlands_laen__1713_-b58e9491/0013_DSC_0446/r1l15,761,False,ok,0.1957,ok,0.1957,0.0
Svea_Hovraett_etc_export_job_4502444_855910_Svea_Hovraett_OCo_Advokatfiskalen_Jaemtlands_laen__1713_-b58e9491/0013_DSC_0446/r1l16,775,False,ok,0.193,ok,0.193,0.0
Svea_Hovraett_etc_export_job_4502444_855910_Svea_Hovraett_OCo_Advokatfiskalen_Jaemtlands_laen__1713_-b58e9491/0013_DSC_0446/r1l17,789,False,ok,0.34,ok,0.34,0.0
Svea_Hovraett_etc_export_job_4502444_855910_Svea_Hovraett_OCo_Advokatfiskalen_Jaemtlands_laen__1713_-b58e9491/0013_DSC_0446/r1l18,779,False,ok,0.0962,ok,0.0962,0.0
Svea_Hovraett_etc_export_job_4502444_855910_Svea_Hovraett_OCo_Advokatfiskalen_Jaemtlands_laen__1713_-b58e9491/0013_DSC_0446/r1l19,782,False,ok,0.32,ok,0.32,0.0
Svea_Hovraett_etc_export_job_4502444_855910_Svea_Hovraett_OCo_Advokatfiskalen_Jaemtlands_laen__1713_-b58e9491/0013_DSC_0446/r1l20,771,False,ok,0.1702,ok,0.1702,0.0
Svea_Hovraett_etc_export_job_4502444_855910_Svea_Hovraett_OCo_Advokatfiskalen_Jaemtlands_laen__1713_-b58e9491/0013_DSC_0446/r1l21,772,False,ok,0.2045,ok,0.2045,0.0
Svea_Hovraett_etc_export_job_4502444_855910_Svea_Hovraett_OCo_Advokatfiskalen_Jaemtlands_laen__1713_-b58e9491/0013_DSC_0446/r1l22,785,False,ok,0.0667,ok,0.0667,0.0
Svea_Hovraett_etc_export_job_4502444_855910_Svea_Hovraett_OCo_Advokatfiskalen_Jaemtlands_laen__1713_-b58e9491/0013_DSC_0446/r1l23,163,True,ok,0.0,ok,0.0,0.0
Svea_Hovraett_etc_export_job_4502444_855910_Svea_Hovraett_OCo_Advokatfiskalen_Jaemtlands_laen__1713_-b58e9491/0013_DSC_0446/r1l24,58,True,ok,0.6667,empty,1.0,0.3333
Svea_Hovraett_etc_export_job_4502444_855910_Svea_Hovraett_OCo_Advokatfiskalen_Jaemtlands_laen__1713_-b58e9491/0013_DSC_0446/r1l25,783,False,ok,0.2826,ok,0.2826,0.0
Svea_Hovraett_etc_export_job_4502444_855910_Svea_Hovraett_OCo_Advokatfiskalen_Jaemtlands_laen__1713_-b58e9491/0013_DSC_0446/r1l26,777,False,ok,0.2667,ok,0.2667,0.0
Svea_Hovraett_etc_export_job_4502444_855910_Svea_Hovraett_OCo_Advokatfiskalen_Jaemtlands_laen__1713_-b58e9491/0013_DSC_0446/r1l27,781,False,ok,0.1698,ok,0.1698,0.0
Svea_Hovraett_etc_export_job_4502444_855910_Svea_Hovraett_OCo_Advokatfiskalen_Jaemtlands_laen__1713_-b58e9491/0013_DSC_0446/r1l28,770,False,ok,0.3529,ok,0.3529,0.0
Svea_Hovraett_etc_export_job_4502444_855910_Svea_Hovraett_OCo_Advokatfiskalen_Jaemtlands_laen__1713_-b58e9491/0013_DSC_0446/r1l29,787,False,ok,0.4,ok,0.4,0.0
Svea_Hovraett_etc_export_job_4502444_855910_Svea_Hovraett_OCo_Advokatfiskalen_Jaemtlands_laen__1713_-b58e9491/0013_DSC_0446/r1l30,786,False,ok,0.5,ok,0.5,0.0
Svea_Hovraett_etc_export_job_4502444_855910_Svea_Hovraett_OCo_Advokatfiskalen_Jaemtlands_laen__1713_-b58e9491/0013_DSC_0446/r1l31,145,True,ok,0.25,ok,0.25,0.0
Svea_Hovraett_etc_export_job_4502444_855910_Svea_Hovraett_OCo_Advokatfiskalen_Jaemtlands_laen__1713_-b58e9491/0013_DSC_0446/r2l1,716,False,ok,0.3774,ok,0.3774,0.0
Svea_Hovraett_etc_export_job_4502444_855910_Svea_Hovraett_OCo_Advokatfiskalen_Jaemtlands_laen__1713_-b58e9491/0013_DSC_0446/r2l2,721,False,ok,0.3137,ok,0.3137,0.0
Svea_Hovraett_etc_export_job_4502444_855910_Svea_Hovraett_OCo_Advokatfiskalen_Jaemtlands_laen__1713_-b58e9491/0013_DSC_0446/r2l3,717,False,ok,0.4211,ok,0.4211,0.0
Svea_Hovraett_etc_export_job_4502444_855910_Svea_Hovraett_OCo_Advokatfiskalen_Jaemtlands_laen__1713_-b58e9491/0013_DSC_0446/r2l4,735,False,ok,0.2264,ok,0.2264,0.0
Svea_Hovraett_etc_export_job_4502444_855910_Svea_Hovraett_OCo_Advokatfiskalen_Jaemtlands_laen__1713_-b58e9491/0013_DSC_0446/r2l5,744,False,ok,0.2222,ok,0.2222,0.0
Svea_Hovraett_etc_export_job_4502444_855910_Svea_Hovraett_OCo_Advokatfiskalen_Jaemtlands_laen__1713_-b58e9491/0013_DSC_0446/r2l6,712,False,ok,0.1778,ok,0.1778,0.0
Svea_Hovraett_etc_export_job_4502444_855910_Svea_Hovraett_OCo_Advokatfiskalen_Jaemtlands_laen__1713_-b58e9491/0013_DSC_0446/r2l7,743,False,ok,0.2182,ok,0.2182,0.0
Svea_Hovraett_etc_export_job_4502444_855910_Svea_Hovraett_OCo_Advokatfiskalen_Jaemtlands_laen__1713_-b58e9491/0013_DSC_0446/r2l8,761,False,ok,0.2982,ok,0.2982,0.0
Svea_Hovraett_etc_export_job_4502444_855910_Svea_Hovraett_OCo_Advokatfiskalen_Jaemtlands_laen__1713_-b58e9491/0013_DSC_0446/r2l9,746,False,ok,0.28,ok,0.28,0.0
Svea_Hovraett_etc_export_job_4502444_855910_Svea_Hovraett_OCo_Advokatfiskalen_Jaemtlands_laen__1713_-b58e9491/0013_DSC_0446/r2l11,315,False,ok,0.2174,ok,0.2174,0.0
Svea_Hovraett_etc_export_job_4502444_855910_Svea_Hovraett_OCo_Advokatfiskalen_Jaemtlands_laen__1713_-b58e9491/0013_DSC_0446/r2l13,40,True,ok,1.0,empty,1.0,0.0
Svea_Hovraett_etc_export_job_4502444_855910_Svea_Hovraett_OCo_Advokatfiskalen_Jaemtlands_laen__1713_-b58e9491/0013_DSC_0446/r2l14,757,False,ok,0.4375,ok,0.4375,0.0
Svea_Hovraett_etc_export_job_4502444_855910_Svea_Hovraett_OCo_Advokatfiskalen_Jaemtlands_laen__1713_-b58e9491/0013_DSC_0446/r2l15,725,False,ok,0.4444,ok,0.4444,0.0
Svea_Hovraett_etc_export_job_4502444_855910_Svea_Hovraett_OCo_Advokatfiskalen_Jaemtlands_laen__1713_-b58e9491/0013_DSC_0446/r2l16,754,False,ok,0.2692,ok,0.2692,0.0
Svea_Hovraett_etc_export_job_4502444_855910_Svea_Hovraett_OCo_Advokatfiskalen_Jaemtlands_laen__1713_-b58e9491/0013_DSC_0446/r2l17,762,False,ok,0.14,ok,0.14,0.0
Svea_Hovraett_etc_export_job_4502444_855910_Svea_Hovraett_OCo_Advokatfiskalen_Jaemtlands_laen__1713_-b58e9491/0013_DSC_0446/r2l18,761,False,ok,0.2632,ok,0.2632,0.0
Svea_Hovraett_etc_export_job_4502444_855910_Svea_Hovraett_OCo_Advokatfiskalen_Jaemtlands_laen__1713_-b58e9491/0013_DSC_0446/r2l20,769,False,ok,0.5507,ok,0.5507,0.0
Svea_Hovraett_etc_export_job_4502444_855910_Svea_Hovraett_OCo_Advokatfiskalen_Jaemtlands_laen__1713_-b58e9491/0013_DSC_0446/r2l21,755,False,ok,0.1071,ok,0.1071,0.0
Svea_Hovraett_etc_export_job_4502444_855910_Svea_Hovraett_OCo_Advokatfiskalen_Jaemtlands_laen__1713_-b58e9491/0013_DSC_0446/r2l22,761,False,ok,0.4727,ok,0.4727,0.0
Svea_Hovraett_etc_export_job_4502444_855910_Svea_Hovraett_OCo_Advokatfiskalen_Jaemtlands_laen__1713_-b58e9491/0013_DSC_0446/r2l23,774,False,ok,0.25,ok,0.25,0.0
Svea_Hovraett_etc_export_job_4502444_855910_Svea_Hovraett_OCo_Advokatfiskalen_Jaemtlands_laen__1713_-b58e9491/0013_DSC_0446/r2l24,767,False,ok,0.1509,ok,0.1509,0.0
Svea_Hovraett_etc_export_job_4502444_855910_Svea_Hovraett_OCo_Advokatfiskalen_Jaemtlands_laen__1713_-b58e9491/0013_DSC_0446/r2l25,773,False,ok,0.2041,ok,0.2041,0.0
Svea_Hovraett_etc_export_job_4502444_855910_Svea_Hovraett_OCo_Advokatfiskalen_Jaemtlands_laen__1713_-b58e9491/0013_DSC_0446/r2l26,768,False,ok,0.1875,ok,0.1875,0.0
Svea_Hovraett_etc_export_job_4502444_855910_Svea_Hovraett_OCo_Advokatfiskalen_Jaemtlands_laen__1713_-b58e9491/0013_DSC_0446/r2l27,771,False,ok,0.24,ok,0.24,0.0
Svea_Hovraett_etc_export_job_4502444_855910_Svea_Hovraett_OCo_Advokatfiskalen_Jaemtlands_laen__1713_-b58e9491/0013_DSC_0446/r2l28,791,False,ok,0.3051,ok,0.3051,0.0
Svea_Hovraett_etc_export_job_4502444_855910_Svea_Hovraett_OCo_Advokatfiskalen_Jaemtlands_laen__1713_-b58e9491/0013_DSC_0446/r2l29,800,False,ok,0.2807,ok,0.2807,0.0
Svea_Hovraett_etc_export_job_4502444_855910_Svea_Hovraett_OCo_Advokatfiskalen_Jaemtlands_laen__1713_-b58e9491/0013_DSC_0446/r2l30,779,False,ok,0.6234,ok,0.6234,0.0
Svea_Hovraett_etc_export_job_4502444_855910_Svea_Hovraett_OCo_Advokatfiskalen_Jaemtlands_laen__1713_-b58e9491/0013_DSC_0446/r2l31,117,True,empty,1.0,ok,0.7143,-0.2857
Svea_Hovraett_etc_export_job_4502444_855910_Svea_Hovraett_OCo_Advokatfiskalen_Jaemtlands_laen__1713_-b58e9491/0014_DSC_0447/r1l1,58,True,empty,1.0,empty,1.0,0.0
Svea_Hovraett_etc_export_job_4502444_855910_Svea_Hovraett_OCo_Advokatfiskalen_Jaemtlands_laen__1713_-b58e9491/0014_DSC_0447/r1l2,744,False,ok,0.66,ok,0.66,0.0
Svea_Hovraett_etc_export_job_4502444_855910_Svea_Hovraett_OCo_Advokatfiskalen_Jaemtlands_laen__1713_-b58e9491/0014_DSC_0447/r1l3,740,False,ok,0.717,ok,0.717,0.0
Svea_Hovraett_etc_export_job_4502444_855910_Svea_Hovraett_OCo_Advokatfiskalen_Jaemtlands_laen__1713_-b58e9491/0014_DSC_0447/r1l4,755,False,ok,0.4444,ok,0.4444,0.0
Svea_Hovraett_etc_export_job_4502444_855910_Svea_Hovraett_OCo_Advokatfiskalen_Jaemtlands_laen__1713_-b58e9491/0014_DSC_0447/r1l5,745,False,ok,0.3509,ok,0.3509,0.0
Svea_Hovraett_etc_export_job_4502444_855910_Svea_Hovraett_OCo_Advokatfiskalen_Jaemtlands_laen__1713_-b58e9491/0014_DSC_0447/r1l6,736,False,ok,0.386,ok,0.386,0.0
Svea_Hovraett_etc_export_job_4502444_855910_Svea_Hovraett_OCo_Advokatfiskalen_Jaemtlands_laen__1713_-b58e9491/0014_DSC_0447/r1l7,761,False,ok,0.3962,ok,0.3962,0.0
Svea_Hovraett_etc_export_job_4502444_855910_Svea_Hovraett_OCo_Advokatfiskalen_Jaemtlands_laen__1713_-b58e9491/0014_DSC_0447/r1l8,753,False,ok,0.36,ok,0.36,0.0
Svea_Hovraett_etc_export_job_4502444_855910_Svea_Hovraett_OCo_Advokatfiskalen_Jaemtlands_laen__1713_-b58e9491/0014_DSC_0447/r1l9,717,False,ok,0.5472,ok,0.5472,0.0
Svea_Hovraett_etc_export_job_4502444_855910_Svea_Hovraett_OCo_Advokatfiskalen_Jaemtlands_laen__1713_-b58e9491/0014_DSC_0447/r1l10,763,False,ok,0.32,ok,0.32,0.0
Svea_Hovraett_etc_export_job_4502444_855910_Svea_Hovraett_OCo_Advokatfiskalen_Jaemtlands_laen__1713_-b58e9491/0014_DSC_0447/r1l12,743,False,ok,0.5902,ok,0.5902,0.0
Svea_Hovraett_etc_export_job_4502444_855910_Svea_Hovraett_OCo_Advokatfiskalen_Jaemtlands_laen__1713_-b58e9491/0014_DSC_0447/r1l13,776,False,ok,0.3929,ok,0.3929,0.0
Svea_Hovraett_etc_export_job_4502444_855910_Svea_Hovraett_OCo_Advokatfiskalen_Jaemtlands_laen__1713_-b58e9491/0014_DSC_0447/r1l14,765,False,ok,0.2857,ok,0.2857,0.0
Svea_Hovraett_etc_export_job_4502444_855910_Svea_Hovraett_OCo_Advokatfiskalen_Jaemtlands_laen__1713_-b58e9491/0014_DSC_0447/r1l15,199,True,ok,0.1429,ok,0.2143,0.0714
Svea_Hovraett_etc_export_job_4502444_855910_Svea_Hovraett_OCo_Advokatfiskalen_Jaemtlands_laen__1713_-b58e9491/0014_DSC_0447/r1l16,55,True,ok,1.0,empty,1.0,0.0
Svea_Hovraett_etc_export_job_4502444_855910_Svea_Hovraett_OCo_Advokatfiskalen_Jaemtlands_laen__1713_-b58e9491/0014_DSC_0447/r1l17,754,False,ok,0.2941,ok,0.2941,0.0
Svea_Hovraett_etc_export_job_4502444_855910_Svea_Hovraett_OCo_Advokatfiskalen_Jaemtlands_laen__1713_-b58e9491/0014_DSC_0447/r1l18,760,False,ok,0.3846,ok,0.3846,0.0
Svea_Hovraett_etc_export_job_4502444_855910_Svea_Hovraett_OCo_Advokatfiskalen_Jaemtlands_laen__1713_-b58e9491/0014_DSC_0447/r1l19,780,False,ok,0.2941,ok,0.2941,0.0
Svea_Hovraett_etc_export_job_4502444_855910_Svea_Hovraett_OCo_Advokatfiskalen_Jaemtlands_laen__1713_-b58e9491/0014_DSC_0447/r1l20,780,False,ok,0.2273,ok,0.2273,0.0
Svea_Hovraett_etc_export_job_4502444_855910_Svea_Hovraett_OCo_Advokatfiskalen_Jaemtlands_laen__1713_-b58e9491/0014_DSC_0447/r1l21,777,False,ok,0.2593,ok,0.2593,0.0
Svea_Hovraett_etc_export_job_4502444_855910_Svea_Hovraett_OCo_Advokatfiskalen_Jaemtlands_laen__1713_-b58e9491/0014_DSC_0447/r1l22,764,False,ok,0.3191,ok,0.3191,0.0
Svea_Hovraett_etc_export_job_4502444_855910_Svea_Hovraett_OCo_Advokatfiskalen_Jaemtlands_laen__1713_-b58e9491/0014_DSC_0447/r1l23,770,False,ok,0.3269,ok,0.3269,0.0
Svea_Hovraett_etc_export_job_4502444_855910_Svea_Hovraett_OCo_Advokatfiskalen_Jaemtlands_laen__1713_-b58e9491/0014_DSC_0447/r1l24,779,False,ok,0.4182,ok,0.4182,0.0
Svea_Hovraett_etc_export_job_4502444_855910_Svea_Hovraett_OCo_Advokatfiskalen_Jaemtlands_laen__1713_-b58e9491/0014_DSC_0447/r1l25,776,False,ok,0.24,ok,0.24,0.0
Svea_Hovraett_etc_export_job_4502444_855910_Svea_Hovraett_OCo_Advokatfiskalen_Jaemtlands_laen__1713_-b58e9491/0014_DSC_0447/r1l26,777,False,ok,0.3509,ok,0.3509,0.0
Svea_Hovraett_etc_export_job_4502444_855910_Svea_Hovraett_OCo_Advokatfiskalen_Jaemtlands_laen__1713_-b58e9491/0014_DSC_0447/r1l27,783,False,ok,0.1915,ok,0.1915,0.0
Svea_Hovraett_etc_export_job_4502444_855910_Svea_Hovraett_OCo_Advokatfiskalen_Jaemtlands_laen__1713_-b58e9491/0014_DSC_0447/r1l28,756,False,ok,0.1633,ok,0.1633,0.0
Svea_Hovraett_etc_export_job_4502444_855910_Svea_Hovraett_OCo_Advokatfiskalen_Jaemtlands_laen__1713_-b58e9491/0014_DSC_0447/r1l29,755,False,ok,0.5,ok,0.5,0.0
Svea_Hovraett_etc_export_job_4502444_855910_Svea_Hovraett_OCo_Advokatfiskalen_Jaemtlands_laen__1713_-b58e9491/0014_DSC_0447/r2l1,44,True,ok,1.0,empty,1.0,0.0
Svea_Hovraett_etc_export_job_4502444_855910_Svea_Hovraett_OCo_Advokatfiskalen_Jaemtlands_laen__1713_-b58e9491/0014_DSC_0447/r2l2,708,False,ok,0.6042,ok,0.6042,0.0
Svea_Hovraett_etc_export_job_4502444_855910_Svea_Hovraett_OCo_Advokatfiskalen_Jaemtlands_laen__1713_-b58e9491/0014_DSC_0447/r2l3,729,False,ok,0.2885,ok,0.2885,0.0
Svea_Hovraett_etc_export_job_4502444_855910_Svea_Hovraett_OCo_Advokatfiskalen_Jaemtlands_laen__1713_-b58e9491/0014_DSC_0447/r2l4,738,False,ok,0.2903,ok,0.2903,0.0
Svea_Hovraett_etc_export_job_4502444_855910_Svea_Hovraett_OCo_Advokatfiskalen_Jaemtlands_laen__1713_-b58e9491/0014_DSC_0447/r2l5,748,False,ok,0.339,ok,0.339,0.0
Svea_Hovraett_etc_export_job_4502444_855910_Svea_Hovraett_OCo_Advokatfiskalen_Jaemtlands_laen__1713_-b58e9491/0014_DSC_0447/r2l6,732,False,ok,0.2075,ok,0.2075,0.0
Svea_Hovraett_etc_export_job_4502444_855910_Svea_Hovraett_OCo_Advokatfiskalen_Jaemtlands_laen__1713_-b58e9491/0014_DSC_0447/r2l7,736,False,ok,0.2909,ok,0.2909,0.0
Svea_Hovraett_etc_export_job_4502444_855910_Svea_Hovraett_OCo_Advokatfiskalen_Jaemtlands_laen__1713_-b58e9491/0014_DSC_0447/r2l8,723,False,ok,0.2712,ok,0.2712,0.0
Svea_Hovraett_etc_export_job_4502444_855910_Svea_Hovraett_OCo_Advokatfiskalen_Jaemtlands_laen__1713_-b58e9491/0014_DSC_0447/r2l9,739,False,ok,0.4902,ok,0.4902,0.0
Svea_Hovraett_etc_export_job_4502444_855910_Svea_Hovraett_OCo_Advokatfiskalen_Jaemtlands_laen__1713_-b58e9491/0014_DSC_0447/r2l10,751,False,ok,0.2143,ok,0.2143,0.0
Svea_Hovraett_etc_export_job_4502444_855910_Svea_Hovraett_OCo_Advokatfiskalen_Jaemtlands_laen__1713_-b58e9491/0014_DSC_0447/r2l11,754,False,ok,0.4167,ok,0.4167,0.0
Svea_Hovraett_etc_export_job_4502444_855910_Svea_Hovraett_OCo_Advokatfiskalen_Jaemtlands_laen__1713_-b58e9491/0014_DSC_0447/r2l12,747,False,ok,0.2308,ok,0.2308,0.0
Svea_Hovraett_etc_export_job_4502444_855910_Svea_Hovraett_OCo_Advokatfiskalen_Jaemtlands_laen__1713_-b58e9491/0014_DSC_0447/r2l13,750,False,ok,0.1633,ok,0.1633,0.0
Svea_Hovraett_etc_export_job_4502444_855910_Svea_Hovraett_OCo_Advokatfiskalen_Jaemtlands_laen__1713_-b58e9491/0014_DSC_0447/r2l14,757,False,ok,0.1176,ok,0.1176,0.0
Svea_Hovraett_etc_export_job_4502444_855910_Svea_Hovraett_OCo_Advokatfiskalen_Jaemtlands_laen__1713_-b58e9491/0014_DSC_0447/r2l15,760,False,ok,0.2,ok,0.2,0.0
Svea_Hovraett_etc_export_job_4502444_855910_Svea_Hovraett_OCo_Advokatfiskalen_Jaemtlands_laen__1713_-b58e9491/0014_DSC_0447/r2l16,767,False,ok,0.3462,ok,0.3462,0.0
Svea_Hovraett_etc_export_job_4502444_855910_Svea_Hovraett_OCo_Advokatfiskalen_Jaemtlands_laen__1713_-b58e9491/0014_DSC_0447/r2l17,769,False,ok,0.383,ok,0.383,0.0
Svea_Hovraett_etc_export_job_4502444_855910_Svea_Hovraett_OCo_Advokatfiskalen_Jaemtlands_laen__1713_-b58e9491/0014_DSC_0447/r2l18,758,False,ok,0.1042,ok,0.1042,0.0
Svea_Hovraett_etc_export_job_4502444_855910_Svea_Hovraett_OCo_Advokatfiskalen_Jaemtlands_laen__1713_-b58e9491/0014_DSC_0447/r2l19,754,False,ok,0.1346,ok,0.1346,0.0
Svea_Hovraett_etc_export_job_4502444_855910_Svea_Hovraett_OCo_Advokatfiskalen_Jaemtlands_laen__1713_-b58e9491/0014_DSC_0447/r2l20,766,False,ok,0.1538,ok,0.1538,0.0
Svea_Hovraett_etc_export_job_4502444_855910_Svea_Hovraett_OCo_Advokatfiskalen_Jaemtlands_laen__1713_-b58e9491/0014_DSC_0447/r2l21,777,False,ok,0.22,ok,0.22,0.0
Svea_Hovraett_etc_export_job_4502444_855910_Svea_Hovraett_OCo_Advokatfiskalen_Jaemtlands_laen__1713_-b58e9491/0014_DSC_0447/r2l22,791,False,ok,0.14,ok,0.14,0.0
Svea_Hovraett_etc_export_job_4502444_855910_Svea_Hovraett_OCo_Advokatfiskalen_Jaemtlands_laen__1713_-b58e9491/0014_DSC_0447/r2l23,776,False,ok,0.3,ok,0.3,0.0
Svea_Hovraett_etc_export_job_4502444_855910_Svea_Hovraett_OCo_Advokatfiskalen_Jaemtlands_laen__1713_-b58e9491/0014_DSC_0447/r2l24,773,False,ok,0.1915,ok,0.1915,0.0
Svea_Hovraett_etc_export_job_4502444_855910_Svea_Hovraett_OCo_Advokatfiskalen_Jaemtlands_laen__1713_-b58e9491/0014_DSC_0447/r2l25,757,False,ok,0.4038,ok,0.4038,0.0
Svea_Hovraett_etc_export_job_4502444_855910_Svea_Hovraett_OCo_Advokatfiskalen_Jaemtlands_laen__1713_-b58e9491/0014_DSC_0447/r2l26,772,False,ok,0.4219,ok,0.4219,0.0
Svea_Hovraett_etc_export_job_4502444_855910_Svea_Hovraett_OCo_Advokatfiskalen_Jaemtlands_laen__1713_-b58e9491/0014_DSC_0447/r2l27,768,False,ok,0.2,ok,0.2,0.0
Svea_Hovraett_etc_export_job_4502444_855910_Svea_Hovraett_OCo_Advokatfiskalen_Jaemtlands_laen__1713_-b58e9491/0014_DSC_0447/line_1638969464173_423,718,False,ok,0.4054,ok,0.4054,0.0
Svea_Hovraett_etc_export_job_4502444_855910_Svea_Hovraett_OCo_Advokatfiskalen_Jaemtlands_laen__1713_-b58e9491/0015_DSC_0448/r1l1,90,True,ok,1.0,empty,1.0,0.0
Svea_Hovraett_etc_export_job_4502444_855910_Svea_Hovraett_OCo_Advokatfiskalen_Jaemtlands_laen__1713_-b58e9491/0015_DSC_0448/line_1638968198688_145,692,False,ok,0.4179,ok,0.4179,0.0
Svea_Hovraett_etc_export_job_4502444_855910_Svea_Hovraett_OCo_Advokatfiskalen_Jaemtlands_laen__1713_-b58e9491/0015_DSC_0448/r1l6,691,False,ok,0.34,ok,0.34,0.0
Svea_Hovraett_etc_export_job_4502444_855910_Svea_Hovraett_OCo_Advokatfiskalen_Jaemtlands_laen__1713_-b58e9491/0015_DSC_0448/r1l7,711,False,ok,0.3393,ok,0.3393,0.0
Svea_Hovraett_etc_export_job_4502444_855910_Svea_Hovraett_OCo_Advokatfiskalen_Jaemtlands_laen__1713_-b58e9491/0015_DSC_0448/r1l8,703,False,ok,0.3906,ok,0.3906,0.0
Svea_Hovraett_etc_export_job_4502444_855910_Svea_Hovraett_OCo_Advokatfiskalen_Jaemtlands_laen__1713_-b58e9491/0015_DSC_0448/r1l11,493,False,ok,0.4167,ok,0.4167,0.0
Svea_Hovraett_etc_export_job_4502444_855910_Svea_Hovraett_OCo_Advokatfiskalen_Jaemtlands_laen__1713_-b58e9491/0015_DSC_0448/r1l12,43,True,ok,0.6667,empty,1.0,0.3333
Svea_Hovraett_etc_export_job_4502444_855910_Svea_Hovraett_OCo_Advokatfiskalen_Jaemtlands_laen__1713_-b58e9491/0015_DSC_0448/r1l13,707,False,ok,0.4792,ok,0.4792,0.0
Svea_Hovraett_etc_export_job_4502444_855910_Svea_Hovraett_OCo_Advokatfiskalen_Jaemtlands_laen__1713_-b58e9491/0015_DSC_0448/r1l14,728,False,ok,0.2449,ok,0.2449,0.0
Svea_Hovraett_etc_export_job_4502444_855910_Svea_Hovraett_OCo_Advokatfiskalen_Jaemtlands_laen__1713_-b58e9491/0015_DSC_0448/r1l15,717,False,ok,0.1064,ok,0.1064,0.0
Svea_Hovraett_etc_export_job_4502444_855910_Svea_Hovraett_OCo_Advokatfiskalen_Jaemtlands_laen__1713_-b58e9491/0015_DSC_0448/r1l16,718,False,ok,0.3469,ok,0.3469,0.0
Svea_Hovraett_etc_export_job_4502444_855910_Svea_Hovraett_OCo_Advokatfiskalen_Jaemtlands_laen__1713_-b58e9491/0015_DSC_0448/r1l17,726,False,ok,0.5714,ok,0.5714,0.0
Svea_Hovraett_etc_export_job_4502444_855910_Svea_Hovraett_OCo_Advokatfiskalen_Jaemtlands_laen__1713_-b58e9491/0015_DSC_0448/r1l18,717,False,ok,0.3469,ok,0.3469,0.0
Svea_Hovraett_etc_export_job_4502444_855910_Svea_Hovraett_OCo_Advokatfiskalen_Jaemtlands_laen__1713_-b58e9491/0015_DSC_0448/r1l19,737,False,ok,0.26,ok,0.26,0.0
Svea_Hovraett_etc_export_job_4502444_855910_Svea_Hovraett_OCo_Advokatfiskalen_Jaemtlands_laen__1713_-b58e9491/0015_DSC_0448/r1l20,728,False,ok,0.3922,ok,0.3922,0.0
Svea_Hovraett_etc_export_job_4502444_855910_Svea_Hovraett_OCo_Advokatfiskalen_Jaemtlands_laen__1713_-b58e9491/0015_DSC_0448/r1l21,744,False,ok,0.2326,ok,0.2326,0.0
Svea_Hovraett_etc_export_job_4502444_855910_Svea_Hovraett_OCo_Advokatfiskalen_Jaemtlands_laen__1713_-b58e9491/0015_DSC_0448/r1l22,355,False,ok,0.0952,ok,0.0952,0.0
Svea_Hovraett_etc_export_job_4502444_855910_Svea_Hovraett_OCo_Advokatfiskalen_Jaemtlands_laen__1713_-b58e9491/0015_DSC_0448/r1l23,55,True,ok,1.0,empty,1.0,0.0
Svea_Hovraett_etc_export_job_4502444_855910_Svea_Hovraett_OCo_Advokatfiskalen_Jaemtlands_laen__1713_-b58e9491/0015_DSC_0448/r1l24,735,False,ok,0.3922,ok,0.3922,0.0
Svea_Hovraett_etc_export_job_4502444_855910_Svea_Hovraett_OCo_Advokatfiskalen_Jaemtlands_laen__1713_-b58e9491/0015_DSC_0448/r1l25,720,False,ok,0.4792,ok,0.4792,0.0
Svea_Hovraett_etc_export_job_4502444_855910_Svea_Hovraett_OCo_Advokatfiskalen_Jaemtlands_laen__1713_-b58e9491/0015_DSC_0448/r1l26,719,False,ok,0.3913,ok,0.3913,0.0
Svea_Hovraett_etc_export_job_4502444_855910_Svea_Hovraett_OCo_Advokatfiskalen_Jaemtlands_laen__1713_-b58e9491/0015_DSC_0448/r1l27,725,False,ok,0.4808,ok,0.4808,0.0
Svea_Hovraett_etc_export_job_4502444_855910_Svea_Hovraett_OCo_Advokatfiskalen_Jaemtlands_laen__1713_-b58e9491/0015_DSC_0448/r1l28,469,False,ok,0.1667,ok,0.1667,0.0
Svea_Hovraett_etc_export_job_4502444_855910_Svea_Hovraett_OCo_Advokatfiskalen_Jaemtlands_laen__1713_-b58e9491/0015_DSC_0448/r1l29,172,True,ok,0.6667,ok,0.5833,-0.0833
Svea_Hovraett_etc_export_job_4502444_855910_Svea_Hovraett_OCo_Advokatfiskalen_Jaemtlands_laen__1713_-b58e9491/0015_DSC_0448/r2l1,40,True,ok,1.0,empty,1.0,0.0
Svea_Hovraett_etc_export_job_4502444_855910_Svea_Hovraett_OCo_Advokatfiskalen_Jaemtlands_laen__1713_-b58e9491/0015_DSC_0448/r2l2,352,False,ok,0.5,ok,0.5,0.0
Svea_Hovraett_etc_export_job_4502444_855910_Svea_Hovraett_OCo_Advokatfiskalen_Jaemtlands_laen__1713_-b58e9491/0015_DSC_0448/r2l3,571,False,ok,0.3333,ok,0.3333,0.0
Svea_Hovraett_etc_export_job_4502444_855910_Svea_Hovraett_OCo_Advokatfiskalen_Jaemtlands_laen__1713_-b58e9491/0015_DSC_0448/r2l4,580,False,ok,0.1702,ok,0.1702,0.0
Svea_Hovraett_etc_export_job_4502444_855910_Svea_Hovraett_OCo_Advokatfiskalen_Jaemtlands_laen__1713_-b58e9491/0015_DSC_0448/r2l5,580,False,ok,0.4912,ok,0.4912,0.0
Svea_Hovraett_etc_export_job_4502444_855910_Svea_Hovraett_OCo_Advokatfiskalen_Jaemtlands_laen__1713_-b58e9491/0015_DSC_0448/r2l6,559,False,ok,0.4681,ok,0.4681,0.0
Svea_Hovraett_etc_export_job_4502444_855910_Svea_Hovraett_OCo_Advokatfiskalen_Jaemtlands_laen__1713_-b58e9491/0015_DSC_0448/line_1638968180290_130,676,False,ok,0.6957,ok,0.6957,0.0
Svea_Hovraett_etc_export_job_4502444_855910_Svea_Hovraett_OCo_Advokatfiskalen_Jaemtlands_laen__1713_-b58e9491/0015_DSC_0448/r2l9,542,False,ok,0.7907,ok,0.7907,0.0
Svea_Hovraett_etc_export_job_4502444_855910_Svea_Hovraett_OCo_Advokatfiskalen_Jaemtlands_laen__1713_-b58e9491/0015_DSC_0448/r2l10,548,False,ok,0.6327,ok,0.6327,0.0
Svea_Hovraett_etc_export_job_4502444_855910_Svea_Hovraett_OCo_Advokatfiskalen_Jaemtlands_laen__1713_-b58e9491/0015_DSC_0448/line_1638968187870_136,697,False,ok,0.434,ok,0.434,0.0
Svea_Hovraett_etc_export_job_4502444_855910_Svea_Hovraett_OCo_Advokatfiskalen_Jaemtlands_laen__1713_-b58e9491/0015_DSC_0448/r2l13,685,False,ok,0.3125,ok,0.3125,0.0
Svea_Hovraett_etc_export_job_4502444_855910_Svea_Hovraett_OCo_Advokatfiskalen_Jaemtlands_laen__1713_-b58e9491/0015_DSC_0448/r2l14,684,False,ok,0.2857,ok,0.2857,0.0
Svea_Hovraett_etc_export_job_4502444_855910_Svea_Hovraett_OCo_Advokatfiskalen_Jaemtlands_laen__1713_-b58e9491/0015_DSC_0448/r2l19,92,True,ok,0.1667,ok,0.5,0.3333
Svea_Hovraett_etc_export_job_4502444_855910_Svea_Hovraett_OCo_Advokatfiskalen_Jaemtlands_laen__1713_-b58e9491/0015_DSC_0448/r2l21,223,True,ok,0.7647,ok,0.8235,0.0588
Svea_Hovraett_etc_export_job_4502445_845640_Svea_Hovraett_-_Advokatfiskalen_Jaemtlands_laen__1702__3-6edbb12a/0001_DSC_0370/r1l1,185,True,ok,0.75,ok,0.75,0.0
Svea_Hovraett_etc_export_job_4502445_845640_Svea_Hovraett_-_Advokatfiskalen_Jaemtlands_laen__1702__3-6edbb12a/0001_DSC_0370/r2l1,79,True,ok,0.6667,empty,1.0,0.3333
Svea_Hovraett_etc_export_job_4502445_845640_Svea_Hovraett_-_Advokatfiskalen_Jaemtlands_laen__1702__3-6edbb12a/0001_DSC_0370/r2l2,632,False,ok,0.5122,ok,0.5122,0.0
Svea_Hovraett_etc_export_job_4502445_845640_Svea_Hovraett_-_Advokatfiskalen_Jaemtlands_laen__1702__3-6edbb12a/0001_DSC_0370/r2l3,615,False,ok,0.7812,ok,0.7812,0.0
Svea_Hovraett_etc_export_job_4502445_845640_Svea_Hovraett_-_Advokatfiskalen_Jaemtlands_laen__1702__3-6edbb12a/0001_DSC_0370/r2l4,645,False,ok,0.5,ok,0.5,0.0
Svea_Hovraett_etc_export_job_4502445_845640_Svea_Hovraett_-_Advokatfiskalen_Jaemtlands_laen__1702__3-6edbb12a/0001_DSC_0370/r2l5,629,False,ok,0.2581,ok,0.2581,0.0
Svea_Hovraett_etc_export_job_4502445_845640_Svea_Hovraett_-_Advokatfiskalen_Jaemtlands_laen__1702__3-6edbb12a/0001_DSC_0370/r2l6,626,False,ok,0.1538,ok,0.1538,0.0
Svea_Hovraett_etc_export_job_4502445_845640_Svea_Hovraett_-_Advokatfiskalen_Jaemtlands_laen__1702__3-6edbb12a/0001_DSC_0370/r2l7,639,False,ok,0.2903,ok,0.2903,0.0
Svea_Hovraett_etc_export_job_4502445_845640_Svea_Hovraett_-_Advokatfiskalen_Jaemtlands_laen__1702__3-6edbb12a/0001_DSC_0370/r2l9,805,False,ok,0.8478,ok,0.8478,0.0
Svea_Hovraett_etc_export_job_4502445_845640_Svea_Hovraett_-_Advokatfiskalen_Jaemtlands_laen__1702__3-6edbb12a/0001_DSC_0370/r2l10,793,False,ok,0.5854,ok,0.5854,0.0
Svea_Hovraett_etc_export_job_4502445_845640_Svea_Hovraett_-_Advokatfiskalen_Jaemtlands_laen__1702__3-6edbb12a/0001_DSC_0370/r2l11,709,False,ok,0.5,ok,0.5,0.0
Svea_Hovraett_etc_export_job_4502445_845640_Svea_Hovraett_-_Advokatfiskalen_Jaemtlands_laen__1702__3-6edbb12a/0001_DSC_0370/r2l12,721,False,ok,0.3784,ok,0.3784,0.0
Svea_Hovraett_etc_export_job_4502445_845640_Svea_Hovraett_-_Advokatfiskalen_Jaemtlands_laen__1702__3-6edbb12a/0001_DSC_0370/r2l13,718,False,ok,0.8409,ok,0.8409,0.0
Svea_Hovraett_etc_export_job_4502445_845640_Svea_Hovraett_-_Advokatfiskalen_Jaemtlands_laen__1702__3-6edbb12a/0001_DSC_0370/r2l14,749,False,ok,0.4286,ok,0.4286,0.0
Svea_Hovraett_etc_export_job_4502445_845640_Svea_Hovraett_-_Advokatfiskalen_Jaemtlands_laen__1702__3-6edbb12a/0001_DSC_0370/r2l15,747,False,ok,0.4054,ok,0.4054,0.0
Svea_Hovraett_etc_export_job_4502445_845640_Svea_Hovraett_-_Advokatfiskalen_Jaemtlands_laen__1702__3-6edbb12a/0001_DSC_0370/r2l16,770,False,ok,0.2727,ok,0.2727,0.0
Svea_Hovraett_etc_export_job_4502445_845640_Svea_Hovraett_-_Advokatfiskalen_Jaemtlands_laen__1702__3-6edbb12a/0001_DSC_0370/r2l17,756,False,ok,0.3,ok,0.3,0.0
Svea_Hovraett_etc_export_job_4502445_845640_Svea_Hovraett_-_Advokatfiskalen_Jaemtlands_laen__1702__3-6edbb12a/0001_DSC_0370/r2l18,765,False,ok,0.2821,ok,0.2821,0.0
Svea_Hovraett_etc_export_job_4502445_845640_Svea_Hovraett_-_Advokatfiskalen_Jaemtlands_laen__1702__3-6edbb12a/0001_DSC_0370/r2l19,773,False,ok,0.1351,ok,0.1351,0.0
Svea_Hovraett_etc_export_job_4502445_845640_Svea_Hovraett_-_Advokatfiskalen_Jaemtlands_laen__1702__3-6edbb12a/0001_DSC_0370/r2l20,769,False,ok,0.2703,ok,0.2703,0.0
Svea_Hovraett_etc_export_job_4502445_845640_Svea_Hovraett_-_Advokatfiskalen_Jaemtlands_laen__1702__3-6edbb12a/0001_DSC_0370/r2l21,762,False,ok,0.4615,ok,0.4615,0.0
Svea_Hovraett_etc_export_job_4502445_845640_Svea_Hovraett_-_Advokatfiskalen_Jaemtlands_laen__1702__3-6edbb12a/0001_DSC_0370/r2l22,782,False,ok,0.2162,ok,0.2162,0.0
Svea_Hovraett_etc_export_job_4502445_845640_Svea_Hovraett_-_Advokatfiskalen_Jaemtlands_laen__1702__3-6edbb12a/0001_DSC_0370/r2l23,772,False,ok,0.5116,ok,0.5116,0.0
Svea_Hovraett_etc_export_job_4502445_845640_Svea_Hovraett_-_Advokatfiskalen_Jaemtlands_laen__1702__3-6edbb12a/0001_DSC_0370/r2l24,144,True,ok,1.0,empty,1.0,0.0
Svea_Hovraett_etc_export_job_4502445_845640_Svea_Hovraett_-_Advokatfiskalen_Jaemtlands_laen__1702__3-6edbb12a/0002_DSC_0371/r1l1,643,False,ok,0.6176,ok,0.6176,0.0
Svea_Hovraett_etc_export_job_4502445_845640_Svea_Hovraett_-_Advokatfiskalen_Jaemtlands_laen__1702__3-6edbb12a/0002_DSC_0371/r1l2,675,False,ok,0.8286,ok,0.8286,0.0
Svea_Hovraett_etc_export_job_4502445_845640_Svea_Hovraett_-_Advokatfiskalen_Jaemtlands_laen__1702__3-6edbb12a/0002_DSC_0371/r1l3,673,False,ok,0.68,ok,0.68,0.0
Svea_Hovraett_etc_export_job_4502445_845640_Svea_Hovraett_-_Advokatfiskalen_Jaemtlands_laen__1702__3-6edbb12a/0002_DSC_0371/r1l4,679,False,ok,0.3103,ok,0.3103,0.0
Svea_Hovraett_etc_export_job_4502445_845640_Svea_Hovraett_-_Advokatfiskalen_Jaemtlands_laen__1702__3-6edbb12a/0002_DSC_0371/r1l5,686,False,ok,0.4839,ok,0.4839,0.0
Svea_Hovraett_etc_export_job_4502445_845640_Svea_Hovraett_-_Advokatfiskalen_Jaemtlands_laen__1702__3-6edbb12a/0002_DSC_0371/r1l6,680,False,ok,0.4516,ok,0.4516,0.0
Svea_Hovraett_etc_export_job_4502445_845640_Svea_Hovraett_-_Advokatfiskalen_Jaemtlands_laen__1702__3-6edbb12a/0002_DSC_0371/r1l7,824,False,ok,0.7,ok,0.7,0.0
Svea_Hovraett_etc_export_job_4502445_845640_Svea_Hovraett_-_Advokatfiskalen_Jaemtlands_laen__1702__3-6edbb12a/0002_DSC_0371/r1l8,335,False,ok,0.1818,ok,0.1818,0.0
Svea_Hovraett_etc_export_job_4502445_845640_Svea_Hovraett_-_Advokatfiskalen_Jaemtlands_laen__1702__3-6edbb12a/0002_DSC_0371/r1l9,861,False,ok,0.6176,ok,0.6176,0.0
Svea_Hovraett_etc_export_job_4502445_845640_Svea_Hovraett_-_Advokatfiskalen_Jaemtlands_laen__1702__3-6edbb12a/0002_DSC_0371/r1l10,743,False,ok,0.5641,ok,0.5641,0.0
Svea_Hovraett_etc_export_job_4502445_845640_Svea_Hovraett_-_Advokatfiskalen_Jaemtlands_laen__1702__3-6edbb12a/0002_DSC_0371/r1l11,746,False,ok,0.2941,ok,0.2941,0.0
Svea_Hovraett_etc_export_job_4502445_845640_Svea_Hovraett_-_Advokatfiskalen_Jaemtlands_laen__1702__3-6edbb12a/0002_DSC_0371/r1l12,765,False,ok,0.2,ok,0.2,0.0
Svea_Hovraett_etc_export_job_4502445_845640_Svea_Hovraett_-_Advokatfiskalen_Jaemtlands_laen__1702__3-6edbb12a/0002_DSC_0371/r1l13,761,False,ok,0.2571,ok,0.2571,0.0
Svea_Hovraett_etc_export_job_4502445_845640_Svea_Hovraett_-_Advokatfiskalen_Jaemtlands_laen__1702__3-6edbb12a/0002_DSC_0371/r1l14,626,False,ok,0.0,ok,0.0,0.0
Svea_Hovraett_etc_export_job_4502445_845640_Svea_Hovraett_-_Advokatfiskalen_Jaemtlands_laen__1702__3-6edbb12a/0002_DSC_0371/r1l15,768,False,ok,0.2188,ok,0.2188,0.0
Svea_Hovraett_etc_export_job_4502445_845640_Svea_Hovraett_-_Advokatfiskalen_Jaemtlands_laen__1702__3-6edbb12a/0002_DSC_0371/r1l16,767,False,ok,0.1905,ok,0.1905,0.0
Svea_Hovraett_etc_export_job_4502445_845640_Svea_Hovraett_-_Advokatfiskalen_Jaemtlands_laen__1702__3-6edbb12a/0002_DSC_0371/r1l17,791,False,ok,0.0333,ok,0.0333,0.0
Svea_Hovraett_etc_export_job_4502445_845640_Svea_Hovraett_-_Advokatfiskalen_Jaemtlands_laen__1702__3-6edbb12a/0002_DSC_0371/r1l18,790,False,ok,0.2727,ok,0.2727,0.0
Svea_Hovraett_etc_export_job_4502445_845640_Svea_Hovraett_-_Advokatfiskalen_Jaemtlands_laen__1702__3-6edbb12a/0002_DSC_0371/r1l19,106,True,empty,1.0,ok,1.0,0.0
Svea_Hovraett_etc_export_job_4502445_845640_Svea_Hovraett_-_Advokatfiskalen_Jaemtlands_laen__1702__3-6edbb12a/0002_DSC_0371/r2l1,81,True,ok,1.0,empty,1.0,0.0
Svea_Hovraett_etc_export_job_4502445_845640_Svea_Hovraett_-_Advokatfiskalen_Jaemtlands_laen__1702__3-6edbb12a/0002_DSC_0371/r2l2,599,False,ok,0.5833,ok,0.5833,0.0
Svea_Hovraett_etc_export_job_4502445_845640_Svea_Hovraett_-_Advokatfiskalen_Jaemtlands_laen__1702__3-6edbb12a/0002_DSC_0371/r2l3,663,False,ok,0.4595,ok,0.4595,0.0
Svea_Hovraett_etc_export_job_4502445_845640_Svea_Hovraett_-_Advokatfiskalen_Jaemtlands_laen__1702__3-6edbb12a/0002_DSC_0371/r2l4,688,False,ok,0.6471,ok,0.6471,0.0
Svea_Hovraett_etc_export_job_4502445_845640_Svea_Hovraett_-_Advokatfiskalen_Jaemtlands_laen__1702__3-6edbb12a/0002_DSC_0371/r2l5,686,False,ok,0.5,ok,0.5,0.0
Svea_Hovraett_etc_export_job_4502445_845640_Svea_Hovraett_-_Advokatfiskalen_Jaemtlands_laen__1702__3-6edbb12a/0002_DSC_0371/r2l6,684,False,ok,0.4615,ok,0.4615,0.0
Svea_Hovraett_etc_export_job_4502445_845640_Svea_Hovraett_-_Advokatfiskalen_Jaemtlands_laen__1702__3-6edbb12a/0002_DSC_0371/r2l7,684,False,ok,0.4054,ok,0.4054,0.0
Svea_Hovraett_etc_export_job_4502445_845640_Svea_Hovraett_-_Advokatfiskalen_Jaemtlands_laen__1702__3-6edbb12a/0002_DSC_0371/r2l8,692,False,ok,0.3143,ok,0.3143,0.0
Svea_Hovraett_etc_export_job_4502445_845640_Svea_Hovraett_-_Advokatfiskalen_Jaemtlands_laen__1702__3-6edbb12a/0002_DSC_0371/r2l9,673,False,ok,0.2581,ok,0.2581,0.0
Svea_Hovraett_etc_export_job_4502445_845640_Svea_Hovraett_-_Advokatfiskalen_Jaemtlands_laen__1702__3-6edbb12a/0002_DSC_0371/r2l10,700,False,ok,0.3243,ok,0.3243,0.0
Svea_Hovraett_etc_export_job_4502445_845640_Svea_Hovraett_-_Advokatfiskalen_Jaemtlands_laen__1702__3-6edbb12a/0002_DSC_0371/r2l11,726,False,ok,0.3548,ok,0.3548,0.0
Svea_Hovraett_etc_export_job_4502445_845640_Svea_Hovraett_-_Advokatfiskalen_Jaemtlands_laen__1702__3-6edbb12a/0002_DSC_0371/r2l12,723,False,ok,0.5,ok,0.5,0.0
Svea_Hovraett_etc_export_job_4502445_845640_Svea_Hovraett_-_Advokatfiskalen_Jaemtlands_laen__1702__3-6edbb12a/0002_DSC_0371/r2l13,718,False,ok,0.3056,ok,0.3056,0.0
Svea_Hovraett_etc_export_job_4502445_845640_Svea_Hovraett_-_Advokatfiskalen_Jaemtlands_laen__1702__3-6edbb12a/0002_DSC_0371/r2l14,694,False,ok,0.1944,ok,0.1944,0.0
Svea_Hovraett_etc_export_job_4502445_845640_Svea_Hovraett_-_Advokatfiskalen_Jaemtlands_laen__1702__3-6edbb12a/0002_DSC_0371/r2l15,685,False,ok,0.1613,ok,0.1613,0.0
Svea_Hovraett_etc_export_job_4502445_845640_Svea_Hovraett_-_Advokatfiskalen_Jaemtlands_laen__1702__3-6edbb12a/0002_DSC_0371/r2l16,741,False,ok,0.1389,ok,0.1389,0.0
Svea_Hovraett_etc_export_job_4502445_845640_Svea_Hovraett_-_Advokatfiskalen_Jaemtlands_laen__1702__3-6edbb12a/0002_DSC_0371/r2l17,749,False,ok,0.0286,ok,0.0286,0.0
Svea_Hovraett_etc_export_job_4502445_845640_Svea_Hovraett_-_Advokatfiskalen_Jaemtlands_laen__1702__3-6edbb12a/0002_DSC_0371/r2l18,755,False,ok,0.1053,ok,0.1053,0.0
Svea_Hovraett_etc_export_job_4502445_845640_Svea_Hovraett_-_Advokatfiskalen_Jaemtlands_laen__1702__3-6edbb12a/0002_DSC_0371/r2l19,751,False,ok,0.1515,ok,0.1515,0.0
Svea_Hovraett_etc_export_job_4502445_845640_Svea_Hovraett_-_Advokatfiskalen_Jaemtlands_laen__1702__3-6edbb12a/0002_DSC_0371/r2l20,735,False,ok,0.2222,ok,0.2222,0.0
Svea_Hovraett_etc_export_job_4502445_845640_Svea_Hovraett_-_Advokatfiskalen_Jaemtlands_laen__1702__3-6edbb12a/0002_DSC_0371/r2l21,774,False,ok,0.2188,ok,0.2188,0.0
Svea_Hovraett_etc_export_job_4502445_845640_Svea_Hovraett_-_Advokatfiskalen_Jaemtlands_laen__1702__3-6edbb12a/0002_DSC_0371/r2l22,755,False,ok,0.1667,ok,0.1667,0.0
Svea_Hovraett_etc_export_job_4502445_845640_Svea_Hovraett_-_Advokatfiskalen_Jaemtlands_laen__1702__3-6edbb12a/0002_DSC_0371/r2l23,138,True,ok,0.6,ok,0.6,0.0
Svea_Hovraett_etc_export_job_4502445_845640_Svea_Hovraett_-_Advokatfiskalen_Jaemtlands_laen__1702__3-6edbb12a/0003_DSC_0372/r1l1,717,False,ok,0.3824,ok,0.3824,0.0
Svea_Hovraett_etc_export_job_4502445_845640_Svea_Hovraett_-_Advokatfiskalen_Jaemtlands_laen__1702__3-6edbb12a/0003_DSC_0372/r1l2,705,False,ok,0.4545,ok,0.4545,0.0
Svea_Hovraett_etc_export_job_4502445_845640_Svea_Hovraett_-_Advokatfiskalen_Jaemtlands_laen__1702__3-6edbb12a/0003_DSC_0372/r1l3,703,False,ok,0.3429,ok,0.3429,0.0
Svea_Hovraett_etc_export_job_4502445_845640_Svea_Hovraett_-_Advokatfiskalen_Jaemtlands_laen__1702__3-6edbb12a/0003_DSC_0372/r1l4,720,False,ok,0.1379,ok,0.1379,0.0
Svea_Hovraett_etc_export_job_4502445_845640_Svea_Hovraett_-_Advokatfiskalen_Jaemtlands_laen__1702__3-6edbb12a/0003_DSC_0372/r1l5,768,False,ok,0.1538,ok,0.1538,0.0
Svea_Hovraett_etc_export_job_4502445_845640_Svea_Hovraett_-_Advokatfiskalen_Jaemtlands_laen__1702__3-6edbb12a/0003_DSC_0372/r1l6,695,False,ok,0.0857,ok,0.0857,0.0
Svea_Hovraett_etc_export_job_4502445_845640_Svea_Hovraett_-_Advokatfiskalen_Jaemtlands_laen__1702__3-6edbb12a/0003_DSC_0372/r1l7,759,False,ok,0.0588,ok,0.0588,0.0
Svea_Hovraett_etc_export_job_4502445_845640_Svea_Hovraett_-_Advokatfiskalen_Jaemtlands_laen__1702__3-6edbb12a/0003_DSC_0372/r1l8,759,False,ok,0.0667,ok,0.0667,0.0
Svea_Hovraett_etc_export_job_4502445_845640_Svea_Hovraett_-_Advokatfiskalen_Jaemtlands_laen__1702__3-6edbb12a/0003_DSC_0372/r1l9,782,False,ok,0.1351,ok,0.1351,0.0
Svea_Hovraett_etc_export_job_4502445_845640_Svea_Hovraett_-_Advokatfiskalen_Jaemtlands_laen__1702__3-6edbb12a/0003_DSC_0372/r1l11,750,False,ok,0.1471,ok,0.1471,0.0
Svea_Hovraett_etc_export_job_4502445_845640_Svea_Hovraett_-_Advokatfiskalen_Jaemtlands_laen__1702__3-6edbb12a/0003_DSC_0372/r1l12,770,False,ok,0.1081,ok,0.1081,0.0
Svea_Hovraett_etc_export_job_4502445_845640_Svea_Hovraett_-_Advokatfiskalen_Jaemtlands_laen__1702__3-6edbb12a/0003_DSC_0372/r1l13,764,False,ok,0.027,ok,0.027,0.0
Svea_Hovraett_etc_export_job_4502445_845640_Svea_Hovraett_-_Advokatfiskalen_Jaemtlands_laen__1702__3-6edbb12a/0003_DSC_0372/r1l14,782,False,ok,0.1212,ok,0.1212,0.0
Svea_Hovraett_etc_export_job_4502445_845640_Svea_Hovraett_-_Advokatfiskalen_Jaemtlands_laen__1702__3-6edbb12a/0003_DSC_0372/r1l15,764,False,ok,0.1111,ok,0.1111,0.0
Svea_Hovraett_etc_export_job_4502445_845640_Svea_Hovraett_-_Advokatfiskalen_Jaemtlands_laen__1702__3-6edbb12a/0003_DSC_0372/r1l16,757,False,ok,0.1389,ok,0.1389,0.0
Svea_Hovraett_etc_export_job_4502445_845640_Svea_Hovraett_-_Advokatfiskalen_Jaemtlands_laen__1702__3-6edbb12a/0003_DSC_0372/r1l17,774,False,ok,0.0667,ok,0.0667,0.0
Svea_Hovraett_etc_export_job_4502445_845640_Svea_Hovraett_-_Advokatfiskalen_Jaemtlands_laen__1702__3-6edbb12a/0003_DSC_0372/r1l18,782,False,ok,0.1333,ok,0.1333,0.0
Svea_Hovraett_etc_export_job_4502445_845640_Svea_Hovraett_-_Advokatfiskalen_Jaemtlands_laen__1702__3-6edbb12a/0003_DSC_0372/r1l19,784,False,ok,0.0968,ok,0.0968,0.0
Svea_Hovraett_etc_export_job_4502445_845640_Svea_Hovraett_-_Advokatfiskalen_Jaemtlands_laen__1702__3-6edbb12a/0003_DSC_0372/r1l20,800,False,ok,0.0968,ok,0.0968,0.0
Svea_Hovraett_etc_export_job_4502445_845640_Svea_Hovraett_-_Advokatfiskalen_Jaemtlands_laen__1702__3-6edbb12a/0003_DSC_0372/r1l22,860,False,ok,0.0625,ok,0.0625,0.0
Svea_Hovraett_etc_export_job_4502445_845640_Svea_Hovraett_-_Advokatfiskalen_Jaemtlands_laen__1702__3-6edbb12a/0003_DSC_0372/r1l23,125,True,ok,1.0,ok,1.0,0.0
Svea_Hovraett_etc_export_job_4502445_845640_Svea_Hovraett_-_Advokatfiskalen_Jaemtlands_laen__1702__3-6edbb12a/0003_DSC_0372/r2l1,99,True,ok,1.0,empty,1.0,0.0
Svea_Hovraett_etc_export_job_4502445_845640_Svea_Hovraett_-_Advokatfiskalen_Jaemtlands_laen__1702__3-6edbb12a/0003_DSC_0372/r2l2,693,False,ok,0.8462,ok,0.8462,0.0
Svea_Hovraett_etc_export_job_4502445_845640_Svea_Hovraett_-_Advokatfiskalen_Jaemtlands_laen__1702__3-6edbb12a/0003_DSC_0372/r2l3,679,False,ok,0.875,ok,0.875,0.0
Svea_Hovraett_etc_export_job_4502445_845640_Svea_Hovraett_-_Advokatfiskalen_Jaemtlands_laen__1702__3-6edbb12a/0003_DSC_0372/r2l4,686,False,ok,0.8333,ok,0.8333,0.0
Svea_Hovraett_etc_export_job_4502445_845640_Svea_Hovraett_-_Advokatfiskalen_Jaemtlands_laen__1702__3-6edbb12a/0003_DSC_0372/r2l5,627,False,ok,0.75,ok,0.75,0.0
Svea_Hovraett_etc_export_job_4502445_845640_Svea_Hovraett_-_Advokatfiskalen_Jaemtlands_laen__1702__3-6edbb12a/0003_DSC_0372/r2l6,697,False,ok,0.8235,ok,0.8235,0.0
Svea_Hovraett_etc_export_job_4502445_845640_Svea_Hovraett_-_Advokatfiskalen_Jaemtlands_laen__1702__3-6edbb12a/0003_DSC_0372/r2l7,709,False,ok,0.8286,ok,0.8286,0.0
Svea_Hovraett_etc_export_job_4502445_845640_Svea_Hovraett_-_Advokatfiskalen_Jaemtlands_laen__1702__3-6edbb12a/0003_DSC_0372/r2l8,707,False,ok,0.4359,ok,0.4359,0.0
Svea_Hovraett_etc_export_job_4502445_845640_Svea_Hovraett_-_Advokatfiskalen_Jaemtlands_laen__1702__3-6edbb12a/0003_DSC_0372/r2l9,729,False,ok,0.5135,ok,0.5135,0.0
Svea_Hovraett_etc_export_job_4502445_845640_Svea_Hovraett_-_Advokatfiskalen_Jaemtlands_laen__1702__3-6edbb12a/0003_DSC_0372/r2l10,744,False,ok,0.75,ok,0.75,0.0
Svea_Hovraett_etc_export_job_4502445_845640_Svea_Hovraett_-_Advokatfiskalen_Jaemtlands_laen__1702__3-6edbb12a/0003_DSC_0372/r2l12,728,False,ok,0.4242,ok,0.4242,0.0
Svea_Hovraett_etc_export_job_4502445_845640_Svea_Hovraett_-_Advokatfiskalen_Jaemtlands_laen__1702__3-6edbb12a/0003_DSC_0372/r2l13,767,False,ok,0.2162,ok,0.2162,0.0
Svea_Hovraett_etc_export_job_4502445_845640_Svea_Hovraett_-_Advokatfiskalen_Jaemtlands_laen__1702__3-6edbb12a/0003_DSC_0372/r2l14,764,False,ok,0.2258,ok,0.2258,0.0
Svea_Hovraett_etc_export_job_4502445_845640_Svea_Hovraett_-_Advokatfiskalen_Jaemtlands_laen__1702__3-6edbb12a/0003_DSC_0372/r2l15,773,False,ok,0.2632,ok,0.2632,0.0
Svea_Hovraett_etc_export_job_4502445_845640_Svea_Hovraett_-_Advokatfiskalen_Jaemtlands_laen__1702__3-6edbb12a/0003_DSC_0372/r2l16,761,False,ok,0.2432,ok,0.2432,0.0
Svea_Hovraett_etc_export_job_4502445_845640_Svea_Hovraett_-_Advokatfiskalen_Jaemtlands_laen__1702__3-6edbb12a/0003_DSC_0372/r2l17,759,False,ok,0.325,ok,0.325,0.0
Svea_Hovraett_etc_export_job_4502445_845640_Svea_Hovraett_-_Advokatfiskalen_Jaemtlands_laen__1702__3-6edbb12a/0003_DSC_0372/r2l18,771,False,ok,0.0909,ok,0.0909,0.0
Svea_Hovraett_etc_export_job_4502445_845640_Svea_Hovraett_-_Advokatfiskalen_Jaemtlands_laen__1702__3-6edbb12a/0003_DSC_0372/r2l19,763,False,ok,0.1795,ok,0.1795,0.0
Svea_Hovraett_etc_export_job_4502445_845640_Svea_Hovraett_-_Advokatfiskalen_Jaemtlands_laen__1702__3-6edbb12a/0003_DSC_0372/r2l20,749,False,ok,0.25,ok,0.25,0.0
Svea_Hovraett_etc_export_job_4502445_845640_Svea_Hovraett_-_Advokatfiskalen_Jaemtlands_laen__1702__3-6edbb12a/0003_DSC_0372/r2l21,792,False,ok,0.125,ok,0.125,0.0
Svea_Hovraett_etc_export_job_4502445_845640_Svea_Hovraett_-_Advokatfiskalen_Jaemtlands_laen__1702__3-6edbb12a/0003_DSC_0372/r2l22,824,False,ok,0.2821,ok,0.2821,0.0
Svea_Hovraett_etc_export_job_4502445_845640_Svea_Hovraett_-_Advokatfiskalen_Jaemtlands_laen__1702__3-6edbb12a/0003_DSC_0372/r2l23,814,False,ok,0.2353,ok,0.2353,0.0
Svea_Hovraett_etc_export_job_4502445_845640_Svea_Hovraett_-_Advokatfiskalen_Jaemtlands_laen__1702__3-6edbb12a/0003_DSC_0372/r2l24,78,True,empty,1.0,empty,1.0,0.0
Svea_Hovraett_etc_export_job_4502445_845640_Svea_Hovraett_-_Advokatfiskalen_Jaemtlands_laen__1702__3-6edbb12a/0004_DSC_0374/r1l1,713,False,ok,0.6389,ok,0.6389,0.0
Svea_Hovraett_etc_export_job_4502445_845640_Svea_Hovraett_-_Advokatfiskalen_Jaemtlands_laen__1702__3-6edbb12a/0004_DSC_0374/r1l2,703,False,ok,0.7097,ok,0.7097,0.0
Svea_Hovraett_etc_export_job_4502445_845640_Svea_Hovraett_-_Advokatfiskalen_Jaemtlands_laen__1702__3-6edbb12a/0004_DSC_0374/r1l3,717,False,ok,0.8824,ok,0.8824,0.0
Svea_Hovraett_etc_export_job_4502445_845640_Svea_Hovraett_-_Advokatfiskalen_Jaemtlands_laen__1702__3-6edbb12a/0004_DSC_0374/r1l4,705,False,ok,0.6571,ok,0.6571,0.0
Svea_Hovraett_etc_export_job_4502445_845640_Svea_Hovraett_-_Advokatfiskalen_Jaemtlands_laen__1702__3-6edbb12a/0004_DSC_0374/r1l5,587,False,ok,0.6667,ok,0.6667,0.0
Svea_Hovraett_etc_export_job_4502445_845640_Svea_Hovraett_-_Advokatfiskalen_Jaemtlands_laen__1702__3-6edbb12a/0004_DSC_0374/r1l6,750,False,ok,0.7879,ok,0.7879,0.0
Svea_Hovraett_etc_export_job_4502445_845640_Svea_Hovraett_-_Advokatfiskalen_Jaemtlands_laen__1702__3-6edbb12a/0004_DSC_0374/r1l7,726,False,ok,0.6333,ok,0.6333,0.0
Svea_Hovraett_etc_export_job_4502445_845640_Svea_Hovraett_-_Advokatfiskalen_Jaemtlands_laen__1702__3-6edbb12a/0004_DSC_0374/r1l8,767,False,ok,0.3529,ok,0.3529,0.0
Svea_Hovraett_etc_export_job_4502445_845640_Svea_Hovraett_-_Advokatfiskalen_Jaemtlands_laen__1702__3-6edbb12a/0004_DSC_0374/r1l9,725,False,ok,0.1667,ok,0.1667,0.0
Svea_Hovraett_etc_export_job_4502445_845640_Svea_Hovraett_-_Advokatfiskalen_Jaemtlands_laen__1702__3-6edbb12a/0004_DSC_0374/r1l10,736,False,ok,0.4839,ok,0.4839,0.0
Svea_Hovraett_etc_export_job_4502445_845640_Svea_Hovraett_-_Advokatfiskalen_Jaemtlands_laen__1702__3-6edbb12a/0004_DSC_0374/r1l11,710,False,ok,0.5,ok,0.5,0.0
Svea_Hovraett_etc_export_job_4502445_845640_Svea_Hovraett_-_Advokatfiskalen_Jaemtlands_laen__1702__3-6edbb12a/0004_DSC_0374/r1l12,710,False,ok,0.4667,ok,0.4667,0.0
Svea_Hovraett_etc_export_job_4502445_845640_Svea_Hovraett_-_Advokatfiskalen_Jaemtlands_laen__1702__3-6edbb12a/0004_DSC_0374/r1l13,765,False,ok,0.5833,ok,0.5833,0.0
Svea_Hovraett_etc_export_job_4502445_845640_Svea_Hovraett_-_Advokatfiskalen_Jaemtlands_laen__1702__3-6edbb12a/0004_DSC_0374/r1l14,769,False,ok,0.2857,ok,0.2857,0.0
Svea_Hovraett_etc_export_job_4502445_845640_Svea_Hovraett_-_Advokatfiskalen_Jaemtlands_laen__1702__3-6edbb12a/0004_DSC_0374/r1l15,775,False,ok,0.2812,ok,0.2812,0.0
Svea_Hovraett_etc_export_job_4502445_845640_Svea_Hovraett_-_Advokatfiskalen_Jaemtlands_laen__1702__3-6edbb12a/0004_DSC_0374/r1l16,774,False,ok,0.2,ok,0.2,0.0
Svea_Hovraett_etc_export_job_4502445_845640_Svea_Hovraett_-_Advokatfiskalen_Jaemtlands_laen__1702__3-6edbb12a/0004_DSC_0374/r1l17,785,False,ok,0.1351,ok,0.1351,0.0
Svea_Hovraett_etc_export_job_4502445_845640_Svea_Hovraett_-_Advokatfiskalen_Jaemtlands_laen__1702__3-6edbb12a/0004_DSC_0374/r1l19,809,False,ok,0.0,ok,0.0,0.0
Svea_Hovraett_etc_export_job_4502445_845640_Svea_Hovraett_-_Advokatfiskalen_Jaemtlands_laen__1702__3-6edbb12a/0004_DSC_0374/r1l20,811,False,ok,0.1714,ok,0.1714,0.0
Svea_Hovraett_etc_export_job_4502445_845640_Svea_Hovraett_-_Advokatfiskalen_Jaemtlands_laen__1702__3-6edbb12a/0004_DSC_0374/r1l23,790,False,ok,0.1818,ok,0.1818,0.0
Svea_Hovraett_etc_export_job_4502445_845640_Svea_Hovraett_-_Advokatfiskalen_Jaemtlands_laen__1702__3-6edbb12a/0004_DSC_0374/r1l24,826,False,ok,0.303,ok,0.303,0.0
Svea_Hovraett_etc_export_job_4502445_845640_Svea_Hovraett_-_Advokatfiskalen_Jaemtlands_laen__1702__3-6edbb12a/0004_DSC_0374/r1l25,128,True,ok,0.8571,ok,0.7143,-0.1429
Svea_Hovraett_etc_export_job_4502445_845640_Svea_Hovraett_-_Advokatfiskalen_Jaemtlands_laen__1702__3-6edbb12a/0004_DSC_0374/r2l1,59,True,ok,0.3333,ok,0.3333,0.0
Svea_Hovraett_etc_export_job_4502445_845640_Svea_Hovraett_-_Advokatfiskalen_Jaemtlands_laen__1702__3-6edbb12a/0004_DSC_0374/r2l2,654,False,ok,0.5938,ok,0.5938,0.0
Svea_Hovraett_etc_export_job_4502445_845640_Svea_Hovraett_-_Advokatfiskalen_Jaemtlands_laen__1702__3-6edbb12a/0004_DSC_0374/r2l3,671,False,ok,0.8438,ok,0.8438,0.0
Svea_Hovraett_etc_export_job_4502445_845640_Svea_Hovraett_-_Advokatfiskalen_Jaemtlands_laen__1702__3-6edbb12a/0004_DSC_0374/r2l4,666,False,ok,0.5833,ok,0.5833,0.0
Svea_Hovraett_etc_export_job_4502445_845640_Svea_Hovraett_-_Advokatfiskalen_Jaemtlands_laen__1702__3-6edbb12a/0004_DSC_0374/r2l5,689,False,ok,0.6216,ok,0.6216,0.0
Svea_Hovraett_etc_export_job_4502445_845640_Svea_Hovraett_-_Advokatfiskalen_Jaemtlands_laen__1702__3-6edbb12a/0004_DSC_0374/r2l6,687,False,ok,0.6,ok,0.6,0.0
Svea_Hovraett_etc_export_job_4502445_845640_Svea_Hovraett_-_Advokatfiskalen_Jaemtlands_laen__1702__3-6edbb12a/0004_DSC_0374/r2l7,688,False,ok,0.4286,ok,0.4286,0.0
Svea_Hovraett_etc_export_job_4502445_845640_Svea_Hovraett_-_Advokatfiskalen_Jaemtlands_laen__1702__3-6edbb12a/0004_DSC_0374/r2l8,673,False,ok,0.4444,ok,0.4444,0.0
Svea_Hovraett_etc_export_job_4502445_845640_Svea_Hovraett_-_Advokatfiskalen_Jaemtlands_laen__1702__3-6edbb12a/0004_DSC_0374/r2l9,679,False,ok,0.2571,ok,0.2571,0.0
Svea_Hovraett_etc_export_job_4502445_845640_Svea_Hovraett_-_Advokatfiskalen_Jaemtlands_laen__1702__3-6edbb12a/0004_DSC_0374/r2l10,682,False,ok,0.1875,ok,0.1875,0.0
Svea_Hovraett_etc_export_job_4502445_845640_Svea_Hovraett_-_Advokatfiskalen_Jaemtlands_laen__1702__3-6edbb12a/0004_DSC_0374/r2l11,673,False,ok,0.2333,ok,0.2333,0.0
Svea_Hovraett_etc_export_job_4502445_845640_Svea_Hovraett_-_Advokatfiskalen_Jaemtlands_laen__1702__3-6edbb12a/0004_DSC_0374/r2l12,688,False,ok,0.1562,ok,0.1562,0.0
Svea_Hovraett_etc_export_job_4502445_845640_Svea_Hovraett_-_Advokatfiskalen_Jaemtlands_laen__1702__3-6edbb12a/0004_DSC_0374/r2l13,693,False,ok,0.0968,ok,0.0968,0.0
Svea_Hovraett_etc_export_job_4502445_845640_Svea_Hovraett_-_Advokatfiskalen_Jaemtlands_laen__1702__3-6edbb12a/0004_DSC_0374/r2l14,693,False,ok,0.2812,ok,0.2812,0.0
Svea_Hovraett_etc_export_job_4502445_845640_Svea_Hovraett_-_Advokatfiskalen_Jaemtlands_laen__1702__3-6edbb12a/0004_DSC_0374/r2l15,721,False,ok,0.1892,ok,0.1892,0.0
Svea_Hovraett_etc_export_job_4502445_845640_Svea_Hovraett_-_Advokatfiskalen_Jaemtlands_laen__1702__3-6edbb12a/0004_DSC_0374/r2l16,716,False,ok,0.1667,ok,0.1667,0.0
Svea_Hovraett_etc_export_job_4502445_845640_Svea_Hovraett_-_Advokatfiskalen_Jaemtlands_laen__1702__3-6edbb12a/0004_DSC_0374/r2l17,709,False,ok,0.1515,ok,0.1515,0.0
Svea_Hovraett_etc_export_job_4502445_845640_Svea_Hovraett_-_Advokatfiskalen_Jaemtlands_laen__1702__3-6edbb12a/0004_DSC_0374/r2l18,743,False,ok,0.2162,ok,0.2162,0.0
Svea_Hovraett_etc_export_job_4502445_845640_Svea_Hovraett_-_Advokatfiskalen_Jaemtlands_laen__1702__3-6edbb12a/0004_DSC_0374/r2l19,714,False,ok,0.2759,ok,0.2759,0.0
Svea_Hovraett_etc_export_job_4502445_845640_Svea_Hovraett_-_Advokatfiskalen_Jaemtlands_laen__1702__3-6edbb12a/0004_DSC_0374/r2l20,744,False,ok,0.3103,ok,0.3103,0.0
Svea_Hovraett_etc_export_job_4502445_845640_Svea_Hovraett_-_Advokatfiskalen_Jaemtlands_laen__1702__3-6edbb12a/0004_DSC_0374/r2l21,772,False,ok,0.1562,ok,0.1562,0.0
Svea_Hovraett_etc_export_job_4502445_845640_Svea_Hovraett_-_Advokatfiskalen_Jaemtlands_laen__1702__3-6edbb12a/0004_DSC_0374/r2l22,774,False,ok,0.125,ok,0.125,0.0
Svea_Hovraett_etc_export_job_4502445_845640_Svea_Hovraett_-_Advokatfiskalen_Jaemtlands_laen__1702__3-6edbb12a/0004_DSC_0374/r2l23,153,True,ok,1.0,ok,1.0,0.0
Svea_Hovraett_etc_export_job_4502445_845640_Svea_Hovraett_-_Advokatfiskalen_Jaemtlands_laen__1702__3-6edbb12a/0005_DSC_0375/r1l1,685,False,ok,0.1515,ok,0.1515,0.0
Svea_Hovraett_etc_export_job_4502445_845640_Svea_Hovraett_-_Advokatfiskalen_Jaemtlands_laen__1702__3-6edbb12a/0005_DSC_0375/r1l2,707,False,ok,0.1579,ok,0.1579,0.0
Svea_Hovraett_etc_export_job_4502445_845640_Svea_Hovraett_-_Advokatfiskalen_Jaemtlands_laen__1702__3-6edbb12a/0005_DSC_0375/r1l3,551,False,ok,0.0741,ok,0.0741,0.0
Svea_Hovraett_etc_export_job_4502445_845640_Svea_Hovraett_-_Advokatfiskalen_Jaemtlands_laen__1702__3-6edbb12a/0005_DSC_0375/r1l4,739,False,ok,0.2308,ok,0.2308,0.0
Svea_Hovraett_etc_export_job_4502445_845640_Svea_Hovraett_-_Advokatfiskalen_Jaemtlands_laen__1702__3-6edbb12a/0005_DSC_0375/r1l5,715,False,ok,0.225,ok,0.225,0.0
Svea_Hovraett_etc_export_job_4502445_845640_Svea_Hovraett_-_Advokatfiskalen_Jaemtlands_laen__1702__3-6edbb12a/0005_DSC_0375/r1l6,738,False,ok,0.2727,ok,0.2727,0.0
Svea_Hovraett_etc_export_job_4502445_845640_Svea_Hovraett_-_Advokatfiskalen_Jaemtlands_laen__1702__3-6edbb12a/0005_DSC_0375/r1l8,709,False,ok,0.1053,ok,0.1053,0.0
Svea_Hovraett_etc_export_job_4502445_845640_Svea_Hovraett_-_Advokatfiskalen_Jaemtlands_laen__1702__3-6edbb12a/0005_DSC_0375/r1l9,738,False,ok,0.0882,ok,0.0882,0.0
Svea_Hovraett_etc_export_job_4502445_845640_Svea_Hovraett_-_Advokatfiskalen_Jaemtlands_laen__1702__3-6edbb12a/0005_DSC_0375/r1l10,752,False,ok,0.3333,ok,0.3333,0.0
Svea_Hovraett_etc_export_job_4502445_845640_Svea_Hovraett_-_Advokatfiskalen_Jaemtlands_laen__1702__3-6edbb12a/0005_DSC_0375/r1l11,747,False,ok,0.0556,ok,0.0556,0.0
Svea_Hovraett_etc_export_job_4502445_845640_Svea_Hovraett_-_Advokatfiskalen_Jaemtlands_laen__1702__3-6edbb12a/0005_DSC_0375/r1l12,753,False,ok,0.2703,ok,0.2703,0.0
Svea_Hovraett_etc_export_job_4502445_845640_Svea_Hovraett_-_Advokatfiskalen_Jaemtlands_laen__1702__3-6edbb12a/0005_DSC_0375/r1l13,761,False,ok,0.0968,ok,0.0968,0.0
Svea_Hovraett_etc_export_job_4502445_845640_Svea_Hovraett_-_Advokatfiskalen_Jaemtlands_laen__1702__3-6edbb12a/0005_DSC_0375/r1l14,768,False,ok,0.2432,ok,0.2432,0.0
Svea_Hovraett_etc_export_job_4502445_845640_Svea_Hovraett_-_Advokatfiskalen_Jaemtlands_laen__1702__3-6edbb12a/0005_DSC_0375/r1l15,780,False,ok,0.2222,ok,0.2222,0.0
Svea_Hovraett_etc_export_job_4502445_845640_Svea_Hovraett_-_Advokatfiskalen_Jaemtlands_laen__1702__3-6edbb12a/0005_DSC_0375/r1l16,765,False,ok,0.0303,ok,0.0303,0.0
Svea_Hovraett_etc_export_job_4502445_845640_Svea_Hovraett_-_Advokatfiskalen_Jaemtlands_laen__1702__3-6edbb12a/0005_DSC_0375/r1l17,775,False,ok,0.0938,ok,0.0938,0.0
Svea_Hovraett_etc_export_job_4502445_845640_Svea_Hovraett_-_Advokatfiskalen_Jaemtlands_laen__1702__3-6edbb12a/0005_DSC_0375/r1l18,760,False,ok,0.1471,ok,0.1471,0.0
Svea_Hovraett_etc_export_job_4502445_845640_Svea_Hovraett_-_Advokatfiskalen_Jaemtlands_laen__1702__3-6edbb12a/0005_DSC_0375/r1l19,784,False,ok,0.0811,ok,0.0811,0.0
Svea_Hovraett_etc_export_job_4502445_845640_Svea_Hovraett_-_Advokatfiskalen_Jaemtlands_laen__1702__3-6edbb12a/0005_DSC_0375/r1l20,784,False,ok,0.0938,ok,0.0938,0.0
Svea_Hovraett_etc_export_job_4502445_845640_Svea_Hovraett_-_Advokatfiskalen_Jaemtlands_laen__1702__3-6edbb12a/0005_DSC_0375/r1l21,778,False,ok,0.1818,ok,0.1818,0.0
Svea_Hovraett_etc_export_job_4502445_845640_Svea_Hovraett_-_Advokatfiskalen_Jaemtlands_laen__1702__3-6edbb12a/0005_DSC_0375/r1l22,790,False,ok,0.0345,ok,0.0345,0.0
Svea_Hovraett_etc_export_job_4502445_845640_Svea_Hovraett_-_Advokatfiskalen_Jaemtlands_laen__1702__3-6edbb12a/0005_DSC_0375/r1l23,86,True,empty,1.0,ok,0.6667,-0.3333
Svea_Hovraett_etc_export_job_4502445_845640_Svea_Hovraett_-_Advokatfiskalen_Jaemtlands_laen__1702__3-6edbb12a/0005_DSC_0375/r2l1,87,True,ok,0.3333,ok,0.0,-0.3333
Svea_Hovraett_etc_export_job_4502445_845640_Svea_Hovraett_-_Advokatfiskalen_Jaemtlands_laen__1702__3-6edbb12a/0005_DSC_0375/r2l2,646,False,ok,0.8,ok,0.8,0.0
Svea_Hovraett_etc_export_job_4502445_845640_Svea_Hovraett_-_Advokatfiskalen_Jaemtlands_laen__1702__3-6edbb12a/0005_DSC_0375/r2l3,689,False,ok,0.8919,ok,0.8919,0.0
Svea_Hovraett_etc_export_job_4502445_845640_Svea_Hovraett_-_Advokatfiskalen_Jaemtlands_laen__1702__3-6edbb12a/0005_DSC_0375/line_1638196940561_385,657,False,ok,0.7097,ok,0.7097,0.0
Svea_Hovraett_etc_export_job_4502445_845640_Svea_Hovraett_-_Advokatfiskalen_Jaemtlands_laen__1702__3-6edbb12a/0005_DSC_0375/r2l6,668,False,ok,0.8,ok,0.8,0.0
Svea_Hovraett_etc_export_job_4502445_845640_Svea_Hovraett_-_Advokatfiskalen_Jaemtlands_laen__1702__3-6edbb12a/0005_DSC_0375/r2l7,553,False,ok,0.8621,ok,0.8621,0.0
Svea_Hovraett_etc_export_job_4502445_845640_Svea_Hovraett_-_Advokatfiskalen_Jaemtlands_laen__1702__3-6edbb12a/0005_DSC_0375/r2l8,671,False,ok,0.8421,ok,0.8421,0.0
Svea_Hovraett_etc_export_job_4502445_845640_Svea_Hovraett_-_Advokatfiskalen_Jaemtlands_laen__1702__3-6edbb12a/0005_DSC_0375/r2l9,676,False,ok,0.5,ok,0.5,0.0
Svea_Hovraett_etc_export_job_4502445_845640_Svea_Hovraett_-_Advokatfiskalen_Jaemtlands_laen__1702__3-6edbb12a/0005_DSC_0375/r2l10,679,False,ok,0.7879,ok,0.7879,0.0
Svea_Hovraett_etc_export_job_4502445_845640_Svea_Hovraett_-_Advokatfiskalen_Jaemtlands_laen__1702__3-6edbb12a/0005_DSC_0375/r2l11,679,False,ok,0.2941,ok,0.2941,0.0
Svea_Hovraett_etc_export_job_4502445_845640_Svea_Hovraett_-_Advokatfiskalen_Jaemtlands_laen__1702__3-6edbb12a/0005_DSC_0375/r2l12,680,False,ok,0.3056,ok,0.3056,0.0
Svea_Hovraett_etc_export_job_4502445_845640_Svea_Hovraett_-_Advokatfiskalen_Jaemtlands_laen__1702__3-6edbb12a/0005_DSC_0375/r2l13,686,False,ok,0.2286,ok,0.2286,0.0
Svea_Hovraett_etc_export_job_4502445_845640_Svea_Hovraett_-_Advokatfiskalen_Jaemtlands_laen__1702__3-6edbb12a/0005_DSC_0375/r2l14,713,False,ok,0.3438,ok,0.3438,0.0
Svea_Hovraett_etc_export_job_4502445_845640_Svea_Hovraett_-_Advokatfiskalen_Jaemtlands_laen__1702__3-6edbb12a/0005_DSC_0375/r2l15,706,False,ok,0.2647,ok,0.2647,0.0
Svea_Hovraett_etc_export_job_4502445_845640_Svea_Hovraett_-_Advokatfiskalen_Jaemtlands_laen__1702__3-6edbb12a/0005_DSC_0375/r2l16,703,False,ok,0.2188,ok,0.2188,0.0
Svea_Hovraett_etc_export_job_4502445_845640_Svea_Hovraett_-_Advokatfiskalen_Jaemtlands_laen__1702__3-6edbb12a/0005_DSC_0375/r2l17,725,False,ok,0.2571,ok,0.2571,0.0
Svea_Hovraett_etc_export_job_4502445_845640_Svea_Hovraett_-_Advokatfiskalen_Jaemtlands_laen__1702__3-6edbb12a/0005_DSC_0375/r2l18,727,False,ok,0.3784,ok,0.3784,0.0
Svea_Hovraett_etc_export_job_4502445_845640_Svea_Hovraett_-_Advokatfiskalen_Jaemtlands_laen__1702__3-6edbb12a/0005_DSC_0375/r2l19,724,False,ok,0.1667,ok,0.1667,0.0
Svea_Hovraett_etc_export_job_4502445_845640_Svea_Hovraett_-_Advokatfiskalen_Jaemtlands_laen__1702__3-6edbb12a/0005_DSC_0375/r2l20,710,False,ok,0.25,ok,0.25,0.0
Svea_Hovraett_etc_export_job_4502445_845640_Svea_Hovraett_-_Advokatfiskalen_Jaemtlands_laen__1702__3-6edbb12a/0005_DSC_0375/r2l22,99,True,empty,1.0,ok,1.0,0.0
Svea_Hovraett_etc_export_job_4502445_845640_Svea_Hovraett_-_Advokatfiskalen_Jaemtlands_laen__1702__3-6edbb12a/0005_DSC_0375/r2l23,727,False,ok,0.4865,ok,0.4865,0.0
Svea_Hovraett_etc_export_job_4502445_845640_Svea_Hovraett_-_Advokatfiskalen_Jaemtlands_laen__1702__3-6edbb12a/0005_DSC_0375/r2l24,721,False,ok,0.6389,ok,0.6389,0.0
Svea_Hovraett_etc_export_job_4502445_845640_Svea_Hovraett_-_Advokatfiskalen_Jaemtlands_laen__1702__3-6edbb12a/0005_DSC_0375/r2l25,159,True,empty,1.0,empty,1.0,0.0
Svea_Hovraett_etc_export_job_4502445_845640_Svea_Hovraett_-_Advokatfiskalen_Jaemtlands_laen__1702__3-6edbb12a/0006_DSC_0377/r1l1,614,False,ok,0.2564,ok,0.2564,0.0
Svea_Hovraett_etc_export_job_4502445_845640_Svea_Hovraett_-_Advokatfiskalen_Jaemtlands_laen__1702__3-6edbb12a/0006_DSC_0377/r1l2,636,False,ok,0.4375,ok,0.4375,0.0
Svea_Hovraett_etc_export_job_4502445_845640_Svea_Hovraett_-_Advokatfiskalen_Jaemtlands_laen__1702__3-6edbb12a/0006_DSC_0377/r1l3,654,False,ok,0.3158,ok,0.3158,0.0
Svea_Hovraett_etc_export_job_4502445_845640_Svea_Hovraett_-_Advokatfiskalen_Jaemtlands_laen__1702__3-6edbb12a/0006_DSC_0377/r1l4,650,False,ok,0.2727,ok,0.2727,0.0
Svea_Hovraett_etc_export_job_4502445_845640_Svea_Hovraett_-_Advokatfiskalen_Jaemtlands_laen__1702__3-6edbb12a/0006_DSC_0377/r1l5,650,False,ok,0.3871,ok,0.3871,0.0
Svea_Hovraett_etc_export_job_4502445_845640_Svea_Hovraett_-_Advokatfiskalen_Jaemtlands_laen__1702__3-6edbb12a/0006_DSC_0377/r1l6,647,False,ok,0.1667,ok,0.1667,0.0
Svea_Hovraett_etc_export_job_4502445_845640_Svea_Hovraett_-_Advokatfiskalen_Jaemtlands_laen__1702__3-6edbb12a/0006_DSC_0377/r1l7,680,False,ok,0.2973,ok,0.2973,0.0
Svea_Hovraett_etc_export_job_4502445_845640_Svea_Hovraett_-_Advokatfiskalen_Jaemtlands_laen__1702__3-6edbb12a/0006_DSC_0377/r1l8,688,False,ok,0.2778,ok,0.2778,0.0
Svea_Hovraett_etc_export_job_4502445_845640_Svea_Hovraett_-_Advokatfiskalen_Jaemtlands_laen__1702__3-6edbb12a/0006_DSC_0377/r1l9,681,False,ok,0.125,ok,0.125,0.0
Svea_Hovraett_etc_export_job_4502445_845640_Svea_Hovraett_-_Advokatfiskalen_Jaemtlands_laen__1702__3-6edbb12a/0006_DSC_0377/r1l10,179,True,ok,0.1111,ok,0.1111,0.0
Svea_Hovraett_etc_export_job_4502445_845640_Svea_Hovraett_-_Advokatfiskalen_Jaemtlands_laen__1702__3-6edbb12a/0006_DSC_0377/r1l11,701,False,ok,0.3784,ok,0.3784,0.0
Svea_Hovraett_etc_export_job_4502445_845640_Svea_Hovraett_-_Advokatfiskalen_Jaemtlands_laen__1702__3-6edbb12a/0006_DSC_0377/r1l12,716,False,ok,0.2353,ok,0.2353,0.0
Svea_Hovraett_etc_export_job_4502445_845640_Svea_Hovraett_-_Advokatfiskalen_Jaemtlands_laen__1702__3-6edbb12a/0006_DSC_0377/r1l13,724,False,ok,0.0,ok,0.0,0.0
Svea_Hovraett_etc_export_job_4502445_845640_Svea_Hovraett_-_Advokatfiskalen_Jaemtlands_laen__1702__3-6edbb12a/0006_DSC_0377/r1l14,713,False,ok,0.0667,ok,0.0667,0.0
Svea_Hovraett_etc_export_job_4502445_845640_Svea_Hovraett_-_Advokatfiskalen_Jaemtlands_laen__1702__3-6edbb12a/0006_DSC_0377/r1l16,609,False,ok,0.12,ok,0.12,0.0
Svea_Hovraett_etc_export_job_4502445_845640_Svea_Hovraett_-_Advokatfiskalen_Jaemtlands_laen__1702__3-6edbb12a/0006_DSC_0377/r1l17,729,False,ok,0.0909,ok,0.0909,0.0
Svea_Hovraett_etc_export_job_4502445_845640_Svea_Hovraett_-_Advokatfiskalen_Jaemtlands_laen__1702__3-6edbb12a/0006_DSC_0377/r1l18,742,False,ok,0.0625,ok,0.0625,0.0
Svea_Hovraett_etc_export_job_4502445_845640_Svea_Hovraett_-_Advokatfiskalen_Jaemtlands_laen__1702__3-6edbb12a/0006_DSC_0377/r1l19,736,False,ok,0.0968,ok,0.0968,0.0
Svea_Hovraett_etc_export_job_4502445_845640_Svea_Hovraett_-_Advokatfiskalen_Jaemtlands_laen__1702__3-6edbb12a/0006_DSC_0377/r1l20,736,False,ok,0.0857,ok,0.0857,0.0
Svea_Hovraett_etc_export_job_4502445_845640_Svea_Hovraett_-_Advokatfiskalen_Jaemtlands_laen__1702__3-6edbb12a/0006_DSC_0377/r1l21,733,False,ok,0.0606,ok,0.0606,0.0
Svea_Hovraett_etc_export_job_4502445_845640_Svea_Hovraett_-_Advokatfiskalen_Jaemtlands_laen__1702__3-6edbb12a/0006_DSC_0377/r1l22,779,False,ok,0.2121,ok,0.2121,0.0
Svea_Hovraett_etc_export_job_4502445_845640_Svea_Hovraett_-_Advokatfiskalen_Jaemtlands_laen__1702__3-6edbb12a/0006_DSC_0377/r1l23,93,True,ok,1.0,ok,0.5,-0.5
Svea_Hovraett_etc_export_job_4502445_845640_Svea_Hovraett_-_Advokatfiskalen_Jaemtlands_laen__1702__3-6edbb12a/0006_DSC_0377/r2l1,656,False,ok,0.8205,ok,0.8205,0.0
Svea_Hovraett_etc_export_job_4502445_845640_Svea_Hovraett_-_Advokatfiskalen_Jaemtlands_laen__1702__3-6edbb12a/0006_DSC_0377/r2l2,637,False,ok,0.5,ok,0.5,0.0
Svea_Hovraett_etc_export_job_4502445_845640_Svea_Hovraett_-_Advokatfiskalen_Jaemtlands_laen__1702__3-6edbb12a/0006_DSC_0377/r2l3,599,False,ok,0.5429,ok,0.5429,0.0
Svea_Hovraett_etc_export_job_4502445_845640_Svea_Hovraett_-_Advokatfiskalen_Jaemtlands_laen__1702__3-6edbb12a/0006_DSC_0377/r2l5,642,False,ok,0.7059,ok,0.7059,0.0
Svea_Hovraett_etc_export_job_4502445_845640_Svea_Hovraett_-_Advokatfiskalen_Jaemtlands_laen__1702__3-6edbb12a/0006_DSC_0377/r2l6,655,False,ok,0.7568,ok,0.7568,0.0
Svea_Hovraett_etc_export_job_4502445_845640_Svea_Hovraett_-_Advokatfiskalen_Jaemtlands_laen__1702__3-6edbb12a/0006_DSC_0377/r2l7,649,False,ok,0.3235,ok,0.3235,0.0
Svea_Hovraett_etc_export_job_4502445_845640_Svea_Hovraett_-_Advokatfiskalen_Jaemtlands_laen__1702__3-6edbb12a/0006_DSC_0377/r2l8,695,False,ok,0.4872,ok,0.4872,0.0
Svea_Hovraett_etc_export_job_4502445_845640_Svea_Hovraett_-_Advokatfiskalen_Jaemtlands_laen__1702__3-6edbb12a/0006_DSC_0377/r2l9,660,False,ok,0.5,ok,0.5,0.0
Svea_Hovraett_etc_export_job_4502445_845640_Svea_Hovraett_-_Advokatfiskalen_Jaemtlands_laen__1702__3-6edbb12a/0006_DSC_0377/r2l10,688,False,ok,0.5,ok,0.5,0.0
Svea_Hovraett_etc_export_job_4502445_845640_Svea_Hovraett_-_Advokatfiskalen_Jaemtlands_laen__1702__3-6edbb12a/0006_DSC_0377/r2l11,664,False,ok,0.1515,ok,0.1515,0.0
Svea_Hovraett_etc_export_job_4502445_845640_Svea_Hovraett_-_Advokatfiskalen_Jaemtlands_laen__1702__3-6edbb12a/0006_DSC_0377/r2l12,563,False,ok,0.2222,ok,0.2222,0.0
Svea_Hovraett_etc_export_job_4502445_845640_Svea_Hovraett_-_Advokatfiskalen_Jaemtlands_laen__1702__3-6edbb12a/0006_DSC_0377/r2l13,693,False,ok,0.3125,ok,0.3125,0.0
Svea_Hovraett_etc_export_job_4502445_845640_Svea_Hovraett_-_Advokatfiskalen_Jaemtlands_laen__1702__3-6edbb12a/0006_DSC_0377/r2l15,323,False,ok,0.4118,ok,0.4118,0.0
Svea_Hovraett_etc_export_job_4502445_845640_Svea_Hovraett_-_Advokatfiskalen_Jaemtlands_laen__1702__3-6edbb12a/0006_DSC_0377/r2l16,689,False,ok,0.2857,ok,0.2857,0.0
Svea_Hovraett_etc_export_job_4502445_845640_Svea_Hovraett_-_Advokatfiskalen_Jaemtlands_laen__1702__3-6edbb12a/0006_DSC_0377/r2l17,708,False,ok,0.2571,ok,0.2571,0.0
Svea_Hovraett_etc_export_job_4502445_845640_Svea_Hovraett_-_Advokatfiskalen_Jaemtlands_laen__1702__3-6edbb12a/0006_DSC_0377/r2l18,671,False,ok,0.3235,ok,0.3235,0.0
Svea_Hovraett_etc_export_job_4502445_845640_Svea_Hovraett_-_Advokatfiskalen_Jaemtlands_laen__1702__3-6edbb12a/0006_DSC_0377/r2l19,701,False,ok,0.2059,ok,0.2059,0.0
Svea_Hovraett_etc_export_job_4502445_845640_Svea_Hovraett_-_Advokatfiskalen_Jaemtlands_laen__1702__3-6edbb12a/0006_DSC_0377/r2l20,696,False,ok,0.3429,ok,0.3429,0.0
Svea_Hovraett_etc_export_job_4502445_845640_Svea_Hovraett_-_Advokatfiskalen_Jaemtlands_laen__1702__3-6edbb12a/0006_DSC_0377/r2l21,719,False,ok,0.3333,ok,0.3333,0.0
Svea_Hovraett_etc_export_job_4502445_845640_Svea_Hovraett_-_Advokatfiskalen_Jaemtlands_laen__1702__3-6edbb12a/0006_DSC_0377/r2l22,695,False,ok,0.3333,ok,0.3333,0.0
Svea_Hovraett_etc_export_job_4502445_845640_Svea_Hovraett_-_Advokatfiskalen_Jaemtlands_laen__1702__3-6edbb12a/0006_DSC_0377/r2l23,735,False,ok,0.2051,ok,0.2051,0.0
Svea_Hovraett_etc_export_job_4502445_845640_Svea_Hovraett_-_Advokatfiskalen_Jaemtlands_laen__1702__3-6edbb12a/0006_DSC_0377/r2l24,104,True,ok,0.8,empty,1.0,0.2
Svea_Hovraett_etc_export_job_4502445_845640_Svea_Hovraett_-_Advokatfiskalen_Jaemtlands_laen__1702__3-6edbb12a/0007_DSC_0378/r1l1,646,False,ok,0.8108,ok,0.8108,0.0
Svea_Hovraett_etc_export_job_4502445_845640_Svea_Hovraett_-_Advokatfiskalen_Jaemtlands_laen__1702__3-6edbb12a/0007_DSC_0378/r1l2,654,False,ok,0.8286,ok,0.8286,0.0
Svea_Hovraett_etc_export_job_4502445_845640_Svea_Hovraett_-_Advokatfiskalen_Jaemtlands_laen__1702__3-6edbb12a/0007_DSC_0378/r1l3,654,False,ok,0.9118,ok,0.9118,0.0
Svea_Hovraett_etc_export_job_4502445_845640_Svea_Hovraett_-_Advokatfiskalen_Jaemtlands_laen__1702__3-6edbb12a/0007_DSC_0378/r1l4,627,False,ok,0.3793,ok,0.3793,0.0
Svea_Hovraett_etc_export_job_4502445_845640_Svea_Hovraett_-_Advokatfiskalen_Jaemtlands_laen__1702__3-6edbb12a/0007_DSC_0378/r1l5,659,False,ok,0.25,ok,0.25,0.0
Svea_Hovraett_etc_export_job_4502445_845640_Svea_Hovraett_-_Advokatfiskalen_Jaemtlands_laen__1702__3-6edbb12a/0007_DSC_0378/r1l6,672,False,ok,0.75,ok,0.75,0.0
Svea_Hovraett_etc_export_job_4502445_845640_Svea_Hovraett_-_Advokatfiskalen_Jaemtlands_laen__1702__3-6edbb12a/0007_DSC_0378/r1l7,706,False,ok,0.4667,ok,0.4667,0.0
Svea_Hovraett_etc_export_job_4502445_845640_Svea_Hovraett_-_Advokatfiskalen_Jaemtlands_laen__1702__3-6edbb12a/0007_DSC_0378/r1l8,667,False,ok,0.3571,ok,0.3571,0.0
Svea_Hovraett_etc_export_job_4502445_845640_Svea_Hovraett_-_Advokatfiskalen_Jaemtlands_laen__1702__3-6edbb12a/0007_DSC_0378/r1l9,651,False,ok,0.2963,ok,0.2963,0.0
Svea_Hovraett_etc_export_job_4502445_845640_Svea_Hovraett_-_Advokatfiskalen_Jaemtlands_laen__1702__3-6edbb12a/0007_DSC_0378/r1l10,656,False,ok,0.25,ok,0.25,0.0
Svea_Hovraett_etc_export_job_4502445_845640_Svea_Hovraett_-_Advokatfiskalen_Jaemtlands_laen__1702__3-6edbb12a/0007_DSC_0378/r1l11,668,False,ok,0.4516,ok,0.4516,0.0
Svea_Hovraett_etc_export_job_4502445_845640_Svea_Hovraett_-_Advokatfiskalen_Jaemtlands_laen__1702__3-6edbb12a/0007_DSC_0378/r1l12,679,False,ok,0.3871,ok,0.3871,0.0
Svea_Hovraett_etc_export_job_4502445_845640_Svea_Hovraett_-_Advokatfiskalen_Jaemtlands_laen__1702__3-6edbb12a/0007_DSC_0378/r1l13,701,False,ok,0.2258,ok,0.2258,0.0
Svea_Hovraett_etc_export_job_4502445_845640_Svea_Hovraett_-_Advokatfiskalen_Jaemtlands_laen__1702__3-6edbb12a/0007_DSC_0378/r1l14,709,False,ok,0.3636,ok,0.3636,0.0
Svea_Hovraett_etc_export_job_4502445_845640_Svea_Hovraett_-_Advokatfiskalen_Jaemtlands_laen__1702__3-6edbb12a/0007_DSC_0378/r1l15,706,False,ok,0.2727,ok,0.2727,0.0
Svea_Hovraett_etc_export_job_4502445_845640_Svea_Hovraett_-_Advokatfiskalen_Jaemtlands_laen__1702__3-6edbb12a/0007_DSC_0378/r1l16,698,False,ok,0.2812,ok,0.2812,0.0
Svea_Hovraett_etc_export_job_4502445_845640_Svea_Hovraett_-_Advokatfiskalen_Jaemtlands_laen__1702__3-6edbb12a/0007_DSC_0378/r1l18,93,True,ok,1.0,empty,1.0,0.0
Svea_Hovraett_etc_export_job_4502445_845640_Svea_Hovraett_-_Advokatfiskalen_Jaemtlands_laen__1702__3-6edbb12a/0007_DSC_0378/r1l19,700,False,ok,0.2,ok,0.2,0.0
Svea_Hovraett_etc_export_job_4502445_845640_Svea_Hovraett_-_Advokatfiskalen_Jaemtlands_laen__1702__3-6edbb12a/0007_DSC_0378/r1l20,739,False,ok,0.1667,ok,0.1667,0.0
Svea_Hovraett_etc_export_job_4502445_845640_Svea_Hovraett_-_Advokatfiskalen_Jaemtlands_laen__1702__3-6edbb12a/0007_DSC_0378/r1l21,741,False,ok,0.2059,ok,0.2059,0.0
Svea_Hovraett_etc_export_job_4502445_845640_Svea_Hovraett_-_Advokatfiskalen_Jaemtlands_laen__1702__3-6edbb12a/0007_DSC_0378/r1l22,727,False,ok,0.3235,ok,0.3235,0.0
Svea_Hovraett_etc_export_job_4502445_845640_Svea_Hovraett_-_Advokatfiskalen_Jaemtlands_laen__1702__3-6edbb12a/0007_DSC_0378/r1l23,106,True,ok,1.0,ok,0.8,-0.2
Svea_Hovraett_etc_export_job_4502445_845640_Svea_Hovraett_-_Advokatfiskalen_Jaemtlands_laen__1702__3-6edbb12a/0007_DSC_0378/r2l1,654,False,ok,0.5526,ok,0.5526,0.0
Svea_Hovraett_etc_export_job_4502445_845640_Svea_Hovraett_-_Advokatfiskalen_Jaemtlands_laen__1702__3-6edbb12a/0007_DSC_0378/r2l2,641,False,ok,0.7838,ok,0.7838,0.0
Svea_Hovraett_etc_export_job_4502445_845640_Svea_Hovraett_-_Advokatfiskalen_Jaemtlands_laen__1702__3-6edbb12a/0007_DSC_0378/r2l3,653,False,ok,0.7273,ok,0.7273,0.0
Svea_Hovraett_etc_export_job_4502445_845640_Svea_Hovraett_-_Advokatfiskalen_Jaemtlands_laen__1702__3-6edbb12a/0007_DSC_0378/r2l4,655,False,ok,0.5882,ok,0.5882,0.0
Svea_Hovraett_etc_export_job_4502445_845640_Svea_Hovraett_-_Advokatfiskalen_Jaemtlands_laen__1702__3-6edbb12a/0007_DSC_0378/r2l5,658,False,ok,0.35,ok,0.35,0.0
Svea_Hovraett_etc_export_job_4502445_845640_Svea_Hovraett_-_Advokatfiskalen_Jaemtlands_laen__1702__3-6edbb12a/0007_DSC_0378/r2l6,647,False,ok,0.4412,ok,0.4412,0.0
Svea_Hovraett_etc_export_job_4502445_845640_Svea_Hovraett_-_Advokatfiskalen_Jaemtlands_laen__1702__3-6edbb12a/0007_DSC_0378/r2l7,648,False,ok,0.2647,ok,0.2647,0.0
Svea_Hovraett_etc_export_job_4502445_845640_Svea_Hovraett_-_Advokatfiskalen_Jaemtlands_laen__1702__3-6edbb12a/0007_DSC_0378/r2l8,674,False,ok,0.3333,ok,0.3333,0.0
Svea_Hovraett_etc_export_job_4502445_845640_Svea_Hovraett_-_Advokatfiskalen_Jaemtlands_laen__1702__3-6edbb12a/0007_DSC_0378/r2l9,639,False,ok,0.4211,ok,0.4211,0.0
Svea_Hovraett_etc_export_job_4502445_845640_Svea_Hovraett_-_Advokatfiskalen_Jaemtlands_laen__1702__3-6edbb12a/0007_DSC_0378/r2l10,659,False,ok,0.3939,ok,0.3939,0.0
Svea_Hovraett_etc_export_job_4502445_845640_Svea_Hovraett_-_Advokatfiskalen_Jaemtlands_laen__1702__3-6edbb12a/0007_DSC_0378/r2l11,650,False,ok,0.2581,ok,0.2581,0.0
Svea_Hovraett_etc_export_job_4502445_845640_Svea_Hovraett_-_Advokatfiskalen_Jaemtlands_laen__1702__3-6edbb12a/0007_DSC_0378/r2l12,678,False,ok,0.129,ok,0.129,0.0
Svea_Hovraett_etc_export_job_4502445_845640_Svea_Hovraett_-_Advokatfiskalen_Jaemtlands_laen__1702__3-6edbb12a/0007_DSC_0378/r2l13,690,False,ok,0.1765,ok,0.1765,0.0
Svea_Hovraett_etc_export_job_4502445_845640_Svea_Hovraett_-_Advokatfiskalen_Jaemtlands_laen__1702__3-6edbb12a/0007_DSC_0378/r2l14,666,False,ok,0.2121,ok,0.2121,0.0
Svea_Hovraett_etc_export_job_4502445_845640_Svea_Hovraett_-_Advokatfiskalen_Jaemtlands_laen__1702__3-6edbb12a/0007_DSC_0378/r2l15,657,False,ok,0.2581,ok,0.2581,0.0
Svea_Hovraett_etc_export_job_4502445_845640_Svea_Hovraett_-_Advokatfiskalen_Jaemtlands_laen__1702__3-6edbb12a/0007_DSC_0378/r2l16,650,False,ok,0.1333,ok,0.1333,0.0
Svea_Hovraett_etc_export_job_4502445_845640_Svea_Hovraett_-_Advokatfiskalen_Jaemtlands_laen__1702__3-6edbb12a/0007_DSC_0378/r2l17,155,True,ok,0.4167,ok,0.5,0.0833
Svea_Hovraett_etc_export_job_4502445_845640_Svea_Hovraett_-_Advokatfiskalen_Jaemtlands_laen__1702__3-6edbb12a/0007_DSC_0378/r2l18,694,False,ok,0.1379,ok,0.1379,0.0
Svea_Hovraett_etc_export_job_4502445_845640_Svea_Hovraett_-_Advokatfiskalen_Jaemtlands_laen__1702__3-6edbb12a/0007_DSC_0378/r2l19,685,False,ok,0.2759,ok,0.2759,0.0
Svea_Hovraett_etc_export_job_4502445_845640_Svea_Hovraett_-_Advokatfiskalen_Jaemtlands_laen__1702__3-6edbb12a/0007_DSC_0378/r2l20,707,False,ok,0.2286,ok,0.2286,0.0
Svea_Hovraett_etc_export_job_4502445_845640_Svea_Hovraett_-_Advokatfiskalen_Jaemtlands_laen__1702__3-6edbb12a/0007_DSC_0378/r2l21,738,False,ok,0.1053,ok,0.1053,0.0
Svea_Hovraett_etc_export_job_4502445_845640_Svea_Hovraett_-_Advokatfiskalen_Jaemtlands_laen__1702__3-6edbb12a/0007_DSC_0378/r2l22,146,True,ok,0.8,ok,1.0,0.2
Svea_Hovraett_etc_export_job_4502445_845640_Svea_Hovraett_-_Advokatfiskalen_Jaemtlands_laen__1702__3-6edbb12a/0008_DSC_0379/r1l1,695,False,ok,0.8108,ok,0.8108,0.0
Svea_Hovraett_etc_export_job_4502445_845640_Svea_Hovraett_-_Advokatfiskalen_Jaemtlands_laen__1702__3-6edbb12a/0008_DSC_0379/r1l2,708,False,ok,0.8519,ok,0.8519,0.0
Svea_Hovraett_etc_export_job_4502445_845640_Svea_Hovraett_-_Advokatfiskalen_Jaemtlands_laen__1702__3-6edbb12a/0008_DSC_0379/r1l3,709,False,ok,0.7097,ok,0.7097,0.0
Svea_Hovraett_etc_export_job_4502445_845640_Svea_Hovraett_-_Advokatfiskalen_Jaemtlands_laen__1702__3-6edbb12a/0008_DSC_0379/r1l4,697,False,ok,0.5385,ok,0.5385,0.0
Svea_Hovraett_etc_export_job_4502445_845640_Svea_Hovraett_-_Advokatfiskalen_Jaemtlands_laen__1702__3-6edbb12a/0008_DSC_0379/r1l5,726,False,ok,0.7812,ok,0.7812,0.0
Svea_Hovraett_etc_export_job_4502445_845640_Svea_Hovraett_-_Advokatfiskalen_Jaemtlands_laen__1702__3-6edbb12a/0008_DSC_0379/r1l8,644,False,ok,0.6154,ok,0.6154,0.0
Svea_Hovraett_etc_export_job_4502445_845640_Svea_Hovraett_-_Advokatfiskalen_Jaemtlands_laen__1702__3-6edbb12a/0008_DSC_0379/r1l9,744,False,ok,0.4333,ok,0.4333,0.0
Svea_Hovraett_etc_export_job_4502445_845640_Svea_Hovraett_-_Advokatfiskalen_Jaemtlands_laen__1702__3-6edbb12a/0008_DSC_0379/r1l10,724,False,ok,0.2727,ok,0.2727,0.0
Svea_Hovraett_etc_export_job_4502445_845640_Svea_Hovraett_-_Advokatfiskalen_Jaemtlands_laen__1702__3-6edbb12a/0008_DSC_0379/r1l11,748,False,ok,0.4,ok,0.4,0.0
Svea_Hovraett_etc_export_job_4502445_845640_Svea_Hovraett_-_Advokatfiskalen_Jaemtlands_laen__1702__3-6edbb12a/0008_DSC_0379/r1l12,769,False,ok,0.1765,ok,0.1765,0.0
Svea_Hovraett_etc_export_job_4502445_845640_Svea_Hovraett_-_Advokatfiskalen_Jaemtlands_laen__1702__3-6edbb12a/0008_DSC_0379/r1l13,748,False,ok,0.2667,ok,0.2667,0.0
Svea_Hovraett_etc_export_job_4502445_845640_Svea_Hovraett_-_Advokatfiskalen_Jaemtlands_laen__1702__3-6edbb12a/0008_DSC_0379/r1l14,764,False,ok,0.1667,ok,0.1667,0.0
Svea_Hovraett_etc_export_job_4502445_845640_Svea_Hovraett_-_Advokatfiskalen_Jaemtlands_laen__1702__3-6edbb12a/0008_DSC_0379/r1l15,823,False,ok,0.1111,ok,0.1111,0.0
Svea_Hovraett_etc_export_job_4502445_845640_Svea_Hovraett_-_Advokatfiskalen_Jaemtlands_laen__1702__3-6edbb12a/0008_DSC_0379/r1l16,756,False,ok,0.12,ok,0.12,0.0
Svea_Hovraett_etc_export_job_4502445_845640_Svea_Hovraett_-_Advokatfiskalen_Jaemtlands_laen__1702__3-6edbb12a/0008_DSC_0379/r1l17,467,False,ok,0.1176,ok,0.1176,0.0
Svea_Hovraett_etc_export_job_4502445_845640_Svea_Hovraett_-_Advokatfiskalen_Jaemtlands_laen__1702__3-6edbb12a/0008_DSC_0379/r1l18,784,False,ok,0.2333,ok,0.2333,0.0
Svea_Hovraett_etc_export_job_4502445_845640_Svea_Hovraett_-_Advokatfiskalen_Jaemtlands_laen__1702__3-6edbb12a/0008_DSC_0379/r1l19,796,False,ok,0.0625,ok,0.0625,0.0
Svea_Hovraett_etc_export_job_4502445_845640_Svea_Hovraett_-_Advokatfiskalen_Jaemtlands_laen__1702__3-6edbb12a/0008_DSC_0379/r1l20,791,False,ok,0.1176,ok,0.1176,0.0
Svea_Hovraett_etc_export_job_4502445_845640_Svea_Hovraett_-_Advokatfiskalen_Jaemtlands_laen__1702__3-6edbb12a/0008_DSC_0379/r1l21,804,False,ok,0.1562,ok,0.1562,0.0
Svea_Hovraett_etc_export_job_4502445_845640_Svea_Hovraett_-_Advokatfiskalen_Jaemtlands_laen__1702__3-6edbb12a/0008_DSC_0379/r1l22,806,False,ok,0.2069,ok,0.2069,0.0
Svea_Hovraett_etc_export_job_4502445_845640_Svea_Hovraett_-_Advokatfiskalen_Jaemtlands_laen__1702__3-6edbb12a/0008_DSC_0379/r1l23,799,False,ok,0.2333,ok,0.2333,0.0
Svea_Hovraett_etc_export_job_4502445_845640_Svea_Hovraett_-_Advokatfiskalen_Jaemtlands_laen__1702__3-6edbb12a/0008_DSC_0379/r1l24,111,True,ok,1.0,ok,0.6667,-0.3333
Svea_Hovraett_etc_export_job_4502445_845640_Svea_Hovraett_-_Advokatfiskalen_Jaemtlands_laen__1702__3-6edbb12a/0008_DSC_0379/r2l2,642,False,ok,0.8485,ok,0.8485,0.0
Svea_Hovraett_etc_export_job_4502445_845640_Svea_Hovraett_-_Advokatfiskalen_Jaemtlands_laen__1702__3-6edbb12a/0008_DSC_0379/r2l3,89,True,ok,0.3333,ok,0.3333,0.0
Svea_Hovraett_etc_export_job_4502445_845640_Svea_Hovraett_-_Advokatfiskalen_Jaemtlands_laen__1702__3-6edbb12a/0008_DSC_0379/r2l4,657,False,ok,0.7742,ok,0.7742,0.0
Svea_Hovraett_etc_export_job_4502445_845640_Svea_Hovraett_-_Advokatfiskalen_Jaemtlands_laen__1702__3-6edbb12a/0008_DSC_0379/r2l5,662,False,ok,0.8158,ok,0.8158,0.0
Svea_Hovraett_etc_export_job_4502445_845640_Svea_Hovraett_-_Advokatfiskalen_Jaemtlands_laen__1702__3-6edbb12a/0008_DSC_0379/r2l6,647,False,ok,0.8378,ok,0.8378,0.0
Svea_Hovraett_etc_export_job_4502445_845640_Svea_Hovraett_-_Advokatfiskalen_Jaemtlands_laen__1702__3-6edbb12a/0008_DSC_0379/r2l7,690,False,ok,0.4722,ok,0.4722,0.0
Svea_Hovraett_etc_export_job_4502445_845640_Svea_Hovraett_-_Advokatfiskalen_Jaemtlands_laen__1702__3-6edbb12a/0008_DSC_0379/r2l8,664,False,ok,0.5,ok,0.5,0.0
Svea_Hovraett_etc_export_job_4502445_845640_Svea_Hovraett_-_Advokatfiskalen_Jaemtlands_laen__1702__3-6edbb12a/0008_DSC_0379/r2l9,676,False,ok,0.3143,ok,0.3143,0.0
Svea_Hovraett_etc_export_job_4502445_845640_Svea_Hovraett_-_Advokatfiskalen_Jaemtlands_laen__1702__3-6edbb12a/0008_DSC_0379/r2l10,668,False,ok,0.3684,ok,0.3684,0.0
Svea_Hovraett_etc_export_job_4502445_845640_Svea_Hovraett_-_Advokatfiskalen_Jaemtlands_laen__1702__3-6edbb12a/0008_DSC_0379/r2l11,666,False,ok,0.55,ok,0.55,0.0
Svea_Hovraett_etc_export_job_4502445_845640_Svea_Hovraett_-_Advokatfiskalen_Jaemtlands_laen__1702__3-6edbb12a/0008_DSC_0379/r2l12,656,False,ok,0.2333,ok,0.2333,0.0
Svea_Hovraett_etc_export_job_4502445_845640_Svea_Hovraett_-_Advokatfiskalen_Jaemtlands_laen__1702__3-6edbb12a/0008_DSC_0379/r2l13,652,False,ok,0.4054,ok,0.4054,0.0
Svea_Hovraett_etc_export_job_4502445_845640_Svea_Hovraett_-_Advokatfiskalen_Jaemtlands_laen__1702__3-6edbb12a/0008_DSC_0379/r2l14,663,False,ok,0.3143,ok,0.3143,0.0
Svea_Hovraett_etc_export_job_4502445_845640_Svea_Hovraett_-_Advokatfiskalen_Jaemtlands_laen__1702__3-6edbb12a/0008_DSC_0379/r2l15,670,False,ok,0.2778,ok,0.2778,0.0
Svea_Hovraett_etc_export_job_4502445_845640_Svea_Hovraett_-_Advokatfiskalen_Jaemtlands_laen__1702__3-6edbb12a/0008_DSC_0379/r2l16,685,False,ok,0.2632,ok,0.2632,0.0
Svea_Hovraett_etc_export_job_4502445_845640_Svea_Hovraett_-_Advokatfiskalen_Jaemtlands_laen__1702__3-6edbb12a/0008_DSC_0379/r2l17,691,False,ok,0.1613,ok,0.1613,0.0
Svea_Hovraett_etc_export_job_4502445_845640_Svea_Hovraett_-_Advokatfiskalen_Jaemtlands_laen__1702__3-6edbb12a/0008_DSC_0379/r2l18,280,False,ok,0.25,ok,0.25,0.0
Svea_Hovraett_etc_export_job_4502445_845640_Svea_Hovraett_-_Advokatfiskalen_Jaemtlands_laen__1702__3-6edbb12a/0008_DSC_0379/r2l19,706,False,ok,0.1613,ok,0.1613,0.0
Svea_Hovraett_etc_export_job_4502445_845640_Svea_Hovraett_-_Advokatfiskalen_Jaemtlands_laen__1702__3-6edbb12a/0008_DSC_0379/r2l20,721,False,ok,0.1714,ok,0.1714,0.0
Svea_Hovraett_etc_export_job_4502445_845640_Svea_Hovraett_-_Advokatfiskalen_Jaemtlands_laen__1702__3-6edbb12a/0008_DSC_0379/r2l21,703,False,ok,0.1212,ok,0.1212,0.0
Svea_Hovraett_etc_export_job_4502445_845640_Svea_Hovraett_-_Advokatfiskalen_Jaemtlands_laen__1702__3-6edbb12a/0008_DSC_0379/r2l22,719,False,ok,0.1714,ok,0.1714,0.0
Svea_Hovraett_etc_export_job_4502445_845640_Svea_Hovraett_-_Advokatfiskalen_Jaemtlands_laen__1702__3-6edbb12a/0008_DSC_0379/r2l23,724,False,ok,0.4444,ok,0.4444,0.0
Svea_Hovraett_etc_export_job_4502445_845640_Svea_Hovraett_-_Advokatfiskalen_Jaemtlands_laen__1702__3-6edbb12a/0008_DSC_0379/r2l24,213,True,ok,0.0,ok,0.6,0.6
Svea_Hovraett_etc_export_job_4502445_845640_Svea_Hovraett_-_Advokatfiskalen_Jaemtlands_laen__1702__3-6edbb12a/0009_DSC_0380/r2l1,670,False,ok,0.2069,ok,0.2069,0.0
Svea_Hovraett_etc_export_job_4502445_845640_Svea_Hovraett_-_Advokatfiskalen_Jaemtlands_laen__1702__3-6edbb12a/0009_DSC_0380/r2l2,668,False,ok,0.125,ok,0.125,0.0
Svea_Hovraett_etc_export_job_4502445_845640_Svea_Hovraett_-_Advokatfiskalen_Jaemtlands_laen__1702__3-6edbb12a/0009_DSC_0380/r2l3,669,False,ok,0.2895,ok,0.2895,0.0
Svea_Hovraett_etc_export_job_4502445_845640_Svea_Hovraett_-_Advokatfiskalen_Jaemtlands_laen__1702__3-6edbb12a/0009_DSC_0380/r2l4,664,False,ok,0.1379,ok,0.1379,0.0
Svea_Hovraett_etc_export_job_4502445_845640_Svea_Hovraett_-_Advokatfiskalen_Jaemtlands_laen__1702__3-6edbb12a/0009_DSC_0380/r2l5,679,False,ok,0.1379,ok,0.1379,0.0
Svea_Hovraett_etc_export_job_4502445_845640_Svea_Hovraett_-_Advokatfiskalen_Jaemtlands_laen__1702__3-6edbb12a/0009_DSC_0380/r2l6,680,False,ok,0.08,ok,0.08,0.0
Svea_Hovraett_etc_export_job_4502445_845640_Svea_Hovraett_-_Advokatfiskalen_Jaemtlands_laen__1702__3-6edbb12a/0009_DSC_0380/r2l7,668,False,ok,0.125,ok,0.125,0.0
Svea_Hovraett_etc_export_job_4502445_845640_Svea_Hovraett_-_Advokatfiskalen_Jaemtlands_laen__1702__3-6edbb12a/0009_DSC_0380/r2l8,676,False,ok,0.2667,ok,0.2667,0.0
Svea_Hovraett_etc_export_job_4502445_845640_Svea_Hovraett_-_Advokatfiskalen_Jaemtlands_laen__1702__3-6edbb12a/0009_DSC_0380/r2l9,683,False,ok,0.2414,ok,0.2414,0.0
Svea_Hovraett_etc_export_job_4502445_845640_Svea_Hovraett_-_Advokatfiskalen_Jaemtlands_laen__1702__3-6edbb12a/0009_DSC_0380/r2l10,682,False,ok,0.0909,ok,0.0909,0.0
Svea_Hovraett_etc_export_job_4502445_845640_Svea_Hovraett_-_Advokatfiskalen_Jaemtlands_laen__1702__3-6edbb12a/0009_DSC_0380/r2l11,319,False,ok,0.0,ok,0.0,0.0
Svea_Hovraett_etc_export_job_4502445_845640_Svea_Hovraett_-_Advokatfiskalen_Jaemtlands_laen__1702__3-6edbb12a/0009_DSC_0380/r2l12,703,False,ok,0.2973,ok,0.2973,0.0
Svea_Hovraett_etc_export_job_4502445_845640_Svea_Hovraett_-_Advokatfiskalen_Jaemtlands_laen__1702__3-6edbb12a/0009_DSC_0380/r2l13,690,False,ok,0.1176,ok,0.1176,0.0
Svea_Hovraett_etc_export_job_4502445_845640_Svea_Hovraett_-_Advokatfiskalen_Jaemtlands_laen__1702__3-6edbb12a/0009_DSC_0380/r2l14,712,False,ok,0.1429,ok,0.1429,0.0
Svea_Hovraett_etc_export_job_4502445_845640_Svea_Hovraett_-_Advokatfiskalen_Jaemtlands_laen__1702__3-6edbb12a/0009_DSC_0380/r2l15,709,False,ok,0.2222,ok,0.2222,0.0
Svea_Hovraett_etc_export_job_4502445_845640_Svea_Hovraett_-_Advokatfiskalen_Jaemtlands_laen__1702__3-6edbb12a/0009_DSC_0380/r2l17,706,False,ok,0.2,ok,0.2,0.0
Svea_Hovraett_etc_export_job_4502445_845640_Svea_Hovraett_-_Advokatfiskalen_Jaemtlands_laen__1702__3-6edbb12a/0009_DSC_0380/r2l18,710,False,ok,0.2353,ok,0.2353,0.0
Svea_Hovraett_etc_export_job_4502445_845640_Svea_Hovraett_-_Advokatfiskalen_Jaemtlands_laen__1702__3-6edbb12a/0009_DSC_0380/r2l20,741,False,ok,0.1765,ok,0.1765,0.0
Svea_Hovraett_etc_export_job_4502445_845640_Svea_Hovraett_-_Advokatfiskalen_Jaemtlands_laen__1702__3-6edbb12a/0009_DSC_0380/r2l21,725,False,ok,0.1471,ok,0.1471,0.0
Svea_Hovraett_etc_export_job_4502445_845640_Svea_Hovraett_-_Advokatfiskalen_Jaemtlands_laen__1702__3-6edbb12a/0009_DSC_0380/r2l22,731,False,ok,0.1212,ok,0.1212,0.0
Svea_Hovraett_etc_export_job_4502445_845640_Svea_Hovraett_-_Advokatfiskalen_Jaemtlands_laen__1702__3-6edbb12a/0009_DSC_0380/r2l23,132,True,ok,1.0,ok,0.25,-0.75
Svea_Hovraett_etc_export_job_4502445_845640_Svea_Hovraett_-_Advokatfiskalen_Jaemtlands_laen__1702__3-6edbb12a/0009_DSC_0380/r3l2,644,False,ok,0.7778,ok,0.7778,0.0
Svea_Hovraett_etc_export_job_4502445_845640_Svea_Hovraett_-_Advokatfiskalen_Jaemtlands_laen__1702__3-6edbb12a/0009_DSC_0380/r3l3,667,False,ok,0.9487,ok,0.9487,0.0
Svea_Hovraett_etc_export_job_4502445_845640_Svea_Hovraett_-_Advokatfiskalen_Jaemtlands_laen__1702__3-6edbb12a/0009_DSC_0380/r3l4,678,False,ok,0.7143,ok,0.7143,0.0
Svea_Hovraett_etc_export_job_4502445_845640_Svea_Hovraett_-_Advokatfiskalen_Jaemtlands_laen__1702__3-6edbb12a/0009_DSC_0380/r3l5,659,False,ok,0.8611,ok,0.8611,0.0
Svea_Hovraett_etc_export_job_4502445_845640_Svea_Hovraett_-_Advokatfiskalen_Jaemtlands_laen__1702__3-6edbb12a/0009_DSC_0380/r3l6,659,False,ok,0.5833,ok,0.5833,0.0
Svea_Hovraett_etc_export_job_4502445_845640_Svea_Hovraett_-_Advokatfiskalen_Jaemtlands_laen__1702__3-6edbb12a/0009_DSC_0380/r3l7,670,False,ok,0.4762,ok,0.4762,0.0
Svea_Hovraett_etc_export_job_4502445_845640_Svea_Hovraett_-_Advokatfiskalen_Jaemtlands_laen__1702__3-6edbb12a/0009_DSC_0380/r3l8,657,False,ok,0.5,ok,0.5,0.0
Svea_Hovraett_etc_export_job_4502445_845640_Svea_Hovraett_-_Advokatfiskalen_Jaemtlands_laen__1702__3-6edbb12a/0009_DSC_0380/r3l9,702,False,ok,0.475,ok,0.475,0.0
Svea_Hovraett_etc_export_job_4502445_845640_Svea_Hovraett_-_Advokatfiskalen_Jaemtlands_laen__1702__3-6edbb12a/0009_DSC_0380/r3l10,682,False,ok,0.3611,ok,0.3611,0.0
Svea_Hovraett_etc_export_job_4502445_845640_Svea_Hovraett_-_Advokatfiskalen_Jaemtlands_laen__1702__3-6edbb12a/0009_DSC_0380/r3l11,687,False,ok,0.2857,ok,0.2857,0.0
Svea_Hovraett_etc_export_job_4502445_845640_Svea_Hovraett_-_Advokatfiskalen_Jaemtlands_laen__1702__3-6edbb12a/0009_DSC_0380/r3l12,699,False,ok,0.2432,ok,0.2432,0.0
Svea_Hovraett_etc_export_job_4502445_845640_Svea_Hovraett_-_Advokatfiskalen_Jaemtlands_laen__1702__3-6edbb12a/0009_DSC_0380/r3l13,702,False,ok,0.2105,ok,0.2105,0.0
Svea_Hovraett_etc_export_job_4502445_845640_Svea_Hovraett_-_Advokatfiskalen_Jaemtlands_laen__1702__3-6edbb12a/0009_DSC_0380/r3l14,703,False,ok,0.2973,ok,0.2973,0.0
Svea_Hovraett_etc_export_job_4502445_845640_Svea_Hovraett_-_Advokatfiskalen_Jaemtlands_laen__1702__3-6edbb12a/0009_DSC_0380/r3l15,686,False,ok,0.3235,ok,0.3235,0.0
Svea_Hovraett_etc_export_job_4502445_845640_Svea_Hovraett_-_Advokatfiskalen_Jaemtlands_laen__1702__3-6edbb12a/0009_DSC_0380/r3l16,688,False,ok,0.3824,ok,0.3824,0.0
Svea_Hovraett_etc_export_job_4502445_845640_Svea_Hovraett_-_Advokatfiskalen_Jaemtlands_laen__1702__3-6edbb12a/0009_DSC_0380/r3l17,697,False,ok,0.4167,ok,0.4167,0.0
Svea_Hovraett_etc_export_job_4502445_845640_Svea_Hovraett_-_Advokatfiskalen_Jaemtlands_laen__1702__3-6edbb12a/0009_DSC_0380/r3l18,706,False,ok,0.129,ok,0.129,0.0
Svea_Hovraett_etc_export_job_4502445_845640_Svea_Hovraett_-_Advokatfiskalen_Jaemtlands_laen__1702__3-6edbb12a/0009_DSC_0380/r3l19,725,False,ok,0.2571,ok,0.2571,0.0
Svea_Hovraett_etc_export_job_4502445_845640_Svea_Hovraett_-_Advokatfiskalen_Jaemtlands_laen__1702__3-6edbb12a/0009_DSC_0380/r3l20,731,False,ok,0.4865,ok,0.4865,0.0
Svea_Hovraett_etc_export_job_4502445_845640_Svea_Hovraett_-_Advokatfiskalen_Jaemtlands_laen__1702__3-6edbb12a/0009_DSC_0380/r3l21,151,True,ok,0.5,ok,0.75,0.25
Svea_Hovraett_etc_export_job_4502445_845640_Svea_Hovraett_-_Advokatfiskalen_Jaemtlands_laen__1702__3-6edbb12a/0010_DSC_0381/r1l1,720,False,ok,0.2432,ok,0.2432,0.0
Svea_Hovraett_etc_export_job_4502445_845640_Svea_Hovraett_-_Advokatfiskalen_Jaemtlands_laen__1702__3-6edbb12a/0010_DSC_0381/r1l2,704,False,ok,0.3824,ok,0.3824,0.0
Svea_Hovraett_etc_export_job_4502445_845640_Svea_Hovraett_-_Advokatfiskalen_Jaemtlands_laen__1702__3-6edbb12a/0010_DSC_0381/r1l3,725,False,ok,0.1538,ok,0.1538,0.0
Svea_Hovraett_etc_export_job_4502445_845640_Svea_Hovraett_-_Advokatfiskalen_Jaemtlands_laen__1702__3-6edbb12a/0010_DSC_0381/r1l4,297,False,ok,0.0769,ok,0.0769,0.0
Svea_Hovraett_etc_export_job_4502445_845640_Svea_Hovraett_-_Advokatfiskalen_Jaemtlands_laen__1702__3-6edbb12a/0010_DSC_0381/r1l5,704,False,ok,0.303,ok,0.303,0.0
Svea_Hovraett_etc_export_job_4502445_845640_Svea_Hovraett_-_Advokatfiskalen_Jaemtlands_laen__1702__3-6edbb12a/0010_DSC_0381/line_1638198807192_937,717,False,ok,0.1724,ok,0.1724,0.0
Svea_Hovraett_etc_export_job_4502445_845640_Svea_Hovraett_-_Advokatfiskalen_Jaemtlands_laen__1702__3-6edbb12a/0010_DSC_0381/r1l8,731,False,ok,0.3056,ok,0.3056,0.0
Svea_Hovraett_etc_export_job_4502445_845640_Svea_Hovraett_-_Advokatfiskalen_Jaemtlands_laen__1702__3-6edbb12a/0010_DSC_0381/r1l9,702,False,ok,0.1515,ok,0.1515,0.0
Svea_Hovraett_etc_export_job_4502445_845640_Svea_Hovraett_-_Advokatfiskalen_Jaemtlands_laen__1702__3-6edbb12a/0010_DSC_0381/r1l10,732,False,ok,0.1852,ok,0.1852,0.0
Svea_Hovraett_etc_export_job_4502445_845640_Svea_Hovraett_-_Advokatfiskalen_Jaemtlands_laen__1702__3-6edbb12a/0010_DSC_0381/r1l11,744,False,ok,0.2188,ok,0.2188,0.0
Svea_Hovraett_etc_export_job_4502445_845640_Svea_Hovraett_-_Advokatfiskalen_Jaemtlands_laen__1702__3-6edbb12a/0010_DSC_0381/r1l12,747,False,ok,0.2647,ok,0.2353,-0.0294
Svea_Hovraett_etc_export_job_4502445_845640_Svea_Hovraett_-_Advokatfiskalen_Jaemtlands_laen__1702__3-6edbb12a/0010_DSC_0381/r1l13,729,False,ok,0.3235,ok,0.3235,0.0
Svea_Hovraett_etc_export_job_4502445_845640_Svea_Hovraett_-_Advokatfiskalen_Jaemtlands_laen__1702__3-6edbb12a/0010_DSC_0381/r1l14,778,False,ok,0.069,ok,0.069,0.0
Svea_Hovraett_etc_export_job_4502445_845640_Svea_Hovraett_-_Advokatfiskalen_Jaemtlands_laen__1702__3-6edbb12a/0010_DSC_0381/r1l15,720,False,ok,0.2692,ok,0.2692,0.0
Svea_Hovraett_etc_export_job_4502445_845640_Svea_Hovraett_-_Advokatfiskalen_Jaemtlands_laen__1702__3-6edbb12a/0010_DSC_0381/r1l16,764,False,ok,0.2333,ok,0.2333,0.0
Svea_Hovraett_etc_export_job_4502445_845640_Svea_Hovraett_-_Advokatfiskalen_Jaemtlands_laen__1702__3-6edbb12a/0010_DSC_0381/r1l17,759,False,ok,0.0667,ok,0.0667,0.0
Svea_Hovraett_etc_export_job_4502445_845640_Svea_Hovraett_-_Advokatfiskalen_Jaemtlands_laen__1702__3-6edbb12a/0010_DSC_0381/r1l18,252,False,ok,0.1111,ok,0.1111,0.0
Svea_Hovraett_etc_export_job_4502445_845640_Svea_Hovraett_-_Advokatfiskalen_Jaemtlands_laen__1702__3-6edbb12a/0010_DSC_0381/r1l19,872,False,ok,0.2703,ok,0.2703,0.0
Svea_Hovraett_etc_export_job_4502445_845640_Svea_Hovraett_-_Advokatfiskalen_Jaemtlands_laen__1702__3-6edbb12a/0010_DSC_0381/r1l20,805,False,ok,0.1786,ok,0.1786,0.0
Svea_Hovraett_etc_export_job_4502445_845640_Svea_Hovraett_-_Advokatfiskalen_Jaemtlands_laen__1702__3-6edbb12a/0010_DSC_0381/r1l21,783,False,ok,0.1818,ok,0.1818,0.0
Svea_Hovraett_etc_export_job_4502445_845640_Svea_Hovraett_-_Advokatfiskalen_Jaemtlands_laen__1702__3-6edbb12a/0010_DSC_0381/r1l22,139,True,ok,1.0,ok,0.6667,-0.3333
Svea_Hovraett_etc_export_job_4502445_845640_Svea_Hovraett_-_Advokatfiskalen_Jaemtlands_laen__1702__3-6edbb12a/0010_DSC_0381/r2l1,637,False,ok,0.8718,ok,0.8718,0.0
Svea_Hovraett_etc_export_job_4502445_845640_Svea_Hovraett_-_Advokatfiskalen_Jaemtlands_laen__1702__3-6edbb12a/0010_DSC_0381/r2l2,649,False,ok,0.75,ok,0.75,0.0
Svea_Hovraett_etc_export_job_4502445_845640_Svea_Hovraett_-_Advokatfiskalen_Jaemtlands_laen__1702__3-6edbb12a/0010_DSC_0381/r2l3,630,False,ok,0.8286,ok,0.8286,0.0
Svea_Hovraett_etc_export_job_4502445_845640_Svea_Hovraett_-_Advokatfiskalen_Jaemtlands_laen__1702__3-6edbb12a/0010_DSC_0381/r2l4,649,False,ok,0.8571,ok,0.8571,0.0
Svea_Hovraett_etc_export_job_4502445_845640_Svea_Hovraett_-_Advokatfiskalen_Jaemtlands_laen__1702__3-6edbb12a/0010_DSC_0381/r2l5,649,False,ok,0.6667,ok,0.6667,0.0
Svea_Hovraett_etc_export_job_4502445_845640_Svea_Hovraett_-_Advokatfiskalen_Jaemtlands_laen__1702__3-6edbb12a/0010_DSC_0381/r2l6,670,False,ok,0.5,ok,0.5,0.0
Svea_Hovraett_etc_export_job_4502445_845640_Svea_Hovraett_-_Advokatfiskalen_Jaemtlands_laen__1702__3-6edbb12a/0010_DSC_0381/r2l7,655,False,ok,0.3947,ok,0.3947,0.0
Svea_Hovraett_etc_export_job_4502445_845640_Svea_Hovraett_-_Advokatfiskalen_Jaemtlands_laen__1702__3-6edbb12a/0010_DSC_0381/r2l8,670,False,ok,0.2941,ok,0.2941,0.0
Svea_Hovraett_etc_export_job_4502445_845640_Svea_Hovraett_-_Advokatfiskalen_Jaemtlands_laen__1702__3-6edbb12a/0010_DSC_0381/r2l9,680,False,ok,0.2258,ok,0.2258,0.0
Svea_Hovraett_etc_export_job_4502445_845640_Svea_Hovraett_-_Advokatfiskalen_Jaemtlands_laen__1702__3-6edbb12a/0010_DSC_0381/r2l10,684,False,ok,0.4324,ok,0.4324,0.0
Svea_Hovraett_etc_export_job_4502445_845640_Svea_Hovraett_-_Advokatfiskalen_Jaemtlands_laen__1702__3-6edbb12a/0010_DSC_0381/r2l11,676,False,ok,0.375,ok,0.375,0.0
Svea_Hovraett_etc_export_job_4502445_845640_Svea_Hovraett_-_Advokatfiskalen_Jaemtlands_laen__1702__3-6edbb12a/0010_DSC_0381/r2l12,683,False,ok,0.3125,ok,0.3125,0.0
Svea_Hovraett_etc_export_job_4502445_845640_Svea_Hovraett_-_Advokatfiskalen_Jaemtlands_laen__1702__3-6edbb12a/0010_DSC_0381/r2l13,701,False,ok,0.2432,ok,0.2432,0.0
Svea_Hovraett_etc_export_job_4502445_845640_Svea_Hovraett_-_Advokatfiskalen_Jaemtlands_laen__1702__3-6edbb12a/0010_DSC_0381/r2l14,676,False,ok,0.2258,ok,0.2258,0.0
Svea_Hovraett_etc_export_job_4502445_845640_Svea_Hovraett_-_Advokatfiskalen_Jaemtlands_laen__1702__3-6edbb12a/0010_DSC_0381/r2l15,700,False,ok,0.2903,ok,0.2903,0.0
Svea_Hovraett_etc_export_job_4502445_845640_Svea_Hovraett_-_Advokatfiskalen_Jaemtlands_laen__1702__3-6edbb12a/0010_DSC_0381/r2l16,691,False,ok,0.2333,ok,0.2333,0.0
Svea_Hovraett_etc_export_job_4502445_845640_Svea_Hovraett_-_Advokatfiskalen_Jaemtlands_laen__1702__3-6edbb12a/0010_DSC_0381/r2l17,716,False,ok,0.2,ok,0.2,0.0
Svea_Hovraett_etc_export_job_4502445_845640_Svea_Hovraett_-_Advokatfiskalen_Jaemtlands_laen__1702__3-6edbb12a/0010_DSC_0381/r2l18,741,False,ok,0.2121,ok,0.2121,0.0
Svea_Hovraett_etc_export_job_4502445_845640_Svea_Hovraett_-_Advokatfiskalen_Jaemtlands_laen__1702__3-6edbb12a/0010_DSC_0381/r2l19,732,False,ok,0.129,ok,0.129,0.0
Svea_Hovraett_etc_export_job_4502445_845640_Svea_Hovraett_-_Advokatfiskalen_Jaemtlands_laen__1702__3-6edbb12a/0010_DSC_0381/r2l20,774,False,ok,0.2647,ok,0.2647,0.0
Svea_Hovraett_etc_export_job_4502445_845640_Svea_Hovraett_-_Advokatfiskalen_Jaemtlands_laen__1702__3-6edbb12a/0010_DSC_0381/r2l21,751,False,ok,0.2581,ok,0.2581,0.0
Svea_Hovraett_etc_export_job_4502445_845640_Svea_Hovraett_-_Advokatfiskalen_Jaemtlands_laen__1702__3-6edbb12a/0010_DSC_0381/r2l22,128,True,ok,1.0,empty,1.0,0.0
Svea_Hovraett_etc_export_job_4502445_845640_Svea_Hovraett_-_Advokatfiskalen_Jaemtlands_laen__1702__3-6edbb12a/0010_DSC_0381/r3l1,74,True,ok,0.3333,empty,1.0,0.6667
Svea_Hovraett_etc_export_job_4502445_845640_Svea_Hovraett_-_Advokatfiskalen_Jaemtlands_laen__1702__3-6edbb12a/0011_DSC_0383/line_1638269756795_84,831,False,ok,0.4318,ok,0.4318,0.0
Svea_Hovraett_etc_export_job_4502445_845640_Svea_Hovraett_-_Advokatfiskalen_Jaemtlands_laen__1702__3-6edbb12a/0011_DSC_0383/r2l1,646,False,ok,0.1212,ok,0.1212,0.0
Svea_Hovraett_etc_export_job_4502445_845640_Svea_Hovraett_-_Advokatfiskalen_Jaemtlands_laen__1702__3-6edbb12a/0011_DSC_0383/r2l2,660,False,ok,0.375,ok,0.375,0.0
Svea_Hovraett_etc_export_job_4502445_845640_Svea_Hovraett_-_Advokatfiskalen_Jaemtlands_laen__1702__3-6edbb12a/0011_DSC_0383/r2l3,648,False,ok,0.2143,ok,0.2143,0.0
Svea_Hovraett_etc_export_job_4502445_845640_Svea_Hovraett_-_Advokatfiskalen_Jaemtlands_laen__1702__3-6edbb12a/0011_DSC_0383/r2l4,659,False,ok,0.1562,ok,0.1562,0.0
Svea_Hovraett_etc_export_job_4502445_845640_Svea_Hovraett_-_Advokatfiskalen_Jaemtlands_laen__1702__3-6edbb12a/0011_DSC_0383/r2l5,367,False,ok,0.3182,ok,0.3182,0.0
Svea_Hovraett_etc_export_job_4502445_845640_Svea_Hovraett_-_Advokatfiskalen_Jaemtlands_laen__1702__3-6edbb12a/0011_DSC_0383/r2l6,284,False,ok,0.4,ok,0.4,0.0
Svea_Hovraett_etc_export_job_4502445_845640_Svea_Hovraett_-_Advokatfiskalen_Jaemtlands_laen__1702__3-6edbb12a/0011_DSC_0383/r2l7,698,False,ok,0.5152,ok,0.5152,0.0
Svea_Hovraett_etc_export_job_4502445_845640_Svea_Hovraett_-_Advokatfiskalen_Jaemtlands_laen__1702__3-6edbb12a/0011_DSC_0383/r2l8,701,False,ok,0.3333,ok,0.3333,0.0
Svea_Hovraett_etc_export_job_4502445_845640_Svea_Hovraett_-_Advokatfiskalen_Jaemtlands_laen__1702__3-6edbb12a/0011_DSC_0383/r2l9,659,False,ok,0.3226,ok,0.3226,0.0
Svea_Hovraett_etc_export_job_4502445_845640_Svea_Hovraett_-_Advokatfiskalen_Jaemtlands_laen__1702__3-6edbb12a/0011_DSC_0383/r2l10,710,False,ok,0.2581,ok,0.2581,0.0
Svea_Hovraett_etc_export_job_4502445_845640_Svea_Hovraett_-_Advokatfiskalen_Jaemtlands_laen__1702__3-6edbb12a/0011_DSC_0383/r2l11,714,False,ok,0.0909,ok,0.0909,0.0
Svea_Hovraett_etc_export_job_4502445_845640_Svea_Hovraett_-_Advokatfiskalen_Jaemtlands_laen__1702__3-6edbb12a/0011_DSC_0383/r2l12,731,False,ok,0.08,ok,0.08,0.0
Svea_Hovraett_etc_export_job_4502445_845640_Svea_Hovraett_-_Advokatfiskalen_Jaemtlands_laen__1702__3-6edbb12a/0011_DSC_0383/r2l13,741,False,ok,0.1875,ok,0.1875,0.0
Svea_Hovraett_etc_export_job_4502445_845640_Svea_Hovraett_-_Advokatfiskalen_Jaemtlands_laen__1702__3-6edbb12a/0011_DSC_0383/r2l14,741,False,ok,0.1622,ok,0.1622,0.0
Svea_Hovraett_etc_export_job_4502445_845640_Svea_Hovraett_-_Advokatfiskalen_Jaemtlands_laen__1702__3-6edbb12a/0011_DSC_0383/r2l15,717,False,ok,0.3333,ok,0.3333,0.0
Svea_Hovraett_etc_export_job_4502445_845640_Svea_Hovraett_-_Advokatfiskalen_Jaemtlands_laen__1702__3-6edbb12a/0011_DSC_0383/r2l17,735,False,ok,0.1471,ok,0.1471,0.0
Svea_Hovraett_etc_export_job_4502445_845640_Svea_Hovraett_-_Advokatfiskalen_Jaemtlands_laen__1702__3-6edbb12a/0011_DSC_0383/r2l18,349,False,ok,0.4737,ok,0.4737,0.0
Svea_Hovraett_etc_export_job_4502445_845640_Svea_Hovraett_-_Advokatfiskalen_Jaemtlands_laen__1702__3-6edbb12a/0011_DSC_0383/r2l21,768,False,ok,0.3333,ok,0.3333,0.0
Svea_Hovraett_etc_export_job_4502445_845640_Svea_Hovraett_-_Advokatfiskalen_Jaemtlands_laen__1702__3-6edbb12a/0011_DSC_0383/r2l22,95,True,ok,0.75,ok,0.5,-0.25
Svea_Hovraett_etc_export_job_4502445_845640_Svea_Hovraett_-_Advokatfiskalen_Jaemtlands_laen__1702__3-6edbb12a/0011_DSC_0383/r3l1,710,False,ok,0.7632,ok,0.7632,0.0
Svea_Hovraett_etc_export_job_4502445_845640_Svea_Hovraett_-_Advokatfiskalen_Jaemtlands_laen__1702__3-6edbb12a/0011_DSC_0383/line_1638269480874_27,668,False,ok,0.8205,ok,0.8205,0.0
Svea_Hovraett_etc_export_job_4502445_845640_Svea_Hovraett_-_Advokatfiskalen_Jaemtlands_laen__1702__3-6edbb12a/0011_DSC_0383/r3l4,631,False,ok,0.6061,ok,0.6061,0.0
Svea_Hovraett_etc_export_job_4502445_845640_Svea_Hovraett_-_Advokatfiskalen_Jaemtlands_laen__1702__3-6edbb12a/0011_DSC_0383/r3l5,651,False,ok,0.7027,ok,0.7027,0.0
Svea_Hovraett_etc_export_job_4502445_845640_Svea_Hovraett_-_Advokatfiskalen_Jaemtlands_laen__1702__3-6edbb12a/0011_DSC_0383/r3l6,650,False,ok,0.8056,ok,0.8056,0.0
Svea_Hovraett_etc_export_job_4502445_845640_Svea_Hovraett_-_Advokatfiskalen_Jaemtlands_laen__1702__3-6edbb12a/0011_DSC_0383/r3l7,668,False,ok,0.8158,ok,0.8158,0.0
Svea_Hovraett_etc_export_job_4502445_845640_Svea_Hovraett_-_Advokatfiskalen_Jaemtlands_laen__1702__3-6edbb12a/0011_DSC_0383/line_1638269466359_17,658,False,ok,0.3714,ok,0.3714,0.0
Svea_Hovraett_etc_export_job_4502445_845640_Svea_Hovraett_-_Advokatfiskalen_Jaemtlands_laen__1702__3-6edbb12a/0011_DSC_0383/r3l10,666,False,ok,0.3235,ok,0.3235,0.0
Svea_Hovraett_etc_export_job_4502445_845640_Svea_Hovraett_-_Advokatfiskalen_Jaemtlands_laen__1702__3-6edbb12a/0011_DSC_0383/r3l11,650,False,ok,0.3939,ok,0.3939,0.0
Svea_Hovraett_etc_export_job_4502445_845640_Svea_Hovraett_-_Advokatfiskalen_Jaemtlands_laen__1702__3-6edbb12a/0011_DSC_0383/line_1638269661117_58,692,False,ok,0.3421,ok,0.3421,0.0
Svea_Hovraett_etc_export_job_4502445_845640_Svea_Hovraett_-_Advokatfiskalen_Jaemtlands_laen__1702__3-6edbb12a/0011_DSC_0383/r3l14,671,False,ok,0.5,ok,0.5,0.0
Svea_Hovraett_etc_export_job_4502445_845640_Svea_Hovraett_-_Advokatfiskalen_Jaemtlands_laen__1702__3-6edbb12a/0011_DSC_0383/r3l15,686,False,ok,0.2121,ok,0.2121,0.0
Svea_Hovraett_etc_export_job_4502445_845640_Svea_Hovraett_-_Advokatfiskalen_Jaemtlands_laen__1702__3-6edbb12a/0011_DSC_0383/r3l16,690,False,ok,0.2571,ok,0.2571,0.0
Svea_Hovraett_etc_export_job_4502445_845640_Svea_Hovraett_-_Advokatfiskalen_Jaemtlands_laen__1702__3-6edbb12a/0011_DSC_0383/r3l17,690,False,ok,0.4545,ok,0.4545,0.0
Svea_Hovraett_etc_export_job_4502445_845640_Svea_Hovraett_-_Advokatfiskalen_Jaemtlands_laen__1702__3-6edbb12a/0011_DSC_0383/r3l18,695,False,ok,0.3333,ok,0.3333,0.0
Svea_Hovraett_etc_export_job_4502445_845640_Svea_Hovraett_-_Advokatfiskalen_Jaemtlands_laen__1702__3-6edbb12a/0011_DSC_0383/r3l19,696,False,ok,0.3333,ok,0.3333,0.0
Svea_Hovraett_etc_export_job_4502445_845640_Svea_Hovraett_-_Advokatfiskalen_Jaemtlands_laen__1702__3-6edbb12a/0011_DSC_0383/r3l20,682,False,ok,0.1613,ok,0.1613,0.0
Svea_Hovraett_etc_export_job_4502445_845640_Svea_Hovraett_-_Advokatfiskalen_Jaemtlands_laen__1702__3-6edbb12a/0011_DSC_0383/r3l21,684,False,ok,0.3548,ok,0.3548,0.0
Svea_Hovraett_etc_export_job_4502445_845640_Svea_Hovraett_-_Advokatfiskalen_Jaemtlands_laen__1702__3-6edbb12a/0011_DSC_0383/r3l22,688,False,ok,0.2903,ok,0.2903,0.0
Svea_Hovraett_etc_export_job_4502445_845640_Svea_Hovraett_-_Advokatfiskalen_Jaemtlands_laen__1702__3-6edbb12a/0011_DSC_0383/r3l23,710,False,ok,0.2857,ok,0.2857,0.0
Svea_Hovraett_etc_export_job_4502445_845640_Svea_Hovraett_-_Advokatfiskalen_Jaemtlands_laen__1702__3-6edbb12a/0011_DSC_0383/line_1638269725099_70,702,False,ok,0.2188,ok,0.2188,0.0
Svea_Hovraett_etc_export_job_4502445_845640_Svea_Hovraett_-_Advokatfiskalen_Jaemtlands_laen__1702__3-6edbb12a/0011_DSC_0383/r3l26,95,True,empty,1.0,empty,1.0,0.0
Svea_Hovraett_etc_export_job_4502445_845640_Svea_Hovraett_-_Advokatfiskalen_Jaemtlands_laen__1702__3-6edbb12a/0012_DSC_0384/line_1638270105215_247,681,False,ok,0.4211,ok,0.4211,0.0
Svea_Hovraett_etc_export_job_4502445_845640_Svea_Hovraett_-_Advokatfiskalen_Jaemtlands_laen__1702__3-6edbb12a/0012_DSC_0384/line_1638270108962_251,692,False,ok,0.4857,ok,0.4857,0.0
Svea_Hovraett_etc_export_job_4502445_845640_Svea_Hovraett_-_Advokatfiskalen_Jaemtlands_laen__1702__3-6edbb12a/0012_DSC_0384/line_1638270126993_259,690,False,ok,0.5,ok,0.5,0.0
Svea_Hovraett_etc_export_job_4502445_845640_Svea_Hovraett_-_Advokatfiskalen_Jaemtlands_laen__1702__3-6edbb12a/0012_DSC_0384/r1l7,667,False,ok,0.4,ok,0.4,0.0
Svea_Hovraett_etc_export_job_4502445_845640_Svea_Hovraett_-_Advokatfiskalen_Jaemtlands_laen__1702__3-6edbb12a/0012_DSC_0384/line_1638270033556_222,677,False,ok,0.4444,ok,0.4444,0.0
Svea_Hovraett_etc_export_job_4502445_845640_Svea_Hovraett_-_Advokatfiskalen_Jaemtlands_laen__1702__3-6edbb12a/0012_DSC_0384/r1l11,692,False,ok,0.5161,ok,0.5161,0.0
Svea_Hovraett_etc_export_job_4502445_845640_Svea_Hovraett_-_Advokatfiskalen_Jaemtlands_laen__1702__3-6edbb12a/0012_DSC_0384/r1l12,697,False,ok,0.5278,ok,0.5278,0.0
Svea_Hovraett_etc_export_job_4502445_845640_Svea_Hovraett_-_Advokatfiskalen_Jaemtlands_laen__1702__3-6edbb12a/0012_DSC_0384/line_1638270046509_227,721,False,ok,0.2812,ok,0.2812,0.0
Svea_Hovraett_etc_export_job_4502445_845640_Svea_Hovraett_-_Advokatfiskalen_Jaemtlands_laen__1702__3-6edbb12a/0012_DSC_0384/r1l15,707,False,ok,0.4286,ok,0.4286,0.0
Svea_Hovraett_etc_export_job_4502445_845640_Svea_Hovraett_-_Advokatfiskalen_Jaemtlands_laen__1702__3-6edbb12a/0012_DSC_0384/r1l16,715,False,ok,0.1515,ok,0.1515,0.0
Svea_Hovraett_etc_export_job_4502445_845640_Svea_Hovraett_-_Advokatfiskalen_Jaemtlands_laen__1702__3-6edbb12a/0012_DSC_0384/r1l17,708,False,ok,0.2,ok,0.2,0.0
Svea_Hovraett_etc_export_job_4502445_845640_Svea_Hovraett_-_Advokatfiskalen_Jaemtlands_laen__1702__3-6edbb12a/0012_DSC_0384/r1l18,714,False,ok,0.2581,ok,0.2581,0.0
Svea_Hovraett_etc_export_job_4502445_845640_Svea_Hovraett_-_Advokatfiskalen_Jaemtlands_laen__1702__3-6edbb12a/0012_DSC_0384/r1l19,721,False,ok,0.0909,ok,0.0909,0.0
Svea_Hovraett_etc_export_job_4502445_845640_Svea_Hovraett_-_Advokatfiskalen_Jaemtlands_laen__1702__3-6edbb12a/0012_DSC_0384/r1l20,734,False,ok,0.2353,ok,0.2353,0.0
Svea_Hovraett_etc_export_job_4502445_845640_Svea_Hovraett_-_Advokatfiskalen_Jaemtlands_laen__1702__3-6edbb12a/0012_DSC_0384/r1l21,742,False,ok,0.2647,ok,0.2647,0.0
Svea_Hovraett_etc_export_job_4502445_845640_Svea_Hovraett_-_Advokatfiskalen_Jaemtlands_laen__1702__3-6edbb12a/0012_DSC_0384/r1l22,745,False,ok,0.1,ok,0.1,0.0
Svea_Hovraett_etc_export_job_4502445_845640_Svea_Hovraett_-_Advokatfiskalen_Jaemtlands_laen__1702__3-6edbb12a/0012_DSC_0384/r1l23,744,False,ok,0.0,ok,0.0,0.0
Svea_Hovraett_etc_export_job_4502445_845640_Svea_Hovraett_-_Advokatfiskalen_Jaemtlands_laen__1702__3-6edbb12a/0012_DSC_0384/r1l24,739,False,ok,0.0645,ok,0.0645,0.0
Svea_Hovraett_etc_export_job_4502445_845640_Svea_Hovraett_-_Advokatfiskalen_Jaemtlands_laen__1702__3-6edbb12a/0012_DSC_0384/r1l25,753,False,ok,0.2353,ok,0.2353,0.0
Svea_Hovraett_etc_export_job_4502445_845640_Svea_Hovraett_-_Advokatfiskalen_Jaemtlands_laen__1702__3-6edbb12a/0012_DSC_0384/r1l26,497,False,ok,0.0476,ok,0.0476,0.0
Svea_Hovraett_etc_export_job_4502445_845640_Svea_Hovraett_-_Advokatfiskalen_Jaemtlands_laen__1702__3-6edbb12a/0012_DSC_0384/line_1638270242101_292,755,False,ok,0.3143,ok,0.3143,0.0
Svea_Hovraett_etc_export_job_4502445_845640_Svea_Hovraett_-_Advokatfiskalen_Jaemtlands_laen__1702__3-6edbb12a/0012_DSC_0384/r1l29,94,True,ok,1.0,ok,1.0,0.0
Svea_Hovraett_etc_export_job_4502445_845640_Svea_Hovraett_-_Advokatfiskalen_Jaemtlands_laen__1702__3-6edbb12a/0012_DSC_0384/r2l1,666,False,ok,0.8108,ok,0.8108,0.0
Svea_Hovraett_etc_export_job_4502445_845640_Svea_Hovraett_-_Advokatfiskalen_Jaemtlands_laen__1702__3-6edbb12a/0012_DSC_0384/r2l2,667,False,ok,0.6571,ok,0.6571,0.0
Svea_Hovraett_etc_export_job_4502445_845640_Svea_Hovraett_-_Advokatfiskalen_Jaemtlands_laen__1702__3-6edbb12a/0012_DSC_0384/r2l3,670,False,ok,0.7353,ok,0.7353,0.0
Svea_Hovraett_etc_export_job_4502445_845640_Svea_Hovraett_-_Advokatfiskalen_Jaemtlands_laen__1702__3-6edbb12a/0012_DSC_0384/r2l4,395,False,ok,0.8571,ok,0.8571,0.0
Svea_Hovraett_etc_export_job_4502445_845640_Svea_Hovraett_-_Advokatfiskalen_Jaemtlands_laen__1702__3-6edbb12a/0012_DSC_0384/r2l5,683,False,ok,0.4375,ok,0.4375,0.0
Svea_Hovraett_etc_export_job_4502445_845640_Svea_Hovraett_-_Advokatfiskalen_Jaemtlands_laen__1702__3-6edbb12a/0012_DSC_0384/r2l6,711,False,ok,0.4375,ok,0.4375,0.0
Svea_Hovraett_etc_export_job_4502445_845640_Svea_Hovraett_-_Advokatfiskalen_Jaemtlands_laen__1702__3-6edbb12a/0012_DSC_0384/r2l7,696,False,ok,0.4737,ok,0.4737,0.0
Svea_Hovraett_etc_export_job_4502445_845640_Svea_Hovraett_-_Advokatfiskalen_Jaemtlands_laen__1702__3-6edbb12a/0012_DSC_0384/r2l8,685,False,ok,0.2162,ok,0.2162,0.0
Svea_Hovraett_etc_export_job_4502445_845640_Svea_Hovraett_-_Advokatfiskalen_Jaemtlands_laen__1702__3-6edbb12a/0012_DSC_0384/r2l9,664,False,ok,0.2895,ok,0.2895,0.0
Svea_Hovraett_etc_export_job_4502445_845640_Svea_Hovraett_-_Advokatfiskalen_Jaemtlands_laen__1702__3-6edbb12a/0012_DSC_0384/r2l10,700,False,ok,0.4048,ok,0.4048,0.0
Svea_Hovraett_etc_export_job_4502445_845640_Svea_Hovraett_-_Advokatfiskalen_Jaemtlands_laen__1702__3-6edbb12a/0012_DSC_0384/r2l11,681,False,ok,0.2286,ok,0.2286,0.0
Svea_Hovraett_etc_export_job_4502445_845640_Svea_Hovraett_-_Advokatfiskalen_Jaemtlands_laen__1702__3-6edbb12a/0012_DSC_0384/r2l12,710,False,ok,0.3514,ok,0.3514,0.0
Svea_Hovraett_etc_export_job_4502445_845640_Svea_Hovraett_-_Advokatfiskalen_Jaemtlands_laen__1702__3-6edbb12a/0012_DSC_0384/r2l13,698,False,ok,0.3143,ok,0.3143,0.0
Svea_Hovraett_etc_export_job_4502445_845640_Svea_Hovraett_-_Advokatfiskalen_Jaemtlands_laen__1702__3-6edbb12a/0012_DSC_0384/r2l14,687,False,ok,0.3077,ok,0.3077,0.0
Svea_Hovraett_etc_export_job_4502445_845640_Svea_Hovraett_-_Advokatfiskalen_Jaemtlands_laen__1702__3-6edbb12a/0012_DSC_0384/r2l15,728,False,ok,0.3514,ok,0.3514,0.0
Svea_Hovraett_etc_export_job_4502445_845640_Svea_Hovraett_-_Advokatfiskalen_Jaemtlands_laen__1702__3-6edbb12a/0012_DSC_0384/r2l16,707,False,ok,0.1892,ok,0.1892,0.0
Svea_Hovraett_etc_export_job_4502445_845640_Svea_Hovraett_-_Advokatfiskalen_Jaemtlands_laen__1702__3-6edbb12a/0012_DSC_0384/r2l17,730,False,ok,0.2821,ok,0.2821,0.0
Svea_Hovraett_etc_export_job_4502445_845640_Svea_Hovraett_-_Advokatfiskalen_Jaemtlands_laen__1702__3-6edbb12a/0012_DSC_0384/line_1638269966723_201,713,False,ok,0.2571,ok,0.2571,0.0
Svea_Hovraett_etc_export_job_4502445_845640_Svea_Hovraett_-_Advokatfiskalen_Jaemtlands_laen__1702__3-6edbb12a/0012_DSC_0384/r2l20,718,False,ok,0.2105,ok,0.2105,0.0
Svea_Hovraett_etc_export_job_4502445_845640_Svea_Hovraett_-_Advokatfiskalen_Jaemtlands_laen__1702__3-6edbb12a/0012_DSC_0384/r2l21,722,False,ok,0.2973,ok,0.2973,0.0
Svea_Hovraett_etc_export_job_4502445_845640_Svea_Hovraett_-_Advokatfiskalen_Jaemtlands_laen__1702__3-6edbb12a/0012_DSC_0384/r2l22,722,False,ok,0.2564,ok,0.2564,0.0
Svea_Hovraett_etc_export_job_4502445_845640_Svea_Hovraett_-_Advokatfiskalen_Jaemtlands_laen__1702__3-6edbb12a/0012_DSC_0384/line_1638270202493_276,200,True,ok,0.6,ok,0.8,0.2
Svea_Hovraett_etc_export_job_4502445_845640_Svea_Hovraett_-_Advokatfiskalen_Jaemtlands_laen__1702__3-6edbb12a/0012_DSC_0384/r3l1,81,True,ok,1.0,empty,1.0,0.0
Svea_Hovraett_etc_export_job_4502445_845640_Svea_Hovraett_-_Advokatfiskalen_Jaemtlands_laen__1702__3-6edbb12a/0013_DSC_0385/r1l1,682,False,ok,0.6286,ok,0.6286,0.0
Svea_Hovraett_etc_export_job_4502445_845640_Svea_Hovraett_-_Advokatfiskalen_Jaemtlands_laen__1702__3-6edbb12a/0013_DSC_0385/r1l2,675,False,ok,0.5172,ok,0.5172,0.0
Svea_Hovraett_etc_export_job_4502445_845640_Svea_Hovraett_-_Advokatfiskalen_Jaemtlands_laen__1702__3-6edbb12a/0013_DSC_0385/r1l3,698,False,ok,0.5278,ok,0.5278,0.0
Svea_Hovraett_etc_export_job_4502445_845640_Svea_Hovraett_-_Advokatfiskalen_Jaemtlands_laen__1702__3-6edbb12a/0013_DSC_0385/r1l4,684,False,ok,0.3939,ok,0.3939,0.0
Svea_Hovraett_etc_export_job_4502445_845640_Svea_Hovraett_-_Advokatfiskalen_Jaemtlands_laen__1702__3-6edbb12a/0013_DSC_0385/r1l5,689,False,ok,0.3235,ok,0.3235,0.0
Svea_Hovraett_etc_export_job_4502445_845640_Svea_Hovraett_-_Advokatfiskalen_Jaemtlands_laen__1702__3-6edbb12a/0013_DSC_0385/r1l6,706,False,ok,0.3226,ok,0.3226,0.0
Svea_Hovraett_etc_export_job_4502445_845640_Svea_Hovraett_-_Advokatfiskalen_Jaemtlands_laen__1702__3-6edbb12a/0013_DSC_0385/r1l7,711,False,ok,0.5476,ok,0.5476,0.0
Svea_Hovraett_etc_export_job_4502445_845640_Svea_Hovraett_-_Advokatfiskalen_Jaemtlands_laen__1702__3-6edbb12a/0013_DSC_0385/r1l8,733,False,ok,0.2439,ok,0.2439,0.0
Svea_Hovraett_etc_export_job_4502445_845640_Svea_Hovraett_-_Advokatfiskalen_Jaemtlands_laen__1702__3-6edbb12a/0013_DSC_0385/r1l9,724,False,ok,0.25,ok,0.25,0.0
Svea_Hovraett_etc_export_job_4502445_845640_Svea_Hovraett_-_Advokatfiskalen_Jaemtlands_laen__1702__3-6edbb12a/0013_DSC_0385/r1l10,717,False,ok,0.2424,ok,0.2424,0.0
Svea_Hovraett_etc_export_job_4502445_845640_Svea_Hovraett_-_Advokatfiskalen_Jaemtlands_laen__1702__3-6edbb12a/0013_DSC_0385/r1l11,728,False,ok,0.069,ok,0.069,0.0
Svea_Hovraett_etc_export_job_4502445_845640_Svea_Hovraett_-_Advokatfiskalen_Jaemtlands_laen__1702__3-6edbb12a/0013_DSC_0385/r1l12,746,False,ok,0.4359,ok,0.4359,0.0
Svea_Hovraett_etc_export_job_4502445_845640_Svea_Hovraett_-_Advokatfiskalen_Jaemtlands_laen__1702__3-6edbb12a/0013_DSC_0385/line_1638274825362_385,646,False,ok,0.1364,ok,0.1364,0.0
Svea_Hovraett_etc_export_job_4502445_845640_Svea_Hovraett_-_Advokatfiskalen_Jaemtlands_laen__1702__3-6edbb12a/0013_DSC_0385/r1l15,844,False,ok,0.4667,ok,0.4667,0.0
Svea_Hovraett_etc_export_job_4502445_845640_Svea_Hovraett_-_Advokatfiskalen_Jaemtlands_laen__1702__3-6edbb12a/0013_DSC_0385/r1l16,760,False,ok,0.2162,ok,0.2162,0.0
Svea_Hovraett_etc_export_job_4502445_845640_Svea_Hovraett_-_Advokatfiskalen_Jaemtlands_laen__1702__3-6edbb12a/0013_DSC_0385/r1l17,632,False,ok,0.2593,ok,0.2593,0.0
Svea_Hovraett_etc_export_job_4502445_845640_Svea_Hovraett_-_Advokatfiskalen_Jaemtlands_laen__1702__3-6edbb12a/0013_DSC_0385/r1l18,865,False,ok,0.2821,ok,0.2821,0.0
Svea_Hovraett_etc_export_job_4502445_845640_Svea_Hovraett_-_Advokatfiskalen_Jaemtlands_laen__1702__3-6edbb12a/0013_DSC_0385/r1l19,775,False,ok,0.303,ok,0.303,0.0
Svea_Hovraett_etc_export_job_4502445_845640_Svea_Hovraett_-_Advokatfiskalen_Jaemtlands_laen__1702__3-6edbb12a/0013_DSC_0385/r1l20,796,False,ok,0.2188,ok,0.2188,0.0
Svea_Hovraett_etc_export_job_4502445_845640_Svea_Hovraett_-_Advokatfiskalen_Jaemtlands_laen__1702__3-6edbb12a/0013_DSC_0385/r1l21,93,True,ok,1.0,empty,1.0,0.0
Svea_Hovraett_etc_export_job_4502445_845640_Svea_Hovraett_-_Advokatfiskalen_Jaemtlands_laen__1702__3-6edbb12a/0013_DSC_0385/r2l2,95,True,ok,1.0,empty,1.0,0.0
Svea_Hovraett_etc_export_job_4502445_845640_Svea_Hovraett_-_Advokatfiskalen_Jaemtlands_laen__1702__3-6edbb12a/0013_DSC_0385/r2l3,654,False,ok,0.7838,ok,0.7838,0.0
Svea_Hovraett_etc_export_job_4502445_845640_Svea_Hovraett_-_Advokatfiskalen_Jaemtlands_laen__1702__3-6edbb12a/0013_DSC_0385/r2l4,666,False,ok,0.8333,ok,0.8333,0.0
Svea_Hovraett_etc_export_job_4502445_845640_Svea_Hovraett_-_Advokatfiskalen_Jaemtlands_laen__1702__3-6edbb12a/0013_DSC_0385/r2l5,651,False,ok,0.6757,ok,0.6757,0.0
Svea_Hovraett_etc_export_job_4502445_845640_Svea_Hovraett_-_Advokatfiskalen_Jaemtlands_laen__1702__3-6edbb12a/0013_DSC_0385/r2l6,671,False,ok,0.5938,ok,0.5938,0.0
Svea_Hovraett_etc_export_job_4502445_845640_Svea_Hovraett_-_Advokatfiskalen_Jaemtlands_laen__1702__3-6edbb12a/0013_DSC_0385/r2l7,353,False,ok,0.65,ok,0.65,0.0
Svea_Hovraett_etc_export_job_4502445_845640_Svea_Hovraett_-_Advokatfiskalen_Jaemtlands_laen__1702__3-6edbb12a/0013_DSC_0385/r2l8,746,False,ok,0.725,ok,0.725,0.0
Svea_Hovraett_etc_export_job_4502445_845640_Svea_Hovraett_-_Advokatfiskalen_Jaemtlands_laen__1702__3-6edbb12a/0013_DSC_0385/r2l9,662,False,ok,0.3056,ok,0.3056,0.0
Svea_Hovraett_etc_export_job_4502445_845640_Svea_Hovraett_-_Advokatfiskalen_Jaemtlands_laen__1702__3-6edbb12a/0013_DSC_0385/r2l10,676,False,ok,0.3947,ok,0.3947,0.0
Svea_Hovraett_etc_export_job_4502445_845640_Svea_Hovraett_-_Advokatfiskalen_Jaemtlands_laen__1702__3-6edbb12a/0013_DSC_0385/r2l11,664,False,ok,0.3947,ok,0.3947,0.0
Svea_Hovraett_etc_export_job_4502445_845640_Svea_Hovraett_-_Advokatfiskalen_Jaemtlands_laen__1702__3-6edbb12a/0013_DSC_0385/r2l12,690,False,ok,0.2857,ok,0.2857,0.0
Svea_Hovraett_etc_export_job_4502445_845640_Svea_Hovraett_-_Advokatfiskalen_Jaemtlands_laen__1702__3-6edbb12a/0013_DSC_0385/r2l13,707,False,ok,0.1212,ok,0.1212,0.0
Svea_Hovraett_etc_export_job_4502445_845640_Svea_Hovraett_-_Advokatfiskalen_Jaemtlands_laen__1702__3-6edbb12a/0013_DSC_0385/r2l14,705,False,ok,0.1471,ok,0.1471,0.0
Svea_Hovraett_etc_export_job_4502445_845640_Svea_Hovraett_-_Advokatfiskalen_Jaemtlands_laen__1702__3-6edbb12a/0013_DSC_0385/r2l15,690,False,ok,0.1515,ok,0.1515,0.0
Svea_Hovraett_etc_export_job_4502445_845640_Svea_Hovraett_-_Advokatfiskalen_Jaemtlands_laen__1702__3-6edbb12a/0013_DSC_0385/r2l16,723,False,ok,0.325,ok,0.325,0.0
Svea_Hovraett_etc_export_job_4502445_845640_Svea_Hovraett_-_Advokatfiskalen_Jaemtlands_laen__1702__3-6edbb12a/0013_DSC_0385/r2l17,731,False,ok,0.3939,ok,0.3939,0.0
Svea_Hovraett_etc_export_job_4502445_845640_Svea_Hovraett_-_Advokatfiskalen_Jaemtlands_laen__1702__3-6edbb12a/0013_DSC_0385/r2l18,740,False,ok,0.3409,ok,0.3409,0.0
Svea_Hovraett_etc_export_job_4502445_845640_Svea_Hovraett_-_Advokatfiskalen_Jaemtlands_laen__1702__3-6edbb12a/0013_DSC_0385/r2l19,763,False,ok,0.3571,ok,0.3571,0.0
Svea_Hovraett_etc_export_job_4502445_845640_Svea_Hovraett_-_Advokatfiskalen_Jaemtlands_laen__1702__3-6edbb12a/0013_DSC_0385/r2l20,772,False,ok,0.4722,ok,0.4722,0.0
Svea_Hovraett_etc_export_job_4502445_845640_Svea_Hovraett_-_Advokatfiskalen_Jaemtlands_laen__1702__3-6edbb12a/0013_DSC_0385/r2l21,817,False,ok,0.6744,ok,0.6744,0.0
Svea_Hovraett_etc_export_job_4502445_845640_Svea_Hovraett_-_Advokatfiskalen_Jaemtlands_laen__1702__3-6edbb12a/0013_DSC_0385/r2l22,98,True,empty,1.0,empty,1.0,0.0
Svea_Hovraett_etc_export_job_4502445_845640_Svea_Hovraett_-_Advokatfiskalen_Jaemtlands_laen__1702__3-6edbb12a/0014_DSC_0386/r1l2,633,False,ok,0.3421,ok,0.3421,0.0
Svea_Hovraett_etc_export_job_4502445_845640_Svea_Hovraett_-_Advokatfiskalen_Jaemtlands_laen__1702__3-6edbb12a/0014_DSC_0386/r1l4,671,False,ok,0.5135,ok,0.5135,0.0
Svea_Hovraett_etc_export_job_4502445_845640_Svea_Hovraett_-_Advokatfiskalen_Jaemtlands_laen__1702__3-6edbb12a/0014_DSC_0386/r1l6,682,False,ok,0.2581,ok,0.2581,0.0
Svea_Hovraett_etc_export_job_4502445_845640_Svea_Hovraett_-_Advokatfiskalen_Jaemtlands_laen__1702__3-6edbb12a/0014_DSC_0386/r1l8,674,False,ok,0.1765,ok,0.1765,0.0
Svea_Hovraett_etc_export_job_4502445_845640_Svea_Hovraett_-_Advokatfiskalen_Jaemtlands_laen__1702__3-6edbb12a/0014_DSC_0386/r1l10,700,False,ok,0.303,ok,0.303,0.0
Svea_Hovraett_etc_export_job_4502445_845640_Svea_Hovraett_-_Advokatfiskalen_Jaemtlands_laen__1702__3-6edbb12a/0014_DSC_0386/r1l12,677,False,ok,0.4706,ok,0.4706,0.0
Svea_Hovraett_etc_export_job_4502445_845640_Svea_Hovraett_-_Advokatfiskalen_Jaemtlands_laen__1702__3-6edbb12a/0014_DSC_0386/r1l14,770,False,ok,0.1613,ok,0.1613,0.0
Svea_Hovraett_etc_export_job_4502445_845640_Svea_Hovraett_-_Advokatfiskalen_Jaemtlands_laen__1702__3-6edbb12a/0014_DSC_0386/r1l16,693,False,ok,0.2424,ok,0.2424,0.0
Svea_Hovraett_etc_export_job_4502445_845640_Svea_Hovraett_-_Advokatfiskalen_Jaemtlands_laen__1702__3-6edbb12a/0014_DSC_0386/r1l18,700,False,ok,0.2258,ok,0.2258,0.0
Svea_Hovraett_etc_export_job_4502445_845640_Svea_Hovraett_-_Advokatfiskalen_Jaemtlands_laen__1702__3-6edbb12a/0014_DSC_0386/r1l20,694,False,ok,0.4333,ok,0.4333,0.0
Svea_Hovraett_etc_export_job_4502445_845640_Svea_Hovraett_-_Advokatfiskalen_Jaemtlands_laen__1702__3-6edbb12a/0014_DSC_0386/r1l22,702,False,ok,0.0667,ok,0.0667,0.0
Svea_Hovraett_etc_export_job_4502445_845640_Svea_Hovraett_-_Advokatfiskalen_Jaemtlands_laen__1702__3-6edbb12a/0014_DSC_0386/r1l24,704,False,ok,0.1613,ok,0.1613,0.0
Svea_Hovraett_etc_export_job_4502445_845640_Svea_Hovraett_-_Advokatfiskalen_Jaemtlands_laen__1702__3-6edbb12a/0014_DSC_0386/r1l26,697,False,ok,0.0417,ok,0.0417,0.0
Svea_Hovraett_etc_export_job_4502445_845640_Svea_Hovraett_-_Advokatfiskalen_Jaemtlands_laen__1702__3-6edbb12a/0014_DSC_0386/r1l28,711,False,ok,0.1333,ok,0.1333,0.0
Svea_Hovraett_etc_export_job_4502445_845640_Svea_Hovraett_-_Advokatfiskalen_Jaemtlands_laen__1702__3-6edbb12a/0014_DSC_0386/r1l30,727,False,ok,0.1,ok,0.1,0.0
Svea_Hovraett_etc_export_job_4502445_845640_Svea_Hovraett_-_Advokatfiskalen_Jaemtlands_laen__1702__3-6edbb12a/0014_DSC_0386/r1l32,720,False,ok,0.1,ok,0.1,0.0
Svea_Hovraett_etc_export_job_4502445_845640_Svea_Hovraett_-_Advokatfiskalen_Jaemtlands_laen__1702__3-6edbb12a/0014_DSC_0386/r1l33,742,False,ok,0.1944,ok,0.1944,0.0
Svea_Hovraett_etc_export_job_4502445_845640_Svea_Hovraett_-_Advokatfiskalen_Jaemtlands_laen__1702__3-6edbb12a/0014_DSC_0386/line_1638275548733_479,760,False,ok,0.1429,ok,0.1429,0.0
Svea_Hovraett_etc_export_job_4502445_845640_Svea_Hovraett_-_Advokatfiskalen_Jaemtlands_laen__1702__3-6edbb12a/0014_DSC_0386/r1l37,723,False,ok,0.0938,ok,0.0938,0.0
Svea_Hovraett_etc_export_job_4502445_845640_Svea_Hovraett_-_Advokatfiskalen_Jaemtlands_laen__1702__3-6edbb12a/0014_DSC_0386/line_1638275548733_481,757,False,ok,0.1176,ok,0.1176,0.0
Svea_Hovraett_etc_export_job_4502445_845640_Svea_Hovraett_-_Advokatfiskalen_Jaemtlands_laen__1702__3-6edbb12a/0014_DSC_0386/line_1638275548733_483,769,False,ok,0.129,ok,0.129,0.0
Svea_Hovraett_etc_export_job_4502445_845640_Svea_Hovraett_-_Advokatfiskalen_Jaemtlands_laen__1702__3-6edbb12a/0014_DSC_0386/r1l41,146,True,ok,0.6,ok,0.6,0.0
Svea_Hovraett_etc_export_job_4502445_845640_Svea_Hovraett_-_Advokatfiskalen_Jaemtlands_laen__1702__3-6edbb12a/0014_DSC_0386/r2l1,74,True,ok,0.6667,ok,0.3333,-0.3333
Svea_Hovraett_etc_export_job_4502445_845640_Svea_Hovraett_-_Advokatfiskalen_Jaemtlands_laen__1702__3-6edbb12a/0014_DSC_0386/line_1638275548717_472,672,False,ok,0.7857,ok,0.7857,0.0
Svea_Hovraett_etc_export_job_4502445_845640_Svea_Hovraett_-_Advokatfiskalen_Jaemtlands_laen__1702__3-6edbb12a/0014_DSC_0386/line_1638275548717_474,641,False,ok,0.3793,ok,0.3793,0.0
Svea_Hovraett_etc_export_job_4502445_845640_Svea_Hovraett_-_Advokatfiskalen_Jaemtlands_laen__1702__3-6edbb12a/0014_DSC_0386/line_1638275548717_476,677,False,ok,0.5938,ok,0.5938,0.0
Svea_Hovraett_etc_export_job_4502445_845640_Svea_Hovraett_-_Advokatfiskalen_Jaemtlands_laen__1702__3-6edbb12a/0014_DSC_0386/r1l7,673,False,ok,0.8,ok,0.8,0.0
Svea_Hovraett_etc_export_job_4502445_845640_Svea_Hovraett_-_Advokatfiskalen_Jaemtlands_laen__1702__3-6edbb12a/0014_DSC_0386/r1l9,669,False,ok,0.3824,ok,0.3824,0.0
Svea_Hovraett_etc_export_job_4502445_845640_Svea_Hovraett_-_Advokatfiskalen_Jaemtlands_laen__1702__3-6edbb12a/0014_DSC_0386/r1l11,646,False,ok,0.6129,ok,0.6129,0.0
Svea_Hovraett_etc_export_job_4502445_845640_Svea_Hovraett_-_Advokatfiskalen_Jaemtlands_laen__1702__3-6edbb12a/0014_DSC_0386/r1l13,677,False,ok,0.4167,ok,0.4167,0.0
Svea_Hovraett_etc_export_job_4502445_845640_Svea_Hovraett_-_Advokatfiskalen_Jaemtlands_laen__1702__3-6edbb12a/0014_DSC_0386/r1l15,651,False,ok,0.3125,ok,0.3125,0.0
Svea_Hovraett_etc_export_job_4502445_845640_Svea_Hovraett_-_Advokatfiskalen_Jaemtlands_laen__1702__3-6edbb12a/0014_DSC_0386/r1l17,682,False,ok,0.3548,ok,0.3548,0.0
Svea_Hovraett_etc_export_job_4502445_845640_Svea_Hovraett_-_Advokatfiskalen_Jaemtlands_laen__1702__3-6edbb12a/0014_DSC_0386/r1l19,701,False,ok,0.2121,ok,0.2121,0.0
Svea_Hovraett_etc_export_job_4502445_845640_Svea_Hovraett_-_Advokatfiskalen_Jaemtlands_laen__1702__3-6edbb12a/0014_DSC_0386/r1l21,720,False,ok,0.3784,ok,0.3784,0.0
Svea_Hovraett_etc_export_job_4502445_845640_Svea_Hovraett_-_Advokatfiskalen_Jaemtlands_laen__1702__3-6edbb12a/0014_DSC_0386/r1l23,688,False,ok,0.2424,ok,0.2424,0.0
Svea_Hovraett_etc_export_job_4502445_845640_Svea_Hovraett_-_Advokatfiskalen_Jaemtlands_laen__1702__3-6edbb12a/0014_DSC_0386/r1l25,702,False,ok,0.35,ok,0.35,0.0
Svea_Hovraett_etc_export_job_4502445_845640_Svea_Hovraett_-_Advokatfiskalen_Jaemtlands_laen__1702__3-6edbb12a/0014_DSC_0386/r1l27,702,False,ok,0.1818,ok,0.1818,0.0
Svea_Hovraett_etc_export_job_4502445_845640_Svea_Hovraett_-_Advokatfiskalen_Jaemtlands_laen__1702__3-6edbb12a/0014_DSC_0386/r1l29,723,False,ok,0.2188,ok,0.2188,0.0
Svea_Hovraett_etc_export_job_4502445_845640_Svea_Hovraett_-_Advokatfiskalen_Jaemtlands_laen__1702__3-6edbb12a/0014_DSC_0386/r1l31,691,False,ok,0.2,ok,0.2,0.0
Svea_Hovraett_etc_export_job_4502445_845640_Svea_Hovraett_-_Advokatfiskalen_Jaemtlands_laen__1702__3-6edbb12a/0014_DSC_0386/r1l34,725,False,ok,0.2121,ok,0.2121,0.0
Svea_Hovraett_etc_export_job_4502445_845640_Svea_Hovraett_-_Advokatfiskalen_Jaemtlands_laen__1702__3-6edbb12a/0014_DSC_0386/r1l36,711,False,ok,0.1429,ok,0.1429,0.0
Svea_Hovraett_etc_export_job_4502445_845640_Svea_Hovraett_-_Advokatfiskalen_Jaemtlands_laen__1702__3-6edbb12a/0014_DSC_0386/r1l38,734,False,ok,0.2069,ok,0.2069,0.0
Svea_Hovraett_etc_export_job_4502445_845640_Svea_Hovraett_-_Advokatfiskalen_Jaemtlands_laen__1702__3-6edbb12a/0014_DSC_0386/line_1638275861860_605,732,False,ok,0.1379,ok,0.1379,0.0
Svea_Hovraett_etc_export_job_4502445_845640_Svea_Hovraett_-_Advokatfiskalen_Jaemtlands_laen__1702__3-6edbb12a/0014_DSC_0386/line_1638275872565_608,747,False,ok,0.2069,ok,0.2069,0.0
Svea_Hovraett_etc_export_job_4502445_845640_Svea_Hovraett_-_Advokatfiskalen_Jaemtlands_laen__1702__3-6edbb12a/0014_DSC_0386/r1l42,173,True,ok,0.5,ok,0.75,0.25
Svea_Hovraett_etc_export_job_4502445_845640_Svea_Hovraett_-_Advokatfiskalen_Jaemtlands_laen__1702__3-6edbb12a/0015_DSC_0389/r1l1,665,False,ok,0.3939,ok,0.3939,0.0
Svea_Hovraett_etc_export_job_4502445_845640_Svea_Hovraett_-_Advokatfiskalen_Jaemtlands_laen__1702__3-6edbb12a/0015_DSC_0389/r1l2,609,False,ok,0.3793,ok,0.3793,0.0
Svea_Hovraett_etc_export_job_4502445_845640_Svea_Hovraett_-_Advokatfiskalen_Jaemtlands_laen__1702__3-6edbb12a/0015_DSC_0389/r1l3,635,False,ok,0.2973,ok,0.2973,0.0
Svea_Hovraett_etc_export_job_4502445_845640_Svea_Hovraett_-_Advokatfiskalen_Jaemtlands_laen__1702__3-6edbb12a/0015_DSC_0389/r1l4,649,False,ok,0.1429,ok,0.1429,0.0
Svea_Hovraett_etc_export_job_4502445_845640_Svea_Hovraett_-_Advokatfiskalen_Jaemtlands_laen__1702__3-6edbb12a/0015_DSC_0389/r1l5,622,False,ok,0.4359,ok,0.4359,0.0
Svea_Hovraett_etc_export_job_4502445_845640_Svea_Hovraett_-_Advokatfiskalen_Jaemtlands_laen__1702__3-6edbb12a/0015_DSC_0389/r1l6,669,False,ok,0.425,ok,0.425,0.0
Svea_Hovraett_etc_export_job_4502445_845640_Svea_Hovraett_-_Advokatfiskalen_Jaemtlands_laen__1702__3-6edbb12a/0015_DSC_0389/r1l7,648,False,ok,0.5,ok,0.5,0.0
Svea_Hovraett_etc_export_job_4502445_845640_Svea_Hovraett_-_Advokatfiskalen_Jaemtlands_laen__1702__3-6edbb12a/0015_DSC_0389/r1l8,664,False,ok,0.359,ok,0.359,0.0
Svea_Hovraett_etc_export_job_4502445_845640_Svea_Hovraett_-_Advokatfiskalen_Jaemtlands_laen__1702__3-6edbb12a/0015_DSC_0389/r1l9,657,False,ok,0.3571,ok,0.3571,0.0
Svea_Hovraett_etc_export_job_4502445_845640_Svea_Hovraett_-_Advokatfiskalen_Jaemtlands_laen__1702__3-6edbb12a/0015_DSC_0389/r1l10,654,False,ok,0.2581,ok,0.2581,0.0
Svea_Hovraett_etc_export_job_4502445_845640_Svea_Hovraett_-_Advokatfiskalen_Jaemtlands_laen__1702__3-6edbb12a/0015_DSC_0389/r1l11,693,False,ok,0.2059,ok,0.2059,0.0
Svea_Hovraett_etc_export_job_4502445_845640_Svea_Hovraett_-_Advokatfiskalen_Jaemtlands_laen__1702__3-6edbb12a/0015_DSC_0389/r1l12,676,False,ok,0.3056,ok,0.3056,0.0
Svea_Hovraett_etc_export_job_4502445_845640_Svea_Hovraett_-_Advokatfiskalen_Jaemtlands_laen__1702__3-6edbb12a/0015_DSC_0389/r1l13,684,False,ok,0.1471,ok,0.1471,0.0
Svea_Hovraett_etc_export_job_4502445_845640_Svea_Hovraett_-_Advokatfiskalen_Jaemtlands_laen__1702__3-6edbb12a/0015_DSC_0389/r1l14,665,False,ok,0.0,ok,0.0,0.0
Svea_Hovraett_etc_export_job_4502445_845640_Svea_Hovraett_-_Advokatfiskalen_Jaemtlands_laen__1702__3-6edbb12a/0015_DSC_0389/r1l15,672,False,ok,0.2222,ok,0.2222,0.0
Svea_Hovraett_etc_export_job_4502445_845640_Svea_Hovraett_-_Advokatfiskalen_Jaemtlands_laen__1702__3-6edbb12a/0015_DSC_0389/line_1638276072759_657,687,False,ok,0.1379,ok,0.1379,0.0
Svea_Hovraett_etc_export_job_4502445_845640_Svea_Hovraett_-_Advokatfiskalen_Jaemtlands_laen__1702__3-6edbb12a/0015_DSC_0389/r1l18,697,False,ok,0.2143,ok,0.2143,0.0
Svea_Hovraett_etc_export_job_4502445_845640_Svea_Hovraett_-_Advokatfiskalen_Jaemtlands_laen__1702__3-6edbb12a/0015_DSC_0389/r1l19,703,False,ok,0.1034,ok,0.1034,0.0
Svea_Hovraett_etc_export_job_4502445_845640_Svea_Hovraett_-_Advokatfiskalen_Jaemtlands_laen__1702__3-6edbb12a/0015_DSC_0389/r1l20,707,False,ok,0.0,ok,0.0,0.0
Svea_Hovraett_etc_export_job_4502445_845640_Svea_Hovraett_-_Advokatfiskalen_Jaemtlands_laen__1702__3-6edbb12a/0015_DSC_0389/r1l21,726,False,ok,0.1875,ok,0.1875,0.0
Svea_Hovraett_etc_export_job_4502445_845640_Svea_Hovraett_-_Advokatfiskalen_Jaemtlands_laen__1702__3-6edbb12a/0015_DSC_0389/r1l22,385,False,ok,0.3333,ok,0.3333,0.0
Svea_Hovraett_etc_export_job_4502445_845640_Svea_Hovraett_-_Advokatfiskalen_Jaemtlands_laen__1702__3-6edbb12a/0015_DSC_0389/r1l23,70,True,empty,1.0,ok,1.0,0.0
Svea_Hovraett_etc_export_job_4502445_845640_Svea_Hovraett_-_Advokatfiskalen_Jaemtlands_laen__1702__3-6edbb12a/0015_DSC_0389/r2l1,92,True,ok,0.6667,ok,1.0,0.3333
Svea_Hovraett_etc_export_job_4502445_845640_Svea_Hovraett_-_Advokatfiskalen_Jaemtlands_laen__1702__3-6edbb12a/0015_DSC_0389/r2l2,695,False,ok,0.8421,ok,0.8421,0.0
Svea_Hovraett_etc_export_job_4502445_845640_Svea_Hovraett_-_Advokatfiskalen_Jaemtlands_laen__1702__3-6edbb12a/0015_DSC_0389/r2l3,651,False,ok,0.8182,ok,0.8182,0.0
Svea_Hovraett_etc_export_job_4502445_845640_Svea_Hovraett_-_Advokatfiskalen_Jaemtlands_laen__1702__3-6edbb12a/0015_DSC_0389/r2l4,655,False,ok,0.9444,ok,0.9444,0.0
Svea_Hovraett_etc_export_job_4502445_845640_Svea_Hovraett_-_Advokatfiskalen_Jaemtlands_laen__1702__3-6edbb12a/0015_DSC_0389/r2l5,679,False,ok,0.8182,ok,0.8182,0.0
Svea_Hovraett_etc_export_job_4502445_845640_Svea_Hovraett_-_Advokatfiskalen_Jaemtlands_laen__1702__3-6edbb12a/0015_DSC_0389/r2l6,663,False,ok,0.825,ok,0.825,0.0
Svea_Hovraett_etc_export_job_4502445_845640_Svea_Hovraett_-_Advokatfiskalen_Jaemtlands_laen__1702__3-6edbb12a/0015_DSC_0389/r2l7,678,False,ok,0.8108,ok,0.8108,0.0
Svea_Hovraett_etc_export_job_4502445_845640_Svea_Hovraett_-_Advokatfiskalen_Jaemtlands_laen__1702__3-6edbb12a/0015_DSC_0389/r2l8,680,False,ok,0.7442,ok,0.7442,0.0
Svea_Hovraett_etc_export_job_4502445_845640_Svea_Hovraett_-_Advokatfiskalen_Jaemtlands_laen__1702__3-6edbb12a/0015_DSC_0389/r2l9,633,False,ok,0.5556,ok,0.5556,0.0
Svea_Hovraett_etc_export_job_4502445_845640_Svea_Hovraett_-_Advokatfiskalen_Jaemtlands_laen__1702__3-6edbb12a/0015_DSC_0389/r2l10,654,False,ok,0.4722,ok,0.4722,0.0
Svea_Hovraett_etc_export_job_4502445_845640_Svea_Hovraett_-_Advokatfiskalen_Jaemtlands_laen__1702__3-6edbb12a/0015_DSC_0389/r2l11,269,False,ok,0.375,ok,0.375,0.0
Svea_Hovraett_etc_export_job_4502445_845640_Svea_Hovraett_-_Advokatfiskalen_Jaemtlands_laen__1702__3-6edbb12a/0015_DSC_0389/r2l12,754,False,ok,0.3077,ok,0.3077,0.0
Svea_Hovraett_etc_export_job_4502445_845640_Svea_Hovraett_-_Advokatfiskalen_Jaemtlands_laen__1702__3-6edbb12a/0015_DSC_0389/r2l13,658,False,ok,0.3704,ok,0.3704,0.0
Svea_Hovraett_etc_export_job_4502445_845640_Svea_Hovraett_-_Advokatfiskalen_Jaemtlands_laen__1702__3-6edbb12a/0015_DSC_0389/r2l14,697,False,ok,0.1714,ok,0.1714,0.0
Svea_Hovraett_etc_export_job_4502445_845640_Svea_Hovraett_-_Advokatfiskalen_Jaemtlands_laen__1702__3-6edbb12a/0015_DSC_0389/r2l15,697,False,ok,0.2162,ok,0.2162,0.0
Svea_Hovraett_etc_export_job_4502445_845640_Svea_Hovraett_-_Advokatfiskalen_Jaemtlands_laen__1702__3-6edbb12a/0015_DSC_0389/r2l16,691,False,ok,0.1212,ok,0.1212,0.0
Svea_Hovraett_etc_export_job_4502445_845640_Svea_Hovraett_-_Advokatfiskalen_Jaemtlands_laen__1702__3-6edbb12a/0015_DSC_0389/r2l17,684,False,ok,0.3056,ok,0.3056,0.0
Svea_Hovraett_etc_export_job_4502445_845640_Svea_Hovraett_-_Advokatfiskalen_Jaemtlands_laen__1702__3-6edbb12a/0015_DSC_0389/r2l18,712,False,ok,0.4884,ok,0.4884,0.0
Svea_Hovraett_etc_export_job_4502445_845640_Svea_Hovraett_-_Advokatfiskalen_Jaemtlands_laen__1702__3-6edbb12a/0015_DSC_0389/r2l19,702,False,ok,0.2857,ok,0.2857,0.0
Svea_Hovraett_etc_export_job_4502445_845640_Svea_Hovraett_-_Advokatfiskalen_Jaemtlands_laen__1702__3-6edbb12a/0015_DSC_0389/r2l20,516,False,ok,0.2727,ok,0.2727,0.0
Svea_Hovraett_etc_export_job_4502445_845640_Svea_Hovraett_-_Advokatfiskalen_Jaemtlands_laen__1702__3-6edbb12a/0015_DSC_0389/r2l21,794,False,ok,0.6216,ok,0.6216,0.0
Svea_Hovraett_etc_export_job_4502445_845640_Svea_Hovraett_-_Advokatfiskalen_Jaemtlands_laen__1702__3-6edbb12a/0015_DSC_0389/r2l22,152,True,empty,1.0,empty,1.0,0.0
Svea_Hovraett_etc_export_job_4502445_845640_Svea_Hovraett_-_Advokatfiskalen_Jaemtlands_laen__1702__3-6edbb12a/0016_DSC_0390/r1l1,663,False,ok,0.525,ok,0.525,0.0
Svea_Hovraett_etc_export_job_4502445_845640_Svea_Hovraett_-_Advokatfiskalen_Jaemtlands_laen__1702__3-6edbb12a/0016_DSC_0390/r1l2,668,False,ok,0.2333,ok,0.2333,0.0
Svea_Hovraett_etc_export_job_4502445_845640_Svea_Hovraett_-_Advokatfiskalen_Jaemtlands_laen__1702__3-6edbb12a/0016_DSC_0390/r1l3,688,False,ok,0.3125,ok,0.3125,0.0
Svea_Hovraett_etc_export_job_4502445_845640_Svea_Hovraett_-_Advokatfiskalen_Jaemtlands_laen__1702__3-6edbb12a/0016_DSC_0390/r1l4,685,False,ok,0.2258,ok,0.2258,0.0
Svea_Hovraett_etc_export_job_4502445_845640_Svea_Hovraett_-_Advokatfiskalen_Jaemtlands_laen__1702__3-6edbb12a/0016_DSC_0390/r1l5,693,False,ok,0.1944,ok,0.1944,0.0
Svea_Hovraett_etc_export_job_4502445_845640_Svea_Hovraett_-_Advokatfiskalen_Jaemtlands_laen__1702__3-6edbb12a/0016_DSC_0390/r1l6,685,False,ok,0.2821,ok,0.2821,0.0
Svea_Hovraett_etc_export_job_4502445_845640_Svea_Hovraett_-_Advokatfiskalen_Jaemtlands_laen__1702__3-6edbb12a/0016_DSC_0390/r1l7,691,False,ok,0.4571,ok,0.4571,0.0
Svea_Hovraett_etc_export_job_4502445_845640_Svea_Hovraett_-_Advokatfiskalen_Jaemtlands_laen__1702__3-6edbb12a/0016_DSC_0390/r1l8,700,False,ok,0.2927,ok,0.2927,0.0
Svea_Hovraett_etc_export_job_4502445_845640_Svea_Hovraett_-_Advokatfiskalen_Jaemtlands_laen__1702__3-6edbb12a/0016_DSC_0390/r1l9,691,False,ok,0.1463,ok,0.1463,0.0
Svea_Hovraett_etc_export_job_4502445_845640_Svea_Hovraett_-_Advokatfiskalen_Jaemtlands_laen__1702__3-6edbb12a/0016_DSC_0390/r1l10,713,False,ok,0.2941,ok,0.2941,0.0
Svea_Hovraett_etc_export_job_4502445_845640_Svea_Hovraett_-_Advokatfiskalen_Jaemtlands_laen__1702__3-6edbb12a/0016_DSC_0390/r1l11,673,False,ok,0.0625,ok,0.0625,0.0
Svea_Hovraett_etc_export_job_4502445_845640_Svea_Hovraett_-_Advokatfiskalen_Jaemtlands_laen__1702__3-6edbb12a/0016_DSC_0390/r1l12,706,False,ok,0.2353,ok,0.2353,0.0
Svea_Hovraett_etc_export_job_4502445_845640_Svea_Hovraett_-_Advokatfiskalen_Jaemtlands_laen__1702__3-6edbb12a/0016_DSC_0390/r1l13,728,False,ok,0.1389,ok,0.1389,0.0
Svea_Hovraett_etc_export_job_4502445_845640_Svea_Hovraett_-_Advokatfiskalen_Jaemtlands_laen__1702__3-6edbb12a/0016_DSC_0390/r1l14,703,False,ok,0.1395,ok,0.1395,0.0
Svea_Hovraett_etc_export_job_4502445_845640_Svea_Hovraett_-_Advokatfiskalen_Jaemtlands_laen__1702__3-6edbb12a/0016_DSC_0390/r1l15,697,False,ok,0.1622,ok,0.1622,0.0
Svea_Hovraett_etc_export_job_4502445_845640_Svea_Hovraett_-_Advokatfiskalen_Jaemtlands_laen__1702__3-6edbb12a/0016_DSC_0390/r1l16,724,False,ok,0.1111,ok,0.1111,0.0
Svea_Hovraett_etc_export_job_4502445_845640_Svea_Hovraett_-_Advokatfiskalen_Jaemtlands_laen__1702__3-6edbb12a/0016_DSC_0390/r1l17,736,False,ok,0.2593,ok,0.2593,0.0
Svea_Hovraett_etc_export_job_4502445_845640_Svea_Hovraett_-_Advokatfiskalen_Jaemtlands_laen__1702__3-6edbb12a/0016_DSC_0390/r1l18,757,False,ok,0.225,ok,0.225,0.0
Svea_Hovraett_etc_export_job_4502445_845640_Svea_Hovraett_-_Advokatfiskalen_Jaemtlands_laen__1702__3-6edbb12a/0016_DSC_0390/r1l19,748,False,ok,0.25,ok,0.25,0.0
Svea_Hovraett_etc_export_job_4502445_845640_Svea_Hovraett_-_Advokatfiskalen_Jaemtlands_laen__1702__3-6edbb12a/0016_DSC_0390/r1l20,744,False,ok,0.1,ok,0.1,0.0
Svea_Hovraett_etc_export_job_4502445_845640_Svea_Hovraett_-_Advokatfiskalen_Jaemtlands_laen__1702__3-6edbb12a/0016_DSC_0390/r1l21,770,False,ok,0.1282,ok,0.1282,0.0
Svea_Hovraett_etc_export_job_4502445_845640_Svea_Hovraett_-_Advokatfiskalen_Jaemtlands_laen__1702__3-6edbb12a/0016_DSC_0390/r1l22,162,True,ok,1.0,ok,1.0,0.0
Svea_Hovraett_etc_export_job_4502445_845640_Svea_Hovraett_-_Advokatfiskalen_Jaemtlands_laen__1702__3-6edbb12a/0016_DSC_0390/r2l1,112,True,ok,0.3333,empty,1.0,0.6667
Svea_Hovraett_etc_export_job_4502445_845640_Svea_Hovraett_-_Advokatfiskalen_Jaemtlands_laen__1702__3-6edbb12a/0016_DSC_0390/r2l3,657,False,ok,0.8537,ok,0.8537,0.0
Svea_Hovraett_etc_export_job_4502445_845640_Svea_Hovraett_-_Advokatfiskalen_Jaemtlands_laen__1702__3-6edbb12a/0016_DSC_0390/r2l4,643,False,ok,0.7778,ok,0.7778,0.0
Svea_Hovraett_etc_export_job_4502445_845640_Svea_Hovraett_-_Advokatfiskalen_Jaemtlands_laen__1702__3-6edbb12a/0016_DSC_0390/r2l5,641,False,ok,0.6364,ok,0.6364,0.0
Svea_Hovraett_etc_export_job_4502445_845640_Svea_Hovraett_-_Advokatfiskalen_Jaemtlands_laen__1702__3-6edbb12a/0016_DSC_0390/r2l6,672,False,ok,0.7838,ok,0.7838,0.0
Svea_Hovraett_etc_export_job_4502445_845640_Svea_Hovraett_-_Advokatfiskalen_Jaemtlands_laen__1702__3-6edbb12a/0016_DSC_0390/r2l7,671,False,ok,0.7436,ok,0.7436,0.0
Svea_Hovraett_etc_export_job_4502445_845640_Svea_Hovraett_-_Advokatfiskalen_Jaemtlands_laen__1702__3-6edbb12a/0016_DSC_0390/r2l8,696,False,ok,0.7949,ok,0.7949,0.0
Svea_Hovraett_etc_export_job_4502445_845640_Svea_Hovraett_-_Advokatfiskalen_Jaemtlands_laen__1702__3-6edbb12a/0016_DSC_0390/r2l9,676,False,ok,0.5556,ok,0.5556,0.0
Svea_Hovraett_etc_export_job_4502445_845640_Svea_Hovraett_-_Advokatfiskalen_Jaemtlands_laen__1702__3-6edbb12a/0016_DSC_0390/r2l10,644,False,ok,0.2353,ok,0.2353,0.0
Svea_Hovraett_etc_export_job_4502445_845640_Svea_Hovraett_-_Advokatfiskalen_Jaemtlands_laen__1702__3-6edbb12a/0016_DSC_0390/r2l11,657,False,ok,0.3514,ok,0.3514,0.0
Svea_Hovraett_etc_export_job_4502445_845640_Svea_Hovraett_-_Advokatfiskalen_Jaemtlands_laen__1702__3-6edbb12a/0016_DSC_0390/r2l12,650,False,ok,0.2759,ok,0.2759,0.0
Svea_Hovraett_etc_export_job_4502445_845640_Svea_Hovraett_-_Advokatfiskalen_Jaemtlands_laen__1702__3-6edbb12a/0016_DSC_0390/r2l13,670,False,ok,0.2188,ok,0.2188,0.0
Svea_Hovraett_etc_export_job_4502445_845640_Svea_Hovraett_-_Advokatfiskalen_Jaemtlands_laen__1702__3-6edbb12a/0016_DSC_0390/r2l14,672,False,ok,0.2432,ok,0.2432,0.0
Svea_Hovraett_etc_export_job_4502445_845640_Svea_Hovraett_-_Advokatfiskalen_Jaemtlands_laen__1702__3-6edbb12a/0016_DSC_0390/r2l15,680,False,ok,0.2424,ok,0.2424,0.0
Svea_Hovraett_etc_export_job_4502445_845640_Svea_Hovraett_-_Advokatfiskalen_Jaemtlands_laen__1702__3-6edbb12a/0016_DSC_0390/r2l16,695,False,ok,0.3824,ok,0.3824,0.0
Svea_Hovraett_etc_export_job_4502445_845640_Svea_Hovraett_-_Advokatfiskalen_Jaemtlands_laen__1702__3-6edbb12a/0016_DSC_0390/r2l17,690,False,ok,0.2895,ok,0.2895,0.0
Svea_Hovraett_etc_export_job_4502445_845640_Svea_Hovraett_-_Advokatfiskalen_Jaemtlands_laen__1702__3-6edbb12a/0016_DSC_0390/r2l18,686,False,ok,0.3226,ok,0.3226,0.0
Svea_Hovraett_etc_export_job_4502445_845640_Svea_Hovraett_-_Advokatfiskalen_Jaemtlands_laen__1702__3-6edbb12a/0016_DSC_0390/r2l19,702,False,ok,0.2821,ok,0.2821,0.0
Svea_Hovraett_etc_export_job_4502445_845640_Svea_Hovraett_-_Advokatfiskalen_Jaemtlands_laen__1702__3-6edbb12a/0016_DSC_0390/r2l20,686,False,ok,0.2903,ok,0.2903,0.0
Svea_Hovraett_etc_export_job_4502445_845640_Svea_Hovraett_-_Advokatfiskalen_Jaemtlands_laen__1702__3-6edbb12a/0016_DSC_0390/r2l21,691,False,ok,0.3333,ok,0.3333,0.0
Svea_Hovraett_etc_export_job_4502445_845640_Svea_Hovraett_-_Advokatfiskalen_Jaemtlands_laen__1702__3-6edbb12a/0016_DSC_0390/r2l22,699,False,ok,0.2258,ok,0.2258,0.0
Svea_Hovraett_etc_export_job_4502445_845640_Svea_Hovraett_-_Advokatfiskalen_Jaemtlands_laen__1702__3-6edbb12a/0016_DSC_0390/r2l23,694,False,ok,0.4062,ok,0.4062,0.0
Svea_Hovraett_etc_export_job_4502445_845640_Svea_Hovraett_-_Advokatfiskalen_Jaemtlands_laen__1702__3-6edbb12a/0016_DSC_0390/r2l24,152,True,empty,1.0,empty,1.0,0.0
Svea_Hovraett_etc_export_job_4502445_845640_Svea_Hovraett_-_Advokatfiskalen_Jaemtlands_laen__1702__3-6edbb12a/0017_DSC_0391/r1l1,671,False,ok,0.1714,ok,0.1714,0.0
Svea_Hovraett_etc_export_job_4502445_845640_Svea_Hovraett_-_Advokatfiskalen_Jaemtlands_laen__1702__3-6edbb12a/0017_DSC_0391/r1l2,667,False,ok,0.3235,ok,0.3235,0.0
Svea_Hovraett_etc_export_job_4502445_845640_Svea_Hovraett_-_Advokatfiskalen_Jaemtlands_laen__1702__3-6edbb12a/0017_DSC_0391/r1l3,666,False,ok,0.5556,ok,0.5556,0.0
Svea_Hovraett_etc_export_job_4502445_845640_Svea_Hovraett_-_Advokatfiskalen_Jaemtlands_laen__1702__3-6edbb12a/0017_DSC_0391/r1l4,676,False,ok,0.2812,ok,0.2812,0.0
Svea_Hovraett_etc_export_job_4502445_845640_Svea_Hovraett_-_Advokatfiskalen_Jaemtlands_laen__1702__3-6edbb12a/0017_DSC_0391/r1l5,677,False,ok,0.1351,ok,0.1351,0.0
Svea_Hovraett_etc_export_job_4502445_845640_Svea_Hovraett_-_Advokatfiskalen_Jaemtlands_laen__1702__3-6edbb12a/0017_DSC_0391/r1l6,694,False,ok,0.3429,ok,0.3429,0.0
Svea_Hovraett_etc_export_job_4502445_845640_Svea_Hovraett_-_Advokatfiskalen_Jaemtlands_laen__1702__3-6edbb12a/0017_DSC_0391/r1l7,684,False,ok,0.1,ok,0.1,0.0
Svea_Hovraett_etc_export_job_4502445_845640_Svea_Hovraett_-_Advokatfiskalen_Jaemtlands_laen__1702__3-6edbb12a/0017_DSC_0391/r1l8,696,False,ok,0.25,ok,0.25,0.0
Svea_Hovraett_etc_export_job_4502445_845640_Svea_Hovraett_-_Advokatfiskalen_Jaemtlands_laen__1702__3-6edbb12a/0017_DSC_0391/r1l9,687,False,ok,0.1143,ok,0.1143,0.0
Svea_Hovraett_etc_export_job_4502445_845640_Svea_Hovraett_-_Advokatfiskalen_Jaemtlands_laen__1702__3-6edbb12a/0017_DSC_0391/r1l10,722,False,ok,0.1667,ok,0.1667,0.0
Svea_Hovraett_etc_export_job_4502445_845640_Svea_Hovraett_-_Advokatfiskalen_Jaemtlands_laen__1702__3-6edbb12a/0017_DSC_0391/r1l11,690,False,ok,0.1351,ok,0.1351,0.0
Svea_Hovraett_etc_export_job_4502445_845640_Svea_Hovraett_-_Advokatfiskalen_Jaemtlands_laen__1702__3-6edbb12a/0017_DSC_0391/r1l12,710,False,ok,0.0294,ok,0.0294,0.0
Svea_Hovraett_etc_export_job_4502445_845640_Svea_Hovraett_-_Advokatfiskalen_Jaemtlands_laen__1702__3-6edbb12a/0017_DSC_0391/r1l13,700,False,ok,0.069,ok,0.069,0.0
Svea_Hovraett_etc_export_job_4502445_845640_Svea_Hovraett_-_Advokatfiskalen_Jaemtlands_laen__1702__3-6edbb12a/0017_DSC_0391/r1l14,717,False,ok,0.0833,ok,0.0833,0.0
Svea_Hovraett_etc_export_job_4502445_845640_Svea_Hovraett_-_Advokatfiskalen_Jaemtlands_laen__1702__3-6edbb12a/0017_DSC_0391/r1l15,725,False,ok,0.2059,ok,0.2059,0.0
Svea_Hovraett_etc_export_job_4502445_845640_Svea_Hovraett_-_Advokatfiskalen_Jaemtlands_laen__1702__3-6edbb12a/0017_DSC_0391/r1l16,726,False,ok,0.0323,ok,0.0323,0.0
Svea_Hovraett_etc_export_job_4502445_845640_Svea_Hovraett_-_Advokatfiskalen_Jaemtlands_laen__1702__3-6edbb12a/0017_DSC_0391/r1l17,741,False,ok,0.0741,ok,0.0741,0.0
Svea_Hovraett_etc_export_job_4502445_845640_Svea_Hovraett_-_Advokatfiskalen_Jaemtlands_laen__1702__3-6edbb12a/0017_DSC_0391/r1l18,720,False,ok,0.0857,ok,0.0857,0.0
Svea_Hovraett_etc_export_job_4502445_845640_Svea_Hovraett_-_Advokatfiskalen_Jaemtlands_laen__1702__3-6edbb12a/0017_DSC_0391/r1l19,742,False,ok,0.1515,ok,0.1515,0.0
Svea_Hovraett_etc_export_job_4502445_845640_Svea_Hovraett_-_Advokatfiskalen_Jaemtlands_laen__1702__3-6edbb12a/0017_DSC_0391/r1l21,742,False,ok,0.0312,ok,0.0312,0.0
Svea_Hovraett_etc_export_job_4502445_845640_Svea_Hovraett_-_Advokatfiskalen_Jaemtlands_laen__1702__3-6edbb12a/0017_DSC_0391/r1l22,737,False,ok,0.0345,ok,0.0345,0.0
Svea_Hovraett_etc_export_job_4502445_845640_Svea_Hovraett_-_Advokatfiskalen_Jaemtlands_laen__1702__3-6edbb12a/0017_DSC_0391/r1l23,116,True,ok,1.0,ok,1.0,0.0
Svea_Hovraett_etc_export_job_4502445_845640_Svea_Hovraett_-_Advokatfiskalen_Jaemtlands_laen__1702__3-6edbb12a/0017_DSC_0391/r2l1,77,True,empty,1.0,empty,1.0,0.0
Svea_Hovraett_etc_export_job_4502445_845640_Svea_Hovraett_-_Advokatfiskalen_Jaemtlands_laen__1702__3-6edbb12a/0017_DSC_0391/r2l2,600,False,ok,0.6977,ok,0.6977,0.0
Svea_Hovraett_etc_export_job_4502445_845640_Svea_Hovraett_-_Advokatfiskalen_Jaemtlands_laen__1702__3-6edbb12a/0017_DSC_0391/r2l3,600,False,ok,0.7692,ok,0.7692,0.0
Svea_Hovraett_etc_export_job_4502445_845640_Svea_Hovraett_-_Advokatfiskalen_Jaemtlands_laen__1702__3-6edbb12a/0017_DSC_0391/r2l4,601,False,ok,0.8056,ok,0.8056,0.0
Svea_Hovraett_etc_export_job_4502445_845640_Svea_Hovraett_-_Advokatfiskalen_Jaemtlands_laen__1702__3-6edbb12a/0017_DSC_0391/r2l5,637,False,ok,0.7097,ok,0.7097,0.0
Svea_Hovraett_etc_export_job_4502445_845640_Svea_Hovraett_-_Advokatfiskalen_Jaemtlands_laen__1702__3-6edbb12a/0017_DSC_0391/r2l6,614,False,ok,0.5429,ok,0.5429,0.0
Svea_Hovraett_etc_export_job_4502445_845640_Svea_Hovraett_-_Advokatfiskalen_Jaemtlands_laen__1702__3-6edbb12a/0017_DSC_0391/r2l7,616,False,ok,0.7419,ok,0.7419,0.0
Svea_Hovraett_etc_export_job_4502445_845640_Svea_Hovraett_-_Advokatfiskalen_Jaemtlands_laen__1702__3-6edbb12a/0017_DSC_0391/r2l8,458,False,ok,0.5357,ok,0.5357,0.0
Svea_Hovraett_etc_export_job_4502445_845640_Svea_Hovraett_-_Advokatfiskalen_Jaemtlands_laen__1702__3-6edbb12a/0017_DSC_0391/r2l9,620,False,ok,0.5714,ok,0.5714,0.0
Svea_Hovraett_etc_export_job_4502445_845640_Svea_Hovraett_-_Advokatfiskalen_Jaemtlands_laen__1702__3-6edbb12a/0017_DSC_0391/r2l10,649,False,ok,0.5526,ok,0.5526,0.0
Svea_Hovraett_etc_export_job_4502445_845640_Svea_Hovraett_-_Advokatfiskalen_Jaemtlands_laen__1702__3-6edbb12a/0017_DSC_0391/r2l11,645,False,ok,0.5152,ok,0.5152,0.0
Svea_Hovraett_etc_export_job_4502445_845640_Svea_Hovraett_-_Advokatfiskalen_Jaemtlands_laen__1702__3-6edbb12a/0017_DSC_0391/r2l12,676,False,ok,0.6286,ok,0.6286,0.0
Svea_Hovraett_etc_export_job_4502445_845640_Svea_Hovraett_-_Advokatfiskalen_Jaemtlands_laen__1702__3-6edbb12a/0017_DSC_0391/r2l13,679,False,ok,0.4773,ok,0.4773,0.0
Svea_Hovraett_etc_export_job_4502445_845640_Svea_Hovraett_-_Advokatfiskalen_Jaemtlands_laen__1702__3-6edbb12a/0017_DSC_0391/r2l14,657,False,ok,0.2059,ok,0.2059,0.0
Svea_Hovraett_etc_export_job_4502445_845640_Svea_Hovraett_-_Advokatfiskalen_Jaemtlands_laen__1702__3-6edbb12a/0017_DSC_0391/r2l15,405,False,ok,0.4583,ok,0.4583,0.0
Svea_Hovraett_etc_export_job_4502445_845640_Svea_Hovraett_-_Advokatfiskalen_Jaemtlands_laen__1702__3-6edbb12a/0017_DSC_0391/r2l16,654,False,ok,0.3421,ok,0.3421,0.0
Svea_Hovraett_etc_export_job_4502445_845640_Svea_Hovraett_-_Advokatfiskalen_Jaemtlands_laen__1702__3-6edbb12a/0017_DSC_0391/r2l17,650,False,ok,0.2432,ok,0.2432,0.0
Svea_Hovraett_etc_export_job_4502445_845640_Svea_Hovraett_-_Advokatfiskalen_Jaemtlands_laen__1702__3-6edbb12a/0017_DSC_0391/r2l18,713,False,ok,0.3056,ok,0.3056,0.0
Svea_Hovraett_etc_export_job_4502445_845640_Svea_Hovraett_-_Advokatfiskalen_Jaemtlands_laen__1702__3-6edbb12a/0017_DSC_0391/r2l19,696,False,ok,0.275,ok,0.275,0.0
Svea_Hovraett_etc_export_job_4502445_845640_Svea_Hovraett_-_Advokatfiskalen_Jaemtlands_laen__1702__3-6edbb12a/0017_DSC_0391/r2l20,684,False,ok,0.3846,ok,0.3846,0.0
Svea_Hovraett_etc_export_job_4502445_845640_Svea_Hovraett_-_Advokatfiskalen_Jaemtlands_laen__1702__3-6edbb12a/0017_DSC_0391/r2l21,731,False,ok,0.3158,ok,0.3158,0.0
Svea_Hovraett_etc_export_job_4502445_845640_Svea_Hovraett_-_Advokatfiskalen_Jaemtlands_laen__1702__3-6edbb12a/0017_DSC_0391/r2l22,715,False,ok,0.4194,ok,0.4194,0.0
Svea_Hovraett_etc_export_job_4502445_845640_Svea_Hovraett_-_Advokatfiskalen_Jaemtlands_laen__1702__3-6edbb12a/0017_DSC_0391/r2l23,175,True,ok,0.625,ok,0.875,0.25
Svea_Hovraett_etc_export_job_4502445_845640_Svea_Hovraett_-_Advokatfiskalen_Jaemtlands_laen__1702__3-6edbb12a/0018_DSC_0392/r1l1,691,False,ok,0.5946,ok,0.5946,0.0
Svea_Hovraett_etc_export_job_4502445_845640_Svea_Hovraett_-_Advokatfiskalen_Jaemtlands_laen__1702__3-6edbb12a/0018_DSC_0392/r1l2,692,False,ok,0.7027,ok,0.7027,0.0
Svea_Hovraett_etc_export_job_4502445_845640_Svea_Hovraett_-_Advokatfiskalen_Jaemtlands_laen__1702__3-6edbb12a/0018_DSC_0392/r1l3,699,False,ok,0.4839,ok,0.4839,0.0
Svea_Hovraett_etc_export_job_4502445_845640_Svea_Hovraett_-_Advokatfiskalen_Jaemtlands_laen__1702__3-6edbb12a/0018_DSC_0392/r1l4,715,False,ok,0.4211,ok,0.4211,0.0
Svea_Hovraett_etc_export_job_4502445_845640_Svea_Hovraett_-_Advokatfiskalen_Jaemtlands_laen__1702__3-6edbb12a/0018_DSC_0392/r1l6,722,False,ok,0.3784,ok,0.3784,0.0
Svea_Hovraett_etc_export_job_4502445_845640_Svea_Hovraett_-_Advokatfiskalen_Jaemtlands_laen__1702__3-6edbb12a/0018_DSC_0392/r1l8,732,False,ok,0.6098,ok,0.6098,0.0
Svea_Hovraett_etc_export_job_4502445_845640_Svea_Hovraett_-_Advokatfiskalen_Jaemtlands_laen__1702__3-6edbb12a/0018_DSC_0392/r1l9,721,False,ok,0.303,ok,0.303,0.0
Svea_Hovraett_etc_export_job_4502445_845640_Svea_Hovraett_-_Advokatfiskalen_Jaemtlands_laen__1702__3-6edbb12a/0018_DSC_0392/r1l10,721,False,ok,0.2895,ok,0.2895,0.0
Svea_Hovraett_etc_export_job_4502445_845640_Svea_Hovraett_-_Advokatfiskalen_Jaemtlands_laen__1702__3-6edbb12a/0018_DSC_0392/r1l11,743,False,ok,0.4545,ok,0.4545,0.0
Svea_Hovraett_etc_export_job_4502445_845640_Svea_Hovraett_-_Advokatfiskalen_Jaemtlands_laen__1702__3-6edbb12a/0018_DSC_0392/r1l12,732,False,ok,0.2632,ok,0.2632,0.0
Svea_Hovraett_etc_export_job_4502445_845640_Svea_Hovraett_-_Advokatfiskalen_Jaemtlands_laen__1702__3-6edbb12a/0018_DSC_0392/r1l13,734,False,ok,0.1333,ok,0.1333,0.0
Svea_Hovraett_etc_export_job_4502445_845640_Svea_Hovraett_-_Advokatfiskalen_Jaemtlands_laen__1702__3-6edbb12a/0018_DSC_0392/r1l14,744,False,ok,0.1765,ok,0.1765,0.0
Svea_Hovraett_etc_export_job_4502445_845640_Svea_Hovraett_-_Advokatfiskalen_Jaemtlands_laen__1702__3-6edbb12a/0018_DSC_0392/r1l15,757,False,ok,0.2553,ok,0.2553,0.0
Svea_Hovraett_etc_export_job_4502445_845640_Svea_Hovraett_-_Advokatfiskalen_Jaemtlands_laen__1702__3-6edbb12a/0018_DSC_0392/r1l16,750,False,ok,0.3721,ok,0.3721,0.0
Svea_Hovraett_etc_export_job_4502445_845640_Svea_Hovraett_-_Advokatfiskalen_Jaemtlands_laen__1702__3-6edbb12a/0018_DSC_0392/r1l17,768,False,ok,0.2051,ok,0.2051,0.0
Svea_Hovraett_etc_export_job_4502445_845640_Svea_Hovraett_-_Advokatfiskalen_Jaemtlands_laen__1702__3-6edbb12a/0018_DSC_0392/r1l18,764,False,ok,0.2571,ok,0.2571,0.0
Svea_Hovraett_etc_export_job_4502445_845640_Svea_Hovraett_-_Advokatfiskalen_Jaemtlands_laen__1702__3-6edbb12a/0018_DSC_0392/r1l19,780,False,ok,0.2,ok,0.2,0.0
Svea_Hovraett_etc_export_job_4502445_845640_Svea_Hovraett_-_Advokatfiskalen_Jaemtlands_laen__1702__3-6edbb12a/0018_DSC_0392/r1l20,797,False,ok,0.1875,ok,0.1875,0.0
Svea_Hovraett_etc_export_job_4502445_845640_Svea_Hovraett_-_Advokatfiskalen_Jaemtlands_laen__1702__3-6edbb12a/0018_DSC_0392/r1l21,790,False,ok,0.1842,ok,0.1842,0.0
Svea_Hovraett_etc_export_job_4502445_845640_Svea_Hovraett_-_Advokatfiskalen_Jaemtlands_laen__1702__3-6edbb12a/0018_DSC_0392/r1l22,787,False,ok,0.0625,ok,0.0625,0.0
Svea_Hovraett_etc_export_job_4502445_845640_Svea_Hovraett_-_Advokatfiskalen_Jaemtlands_laen__1702__3-6edbb12a/0018_DSC_0392/r1l23,802,False,ok,0.1765,ok,0.1765,0.0
Svea_Hovraett_etc_export_job_4502445_845640_Svea_Hovraett_-_Advokatfiskalen_Jaemtlands_laen__1702__3-6edbb12a/0018_DSC_0392/line_1638277016426_940,77,True,empty,1.0,ok,1.0,0.0
Svea_Hovraett_etc_export_job_4502445_845640_Svea_Hovraett_-_Advokatfiskalen_Jaemtlands_laen__1702__3-6edbb12a/0018_DSC_0392/r2l1,93,True,ok,1.0,empty,1.0,0.0
Svea_Hovraett_etc_export_job_4502445_845640_Svea_Hovraett_-_Advokatfiskalen_Jaemtlands_laen__1702__3-6edbb12a/0018_DSC_0392/r2l2,631,False,ok,0.9118,ok,0.9118,0.0
Svea_Hovraett_etc_export_job_4502445_845640_Svea_Hovraett_-_Advokatfiskalen_Jaemtlands_laen__1702__3-6edbb12a/0018_DSC_0392/r2l3,644,False,ok,0.8485,ok,0.8485,0.0
Svea_Hovraett_etc_export_job_4502445_845640_Svea_Hovraett_-_Advokatfiskalen_Jaemtlands_laen__1702__3-6edbb12a/0018_DSC_0392/r2l4,658,False,ok,0.8824,ok,0.8824,0.0
Svea_Hovraett_etc_export_job_4502445_845640_Svea_Hovraett_-_Advokatfiskalen_Jaemtlands_laen__1702__3-6edbb12a/0018_DSC_0392/r2l5,657,False,ok,0.875,ok,0.875,0.0
Svea_Hovraett_etc_export_job_4502445_845640_Svea_Hovraett_-_Advokatfiskalen_Jaemtlands_laen__1702__3-6edbb12a/0018_DSC_0392/r2l6,650,False,ok,0.7097,ok,0.7097,0.0
Svea_Hovraett_etc_export_job_4502445_845640_Svea_Hovraett_-_Advokatfiskalen_Jaemtlands_laen__1702__3-6edbb12a/0018_DSC_0392/r2l7,658,False,ok,0.75,ok,0.75,0.0
Svea_Hovraett_etc_export_job_4502445_845640_Svea_Hovraett_-_Advokatfiskalen_Jaemtlands_laen__1702__3-6edbb12a/0018_DSC_0392/r2l8,638,False,ok,0.4828,ok,0.4828,0.0
Svea_Hovraett_etc_export_job_4502445_845640_Svea_Hovraett_-_Advokatfiskalen_Jaemtlands_laen__1702__3-6edbb12a/0018_DSC_0392/r2l9,649,False,ok,0.5312,ok,0.5312,0.0
Svea_Hovraett_etc_export_job_4502445_845640_Svea_Hovraett_-_Advokatfiskalen_Jaemtlands_laen__1702__3-6edbb12a/0018_DSC_0392/r2l10,684,False,ok,0.5429,ok,0.5429,0.0
Svea_Hovraett_etc_export_job_4502445_845640_Svea_Hovraett_-_Advokatfiskalen_Jaemtlands_laen__1702__3-6edbb12a/0018_DSC_0392/r2l11,660,False,ok,0.3871,ok,0.3871,0.0
Svea_Hovraett_etc_export_job_4502445_845640_Svea_Hovraett_-_Advokatfiskalen_Jaemtlands_laen__1702__3-6edbb12a/0018_DSC_0392/r2l12,699,False,ok,0.3636,ok,0.3636,0.0
Svea_Hovraett_etc_export_job_4502445_845640_Svea_Hovraett_-_Advokatfiskalen_Jaemtlands_laen__1702__3-6edbb12a/0018_DSC_0392/r2l13,704,False,ok,0.4545,ok,0.4545,0.0
Svea_Hovraett_etc_export_job_4502445_845640_Svea_Hovraett_-_Advokatfiskalen_Jaemtlands_laen__1702__3-6edbb12a/0018_DSC_0392/r2l14,685,False,ok,0.2727,ok,0.2727,0.0
Svea_Hovraett_etc_export_job_4502445_845640_Svea_Hovraett_-_Advokatfiskalen_Jaemtlands_laen__1702__3-6edbb12a/0018_DSC_0392/r2l15,695,False,ok,0.25,ok,0.25,0.0
Svea_Hovraett_etc_export_job_4502445_845640_Svea_Hovraett_-_Advokatfiskalen_Jaemtlands_laen__1702__3-6edbb12a/0018_DSC_0392/r2l16,683,False,ok,0.2059,ok,0.2059,0.0
Svea_Hovraett_etc_export_job_4502445_845640_Svea_Hovraett_-_Advokatfiskalen_Jaemtlands_laen__1702__3-6edbb12a/0018_DSC_0392/r2l17,687,False,ok,0.2414,ok,0.2414,0.0
Svea_Hovraett_etc_export_job_4502445_845640_Svea_Hovraett_-_Advokatfiskalen_Jaemtlands_laen__1702__3-6edbb12a/0018_DSC_0392/r2l18,711,False,ok,0.3,ok,0.3,0.0
Svea_Hovraett_etc_export_job_4502445_845640_Svea_Hovraett_-_Advokatfiskalen_Jaemtlands_laen__1702__3-6edbb12a/0018_DSC_0392/r2l19,731,False,ok,0.4062,ok,0.4062,0.0
Svea_Hovraett_etc_export_job_4502445_845640_Svea_Hovraett_-_Advokatfiskalen_Jaemtlands_laen__1702__3-6edbb12a/0018_DSC_0392/r2l20,718,False,ok,0.35,ok,0.35,0.0
Svea_Hovraett_etc_export_job_4502445_845640_Svea_Hovraett_-_Advokatfiskalen_Jaemtlands_laen__1702__3-6edbb12a/0018_DSC_0392/r2l21,729,False,ok,0.3143,ok,0.3143,0.0
Svea_Hovraett_etc_export_job_4502445_845640_Svea_Hovraett_-_Advokatfiskalen_Jaemtlands_laen__1702__3-6edbb12a/0018_DSC_0392/r2l22,722,False,ok,0.3636,ok,0.3636,0.0
Svea_Hovraett_etc_export_job_4502445_845640_Svea_Hovraett_-_Advokatfiskalen_Jaemtlands_laen__1702__3-6edbb12a/0018_DSC_0392/r2l23,118,True,empty,1.0,empty,1.0,0.0
Svea_Hovraett_etc_export_job_4502445_845640_Svea_Hovraett_-_Advokatfiskalen_Jaemtlands_laen__1702__3-6edbb12a/0019_DSC_0396/r1l1,670,False,ok,0.5938,ok,0.5938,0.0
Svea_Hovraett_etc_export_job_4502445_845640_Svea_Hovraett_-_Advokatfiskalen_Jaemtlands_laen__1702__3-6edbb12a/0019_DSC_0396/r1l2,651,False,ok,0.2759,ok,0.2759,0.0
Svea_Hovraett_etc_export_job_4502445_845640_Svea_Hovraett_-_Advokatfiskalen_Jaemtlands_laen__1702__3-6edbb12a/0019_DSC_0396/r1l3,667,False,ok,0.4062,ok,0.4062,0.0
Svea_Hovraett_etc_export_job_4502445_845640_Svea_Hovraett_-_Advokatfiskalen_Jaemtlands_laen__1702__3-6edbb12a/0019_DSC_0396/r1l4,680,False,ok,0.375,ok,0.375,0.0
Svea_Hovraett_etc_export_job_4502445_845640_Svea_Hovraett_-_Advokatfiskalen_Jaemtlands_laen__1702__3-6edbb12a/0019_DSC_0396/r1l5,680,False,ok,0.3824,ok,0.3824,0.0
Svea_Hovraett_etc_export_job_4502445_845640_Svea_Hovraett_-_Advokatfiskalen_Jaemtlands_laen__1702__3-6edbb12a/0019_DSC_0396/r1l6,670,False,ok,0.6875,ok,0.6875,0.0
Svea_Hovraett_etc_export_job_4502445_845640_Svea_Hovraett_-_Advokatfiskalen_Jaemtlands_laen__1702__3-6edbb12a/0019_DSC_0396/r1l7,686,False,ok,0.3947,ok,0.3947,0.0
Svea_Hovraett_etc_export_job_4502445_845640_Svea_Hovraett_-_Advokatfiskalen_Jaemtlands_laen__1702__3-6edbb12a/0019_DSC_0396/r1l8,688,False,ok,0.1,ok,0.1,0.0
Svea_Hovraett_etc_export_job_4502445_845640_Svea_Hovraett_-_Advokatfiskalen_Jaemtlands_laen__1702__3-6edbb12a/0019_DSC_0396/r1l9,705,False,ok,0.1429,ok,0.1429,0.0
Svea_Hovraett_etc_export_job_4502445_845640_Svea_Hovraett_-_Advokatfiskalen_Jaemtlands_laen__1702__3-6edbb12a/0019_DSC_0396/r1l10,686,False,ok,0.3,ok,0.3,0.0
Svea_Hovraett_etc_export_job_4502445_845640_Svea_Hovraett_-_Advokatfiskalen_Jaemtlands_laen__1702__3-6edbb12a/0019_DSC_0396/r1l11,697,False,ok,0.2121,ok,0.2121,0.0
Svea_Hovraett_etc_export_job_4502445_845640_Svea_Hovraett_-_Advokatfiskalen_Jaemtlands_laen__1702__3-6edbb12a/0019_DSC_0396/r1l12,677,False,ok,0.2258,ok,0.2258,0.0
Svea_Hovraett_etc_export_job_4502445_845640_Svea_Hovraett_-_Advokatfiskalen_Jaemtlands_laen__1702__3-6edbb12a/0019_DSC_0396/r1l13,705,False,ok,0.25,ok,0.25,0.0
Svea_Hovraett_etc_export_job_4502445_845640_Svea_Hovraett_-_Advokatfiskalen_Jaemtlands_laen__1702__3-6edbb12a/0019_DSC_0396/r1l14,736,False,ok,0.3158,ok,0.3158,0.0
Svea_Hovraett_etc_export_job_4502445_845640_Svea_Hovraett_-_Advokatfiskalen_Jaemtlands_laen__1702__3-6edbb12a/0019_DSC_0396/r1l15,681,False,ok,0.3125,ok,0.3125,0.0
Svea_Hovraett_etc_export_job_4502445_845640_Svea_Hovraett_-_Advokatfiskalen_Jaemtlands_laen__1702__3-6edbb12a/0019_DSC_0396/r1l16,688,False,ok,0.4211,ok,0.4211,0.0
Svea_Hovraett_etc_export_job_4502445_845640_Svea_Hovraett_-_Advokatfiskalen_Jaemtlands_laen__1702__3-6edbb12a/0019_DSC_0396/r1l17,705,False,ok,0.1714,ok,0.1714,0.0
Svea_Hovraett_etc_export_job_4502445_845640_Svea_Hovraett_-_Advokatfiskalen_Jaemtlands_laen__1702__3-6edbb12a/0019_DSC_0396/r1l18,717,False,ok,0.3793,ok,0.3793,0.0
Svea_Hovraett_etc_export_job_4502445_845640_Svea_Hovraett_-_Advokatfiskalen_Jaemtlands_laen__1702__3-6edbb12a/0019_DSC_0396/r1l19,751,False,ok,0.3429,ok,0.3429,0.0
Svea_Hovraett_etc_export_job_4502445_845640_Svea_Hovraett_-_Advokatfiskalen_Jaemtlands_laen__1702__3-6edbb12a/0019_DSC_0396/r1l20,727,False,ok,0.3235,ok,0.3235,0.0
Svea_Hovraett_etc_export_job_4502445_845640_Svea_Hovraett_-_Advokatfiskalen_Jaemtlands_laen__1702__3-6edbb12a/0019_DSC_0396/r1l21,733,False,ok,0.5676,ok,0.5676,0.0
Svea_Hovraett_etc_export_job_4502445_845640_Svea_Hovraett_-_Advokatfiskalen_Jaemtlands_laen__1702__3-6edbb12a/0019_DSC_0396/line_1638277294019_1035,59,True,empty,1.0,empty,1.0,0.0
Svea_Hovraett_etc_export_job_4502445_845640_Svea_Hovraett_-_Advokatfiskalen_Jaemtlands_laen__1702__3-6edbb12a/0019_DSC_0396/r2l1,81,True,ok,1.0,ok,0.6667,-0.3333
Svea_Hovraett_etc_export_job_4502445_845640_Svea_Hovraett_-_Advokatfiskalen_Jaemtlands_laen__1702__3-6edbb12a/0019_DSC_0396/r2l2,600,False,ok,0.4516,ok,0.4516,0.0
Svea_Hovraett_etc_export_job_4502445_845640_Svea_Hovraett_-_Advokatfiskalen_Jaemtlands_laen__1702__3-6edbb12a/0019_DSC_0396/r2l3,637,False,ok,0.375,ok,0.375,0.0
Svea_Hovraett_etc_export_job_4502445_845640_Svea_Hovraett_-_Advokatfiskalen_Jaemtlands_laen__1702__3-6edbb12a/0019_DSC_0396/r2l4,648,False,ok,0.6667,ok,0.6667,0.0
Svea_Hovraett_etc_export_job_4502445_845640_Svea_Hovraett_-_Advokatfiskalen_Jaemtlands_laen__1702__3-6edbb12a/0019_DSC_0396/r2l5,679,False,ok,0.7714,ok,0.7714,0.0
Svea_Hovraett_etc_export_job_4502445_845640_Svea_Hovraett_-_Advokatfiskalen_Jaemtlands_laen__1702__3-6edbb12a/0019_DSC_0396/r2l6,601,False,ok,0.1852,ok,0.1852,0.0
Svea_Hovraett_etc_export_job_4502445_845640_Svea_Hovraett_-_Advokatfiskalen_Jaemtlands_laen__1702__3-6edbb12a/0019_DSC_0396/r2l7,619,False,ok,0.2,ok,0.2,0.0
Svea_Hovraett_etc_export_job_4502445_845640_Svea_Hovraett_-_Advokatfiskalen_Jaemtlands_laen__1702__3-6edbb12a/0019_DSC_0396/r2l8,576,False,ok,0.1,ok,0.1,0.0
Svea_Hovraett_etc_export_job_4502445_845640_Svea_Hovraett_-_Advokatfiskalen_Jaemtlands_laen__1702__3-6edbb12a/0019_DSC_0396/r2l9,723,False,ok,0.275,ok,0.275,0.0
Svea_Hovraett_etc_export_job_4502445_845640_Svea_Hovraett_-_Advokatfiskalen_Jaemtlands_laen__1702__3-6edbb12a/0019_DSC_0396/r2l10,686,False,ok,0.1875,ok,0.1875,0.0
Svea_Hovraett_etc_export_job_4502445_845640_Svea_Hovraett_-_Advokatfiskalen_Jaemtlands_laen__1702__3-6edbb12a/0019_DSC_0396/line_1638277524645_1128,686,False,ok,0.3243,ok,0.3243,0.0
Svea_Hovraett_etc_export_job_4502445_845640_Svea_Hovraett_-_Advokatfiskalen_Jaemtlands_laen__1702__3-6edbb12a/0019_DSC_0396/r2l13,680,False,ok,0.1562,ok,0.1562,0.0
Svea_Hovraett_etc_export_job_4502445_845640_Svea_Hovraett_-_Advokatfiskalen_Jaemtlands_laen__1702__3-6edbb12a/0019_DSC_0396/r2l14,672,False,ok,0.1613,ok,0.1613,0.0
Svea_Hovraett_etc_export_job_4502445_845640_Svea_Hovraett_-_Advokatfiskalen_Jaemtlands_laen__1702__3-6edbb12a/0019_DSC_0396/r2l15,674,False,ok,0.0667,ok,0.0667,0.0
Svea_Hovraett_etc_export_job_4502445_845640_Svea_Hovraett_-_Advokatfiskalen_Jaemtlands_laen__1702__3-6edbb12a/0019_DSC_0396/r2l16,168,True,ok,0.7778,ok,0.7778,0.0
Svea_Hovraett_etc_export_job_4502445_845640_Svea_Hovraett_-_Advokatfiskalen_Jaemtlands_laen__1702__3-6edbb12a/0019_DSC_0396/r2l17,769,False,ok,0.3947,ok,0.3947,0.0
Svea_Hovraett_etc_export_job_4502445_845640_Svea_Hovraett_-_Advokatfiskalen_Jaemtlands_laen__1702__3-6edbb12a/0019_DSC_0396/r2l18,681,False,ok,0.4062,ok,0.4062,0.0
Svea_Hovraett_etc_export_job_4502445_845640_Svea_Hovraett_-_Advokatfiskalen_Jaemtlands_laen__1702__3-6edbb12a/0019_DSC_0396/r2l19,713,False,ok,0.3333,ok,0.3333,0.0
Svea_Hovraett_etc_export_job_4502445_845640_Svea_Hovraett_-_Advokatfiskalen_Jaemtlands_laen__1702__3-6edbb12a/0019_DSC_0396/r2l20,703,False,ok,0.4194,ok,0.4194,0.0
Svea_Hovraett_etc_export_job_4502445_845640_Svea_Hovraett_-_Advokatfiskalen_Jaemtlands_laen__1702__3-6edbb12a/0019_DSC_0396/r2l21,700,False,ok,0.4375,ok,0.4375,0.0
Svea_Hovraett_etc_export_job_4502445_845640_Svea_Hovraett_-_Advokatfiskalen_Jaemtlands_laen__1702__3-6edbb12a/0019_DSC_0396/r2l22,123,True,empty,1.0,ok,0.6667,-0.3333
Svea_Hovraett_etc_export_job_4502445_845640_Svea_Hovraett_-_Advokatfiskalen_Jaemtlands_laen__1702__3-6edbb12a/0020_DSC_0397/r2l1,662,False,ok,0.2973,ok,0.2973,0.0
Svea_Hovraett_etc_export_job_4502445_845640_Svea_Hovraett_-_Advokatfiskalen_Jaemtlands_laen__1702__3-6edbb12a/0020_DSC_0397/r2l2,660,False,ok,0.5682,ok,0.5682,0.0
Svea_Hovraett_etc_export_job_4502445_845640_Svea_Hovraett_-_Advokatfiskalen_Jaemtlands_laen__1702__3-6edbb12a/0020_DSC_0397/r2l3,652,False,ok,0.3939,ok,0.3939,0.0
Svea_Hovraett_etc_export_job_4502445_845640_Svea_Hovraett_-_Advokatfiskalen_Jaemtlands_laen__1702__3-6edbb12a/0020_DSC_0397/r2l4,645,False,ok,0.3056,ok,0.3056,0.0
Svea_Hovraett_etc_export_job_4502445_845640_Svea_Hovraett_-_Advokatfiskalen_Jaemtlands_laen__1702__3-6edbb12a/0020_DSC_0397/r2l5,604,False,ok,0.3143,ok,0.3143,0.0
Svea_Hovraett_etc_export_job_4502445_845640_Svea_Hovraett_-_Advokatfiskalen_Jaemtlands_laen__1702__3-6edbb12a/0020_DSC_0397/r2l6,658,False,ok,0.375,ok,0.375,0.0
Svea_Hovraett_etc_export_job_4502445_845640_Svea_Hovraett_-_Advokatfiskalen_Jaemtlands_laen__1702__3-6edbb12a/0020_DSC_0397/r2l7,641,False,ok,0.2333,ok,0.2333,0.0
Svea_Hovraett_etc_export_job_4502445_845640_Svea_Hovraett_-_Advokatfiskalen_Jaemtlands_laen__1702__3-6edbb12a/0020_DSC_0397/r2l8,693,False,ok,0.1538,ok,0.1538,0.0
Svea_Hovraett_etc_export_job_4502445_845640_Svea_Hovraett_-_Advokatfiskalen_Jaemtlands_laen__1702__3-6edbb12a/0020_DSC_0397/r2l9,666,False,ok,0.3,ok,0.3,0.0
Svea_Hovraett_etc_export_job_4502445_845640_Svea_Hovraett_-_Advokatfiskalen_Jaemtlands_laen__1702__3-6edbb12a/0020_DSC_0397/r2l10,650,False,ok,0.2,ok,0.2,0.0
Svea_Hovraett_etc_export_job_4502445_845640_Svea_Hovraett_-_Advokatfiskalen_Jaemtlands_laen__1702__3-6edbb12a/0020_DSC_0397/r2l11,665,False,ok,0.2069,ok,0.2069,0.0
Svea_Hovraett_etc_export_job_4502445_845640_Svea_Hovraett_-_Advokatfiskalen_Jaemtlands_laen__1702__3-6edbb12a/0020_DSC_0397/r2l12,677,False,ok,0.1515,ok,0.1515,0.0
Svea_Hovraett_etc_export_job_4502445_845640_Svea_Hovraett_-_Advokatfiskalen_Jaemtlands_laen__1702__3-6edbb12a/0020_DSC_0397/r2l13,654,False,ok,0.1379,ok,0.1379,0.0
Svea_Hovraett_etc_export_job_4502445_845640_Svea_Hovraett_-_Advokatfiskalen_Jaemtlands_laen__1702__3-6edbb12a/0020_DSC_0397/r2l15,676,False,ok,0.4634,ok,0.4634,0.0
Svea_Hovraett_etc_export_job_4502445_845640_Svea_Hovraett_-_Advokatfiskalen_Jaemtlands_laen__1702__3-6edbb12a/0020_DSC_0397/r2l16,681,False,ok,0.1379,ok,0.1379,0.0
Svea_Hovraett_etc_export_job_4502445_845640_Svea_Hovraett_-_Advokatfiskalen_Jaemtlands_laen__1702__3-6edbb12a/0020_DSC_0397/r2l17,706,False,ok,0.3,ok,0.3,0.0
Svea_Hovraett_etc_export_job_4502445_845640_Svea_Hovraett_-_Advokatfiskalen_Jaemtlands_laen__1702__3-6edbb12a/0020_DSC_0397/r2l18,710,False,ok,0.129,ok,0.129,0.0
Svea_Hovraett_etc_export_job_4502445_845640_Svea_Hovraett_-_Advokatfiskalen_Jaemtlands_laen__1702__3-6edbb12a/0020_DSC_0397/r2l19,717,False,ok,0.1935,ok,0.1935,0.0
Svea_Hovraett_etc_export_job_4502445_845640_Svea_Hovraett_-_Advokatfiskalen_Jaemtlands_laen__1702__3-6edbb12a/0020_DSC_0397/r2l20,708,False,ok,0.0857,ok,0.0857,0.0
Svea_Hovraett_etc_export_job_4502445_845640_Svea_Hovraett_-_Advokatfiskalen_Jaemtlands_laen__1702__3-6edbb12a/0020_DSC_0397/r2l21,723,False,ok,0.1111,ok,0.1111,0.0
Svea_Hovraett_etc_export_job_4502445_845640_Svea_Hovraett_-_Advokatfiskalen_Jaemtlands_laen__1702__3-6edbb12a/0020_DSC_0397/r2l22,716,False,ok,0.1,ok,0.1,0.0
Svea_Hovraett_etc_export_job_4502445_845640_Svea_Hovraett_-_Advokatfiskalen_Jaemtlands_laen__1702__3-6edbb12a/0020_DSC_0397/r2l23,89,True,ok,1.0,ok,1.0,0.0
Svea_Hovraett_etc_export_job_4502445_845640_Svea_Hovraett_-_Advokatfiskalen_Jaemtlands_laen__1702__3-6edbb12a/0020_DSC_0397/r3l2,95,True,ok,1.0,ok,1.0,0.0
Svea_Hovraett_etc_export_job_4502445_845640_Svea_Hovraett_-_Advokatfiskalen_Jaemtlands_laen__1702__3-6edbb12a/0020_DSC_0397/r3l3,642,False,ok,0.8235,ok,0.8235,0.0
Svea_Hovraett_etc_export_job_4502445_845640_Svea_Hovraett_-_Advokatfiskalen_Jaemtlands_laen__1702__3-6edbb12a/0020_DSC_0397/r3l4,604,False,ok,0.4324,ok,0.4324,0.0
Svea_Hovraett_etc_export_job_4502445_845640_Svea_Hovraett_-_Advokatfiskalen_Jaemtlands_laen__1702__3-6edbb12a/0020_DSC_0397/r3l5,667,False,ok,0.641,ok,0.641,0.0
Svea_Hovraett_etc_export_job_4502445_845640_Svea_Hovraett_-_Advokatfiskalen_Jaemtlands_laen__1702__3-6edbb12a/0020_DSC_0397/r3l6,643,False,ok,0.625,ok,0.625,0.0
Svea_Hovraett_etc_export_job_4502445_845640_Svea_Hovraett_-_Advokatfiskalen_Jaemtlands_laen__1702__3-6edbb12a/0020_DSC_0397/r3l7,462,False,ok,0.3333,ok,0.3333,0.0
Svea_Hovraett_etc_export_job_4502445_845640_Svea_Hovraett_-_Advokatfiskalen_Jaemtlands_laen__1702__3-6edbb12a/0020_DSC_0397/r3l8,663,False,ok,0.4103,ok,0.4103,0.0
Svea_Hovraett_etc_export_job_4502445_845640_Svea_Hovraett_-_Advokatfiskalen_Jaemtlands_laen__1702__3-6edbb12a/0020_DSC_0397/r3l9,653,False,ok,0.4474,ok,0.4474,0.0
Svea_Hovraett_etc_export_job_4502445_845640_Svea_Hovraett_-_Advokatfiskalen_Jaemtlands_laen__1702__3-6edbb12a/0020_DSC_0397/r3l10,640,False,ok,0.4773,ok,0.4773,0.0
Svea_Hovraett_etc_export_job_4502445_845640_Svea_Hovraett_-_Advokatfiskalen_Jaemtlands_laen__1702__3-6edbb12a/0020_DSC_0397/r3l11,651,False,ok,0.2286,ok,0.2286,0.0
Svea_Hovraett_etc_export_job_4502445_845640_Svea_Hovraett_-_Advokatfiskalen_Jaemtlands_laen__1702__3-6edbb12a/0020_DSC_0397/r3l12,664,False,ok,0.381,ok,0.381,0.0
Svea_Hovraett_etc_export_job_4502445_845640_Svea_Hovraett_-_Advokatfiskalen_Jaemtlands_laen__1702__3-6edbb12a/0020_DSC_0397/r3l13,675,False,ok,0.3617,ok,0.3617,0.0
Svea_Hovraett_etc_export_job_4502445_845640_Svea_Hovraett_-_Advokatfiskalen_Jaemtlands_laen__1702__3-6edbb12a/0020_DSC_0397/r3l14,654,False,ok,0.1515,ok,0.1515,0.0
Svea_Hovraett_etc_export_job_4502445_845640_Svea_Hovraett_-_Advokatfiskalen_Jaemtlands_laen__1702__3-6edbb12a/0020_DSC_0397/r3l15,668,False,ok,0.1892,ok,0.1892,0.0
Svea_Hovraett_etc_export_job_4502445_845640_Svea_Hovraett_-_Advokatfiskalen_Jaemtlands_laen__1702__3-6edbb12a/0020_DSC_0397/r3l16,655,False,ok,0.1034,ok,0.1034,0.0
Svea_Hovraett_etc_export_job_4502445_845640_Svea_Hovraett_-_Advokatfiskalen_Jaemtlands_laen__1702__3-6edbb12a/0020_DSC_0397/r3l17,665,False,ok,0.2162,ok,0.2162,0.0
Svea_Hovraett_etc_export_job_4502445_845640_Svea_Hovraett_-_Advokatfiskalen_Jaemtlands_laen__1702__3-6edbb12a/0020_DSC_0397/r3l18,674,False,ok,0.3214,ok,0.3214,0.0
Svea_Hovraett_etc_export_job_4502445_845640_Svea_Hovraett_-_Advokatfiskalen_Jaemtlands_laen__1702__3-6edbb12a/0020_DSC_0397/r3l19,677,False,ok,0.2791,ok,0.2791,0.0
Svea_Hovraett_etc_export_job_4502445_845640_Svea_Hovraett_-_Advokatfiskalen_Jaemtlands_laen__1702__3-6edbb12a/0020_DSC_0397/r3l20,707,False,ok,0.2812,ok,0.2812,0.0
Svea_Hovraett_etc_export_job_4502445_845640_Svea_Hovraett_-_Advokatfiskalen_Jaemtlands_laen__1702__3-6edbb12a/0020_DSC_0397/r3l22,666,False,ok,0.1875,ok,0.1875,0.0
Svea_Hovraett_etc_export_job_4502445_845640_Svea_Hovraett_-_Advokatfiskalen_Jaemtlands_laen__1702__3-6edbb12a/0020_DSC_0397/r3l23,684,False,ok,0.2432,ok,0.2432,0.0
Svea_Hovraett_etc_export_job_4502445_845640_Svea_Hovraett_-_Advokatfiskalen_Jaemtlands_laen__1702__3-6edbb12a/0020_DSC_0397/r3l24,699,False,ok,0.3529,ok,0.3529,0.0
Svea_Hovraett_etc_export_job_4502445_845640_Svea_Hovraett_-_Advokatfiskalen_Jaemtlands_laen__1702__3-6edbb12a/0020_DSC_0397/r3l25,145,True,ok,0.6667,ok,0.5,-0.1667
Svea_Hovraett_etc_export_job_4502445_845640_Svea_Hovraett_-_Advokatfiskalen_Jaemtlands_laen__1702__3-6edbb12a/0021_DSC_0398/line_1638777495086_205,799,False,ok,0.4872,ok,0.4872,0.0
Svea_Hovraett_etc_export_job_4502445_845640_Svea_Hovraett_-_Advokatfiskalen_Jaemtlands_laen__1702__3-6edbb12a/0021_DSC_0398/r2l1,655,False,ok,0.5111,ok,0.5111,0.0
Svea_Hovraett_etc_export_job_4502445_845640_Svea_Hovraett_-_Advokatfiskalen_Jaemtlands_laen__1702__3-6edbb12a/0021_DSC_0398/r2l2,664,False,ok,0.4,ok,0.4,0.0
Svea_Hovraett_etc_export_job_4502445_845640_Svea_Hovraett_-_Advokatfiskalen_Jaemtlands_laen__1702__3-6edbb12a/0021_DSC_0398/r2l3,681,False,ok,0.6327,ok,0.6327,0.0
Svea_Hovraett_etc_export_job_4502445_845640_Svea_Hovraett_-_Advokatfiskalen_Jaemtlands_laen__1702__3-6edbb12a/0021_DSC_0398/r2l4,658,False,ok,0.4286,ok,0.4286,0.0
Svea_Hovraett_etc_export_job_4502445_845640_Svea_Hovraett_-_Advokatfiskalen_Jaemtlands_laen__1702__3-6edbb12a/0021_DSC_0398/r2l5,641,False,ok,0.2821,ok,0.2821,0.0
Svea_Hovraett_etc_export_job_4502445_845640_Svea_Hovraett_-_Advokatfiskalen_Jaemtlands_laen__1702__3-6edbb12a/0021_DSC_0398/r2l6,640,False,ok,0.2857,ok,0.2857,0.0
Svea_Hovraett_etc_export_job_4502445_845640_Svea_Hovraett_-_Advokatfiskalen_Jaemtlands_laen__1702__3-6edbb12a/0021_DSC_0398/r2l7,637,False,ok,0.3636,ok,0.3636,0.0
Svea_Hovraett_etc_export_job_4502445_845640_Svea_Hovraett_-_Advokatfiskalen_Jaemtlands_laen__1702__3-6edbb12a/0021_DSC_0398/r2l8,641,False,ok,0.4722,ok,0.4722,0.0
Svea_Hovraett_etc_export_job_4502445_845640_Svea_Hovraett_-_Advokatfiskalen_Jaemtlands_laen__1702__3-6edbb12a/0021_DSC_0398/r2l9,666,False,ok,0.775,ok,0.775,0.0
Svea_Hovraett_etc_export_job_4502445_845640_Svea_Hovraett_-_Advokatfiskalen_Jaemtlands_laen__1702__3-6edbb12a/0021_DSC_0398/r2l10,659,False,ok,0.3235,ok,0.3235,0.0
Svea_Hovraett_etc_export_job_4502445_845640_Svea_Hovraett_-_Advokatfiskalen_Jaemtlands_laen__1702__3-6edbb12a/0021_DSC_0398/r2l11,663,False,ok,0.3704,ok,0.3704,0.0
Svea_Hovraett_etc_export_job_4502445_845640_Svea_Hovraett_-_Advokatfiskalen_Jaemtlands_laen__1702__3-6edbb12a/0021_DSC_0398/r2l12,326,False,ok,0.3846,ok,0.3846,0.0
Svea_Hovraett_etc_export_job_4502445_845640_Svea_Hovraett_-_Advokatfiskalen_Jaemtlands_laen__1702__3-6edbb12a/0021_DSC_0398/r2l15,714,False,ok,0.2667,ok,0.2667,0.0
Svea_Hovraett_etc_export_job_4502445_845640_Svea_Hovraett_-_Advokatfiskalen_Jaemtlands_laen__1702__3-6edbb12a/0021_DSC_0398/r2l16,702,False,ok,0.3333,ok,0.3333,0.0
Svea_Hovraett_etc_export_job_4502445_845640_Svea_Hovraett_-_Advokatfiskalen_Jaemtlands_laen__1702__3-6edbb12a/0021_DSC_0398/r2l18,722,False,ok,0.3,ok,0.3,0.0
Svea_Hovraett_etc_export_job_4502445_845640_Svea_Hovraett_-_Advokatfiskalen_Jaemtlands_laen__1702__3-6edbb12a/0021_DSC_0398/r2l19,745,False,ok,0.2333,ok,0.2333,0.0
Svea_Hovraett_etc_export_job_4502445_845640_Svea_Hovraett_-_Advokatfiskalen_Jaemtlands_laen__1702__3-6edbb12a/0021_DSC_0398/r2l20,729,False,ok,0.1379,ok,0.1379,0.0
Svea_Hovraett_etc_export_job_4502445_845640_Svea_Hovraett_-_Advokatfiskalen_Jaemtlands_laen__1702__3-6edbb12a/0021_DSC_0398/r2l21,699,False,ok,0.2424,ok,0.2424,0.0
Svea_Hovraett_etc_export_job_4502445_845640_Svea_Hovraett_-_Advokatfiskalen_Jaemtlands_laen__1702__3-6edbb12a/0021_DSC_0398/r2l22,730,False,ok,0.2812,ok,0.2812,0.0
Svea_Hovraett_etc_export_job_4502445_845640_Svea_Hovraett_-_Advokatfiskalen_Jaemtlands_laen__1702__3-6edbb12a/0021_DSC_0398/r2l23,113,True,empty,1.0,empty,1.0,0.0
Svea_Hovraett_etc_export_job_4502445_845640_Svea_Hovraett_-_Advokatfiskalen_Jaemtlands_laen__1702__3-6edbb12a/0021_DSC_0398/r4l1,68,True,empty,1.0,empty,1.0,0.0
Svea_Hovraett_etc_export_job_4502445_845640_Svea_Hovraett_-_Advokatfiskalen_Jaemtlands_laen__1702__3-6edbb12a/0021_DSC_0398/r3l1,636,False,ok,0.8537,ok,0.8537,0.0
Svea_Hovraett_etc_export_job_4502445_845640_Svea_Hovraett_-_Advokatfiskalen_Jaemtlands_laen__1702__3-6edbb12a/0021_DSC_0398/r3l2,647,False,ok,0.5588,ok,0.5588,0.0
Svea_Hovraett_etc_export_job_4502445_845640_Svea_Hovraett_-_Advokatfiskalen_Jaemtlands_laen__1702__3-6edbb12a/0021_DSC_0398/r3l3,625,False,ok,0.3125,ok,0.3125,0.0
Svea_Hovraett_etc_export_job_4502445_845640_Svea_Hovraett_-_Advokatfiskalen_Jaemtlands_laen__1702__3-6edbb12a/0021_DSC_0398/r3l4,634,False,ok,0.4,ok,0.4,0.0
Svea_Hovraett_etc_export_job_4502445_845640_Svea_Hovraett_-_Advokatfiskalen_Jaemtlands_laen__1702__3-6edbb12a/0021_DSC_0398/r3l5,678,False,ok,0.5312,ok,0.5312,0.0
Svea_Hovraett_etc_export_job_4502445_845640_Svea_Hovraett_-_Advokatfiskalen_Jaemtlands_laen__1702__3-6edbb12a/0021_DSC_0398/r3l6,652,False,ok,0.4483,ok,0.4483,0.0
Svea_Hovraett_etc_export_job_4502445_845640_Svea_Hovraett_-_Advokatfiskalen_Jaemtlands_laen__1702__3-6edbb12a/0021_DSC_0398/r3l7,654,False,ok,0.5556,ok,0.5556,0.0
Svea_Hovraett_etc_export_job_4502445_845640_Svea_Hovraett_-_Advokatfiskalen_Jaemtlands_laen__1702__3-6edbb12a/0021_DSC_0398/r3l8,632,False,ok,0.4839,ok,0.4839,0.0
Svea_Hovraett_etc_export_job_4502445_845640_Svea_Hovraett_-_Advokatfiskalen_Jaemtlands_laen__1702__3-6edbb12a/0021_DSC_0398/r3l9,667,False,ok,0.2857,ok,0.2857,0.0
Svea_Hovraett_etc_export_job_4502445_845640_Svea_Hovraett_-_Advokatfiskalen_Jaemtlands_laen__1702__3-6edbb12a/0021_DSC_0398/r3l10,670,False,ok,0.2571,ok,0.2571,0.0
Svea_Hovraett_etc_export_job_4502445_845640_Svea_Hovraett_-_Advokatfiskalen_Jaemtlands_laen__1702__3-6edbb12a/0021_DSC_0398/r3l11,667,False,ok,0.2069,ok,0.2069,0.0
Svea_Hovraett_etc_export_job_4502445_845640_Svea_Hovraett_-_Advokatfiskalen_Jaemtlands_laen__1702__3-6edbb12a/0021_DSC_0398/r3l12,685,False,ok,0.25,ok,0.25,0.0
Svea_Hovraett_etc_export_job_4502445_845640_Svea_Hovraett_-_Advokatfiskalen_Jaemtlands_laen__1702__3-6edbb12a/0021_DSC_0398/r3l13,685,False,ok,0.2821,ok,0.2821,0.0
Svea_Hovraett_etc_export_job_4502445_845640_Svea_Hovraett_-_Advokatfiskalen_Jaemtlands_laen__1702__3-6edbb12a/0021_DSC_0398/r3l14,682,False,ok,0.3939,ok,0.3939,0.0
Svea_Hovraett_etc_export_job_4502445_845640_Svea_Hovraett_-_Advokatfiskalen_Jaemtlands_laen__1702__3-6edbb12a/0021_DSC_0398/r3l15,679,False,ok,0.25,ok,0.25,0.0
Svea_Hovraett_etc_export_job_4502445_845640_Svea_Hovraett_-_Advokatfiskalen_Jaemtlands_laen__1702__3-6edbb12a/0021_DSC_0398/r3l16,676,False,ok,0.0968,ok,0.0968,0.0
Svea_Hovraett_etc_export_job_4502445_845640_Svea_Hovraett_-_Advokatfiskalen_Jaemtlands_laen__1702__3-6edbb12a/0021_DSC_0398/r3l17,701,False,ok,0.3548,ok,0.3548,0.0
Svea_Hovraett_etc_export_job_4502445_845640_Svea_Hovraett_-_Advokatfiskalen_Jaemtlands_laen__1702__3-6edbb12a/0021_DSC_0398/r3l18,726,False,ok,0.2353,ok,0.2353,0.0
Svea_Hovraett_etc_export_job_4502445_845640_Svea_Hovraett_-_Advokatfiskalen_Jaemtlands_laen__1702__3-6edbb12a/0021_DSC_0398/r3l19,711,False,ok,0.2424,ok,0.2424,0.0
Svea_Hovraett_etc_export_job_4502445_845640_Svea_Hovraett_-_Advokatfiskalen_Jaemtlands_laen__1702__3-6edbb12a/0021_DSC_0398/r3l20,725,False,ok,0.3462,ok,0.3462,0.0
Svea_Hovraett_etc_export_job_4502445_845640_Svea_Hovraett_-_Advokatfiskalen_Jaemtlands_laen__1702__3-6edbb12a/0021_DSC_0398/r3l21,716,False,ok,0.3,ok,0.3,0.0
Svea_Hovraett_etc_export_job_4502445_845640_Svea_Hovraett_-_Advokatfiskalen_Jaemtlands_laen__1702__3-6edbb12a/0021_DSC_0398/r3l22,133,True,empty,1.0,empty,1.0,0.0
Svea_Hovraett_etc_export_job_4502445_845640_Svea_Hovraett_-_Advokatfiskalen_Jaemtlands_laen__1702__3-6edbb12a/0022_DSC_0399/r1l1,641,False,ok,0.3333,ok,0.3333,0.0
Svea_Hovraett_etc_export_job_4502445_845640_Svea_Hovraett_-_Advokatfiskalen_Jaemtlands_laen__1702__3-6edbb12a/0022_DSC_0399/r1l2,650,False,ok,0.2727,ok,0.2727,0.0
Svea_Hovraett_etc_export_job_4502445_845640_Svea_Hovraett_-_Advokatfiskalen_Jaemtlands_laen__1702__3-6edbb12a/0022_DSC_0399/r1l3,670,False,ok,0.3438,ok,0.3438,0.0
Svea_Hovraett_etc_export_job_4502445_845640_Svea_Hovraett_-_Advokatfiskalen_Jaemtlands_laen__1702__3-6edbb12a/0022_DSC_0399/r1l4,660,False,ok,0.4,ok,0.4,0.0
Svea_Hovraett_etc_export_job_4502445_845640_Svea_Hovraett_-_Advokatfiskalen_Jaemtlands_laen__1702__3-6edbb12a/0022_DSC_0399/r1l5,677,False,ok,0.4516,ok,0.4516,0.0
Svea_Hovraett_etc_export_job_4502445_845640_Svea_Hovraett_-_Advokatfiskalen_Jaemtlands_laen__1702__3-6edbb12a/0022_DSC_0399/r1l6,674,False,ok,0.3226,ok,0.3226,0.0
Svea_Hovraett_etc_export_job_4502445_845640_Svea_Hovraett_-_Advokatfiskalen_Jaemtlands_laen__1702__3-6edbb12a/0022_DSC_0399/r1l7,673,False,ok,0.2258,ok,0.2258,0.0
Svea_Hovraett_etc_export_job_4502445_845640_Svea_Hovraett_-_Advokatfiskalen_Jaemtlands_laen__1702__3-6edbb12a/0022_DSC_0399/r1l8,681,False,ok,0.25,ok,0.25,0.0
Svea_Hovraett_etc_export_job_4502445_845640_Svea_Hovraett_-_Advokatfiskalen_Jaemtlands_laen__1702__3-6edbb12a/0022_DSC_0399/r1l9,694,False,ok,0.2121,ok,0.2121,0.0
Svea_Hovraett_etc_export_job_4502445_845640_Svea_Hovraett_-_Advokatfiskalen_Jaemtlands_laen__1702__3-6edbb12a/0022_DSC_0399/r1l10,686,False,ok,0.2286,ok,0.2286,0.0
Svea_Hovraett_etc_export_job_4502445_845640_Svea_Hovraett_-_Advokatfiskalen_Jaemtlands_laen__1702__3-6edbb12a/0022_DSC_0399/r1l11,694,False,ok,0.2632,ok,0.2632,0.0
Svea_Hovraett_etc_export_job_4502445_845640_Svea_Hovraett_-_Advokatfiskalen_Jaemtlands_laen__1702__3-6edbb12a/0022_DSC_0399/r1l12,708,False,ok,0.1935,ok,0.1935,0.0
Svea_Hovraett_etc_export_job_4502445_845640_Svea_Hovraett_-_Advokatfiskalen_Jaemtlands_laen__1702__3-6edbb12a/0022_DSC_0399/r1l14,717,False,ok,0.2105,ok,0.2105,0.0
Svea_Hovraett_etc_export_job_4502445_845640_Svea_Hovraett_-_Advokatfiskalen_Jaemtlands_laen__1702__3-6edbb12a/0022_DSC_0399/r1l15,706,False,ok,0.3667,ok,0.3667,0.0
Svea_Hovraett_etc_export_job_4502445_845640_Svea_Hovraett_-_Advokatfiskalen_Jaemtlands_laen__1702__3-6edbb12a/0022_DSC_0399/r1l16,684,False,ok,0.2812,ok,0.2812,0.0
Svea_Hovraett_etc_export_job_4502445_845640_Svea_Hovraett_-_Advokatfiskalen_Jaemtlands_laen__1702__3-6edbb12a/0022_DSC_0399/r1l17,718,False,ok,0.1875,ok,0.1875,0.0
Svea_Hovraett_etc_export_job_4502445_845640_Svea_Hovraett_-_Advokatfiskalen_Jaemtlands_laen__1702__3-6edbb12a/0022_DSC_0399/r1l18,706,False,ok,0.1333,ok,0.1333,0.0
Svea_Hovraett_etc_export_job_4502445_845640_Svea_Hovraett_-_Advokatfiskalen_Jaemtlands_laen__1702__3-6edbb12a/0022_DSC_0399/r1l19,719,False,ok,0.1,ok,0.1,0.0
Svea_Hovraett_etc_export_job_4502445_845640_Svea_Hovraett_-_Advokatfiskalen_Jaemtlands_laen__1702__3-6edbb12a/0022_DSC_0399/r1l20,697,False,ok,0.2368,ok,0.2368,0.0
Svea_Hovraett_etc_export_job_4502445_845640_Svea_Hovraett_-_Advokatfiskalen_Jaemtlands_laen__1702__3-6edbb12a/0022_DSC_0399/r1l21,730,False,ok,0.2727,ok,0.2727,0.0
Svea_Hovraett_etc_export_job_4502445_845640_Svea_Hovraett_-_Advokatfiskalen_Jaemtlands_laen__1702__3-6edbb12a/0022_DSC_0399/line_1638777789612_304,742,False,ok,0.4857,ok,0.4857,0.0
Svea_Hovraett_etc_export_job_4502445_845640_Svea_Hovraett_-_Advokatfiskalen_Jaemtlands_laen__1702__3-6edbb12a/0022_DSC_0399/r1l24,71,True,ok,1.0,ok,1.0,0.0
Svea_Hovraett_etc_export_job_4502445_845640_Svea_Hovraett_-_Advokatfiskalen_Jaemtlands_laen__1702__3-6edbb12a/0022_DSC_0399/r2l1,85,True,ok,1.0,empty,1.0,0.0
Svea_Hovraett_etc_export_job_4502445_845640_Svea_Hovraett_-_Advokatfiskalen_Jaemtlands_laen__1702__3-6edbb12a/0022_DSC_0399/r2l2,660,False,ok,0.8333,ok,0.8333,0.0
Svea_Hovraett_etc_export_job_4502445_845640_Svea_Hovraett_-_Advokatfiskalen_Jaemtlands_laen__1702__3-6edbb12a/0022_DSC_0399/r2l3,639,False,ok,0.8462,ok,0.8462,0.0
Svea_Hovraett_etc_export_job_4502445_845640_Svea_Hovraett_-_Advokatfiskalen_Jaemtlands_laen__1702__3-6edbb12a/0022_DSC_0399/r2l4,649,False,ok,0.2727,ok,0.2727,0.0
Svea_Hovraett_etc_export_job_4502445_845640_Svea_Hovraett_-_Advokatfiskalen_Jaemtlands_laen__1702__3-6edbb12a/0022_DSC_0399/r2l5,668,False,ok,0.7027,ok,0.7027,0.0
Svea_Hovraett_etc_export_job_4502445_845640_Svea_Hovraett_-_Advokatfiskalen_Jaemtlands_laen__1702__3-6edbb12a/0022_DSC_0399/r2l6,553,False,ok,0.5714,ok,0.5714,0.0
Svea_Hovraett_etc_export_job_4502445_845640_Svea_Hovraett_-_Advokatfiskalen_Jaemtlands_laen__1702__3-6edbb12a/0022_DSC_0399/r2l7,219,True,ok,0.0,ok,0.0,0.0
Svea_Hovraett_etc_export_job_4502445_845640_Svea_Hovraett_-_Advokatfiskalen_Jaemtlands_laen__1702__3-6edbb12a/0022_DSC_0399/r2l8,680,False,ok,0.4412,ok,0.4412,0.0
Svea_Hovraett_etc_export_job_4502445_845640_Svea_Hovraett_-_Advokatfiskalen_Jaemtlands_laen__1702__3-6edbb12a/0022_DSC_0399/r2l9,658,False,ok,0.4138,ok,0.4138,0.0
Svea_Hovraett_etc_export_job_4502445_845640_Svea_Hovraett_-_Advokatfiskalen_Jaemtlands_laen__1702__3-6edbb12a/0022_DSC_0399/r2l10,676,False,ok,0.1515,ok,0.1515,0.0
Svea_Hovraett_etc_export_job_4502445_845640_Svea_Hovraett_-_Advokatfiskalen_Jaemtlands_laen__1702__3-6edbb12a/0022_DSC_0399/r2l11,195,True,ok,0.4545,ok,0.5455,0.0909
Svea_Hovraett_etc_export_job_4502445_845640_Svea_Hovraett_-_Advokatfiskalen_Jaemtlands_laen__1702__3-6edbb12a/0022_DSC_0399/r2l12,757,False,ok,0.3429,ok,0.3429,0.0
Svea_Hovraett_etc_export_job_4502445_845640_Svea_Hovraett_-_Advokatfiskalen_Jaemtlands_laen__1702__3-6edbb12a/0022_DSC_0399/r2l13,652,False,ok,0.2581,ok,0.2581,0.0
Svea_Hovraett_etc_export_job_4502445_845640_Svea_Hovraett_-_Advokatfiskalen_Jaemtlands_laen__1702__3-6edbb12a/0022_DSC_0399/r2l14,706,False,ok,0.4595,ok,0.4595,0.0
Svea_Hovraett_etc_export_job_4502445_845640_Svea_Hovraett_-_Advokatfiskalen_Jaemtlands_laen__1702__3-6edbb12a/0022_DSC_0399/r2l15,702,False,ok,0.2812,ok,0.2812,0.0
Svea_Hovraett_etc_export_job_4502445_845640_Svea_Hovraett_-_Advokatfiskalen_Jaemtlands_laen__1702__3-6edbb12a/0022_DSC_0399/r2l16,692,False,ok,0.4211,ok,0.4211,0.0
Svea_Hovraett_etc_export_job_4502445_845640_Svea_Hovraett_-_Advokatfiskalen_Jaemtlands_laen__1702__3-6edbb12a/0022_DSC_0399/r2l17,692,False,ok,0.2903,ok,0.2903,0.0
Svea_Hovraett_etc_export_job_4502445_845640_Svea_Hovraett_-_Advokatfiskalen_Jaemtlands_laen__1702__3-6edbb12a/0022_DSC_0399/r2l18,703,False,ok,0.2059,ok,0.2059,0.0
Svea_Hovraett_etc_export_job_4502445_845640_Svea_Hovraett_-_Advokatfiskalen_Jaemtlands_laen__1702__3-6edbb12a/0022_DSC_0399/r2l19,730,False,ok,0.1714,ok,0.1714,0.0
Svea_Hovraett_etc_export_job_4502445_845640_Svea_Hovraett_-_Advokatfiskalen_Jaemtlands_laen__1702__3-6edbb12a/0022_DSC_0399/r2l20,733,False,ok,0.4545,ok,0.4545,0.0
Svea_Hovraett_etc_export_job_4502445_845640_Svea_Hovraett_-_Advokatfiskalen_Jaemtlands_laen__1702__3-6edbb12a/0022_DSC_0399/r2l21,706,False,ok,0.3226,ok,0.3226,0.0
Svea_Hovraett_etc_export_job_4502445_845640_Svea_Hovraett_-_Advokatfiskalen_Jaemtlands_laen__1702__3-6edbb12a/0022_DSC_0399/r2l22,180,True,ok,0.5714,ok,0.4286,-0.1429
Svea_Hovraett_etc_export_job_4502445_845640_Svea_Hovraett_-_Advokatfiskalen_Jaemtlands_laen__1702__3-6edbb12a/0023_DSC_0400/r1l1,655,False,ok,0.2121,ok,0.2121,0.0
Svea_Hovraett_etc_export_job_4502445_845640_Svea_Hovraett_-_Advokatfiskalen_Jaemtlands_laen__1702__3-6edbb12a/0023_DSC_0400/r1l2,649,False,ok,0.3448,ok,0.3448,0.0
Svea_Hovraett_etc_export_job_4502445_845640_Svea_Hovraett_-_Advokatfiskalen_Jaemtlands_laen__1702__3-6edbb12a/0023_DSC_0400/r1l3,683,False,ok,0.3421,ok,0.3421,0.0
Svea_Hovraett_etc_export_job_4502445_845640_Svea_Hovraett_-_Advokatfiskalen_Jaemtlands_laen__1702__3-6edbb12a/0023_DSC_0400/r1l4,692,False,ok,0.3636,ok,0.3636,0.0
Svea_Hovraett_etc_export_job_4502445_845640_Svea_Hovraett_-_Advokatfiskalen_Jaemtlands_laen__1702__3-6edbb12a/0023_DSC_0400/r1l5,688,False,ok,0.2727,ok,0.2727,0.0
Svea_Hovraett_etc_export_job_4502445_845640_Svea_Hovraett_-_Advokatfiskalen_Jaemtlands_laen__1702__3-6edbb12a/0023_DSC_0400/r1l6,689,False,ok,0.3333,ok,0.3333,0.0
Svea_Hovraett_etc_export_job_4502445_845640_Svea_Hovraett_-_Advokatfiskalen_Jaemtlands_laen__1702__3-6edbb12a/0023_DSC_0400/r1l7,690,False,ok,0.2941,ok,0.2941,0.0
Svea_Hovraett_etc_export_job_4502445_845640_Svea_Hovraett_-_Advokatfiskalen_Jaemtlands_laen__1702__3-6edbb12a/0023_DSC_0400/r1l8,709,False,ok,0.2581,ok,0.2581,0.0
Svea_Hovraett_etc_export_job_4502445_845640_Svea_Hovraett_-_Advokatfiskalen_Jaemtlands_laen__1702__3-6edbb12a/0023_DSC_0400/r1l9,706,False,ok,0.359,ok,0.359,0.0
Svea_Hovraett_etc_export_job_4502445_845640_Svea_Hovraett_-_Advokatfiskalen_Jaemtlands_laen__1702__3-6edbb12a/0023_DSC_0400/r1l10,706,False,ok,0.2424,ok,0.2424,0.0
Svea_Hovraett_etc_export_job_4502445_845640_Svea_Hovraett_-_Advokatfiskalen_Jaemtlands_laen__1702__3-6edbb12a/0023_DSC_0400/r1l11,712,False,ok,0.2059,ok,0.2059,0.0
Svea_Hovraett_etc_export_job_4502445_845640_Svea_Hovraett_-_Advokatfiskalen_Jaemtlands_laen__1702__3-6edbb12a/0023_DSC_0400/r1l12,717,False,ok,0.3529,ok,0.3529,0.0
Svea_Hovraett_etc_export_job_4502445_845640_Svea_Hovraett_-_Advokatfiskalen_Jaemtlands_laen__1702__3-6edbb12a/0023_DSC_0400/r1l13,725,False,ok,0.2593,ok,0.2593,0.0
Svea_Hovraett_etc_export_job_4502445_845640_Svea_Hovraett_-_Advokatfiskalen_Jaemtlands_laen__1702__3-6edbb12a/0023_DSC_0400/r1l14,722,False,ok,0.4103,ok,0.4103,0.0
Svea_Hovraett_etc_export_job_4502445_845640_Svea_Hovraett_-_Advokatfiskalen_Jaemtlands_laen__1702__3-6edbb12a/0023_DSC_0400/r1l15,726,False,ok,0.1111,ok,0.1111,0.0
Svea_Hovraett_etc_export_job_4502445_845640_Svea_Hovraett_-_Advokatfiskalen_Jaemtlands_laen__1702__3-6edbb12a/0023_DSC_0400/r1l16,752,False,ok,0.0789,ok,0.0789,0.0
Svea_Hovraett_etc_export_job_4502445_845640_Svea_Hovraett_-_Advokatfiskalen_Jaemtlands_laen__1702__3-6edbb12a/0023_DSC_0400/r1l17,731,False,ok,0.1628,ok,0.1628,0.0
Svea_Hovraett_etc_export_job_4502445_845640_Svea_Hovraett_-_Advokatfiskalen_Jaemtlands_laen__1702__3-6edbb12a/0023_DSC_0400/r1l18,739,False,ok,0.0882,ok,0.0882,0.0
Svea_Hovraett_etc_export_job_4502445_845640_Svea_Hovraett_-_Advokatfiskalen_Jaemtlands_laen__1702__3-6edbb12a/0023_DSC_0400/r1l19,739,False,ok,0.25,ok,0.25,0.0
Svea_Hovraett_etc_export_job_4502445_845640_Svea_Hovraett_-_Advokatfiskalen_Jaemtlands_laen__1702__3-6edbb12a/0023_DSC_0400/r1l20,759,False,ok,0.2286,ok,0.2286,0.0
Svea_Hovraett_etc_export_job_4502445_845640_Svea_Hovraett_-_Advokatfiskalen_Jaemtlands_laen__1702__3-6edbb12a/0023_DSC_0400/r1l21,764,False,ok,0.1389,ok,0.1389,0.0
Svea_Hovraett_etc_export_job_4502445_845640_Svea_Hovraett_-_Advokatfiskalen_Jaemtlands_laen__1702__3-6edbb12a/0023_DSC_0400/r1l22,87,True,ok,1.0,ok,1.0,0.0
Svea_Hovraett_etc_export_job_4502445_845640_Svea_Hovraett_-_Advokatfiskalen_Jaemtlands_laen__1702__3-6edbb12a/0023_DSC_0400/r3l1,79,True,ok,1.0,ok,0.6667,-0.3333
Svea_Hovraett_etc_export_job_4502445_845640_Svea_Hovraett_-_Advokatfiskalen_Jaemtlands_laen__1702__3-6edbb12a/0023_DSC_0400/r2l1,662,False,ok,0.85,ok,0.85,0.0
Svea_Hovraett_etc_export_job_4502445_845640_Svea_Hovraett_-_Advokatfiskalen_Jaemtlands_laen__1702__3-6edbb12a/0023_DSC_0400/r2l2,664,False,ok,0.5854,ok,0.5854,0.0
Svea_Hovraett_etc_export_job_4502445_845640_Svea_Hovraett_-_Advokatfiskalen_Jaemtlands_laen__1702__3-6edbb12a/0023_DSC_0400/r2l3,647,False,ok,0.6333,ok,0.6333,0.0
Svea_Hovraett_etc_export_job_4502445_845640_Svea_Hovraett_-_Advokatfiskalen_Jaemtlands_laen__1702__3-6edbb12a/0023_DSC_0400/r2l4,657,False,ok,0.7273,ok,0.7273,0.0
Svea_Hovraett_etc_export_job_4502445_845640_Svea_Hovraett_-_Advokatfiskalen_Jaemtlands_laen__1702__3-6edbb12a/0023_DSC_0400/r2l5,674,False,ok,0.5882,ok,0.5882,0.0
Svea_Hovraett_etc_export_job_4502445_845640_Svea_Hovraett_-_Advokatfiskalen_Jaemtlands_laen__1702__3-6edbb12a/0023_DSC_0400/r2l6,685,False,ok,0.25,ok,0.25,0.0
Svea_Hovraett_etc_export_job_4502445_845640_Svea_Hovraett_-_Advokatfiskalen_Jaemtlands_laen__1702__3-6edbb12a/0023_DSC_0400/r2l7,673,False,ok,0.3714,ok,0.3714,0.0
Svea_Hovraett_etc_export_job_4502445_845640_Svea_Hovraett_-_Advokatfiskalen_Jaemtlands_laen__1702__3-6edbb12a/0023_DSC_0400/r2l8,688,False,ok,0.1515,ok,0.1515,0.0
Svea_Hovraett_etc_export_job_4502445_845640_Svea_Hovraett_-_Advokatfiskalen_Jaemtlands_laen__1702__3-6edbb12a/0023_DSC_0400/r2l9,668,False,ok,0.2903,ok,0.2903,0.0
Svea_Hovraett_etc_export_job_4502445_845640_Svea_Hovraett_-_Advokatfiskalen_Jaemtlands_laen__1702__3-6edbb12a/0023_DSC_0400/r2l10,710,False,ok,0.2632,ok,0.2632,0.0
Svea_Hovraett_etc_export_job_4502445_845640_Svea_Hovraett_-_Advokatfiskalen_Jaemtlands_laen__1702__3-6edbb12a/0023_DSC_0400/r2l11,715,False,ok,0.2424,ok,0.2424,0.0
Svea_Hovraett_etc_export_job_4502445_845640_Svea_Hovraett_-_Advokatfiskalen_Jaemtlands_laen__1702__3-6edbb12a/0023_DSC_0400/line_1638778806794_380,702,False,ok,0.303,ok,0.303,0.0
Svea_Hovraett_etc_export_job_4502445_845640_Svea_Hovraett_-_Advokatfiskalen_Jaemtlands_laen__1702__3-6edbb12a/0023_DSC_0400/r2l14,724,False,ok,0.2222,ok,0.2222,0.0
Svea_Hovraett_etc_export_job_4502445_845640_Svea_Hovraett_-_Advokatfiskalen_Jaemtlands_laen__1702__3-6edbb12a/0023_DSC_0400/r2l15,693,False,ok,0.3529,ok,0.3529,0.0
Svea_Hovraett_etc_export_job_4502445_845640_Svea_Hovraett_-_Advokatfiskalen_Jaemtlands_laen__1702__3-6edbb12a/0023_DSC_0400/r2l16,679,False,ok,0.3529,ok,0.3529,0.0
Svea_Hovraett_etc_export_job_4502445_845640_Svea_Hovraett_-_Advokatfiskalen_Jaemtlands_laen__1702__3-6edbb12a/0023_DSC_0400/r2l17,730,False,ok,0.2647,ok,0.2647,0.0
Svea_Hovraett_etc_export_job_4502445_845640_Svea_Hovraett_-_Advokatfiskalen_Jaemtlands_laen__1702__3-6edbb12a/0023_DSC_0400/r2l18,697,False,ok,0.2727,ok,0.2727,0.0
Svea_Hovraett_etc_export_job_4502445_845640_Svea_Hovraett_-_Advokatfiskalen_Jaemtlands_laen__1702__3-6edbb12a/0023_DSC_0400/r2l19,726,False,ok,0.2581,ok,0.2581,0.0
Svea_Hovraett_etc_export_job_4502445_845640_Svea_Hovraett_-_Advokatfiskalen_Jaemtlands_laen__1702__3-6edbb12a/0023_DSC_0400/r2l20,731,False,ok,0.3429,ok,0.3429,0.0
Svea_Hovraett_etc_export_job_4502445_845640_Svea_Hovraett_-_Advokatfiskalen_Jaemtlands_laen__1702__3-6edbb12a/0023_DSC_0400/r2l21,773,False,ok,0.3333,ok,0.3333,0.0
Svea_Hovraett_etc_export_job_4502445_845640_Svea_Hovraett_-_Advokatfiskalen_Jaemtlands_laen__1702__3-6edbb12a/0023_DSC_0400/r2l22,735,False,ok,0.3793,ok,0.3793,0.0
Svea_Hovraett_etc_export_job_4502445_845640_Svea_Hovraett_-_Advokatfiskalen_Jaemtlands_laen__1702__3-6edbb12a/0023_DSC_0400/r2l23,80,True,ok,0.6667,empty,1.0,0.3333
Svea_Hovraett_etc_export_job_4502445_845640_Svea_Hovraett_-_Advokatfiskalen_Jaemtlands_laen__1702__3-6edbb12a/0024_DSC_0401/r1l1,671,False,ok,0.3824,ok,0.3824,0.0
Svea_Hovraett_etc_export_job_4502445_845640_Svea_Hovraett_-_Advokatfiskalen_Jaemtlands_laen__1702__3-6edbb12a/0024_DSC_0401/r1l2,690,False,ok,0.3824,ok,0.3824,0.0
Svea_Hovraett_etc_export_job_4502445_845640_Svea_Hovraett_-_Advokatfiskalen_Jaemtlands_laen__1702__3-6edbb12a/0024_DSC_0401/r1l3,675,False,ok,0.2647,ok,0.2647,0.0
Svea_Hovraett_etc_export_job_4502445_845640_Svea_Hovraett_-_Advokatfiskalen_Jaemtlands_laen__1702__3-6edbb12a/0024_DSC_0401/r1l4,689,False,ok,0.2121,ok,0.2121,0.0
Svea_Hovraett_etc_export_job_4502445_845640_Svea_Hovraett_-_Advokatfiskalen_Jaemtlands_laen__1702__3-6edbb12a/0024_DSC_0401/line_1638778943053_420,677,False,ok,0.2812,ok,0.2812,0.0
Svea_Hovraett_etc_export_job_4502445_845640_Svea_Hovraett_-_Advokatfiskalen_Jaemtlands_laen__1702__3-6edbb12a/0024_DSC_0401/r1l7,718,False,ok,0.2571,ok,0.2571,0.0
Svea_Hovraett_etc_export_job_4502445_845640_Svea_Hovraett_-_Advokatfiskalen_Jaemtlands_laen__1702__3-6edbb12a/0024_DSC_0401/r1l8,687,False,ok,0.3714,ok,0.3714,0.0
Svea_Hovraett_etc_export_job_4502445_845640_Svea_Hovraett_-_Advokatfiskalen_Jaemtlands_laen__1702__3-6edbb12a/0024_DSC_0401/r1l9,698,False,ok,0.0667,ok,0.0667,0.0
Svea_Hovraett_etc_export_job_4502445_845640_Svea_Hovraett_-_Advokatfiskalen_Jaemtlands_laen__1702__3-6edbb12a/0024_DSC_0401/r1l10,701,False,ok,0.2414,ok,0.2414,0.0
Svea_Hovraett_etc_export_job_4502445_845640_Svea_Hovraett_-_Advokatfiskalen_Jaemtlands_laen__1702__3-6edbb12a/0024_DSC_0401/r1l11,693,False,ok,0.2368,ok,0.2368,0.0
Svea_Hovraett_etc_export_job_4502445_845640_Svea_Hovraett_-_Advokatfiskalen_Jaemtlands_laen__1702__3-6edbb12a/0024_DSC_0401/r1l12,701,False,ok,0.1714,ok,0.1714,0.0
Svea_Hovraett_etc_export_job_4502445_845640_Svea_Hovraett_-_Advokatfiskalen_Jaemtlands_laen__1702__3-6edbb12a/0024_DSC_0401/r1l13,702,False,ok,0.1622,ok,0.1622,0.0
Svea_Hovraett_etc_export_job_4502445_845640_Svea_Hovraett_-_Advokatfiskalen_Jaemtlands_laen__1702__3-6edbb12a/0024_DSC_0401/r1l14,729,False,ok,0.0714,ok,0.0714,0.0
Svea_Hovraett_etc_export_job_4502445_845640_Svea_Hovraett_-_Advokatfiskalen_Jaemtlands_laen__1702__3-6edbb12a/0024_DSC_0401/r1l15,324,False,ok,0.0,ok,0.0,0.0
Svea_Hovraett_etc_export_job_4502445_845640_Svea_Hovraett_-_Advokatfiskalen_Jaemtlands_laen__1702__3-6edbb12a/0024_DSC_0401/r1l16,726,False,ok,0.2308,ok,0.2308,0.0
Svea_Hovraett_etc_export_job_4502445_845640_Svea_Hovraett_-_Advokatfiskalen_Jaemtlands_laen__1702__3-6edbb12a/0024_DSC_0401/r1l17,714,False,ok,0.0968,ok,0.0968,0.0
Svea_Hovraett_etc_export_job_4502445_845640_Svea_Hovraett_-_Advokatfiskalen_Jaemtlands_laen__1702__3-6edbb12a/0024_DSC_0401/r1l18,726,False,ok,0.2571,ok,0.2571,0.0
Svea_Hovraett_etc_export_job_4502445_845640_Svea_Hovraett_-_Advokatfiskalen_Jaemtlands_laen__1702__3-6edbb12a/0024_DSC_0401/r1l19,730,False,ok,0.2581,ok,0.2581,0.0
Svea_Hovraett_etc_export_job_4502445_845640_Svea_Hovraett_-_Advokatfiskalen_Jaemtlands_laen__1702__3-6edbb12a/0024_DSC_0401/r1l20,741,False,ok,0.0,ok,0.0,0.0
Svea_Hovraett_etc_export_job_4502445_845640_Svea_Hovraett_-_Advokatfiskalen_Jaemtlands_laen__1702__3-6edbb12a/0024_DSC_0401/r1l21,731,False,ok,0.1071,ok,0.1071,0.0
Svea_Hovraett_etc_export_job_4502445_845640_Svea_Hovraett_-_Advokatfiskalen_Jaemtlands_laen__1702__3-6edbb12a/0024_DSC_0401/line_1638779029046_446,743,False,ok,0.1333,ok,0.1333,0.0
Svea_Hovraett_etc_export_job_4502445_845640_Svea_Hovraett_-_Advokatfiskalen_Jaemtlands_laen__1702__3-6edbb12a/0024_DSC_0401/r1l24,80,True,empty,1.0,empty,1.0,0.0
Svea_Hovraett_etc_export_job_4502445_845640_Svea_Hovraett_-_Advokatfiskalen_Jaemtlands_laen__1702__3-6edbb12a/0024_DSC_0401/r3l1,71,True,ok,1.0,ok,1.0,0.0
Svea_Hovraett_etc_export_job_4502445_845640_Svea_Hovraett_-_Advokatfiskalen_Jaemtlands_laen__1702__3-6edbb12a/0024_DSC_0401/r2l1,681,False,ok,0.8286,ok,0.8286,0.0
Svea_Hovraett_etc_export_job_4502445_845640_Svea_Hovraett_-_Advokatfiskalen_Jaemtlands_laen__1702__3-6edbb12a/0024_DSC_0401/r2l2,661,False,ok,0.875,ok,0.875,0.0
Svea_Hovraett_etc_export_job_4502445_845640_Svea_Hovraett_-_Advokatfiskalen_Jaemtlands_laen__1702__3-6edbb12a/0024_DSC_0401/r2l3,684,False,ok,0.8387,ok,0.8387,0.0
Svea_Hovraett_etc_export_job_4502445_845640_Svea_Hovraett_-_Advokatfiskalen_Jaemtlands_laen__1702__3-6edbb12a/0024_DSC_0401/r2l4,694,False,ok,0.7188,ok,0.7188,0.0
Svea_Hovraett_etc_export_job_4502445_845640_Svea_Hovraett_-_Advokatfiskalen_Jaemtlands_laen__1702__3-6edbb12a/0024_DSC_0401/r2l5,676,False,ok,0.375,ok,0.375,0.0
Svea_Hovraett_etc_export_job_4502445_845640_Svea_Hovraett_-_Advokatfiskalen_Jaemtlands_laen__1702__3-6edbb12a/0024_DSC_0401/r2l6,646,False,ok,0.5385,ok,0.5385,0.0
Svea_Hovraett_etc_export_job_4502445_845640_Svea_Hovraett_-_Advokatfiskalen_Jaemtlands_laen__1702__3-6edbb12a/0024_DSC_0401/r2l7,670,False,ok,0.2667,ok,0.2667,0.0
Svea_Hovraett_etc_export_job_4502445_845640_Svea_Hovraett_-_Advokatfiskalen_Jaemtlands_laen__1702__3-6edbb12a/0024_DSC_0401/r2l8,672,False,ok,0.3438,ok,0.3438,0.0
Svea_Hovraett_etc_export_job_4502445_845640_Svea_Hovraett_-_Advokatfiskalen_Jaemtlands_laen__1702__3-6edbb12a/0024_DSC_0401/r2l9,688,False,ok,0.2059,ok,0.2059,0.0
Svea_Hovraett_etc_export_job_4502445_845640_Svea_Hovraett_-_Advokatfiskalen_Jaemtlands_laen__1702__3-6edbb12a/0024_DSC_0401/r2l10,690,False,ok,0.303,ok,0.303,0.0
Svea_Hovraett_etc_export_job_4502445_845640_Svea_Hovraett_-_Advokatfiskalen_Jaemtlands_laen__1702__3-6edbb12a/0024_DSC_0401/r2l11,674,False,ok,0.2703,ok,0.2703,0.0
Svea_Hovraett_etc_export_job_4502445_845640_Svea_Hovraett_-_Advokatfiskalen_Jaemtlands_laen__1702__3-6edbb12a/0024_DSC_0401/r2l12,673,False,ok,0.1714,ok,0.1714,0.0
Svea_Hovraett_etc_export_job_4502445_845640_Svea_Hovraett_-_Advokatfiskalen_Jaemtlands_laen__1702__3-6edbb12a/0024_DSC_0401/r2l13,705,False,ok,0.25,ok,0.25,0.0
Svea_Hovraett_etc_export_job_4502445_845640_Svea_Hovraett_-_Advokatfiskalen_Jaemtlands_laen__1702__3-6edbb12a/0024_DSC_0401/r2l14,713,False,ok,0.3529,ok,0.3529,0.0
Svea_Hovraett_etc_export_job_4502445_845640_Svea_Hovraett_-_Advokatfiskalen_Jaemtlands_laen__1702__3-6edbb12a/0024_DSC_0401/r2l15,730,False,ok,0.3684,ok,0.3684,0.0
Svea_Hovraett_etc_export_job_4502445_845640_Svea_Hovraett_-_Advokatfiskalen_Jaemtlands_laen__1702__3-6edbb12a/0024_DSC_0401/r2l16,707,False,ok,0.3889,ok,0.3889,0.0
Svea_Hovraett_etc_export_job_4502445_845640_Svea_Hovraett_-_Advokatfiskalen_Jaemtlands_laen__1702__3-6edbb12a/0024_DSC_0401/r2l17,698,False,ok,0.6207,ok,0.6207,0.0
Svea_Hovraett_etc_export_job_4502445_845640_Svea_Hovraett_-_Advokatfiskalen_Jaemtlands_laen__1702__3-6edbb12a/0024_DSC_0401/r2l18,695,False,ok,0.2286,ok,0.2286,0.0
Svea_Hovraett_etc_export_job_4502445_845640_Svea_Hovraett_-_Advokatfiskalen_Jaemtlands_laen__1702__3-6edbb12a/0024_DSC_0401/r2l19,704,False,ok,0.2188,ok,0.2188,0.0
Svea_Hovraett_etc_export_job_4502445_845640_Svea_Hovraett_-_Advokatfiskalen_Jaemtlands_laen__1702__3-6edbb12a/0024_DSC_0401/r2l20,719,False,ok,0.3636,ok,0.3636,0.0
Svea_Hovraett_etc_export_job_4502445_845640_Svea_Hovraett_-_Advokatfiskalen_Jaemtlands_laen__1702__3-6edbb12a/0024_DSC_0401/r2l21,698,False,ok,0.1944,ok,0.1944,0.0
Svea_Hovraett_etc_export_job_4502445_845640_Svea_Hovraett_-_Advokatfiskalen_Jaemtlands_laen__1702__3-6edbb12a/0024_DSC_0401/r2l22,100,True,ok,1.0,ok,1.0,0.0
Svea_Hovraett_etc_export_job_4502445_845640_Svea_Hovraett_-_Advokatfiskalen_Jaemtlands_laen__1702__3-6edbb12a/0025_DSC_0403/r1l2,631,False,ok,0.8,ok,0.8,0.0
Svea_Hovraett_etc_export_job_4502445_845640_Svea_Hovraett_-_Advokatfiskalen_Jaemtlands_laen__1702__3-6edbb12a/0025_DSC_0403/r1l4,648,False,ok,0.6154,ok,0.6154,0.0
Svea_Hovraett_etc_export_job_4502445_845640_Svea_Hovraett_-_Advokatfiskalen_Jaemtlands_laen__1702__3-6edbb12a/0025_DSC_0403/r1l6,645,False,ok,0.6429,ok,0.6429,0.0
Svea_Hovraett_etc_export_job_4502445_845640_Svea_Hovraett_-_Advokatfiskalen_Jaemtlands_laen__1702__3-6edbb12a/0025_DSC_0403/r1l8,651,False,ok,0.4865,ok,0.4865,0.0
Svea_Hovraett_etc_export_job_4502445_845640_Svea_Hovraett_-_Advokatfiskalen_Jaemtlands_laen__1702__3-6edbb12a/0025_DSC_0403/r1l10,661,False,ok,0.475,ok,0.475,0.0
Svea_Hovraett_etc_export_job_4502445_845640_Svea_Hovraett_-_Advokatfiskalen_Jaemtlands_laen__1702__3-6edbb12a/0025_DSC_0403/r1l12,649,False,ok,0.4103,ok,0.4103,0.0
Svea_Hovraett_etc_export_job_4502445_845640_Svea_Hovraett_-_Advokatfiskalen_Jaemtlands_laen__1702__3-6edbb12a/0025_DSC_0403/r1l14,662,False,ok,0.4444,ok,0.4444,0.0
Svea_Hovraett_etc_export_job_4502445_845640_Svea_Hovraett_-_Advokatfiskalen_Jaemtlands_laen__1702__3-6edbb12a/0025_DSC_0403/r1l16,665,False,ok,0.3125,ok,0.3125,0.0
Svea_Hovraett_etc_export_job_4502445_845640_Svea_Hovraett_-_Advokatfiskalen_Jaemtlands_laen__1702__3-6edbb12a/0025_DSC_0403/r1l18,668,False,ok,0.3667,ok,0.3667,0.0
Svea_Hovraett_etc_export_job_4502445_845640_Svea_Hovraett_-_Advokatfiskalen_Jaemtlands_laen__1702__3-6edbb12a/0025_DSC_0403/r1l20,656,False,ok,0.1212,ok,0.1212,0.0
Svea_Hovraett_etc_export_job_4502445_845640_Svea_Hovraett_-_Advokatfiskalen_Jaemtlands_laen__1702__3-6edbb12a/0025_DSC_0403/r1l22,664,False,ok,0.1818,ok,0.1818,0.0
Svea_Hovraett_etc_export_job_4502445_845640_Svea_Hovraett_-_Advokatfiskalen_Jaemtlands_laen__1702__3-6edbb12a/0025_DSC_0403/r1l24,649,False,ok,0.2571,ok,0.2571,0.0
Svea_Hovraett_etc_export_job_4502445_845640_Svea_Hovraett_-_Advokatfiskalen_Jaemtlands_laen__1702__3-6edbb12a/0025_DSC_0403/r1l26,677,False,ok,0.1667,ok,0.1667,0.0
Svea_Hovraett_etc_export_job_4502445_845640_Svea_Hovraett_-_Advokatfiskalen_Jaemtlands_laen__1702__3-6edbb12a/0025_DSC_0403/r1l28,680,False,ok,0.1765,ok,0.1765,0.0
Svea_Hovraett_etc_export_job_4502445_845640_Svea_Hovraett_-_Advokatfiskalen_Jaemtlands_laen__1702__3-6edbb12a/0025_DSC_0403/r1l30,696,False,ok,0.0571,ok,0.0571,0.0
Svea_Hovraett_etc_export_job_4502445_845640_Svea_Hovraett_-_Advokatfiskalen_Jaemtlands_laen__1702__3-6edbb12a/0025_DSC_0403/r1l32,673,False,ok,0.2059,ok,0.2059,0.0
Svea_Hovraett_etc_export_job_4502445_845640_Svea_Hovraett_-_Advokatfiskalen_Jaemtlands_laen__1702__3-6edbb12a/0025_DSC_0403/r1l34,695,False,ok,0.2571,ok,0.2571,0.0
Svea_Hovraett_etc_export_job_4502445_845640_Svea_Hovraett_-_Advokatfiskalen_Jaemtlands_laen__1702__3-6edbb12a/0025_DSC_0403/r1l36,713,False,ok,0.2973,ok,0.2973,0.0
Svea_Hovraett_etc_export_job_4502445_845640_Svea_Hovraett_-_Advokatfiskalen_Jaemtlands_laen__1702__3-6edbb12a/0025_DSC_0403/r1l38,702,False,ok,0.3529,ok,0.3529,0.0
Svea_Hovraett_etc_export_job_4502445_845640_Svea_Hovraett_-_Advokatfiskalen_Jaemtlands_laen__1702__3-6edbb12a/0025_DSC_0403/r1l40,700,False,ok,0.1667,ok,0.1667,0.0
Svea_Hovraett_etc_export_job_4502445_845640_Svea_Hovraett_-_Advokatfiskalen_Jaemtlands_laen__1702__3-6edbb12a/0025_DSC_0403/r1l43,83,True,ok,0.9688,ok,0.9688,0.0
Svea_Hovraett_etc_export_job_4502445_845640_Svea_Hovraett_-_Advokatfiskalen_Jaemtlands_laen__1702__3-6edbb12a/0025_DSC_0403/line_1638779204101_491,711,False,ok,9.3333,ok,9.3333,0.0
Svea_Hovraett_etc_export_job_4502445_845640_Svea_Hovraett_-_Advokatfiskalen_Jaemtlands_laen__1702__3-6edbb12a/0025_DSC_0403/r2l1,69,True,ok,0.6667,empty,1.0,0.3333
Svea_Hovraett_etc_export_job_4502445_845640_Svea_Hovraett_-_Advokatfiskalen_Jaemtlands_laen__1702__3-6edbb12a/0025_DSC_0403/r1l1,662,False,ok,0.6571,ok,0.6571,0.0
Svea_Hovraett_etc_export_job_4502445_845640_Svea_Hovraett_-_Advokatfiskalen_Jaemtlands_laen__1702__3-6edbb12a/0025_DSC_0403/r1l3,692,False,ok,0.7632,ok,0.7632,0.0
Svea_Hovraett_etc_export_job_4502445_845640_Svea_Hovraett_-_Advokatfiskalen_Jaemtlands_laen__1702__3-6edbb12a/0025_DSC_0403/r1l5,669,False,ok,0.4444,ok,0.4444,0.0
Svea_Hovraett_etc_export_job_4502445_845640_Svea_Hovraett_-_Advokatfiskalen_Jaemtlands_laen__1702__3-6edbb12a/0025_DSC_0403/r1l7,670,False,ok,0.7895,ok,0.7895,0.0
Svea_Hovraett_etc_export_job_4502445_845640_Svea_Hovraett_-_Advokatfiskalen_Jaemtlands_laen__1702__3-6edbb12a/0025_DSC_0403/r1l9,678,False,ok,0.7742,ok,0.7742,0.0
Svea_Hovraett_etc_export_job_4502445_845640_Svea_Hovraett_-_Advokatfiskalen_Jaemtlands_laen__1702__3-6edbb12a/0025_DSC_0403/r1l11,680,False,ok,0.4857,ok,0.4857,0.0
Svea_Hovraett_etc_export_job_4502445_845640_Svea_Hovraett_-_Advokatfiskalen_Jaemtlands_laen__1702__3-6edbb12a/0025_DSC_0403/r1l13,232,False,ok,1.0,ok,1.0,0.0
Svea_Hovraett_etc_export_job_4502445_845640_Svea_Hovraett_-_Advokatfiskalen_Jaemtlands_laen__1702__3-6edbb12a/0025_DSC_0403/r1l15,676,False,ok,0.4444,ok,0.4444,0.0
Svea_Hovraett_etc_export_job_4502445_845640_Svea_Hovraett_-_Advokatfiskalen_Jaemtlands_laen__1702__3-6edbb12a/0025_DSC_0403/r1l17,662,False,ok,0.3143,ok,0.3143,0.0
Svea_Hovraett_etc_export_job_4502445_845640_Svea_Hovraett_-_Advokatfiskalen_Jaemtlands_laen__1702__3-6edbb12a/0025_DSC_0403/r1l19,674,False,ok,0.4062,ok,0.4062,0.0
Svea_Hovraett_etc_export_job_4502445_845640_Svea_Hovraett_-_Advokatfiskalen_Jaemtlands_laen__1702__3-6edbb12a/0025_DSC_0403/r1l21,690,False,ok,0.3684,ok,0.3684,0.0
Svea_Hovraett_etc_export_job_4502445_845640_Svea_Hovraett_-_Advokatfiskalen_Jaemtlands_laen__1702__3-6edbb12a/0025_DSC_0403/r1l23,679,False,ok,0.3214,ok,0.3214,0.0
Svea_Hovraett_etc_export_job_4502445_845640_Svea_Hovraett_-_Advokatfiskalen_Jaemtlands_laen__1702__3-6edbb12a/0025_DSC_0403/r1l25,688,False,ok,0.125,ok,0.125,0.0
Svea_Hovraett_etc_export_job_4502445_845640_Svea_Hovraett_-_Advokatfiskalen_Jaemtlands_laen__1702__3-6edbb12a/0025_DSC_0403/r1l27,712,False,ok,0.3529,ok,0.3529,0.0
Svea_Hovraett_etc_export_job_4502445_845640_Svea_Hovraett_-_Advokatfiskalen_Jaemtlands_laen__1702__3-6edbb12a/0025_DSC_0403/r1l29,682,False,ok,0.2941,ok,0.2941,0.0
Svea_Hovraett_etc_export_job_4502445_845640_Svea_Hovraett_-_Advokatfiskalen_Jaemtlands_laen__1702__3-6edbb12a/0025_DSC_0403/r1l31,697,False,ok,0.2571,ok,0.2571,0.0
Svea_Hovraett_etc_export_job_4502445_845640_Svea_Hovraett_-_Advokatfiskalen_Jaemtlands_laen__1702__3-6edbb12a/0025_DSC_0403/r1l33,710,False,ok,0.2121,ok,0.2121,0.0
Svea_Hovraett_etc_export_job_4502445_845640_Svea_Hovraett_-_Advokatfiskalen_Jaemtlands_laen__1702__3-6edbb12a/0025_DSC_0403/r1l35,697,False,ok,0.2333,ok,0.2333,0.0
Svea_Hovraett_etc_export_job_4502445_845640_Svea_Hovraett_-_Advokatfiskalen_Jaemtlands_laen__1702__3-6edbb12a/0025_DSC_0403/r1l37,96,True,ok,0.8571,ok,0.8571,0.0
Svea_Hovraett_etc_export_job_4502445_845640_Svea_Hovraett_-_Advokatfiskalen_Jaemtlands_laen__1702__3-6edbb12a/0025_DSC_0403/r1l39,704,False,ok,0.4054,ok,0.4054,0.0
Svea_Hovraett_etc_export_job_4502445_845640_Svea_Hovraett_-_Advokatfiskalen_Jaemtlands_laen__1702__3-6edbb12a/0025_DSC_0403/line_1638779204101_490,752,False,ok,0.5278,ok,0.5278,0.0
Svea_Hovraett_etc_export_job_4502445_845640_Svea_Hovraett_-_Advokatfiskalen_Jaemtlands_laen__1702__3-6edbb12a/0025_DSC_0403/r1l42,139,True,ok,1.0,empty,1.0,0.0
Svea_Hovraett_etc_export_job_4502445_845640_Svea_Hovraett_-_Advokatfiskalen_Jaemtlands_laen__1702__3-6edbb12a/0026_DSC_0404/r1l1,659,False,ok,0.3514,ok,0.3514,0.0
Svea_Hovraett_etc_export_job_4502445_845640_Svea_Hovraett_-_Advokatfiskalen_Jaemtlands_laen__1702__3-6edbb12a/0026_DSC_0404/r1l2,654,False,ok,0.5333,ok,0.5333,0.0
Svea_Hovraett_etc_export_job_4502445_845640_Svea_Hovraett_-_Advokatfiskalen_Jaemtlands_laen__1702__3-6edbb12a/0026_DSC_0404/r1l3,665,False,ok,0.4483,ok,0.4483,0.0
Svea_Hovraett_etc_export_job_4502445_845640_Svea_Hovraett_-_Advokatfiskalen_Jaemtlands_laen__1702__3-6edbb12a/0026_DSC_0404/r1l4,662,False,ok,0.2222,ok,0.2222,0.0
Svea_Hovraett_etc_export_job_4502445_845640_Svea_Hovraett_-_Advokatfiskalen_Jaemtlands_laen__1702__3-6edbb12a/0026_DSC_0404/line_1638779544573_564,671,False,ok,0.2727,ok,0.2727,0.0
Svea_Hovraett_etc_export_job_4502445_845640_Svea_Hovraett_-_Advokatfiskalen_Jaemtlands_laen__1702__3-6edbb12a/0026_DSC_0404/r1l7,682,False,ok,0.2353,ok,0.2353,0.0
Svea_Hovraett_etc_export_job_4502445_845640_Svea_Hovraett_-_Advokatfiskalen_Jaemtlands_laen__1702__3-6edbb12a/0026_DSC_0404/r1l8,693,False,ok,0.0294,ok,0.0294,0.0
Svea_Hovraett_etc_export_job_4502445_845640_Svea_Hovraett_-_Advokatfiskalen_Jaemtlands_laen__1702__3-6edbb12a/0026_DSC_0404/r1l9,679,False,ok,0.1034,ok,0.1034,0.0
Svea_Hovraett_etc_export_job_4502445_845640_Svea_Hovraett_-_Advokatfiskalen_Jaemtlands_laen__1702__3-6edbb12a/0026_DSC_0404/r1l10,677,False,ok,0.4375,ok,0.4375,0.0
Svea_Hovraett_etc_export_job_4502445_845640_Svea_Hovraett_-_Advokatfiskalen_Jaemtlands_laen__1702__3-6edbb12a/0026_DSC_0404/r1l11,703,False,ok,0.3056,ok,0.3056,0.0
Svea_Hovraett_etc_export_job_4502445_845640_Svea_Hovraett_-_Advokatfiskalen_Jaemtlands_laen__1702__3-6edbb12a/0026_DSC_0404/r1l13,295,False,ok,0.0769,ok,0.0769,0.0
Svea_Hovraett_etc_export_job_4502445_845640_Svea_Hovraett_-_Advokatfiskalen_Jaemtlands_laen__1702__3-6edbb12a/0026_DSC_0404/r1l14,703,False,ok,0.2308,ok,0.2308,0.0
Svea_Hovraett_etc_export_job_4502445_845640_Svea_Hovraett_-_Advokatfiskalen_Jaemtlands_laen__1702__3-6edbb12a/0026_DSC_0404/r1l15,692,False,ok,0.2368,ok,0.2368,0.0
Svea_Hovraett_etc_export_job_4502445_845640_Svea_Hovraett_-_Advokatfiskalen_Jaemtlands_laen__1702__3-6edbb12a/0026_DSC_0404/r1l16,689,False,ok,0.0286,ok,0.0286,0.0
Svea_Hovraett_etc_export_job_4502445_845640_Svea_Hovraett_-_Advokatfiskalen_Jaemtlands_laen__1702__3-6edbb12a/0026_DSC_0404/r1l17,700,False,ok,0.0882,ok,0.0882,0.0
Svea_Hovraett_etc_export_job_4502445_845640_Svea_Hovraett_-_Advokatfiskalen_Jaemtlands_laen__1702__3-6edbb12a/0026_DSC_0404/r1l18,693,False,ok,0.1282,ok,0.1282,0.0
Svea_Hovraett_etc_export_job_4502445_845640_Svea_Hovraett_-_Advokatfiskalen_Jaemtlands_laen__1702__3-6edbb12a/0026_DSC_0404/r1l19,706,False,ok,0.2051,ok,0.2051,0.0
Svea_Hovraett_etc_export_job_4502445_845640_Svea_Hovraett_-_Advokatfiskalen_Jaemtlands_laen__1702__3-6edbb12a/0026_DSC_0404/r1l20,731,False,ok,0.1212,ok,0.1212,0.0
Svea_Hovraett_etc_export_job_4502445_845640_Svea_Hovraett_-_Advokatfiskalen_Jaemtlands_laen__1702__3-6edbb12a/0026_DSC_0404/r1l21,745,False,ok,0.0263,ok,0.0263,0.0
Svea_Hovraett_etc_export_job_4502445_845640_Svea_Hovraett_-_Advokatfiskalen_Jaemtlands_laen__1702__3-6edbb12a/0026_DSC_0404/r1l22,775,False,ok,0.3514,ok,0.3514,0.0
Svea_Hovraett_etc_export_job_4502445_845640_Svea_Hovraett_-_Advokatfiskalen_Jaemtlands_laen__1702__3-6edbb12a/0026_DSC_0404/r1l23,132,True,ok,0.75,ok,1.0,0.25
Svea_Hovraett_etc_export_job_4502445_845640_Svea_Hovraett_-_Advokatfiskalen_Jaemtlands_laen__1702__3-6edbb12a/0026_DSC_0404/line_1638779899103_657,24,True,empty,1.0,empty,1.0,0.0
Svea_Hovraett_etc_export_job_4502445_845640_Svea_Hovraett_-_Advokatfiskalen_Jaemtlands_laen__1702__3-6edbb12a/0026_DSC_0404/line_1638779746959_610,86,True,ok,0.6667,empty,1.0,0.3333
Svea_Hovraett_etc_export_job_4502445_845640_Svea_Hovraett_-_Advokatfiskalen_Jaemtlands_laen__1702__3-6edbb12a/0026_DSC_0404/r2l1,659,False,ok,0.825,ok,0.825,0.0
Svea_Hovraett_etc_export_job_4502445_845640_Svea_Hovraett_-_Advokatfiskalen_Jaemtlands_laen__1702__3-6edbb12a/0026_DSC_0404/r2l2,648,False,ok,0.6977,ok,0.6977,0.0
Svea_Hovraett_etc_export_job_4502445_845640_Svea_Hovraett_-_Advokatfiskalen_Jaemtlands_laen__1702__3-6edbb12a/0026_DSC_0404/r2l3,669,False,ok,0.5789,ok,0.5789,0.0
Svea_Hovraett_etc_export_job_4502445_845640_Svea_Hovraett_-_Advokatfiskalen_Jaemtlands_laen__1702__3-6edbb12a/0026_DSC_0404/r2l4,648,False,ok,0.5,ok,0.5,0.0
Svea_Hovraett_etc_export_job_4502445_845640_Svea_Hovraett_-_Advokatfiskalen_Jaemtlands_laen__1702__3-6edbb12a/0026_DSC_0404/r2l5,678,False,ok,0.5676,ok,0.5676,0.0
Svea_Hovraett_etc_export_job_4502445_845640_Svea_Hovraett_-_Advokatfiskalen_Jaemtlands_laen__1702__3-6edbb12a/0026_DSC_0404/r2l6,677,False,ok,0.4118,ok,0.4118,0.0
Svea_Hovraett_etc_export_job_4502445_845640_Svea_Hovraett_-_Advokatfiskalen_Jaemtlands_laen__1702__3-6edbb12a/0026_DSC_0404/r2l7,697,False,ok,0.4286,ok,0.4286,0.0
Svea_Hovraett_etc_export_job_4502445_845640_Svea_Hovraett_-_Advokatfiskalen_Jaemtlands_laen__1702__3-6edbb12a/0026_DSC_0404/r2l8,676,False,ok,0.2424,ok,0.2424,0.0
Svea_Hovraett_etc_export_job_4502445_845640_Svea_Hovraett_-_Advokatfiskalen_Jaemtlands_laen__1702__3-6edbb12a/0026_DSC_0404/r2l9,683,False,ok,0.2857,ok,0.2857,0.0
Svea_Hovraett_etc_export_job_4502445_845640_Svea_Hovraett_-_Advokatfiskalen_Jaemtlands_laen__1702__3-6edbb12a/0026_DSC_0404/r2l10,697,False,ok,0.2105,ok,0.2105,0.0
Svea_Hovraett_etc_export_job_4502445_845640_Svea_Hovraett_-_Advokatfiskalen_Jaemtlands_laen__1702__3-6edbb12a/0026_DSC_0404/r2l11,699,False,ok,0.3947,ok,0.3947,0.0
Svea_Hovraett_etc_export_job_4502445_845640_Svea_Hovraett_-_Advokatfiskalen_Jaemtlands_laen__1702__3-6edbb12a/0026_DSC_0404/r2l12,698,False,ok,0.4872,ok,0.4872,0.0
Svea_Hovraett_etc_export_job_4502445_845640_Svea_Hovraett_-_Advokatfiskalen_Jaemtlands_laen__1702__3-6edbb12a/0026_DSC_0404/r2l13,706,False,ok,0.4571,ok,0.4571,0.0
Svea_Hovraett_etc_export_job_4502445_845640_Svea_Hovraett_-_Advokatfiskalen_Jaemtlands_laen__1702__3-6edbb12a/0026_DSC_0404/r2l14,703,False,ok,0.1944,ok,0.1944,0.0
Svea_Hovraett_etc_export_job_4502445_845640_Svea_Hovraett_-_Advokatfiskalen_Jaemtlands_laen__1702__3-6edbb12a/0026_DSC_0404/r2l15,340,False,ok,0.3158,ok,0.3158,0.0
Svea_Hovraett_etc_export_job_4502445_845640_Svea_Hovraett_-_Advokatfiskalen_Jaemtlands_laen__1702__3-6edbb12a/0026_DSC_0404/r2l16,721,False,ok,0.3333,ok,0.3333,0.0
Svea_Hovraett_etc_export_job_4502445_845640_Svea_Hovraett_-_Advokatfiskalen_Jaemtlands_laen__1702__3-6edbb12a/0026_DSC_0404/r2l17,722,False,ok,0.3235,ok,0.3235,0.0
Svea_Hovraett_etc_export_job_4502445_845640_Svea_Hovraett_-_Advokatfiskalen_Jaemtlands_laen__1702__3-6edbb12a/0026_DSC_0404/r2l18,730,False,ok,0.4,ok,0.4,0.0
Svea_Hovraett_etc_export_job_4502445_845640_Svea_Hovraett_-_Advokatfiskalen_Jaemtlands_laen__1702__3-6edbb12a/0026_DSC_0404/r2l19,722,False,ok,0.3333,ok,0.3333,0.0
Svea_Hovraett_etc_export_job_4502445_845640_Svea_Hovraett_-_Advokatfiskalen_Jaemtlands_laen__1702__3-6edbb12a/0026_DSC_0404/r2l20,760,False,ok,0.2,ok,0.2,0.0
Svea_Hovraett_etc_export_job_4502445_845640_Svea_Hovraett_-_Advokatfiskalen_Jaemtlands_laen__1702__3-6edbb12a/0026_DSC_0404/r2l21,79,True,ok,0.3333,empty,1.0,0.6667
Svea_Hovraett_etc_export_job_4502445_845640_Svea_Hovraett_-_Advokatfiskalen_Jaemtlands_laen__1702__3-6edbb12a/0027_DSC_0405/r1l1,650,False,ok,0.3889,ok,0.3889,0.0
Svea_Hovraett_etc_export_job_4502445_845640_Svea_Hovraett_-_Advokatfiskalen_Jaemtlands_laen__1702__3-6edbb12a/0027_DSC_0405/r1l2,676,False,ok,0.2727,ok,0.2727,0.0
Svea_Hovraett_etc_export_job_4502445_845640_Svea_Hovraett_-_Advokatfiskalen_Jaemtlands_laen__1702__3-6edbb12a/0027_DSC_0405/r1l3,686,False,ok,0.2121,ok,0.2121,0.0
Svea_Hovraett_etc_export_job_4502445_845640_Svea_Hovraett_-_Advokatfiskalen_Jaemtlands_laen__1702__3-6edbb12a/0027_DSC_0405/r1l4,366,False,ok,0.0,ok,0.0,0.0
Svea_Hovraett_etc_export_job_4502445_845640_Svea_Hovraett_-_Advokatfiskalen_Jaemtlands_laen__1702__3-6edbb12a/0027_DSC_0405/r1l5,704,False,ok,0.4324,ok,0.4324,0.0
Svea_Hovraett_etc_export_job_4502445_845640_Svea_Hovraett_-_Advokatfiskalen_Jaemtlands_laen__1702__3-6edbb12a/0027_DSC_0405/r1l6,698,False,ok,0.303,ok,0.303,0.0
Svea_Hovraett_etc_export_job_4502445_845640_Svea_Hovraett_-_Advokatfiskalen_Jaemtlands_laen__1702__3-6edbb12a/0027_DSC_0405/r1l7,694,False,ok,0.1471,ok,0.1471,0.0
Svea_Hovraett_etc_export_job_4502445_845640_Svea_Hovraett_-_Advokatfiskalen_Jaemtlands_laen__1702__3-6edbb12a/0027_DSC_0405/r1l8,690,False,ok,0.2778,ok,0.2778,0.0
Svea_Hovraett_etc_export_job_4502445_845640_Svea_Hovraett_-_Advokatfiskalen_Jaemtlands_laen__1702__3-6edbb12a/0027_DSC_0405/r1l9,699,False,ok,0.3871,ok,0.3871,0.0
Svea_Hovraett_etc_export_job_4502445_845640_Svea_Hovraett_-_Advokatfiskalen_Jaemtlands_laen__1702__3-6edbb12a/0027_DSC_0405/r1l10,577,False,ok,0.0714,ok,0.0714,0.0
Svea_Hovraett_etc_export_job_4502445_845640_Svea_Hovraett_-_Advokatfiskalen_Jaemtlands_laen__1702__3-6edbb12a/0027_DSC_0405/r1l11,690,False,ok,0.1212,ok,0.1212,0.0
Svea_Hovraett_etc_export_job_4502445_845640_Svea_Hovraett_-_Advokatfiskalen_Jaemtlands_laen__1702__3-6edbb12a/0027_DSC_0405/r1l12,708,False,ok,0.1081,ok,0.1081,0.0
Svea_Hovraett_etc_export_job_4502445_845640_Svea_Hovraett_-_Advokatfiskalen_Jaemtlands_laen__1702__3-6edbb12a/0027_DSC_0405/r1l13,706,False,ok,0.1053,ok,0.1053,0.0
Svea_Hovraett_etc_export_job_4502445_845640_Svea_Hovraett_-_Advokatfiskalen_Jaemtlands_laen__1702__3-6edbb12a/0027_DSC_0405/r1l14,710,False,ok,0.3714,ok,0.3714,0.0
Svea_Hovraett_etc_export_job_4502445_845640_Svea_Hovraett_-_Advokatfiskalen_Jaemtlands_laen__1702__3-6edbb12a/0027_DSC_0405/r1l15,726,False,ok,0.1714,ok,0.1714,0.0
Svea_Hovraett_etc_export_job_4502445_845640_Svea_Hovraett_-_Advokatfiskalen_Jaemtlands_laen__1702__3-6edbb12a/0027_DSC_0405/r1l16,728,False,ok,0.1176,ok,0.1176,0.0
Svea_Hovraett_etc_export_job_4502445_845640_Svea_Hovraett_-_Advokatfiskalen_Jaemtlands_laen__1702__3-6edbb12a/0027_DSC_0405/r1l17,722,False,ok,0.1875,ok,0.1875,0.0
Svea_Hovraett_etc_export_job_4502445_845640_Svea_Hovraett_-_Advokatfiskalen_Jaemtlands_laen__1702__3-6edbb12a/0027_DSC_0405/r1l18,446,False,ok,0.1176,ok,0.1176,0.0
Svea_Hovraett_etc_export_job_4502445_845640_Svea_Hovraett_-_Advokatfiskalen_Jaemtlands_laen__1702__3-6edbb12a/0027_DSC_0405/r1l19,737,False,ok,0.2812,ok,0.2812,0.0
Svea_Hovraett_etc_export_job_4502445_845640_Svea_Hovraett_-_Advokatfiskalen_Jaemtlands_laen__1702__3-6edbb12a/0027_DSC_0405/r1l20,759,False,ok,0.0541,ok,0.0541,0.0
Svea_Hovraett_etc_export_job_4502445_845640_Svea_Hovraett_-_Advokatfiskalen_Jaemtlands_laen__1702__3-6edbb12a/0027_DSC_0405/r1l21,757,False,ok,0.2105,ok,0.2105,0.0
Svea_Hovraett_etc_export_job_4502445_845640_Svea_Hovraett_-_Advokatfiskalen_Jaemtlands_laen__1702__3-6edbb12a/0027_DSC_0405/r1l22,122,True,ok,1.0,ok,1.0,0.0
Svea_Hovraett_etc_export_job_4502445_845640_Svea_Hovraett_-_Advokatfiskalen_Jaemtlands_laen__1702__3-6edbb12a/0027_DSC_0405/r2l1,62,True,empty,1.0,empty,1.0,0.0
Svea_Hovraett_etc_export_job_4502445_845640_Svea_Hovraett_-_Advokatfiskalen_Jaemtlands_laen__1702__3-6edbb12a/0027_DSC_0405/r2l2,652,False,ok,0.9412,ok,0.9412,0.0
Svea_Hovraett_etc_export_job_4502445_845640_Svea_Hovraett_-_Advokatfiskalen_Jaemtlands_laen__1702__3-6edbb12a/0027_DSC_0405/r2l3,652,False,ok,0.7838,ok,0.7838,0.0
Svea_Hovraett_etc_export_job_4502445_845640_Svea_Hovraett_-_Advokatfiskalen_Jaemtlands_laen__1702__3-6edbb12a/0027_DSC_0405/r2l4,673,False,ok,0.7568,ok,0.7568,0.0
Svea_Hovraett_etc_export_job_4502445_845640_Svea_Hovraett_-_Advokatfiskalen_Jaemtlands_laen__1702__3-6edbb12a/0027_DSC_0405/r2l5,669,False,ok,0.6176,ok,0.6176,0.0
Svea_Hovraett_etc_export_job_4502445_845640_Svea_Hovraett_-_Advokatfiskalen_Jaemtlands_laen__1702__3-6edbb12a/0027_DSC_0405/r2l6,700,False,ok,0.825,ok,0.825,0.0
Svea_Hovraett_etc_export_job_4502445_845640_Svea_Hovraett_-_Advokatfiskalen_Jaemtlands_laen__1702__3-6edbb12a/0027_DSC_0405/r2l7,674,False,ok,0.3824,ok,0.3824,0.0
Svea_Hovraett_etc_export_job_4502445_845640_Svea_Hovraett_-_Advokatfiskalen_Jaemtlands_laen__1702__3-6edbb12a/0027_DSC_0405/r2l8,696,False,ok,0.7273,ok,0.7273,0.0
Svea_Hovraett_etc_export_job_4502445_845640_Svea_Hovraett_-_Advokatfiskalen_Jaemtlands_laen__1702__3-6edbb12a/0027_DSC_0405/r2l9,697,False,ok,0.4286,ok,0.4286,0.0
Svea_Hovraett_etc_export_job_4502445_845640_Svea_Hovraett_-_Advokatfiskalen_Jaemtlands_laen__1702__3-6edbb12a/0027_DSC_0405/r2l10,676,False,ok,0.5882,ok,0.5882,0.0
Svea_Hovraett_etc_export_job_4502445_845640_Svea_Hovraett_-_Advokatfiskalen_Jaemtlands_laen__1702__3-6edbb12a/0027_DSC_0405/r2l11,696,False,ok,0.3714,ok,0.3714,0.0
Svea_Hovraett_etc_export_job_4502445_845640_Svea_Hovraett_-_Advokatfiskalen_Jaemtlands_laen__1702__3-6edbb12a/0027_DSC_0405/r2l12,696,False,ok,0.3243,ok,0.3243,0.0
Svea_Hovraett_etc_export_job_4502445_845640_Svea_Hovraett_-_Advokatfiskalen_Jaemtlands_laen__1702__3-6edbb12a/0027_DSC_0405/r2l13,83,True,empty,1.0,ok,0.875,-0.125
Svea_Hovraett_etc_export_job_4502445_845640_Svea_Hovraett_-_Advokatfiskalen_Jaemtlands_laen__1702__3-6edbb12a/0027_DSC_0405/r2l14,724,False,ok,0.4054,ok,0.4054,0.0
Svea_Hovraett_etc_export_job_4502445_845640_Svea_Hovraett_-_Advokatfiskalen_Jaemtlands_laen__1702__3-6edbb12a/0027_DSC_0405/r2l15,730,False,ok,0.1818,ok,0.1818,0.0
Svea_Hovraett_etc_export_job_4502445_845640_Svea_Hovraett_-_Advokatfiskalen_Jaemtlands_laen__1702__3-6edbb12a/0027_DSC_0405/r2l16,753,False,ok,0.3095,ok,0.3095,0.0
Svea_Hovraett_etc_export_job_4502445_845640_Svea_Hovraett_-_Advokatfiskalen_Jaemtlands_laen__1702__3-6edbb12a/0027_DSC_0405/r2l17,669,False,ok,0.2069,ok,0.2069,0.0
Svea_Hovraett_etc_export_job_4502445_845640_Svea_Hovraett_-_Advokatfiskalen_Jaemtlands_laen__1702__3-6edbb12a/0027_DSC_0405/r2l18,734,False,ok,0.275,ok,0.275,0.0
Svea_Hovraett_etc_export_job_4502445_845640_Svea_Hovraett_-_Advokatfiskalen_Jaemtlands_laen__1702__3-6edbb12a/0027_DSC_0405/r2l19,750,False,ok,0.3243,ok,0.3243,0.0
Svea_Hovraett_etc_export_job_4502445_845640_Svea_Hovraett_-_Advokatfiskalen_Jaemtlands_laen__1702__3-6edbb12a/0027_DSC_0405/r2l20,739,False,ok,0.1714,ok,0.1714,0.0
Svea_Hovraett_etc_export_job_4502445_845640_Svea_Hovraett_-_Advokatfiskalen_Jaemtlands_laen__1702__3-6edbb12a/0027_DSC_0405/r2l21,747,False,ok,0.4167,ok,0.4167,0.0
Svea_Hovraett_etc_export_job_4502445_845640_Svea_Hovraett_-_Advokatfiskalen_Jaemtlands_laen__1702__3-6edbb12a/0027_DSC_0405/r2l22,778,False,ok,0.4524,ok,0.4524,0.0
Svea_Hovraett_etc_export_job_4502445_845640_Svea_Hovraett_-_Advokatfiskalen_Jaemtlands_laen__1702__3-6edbb12a/0027_DSC_0405/r2l23,90,True,ok,0.75,empty,1.0,0.25
Svea_Hovraett_etc_export_job_4502445_845640_Svea_Hovraett_-_Advokatfiskalen_Jaemtlands_laen__1702__3-6edbb12a/0028_DSC_0406/r1l1,649,False,ok,0.4211,ok,0.4211,0.0
Svea_Hovraett_etc_export_job_4502445_845640_Svea_Hovraett_-_Advokatfiskalen_Jaemtlands_laen__1702__3-6edbb12a/0028_DSC_0406/r1l2,471,False,ok,0.3913,ok,0.3913,0.0
Svea_Hovraett_etc_export_job_4502445_845640_Svea_Hovraett_-_Advokatfiskalen_Jaemtlands_laen__1702__3-6edbb12a/0028_DSC_0406/r1l3,654,False,ok,0.2286,ok,0.2286,0.0
Svea_Hovraett_etc_export_job_4502445_845640_Svea_Hovraett_-_Advokatfiskalen_Jaemtlands_laen__1702__3-6edbb12a/0028_DSC_0406/r1l4,650,False,ok,0.3514,ok,0.3514,0.0
Svea_Hovraett_etc_export_job_4502445_845640_Svea_Hovraett_-_Advokatfiskalen_Jaemtlands_laen__1702__3-6edbb12a/0028_DSC_0406/r1l5,652,False,ok,0.2973,ok,0.2973,0.0
Svea_Hovraett_etc_export_job_4502445_845640_Svea_Hovraett_-_Advokatfiskalen_Jaemtlands_laen__1702__3-6edbb12a/0028_DSC_0406/r1l6,671,False,ok,0.4324,ok,0.4324,0.0
Svea_Hovraett_etc_export_job_4502445_845640_Svea_Hovraett_-_Advokatfiskalen_Jaemtlands_laen__1702__3-6edbb12a/0028_DSC_0406/r1l7,686,False,ok,0.1471,ok,0.1471,0.0
Svea_Hovraett_etc_export_job_4502445_845640_Svea_Hovraett_-_Advokatfiskalen_Jaemtlands_laen__1702__3-6edbb12a/0028_DSC_0406/r1l8,684,False,ok,0.2222,ok,0.2222,0.0
Svea_Hovraett_etc_export_job_4502445_845640_Svea_Hovraett_-_Advokatfiskalen_Jaemtlands_laen__1702__3-6edbb12a/0028_DSC_0406/r1l9,689,False,ok,0.2308,ok,0.2308,0.0
Svea_Hovraett_etc_export_job_4502445_845640_Svea_Hovraett_-_Advokatfiskalen_Jaemtlands_laen__1702__3-6edbb12a/0028_DSC_0406/r1l10,665,False,ok,0.2059,ok,0.2059,0.0
Svea_Hovraett_etc_export_job_4502445_845640_Svea_Hovraett_-_Advokatfiskalen_Jaemtlands_laen__1702__3-6edbb12a/0028_DSC_0406/r1l11,704,False,ok,0.25,ok,0.25,0.0
Svea_Hovraett_etc_export_job_4502445_845640_Svea_Hovraett_-_Advokatfiskalen_Jaemtlands_laen__1702__3-6edbb12a/0028_DSC_0406/r1l12,597,False,ok,0.2414,ok,0.2414,0.0
Svea_Hovraett_etc_export_job_4502445_845640_Svea_Hovraett_-_Advokatfiskalen_Jaemtlands_laen__1702__3-6edbb12a/0028_DSC_0406/r1l13,693,False,ok,0.3333,ok,0.3333,0.0
Svea_Hovraett_etc_export_job_4502445_845640_Svea_Hovraett_-_Advokatfiskalen_Jaemtlands_laen__1702__3-6edbb12a/0028_DSC_0406/r1l14,724,False,ok,0.1905,ok,0.1905,0.0
Svea_Hovraett_etc_export_job_4502445_845640_Svea_Hovraett_-_Advokatfiskalen_Jaemtlands_laen__1702__3-6edbb12a/0028_DSC_0406/r1l15,713,False,ok,0.0882,ok,0.0882,0.0
Svea_Hovraett_etc_export_job_4502445_845640_Svea_Hovraett_-_Advokatfiskalen_Jaemtlands_laen__1702__3-6edbb12a/0028_DSC_0406/r1l16,694,False,ok,0.2439,ok,0.2439,0.0
Svea_Hovraett_etc_export_job_4502445_845640_Svea_Hovraett_-_Advokatfiskalen_Jaemtlands_laen__1702__3-6edbb12a/0028_DSC_0406/r1l17,609,False,ok,0.2188,ok,0.2188,0.0
Svea_Hovraett_etc_export_job_4502445_845640_Svea_Hovraett_-_Advokatfiskalen_Jaemtlands_laen__1702__3-6edbb12a/0028_DSC_0406/r1l18,719,False,ok,0.225,ok,0.225,0.0
Svea_Hovraett_etc_export_job_4502445_845640_Svea_Hovraett_-_Advokatfiskalen_Jaemtlands_laen__1702__3-6edbb12a/0028_DSC_0406/r1l19,707,False,ok,0.1176,ok,0.1176,0.0
Svea_Hovraett_etc_export_job_4502445_845640_Svea_Hovraett_-_Advokatfiskalen_Jaemtlands_laen__1702__3-6edbb12a/0028_DSC_0406/r1l20,716,False,ok,0.1765,ok,0.1765,0.0
Svea_Hovraett_etc_export_job_4502445_845640_Svea_Hovraett_-_Advokatfiskalen_Jaemtlands_laen__1702__3-6edbb12a/0028_DSC_0406/line_1638780238612_742,732,False,ok,0.2703,ok,0.2703,0.0
Svea_Hovraett_etc_export_job_4502445_845640_Svea_Hovraett_-_Advokatfiskalen_Jaemtlands_laen__1702__3-6edbb12a/0028_DSC_0406/r1l23,99,True,ok,1.0,ok,0.75,-0.25
Svea_Hovraett_etc_export_job_4502445_845640_Svea_Hovraett_-_Advokatfiskalen_Jaemtlands_laen__1702__3-6edbb12a/0028_DSC_0406/line_1638780421838_793,63,True,empty,1.0,empty,1.0,0.0
Svea_Hovraett_etc_export_job_4502445_845640_Svea_Hovraett_-_Advokatfiskalen_Jaemtlands_laen__1702__3-6edbb12a/0028_DSC_0406/r2l1,85,True,empty,1.0,empty,1.0,0.0
Svea_Hovraett_etc_export_job_4502445_845640_Svea_Hovraett_-_Advokatfiskalen_Jaemtlands_laen__1702__3-6edbb12a/0028_DSC_0406/r2l2,625,False,ok,0.5143,ok,0.5143,0.0
Svea_Hovraett_etc_export_job_4502445_845640_Svea_Hovraett_-_Advokatfiskalen_Jaemtlands_laen__1702__3-6edbb12a/0028_DSC_0406/r2l3,651,False,ok,0.8947,ok,0.8947,0.0
Svea_Hovraett_etc_export_job_4502445_845640_Svea_Hovraett_-_Advokatfiskalen_Jaemtlands_laen__1702__3-6edbb12a/0028_DSC_0406/r2l4,657,False,ok,0.7568,ok,0.7568,0.0
Svea_Hovraett_etc_export_job_4502445_845640_Svea_Hovraett_-_Advokatfiskalen_Jaemtlands_laen__1702__3-6edbb12a/0028_DSC_0406/r2l5,663,False,ok,0.8378,ok,0.8378,0.0
Svea_Hovraett_etc_export_job_4502445_845640_Svea_Hovraett_-_Advokatfiskalen_Jaemtlands_laen__1702__3-6edbb12a/0028_DSC_0406/r2l6,651,False,ok,0.6,ok,0.6,0.0
Svea_Hovraett_etc_export_job_4502445_845640_Svea_Hovraett_-_Advokatfiskalen_Jaemtlands_laen__1702__3-6edbb12a/0028_DSC_0406/r2l7,658,False,ok,0.7027,ok,0.7027,0.0
Svea_Hovraett_etc_export_job_4502445_845640_Svea_Hovraett_-_Advokatfiskalen_Jaemtlands_laen__1702__3-6edbb12a/0028_DSC_0406/r2l8,675,False,ok,0.4595,ok,0.4595,0.0
Svea_Hovraett_etc_export_job_4502445_845640_Svea_Hovraett_-_Advokatfiskalen_Jaemtlands_laen__1702__3-6edbb12a/0028_DSC_0406/r2l9,674,False,ok,0.3889,ok,0.3889,0.0
Svea_Hovraett_etc_export_job_4502445_845640_Svea_Hovraett_-_Advokatfiskalen_Jaemtlands_laen__1702__3-6edbb12a/0028_DSC_0406/r2l10,671,False,ok,0.5588,ok,0.5588,0.0
Svea_Hovraett_etc_export_job_4502445_845640_Svea_Hovraett_-_Advokatfiskalen_Jaemtlands_laen__1702__3-6edbb12a/0028_DSC_0406/r2l11,705,False,ok,0.3056,ok,0.3056,0.0
Svea_Hovraett_etc_export_job_4502445_845640_Svea_Hovraett_-_Advokatfiskalen_Jaemtlands_laen__1702__3-6edbb12a/0028_DSC_0406/r2l12,692,False,ok,0.1429,ok,0.1429,0.0
Svea_Hovraett_etc_export_job_4502445_845640_Svea_Hovraett_-_Advokatfiskalen_Jaemtlands_laen__1702__3-6edbb12a/0028_DSC_0406/r2l13,679,False,ok,0.1935,ok,0.1935,0.0
Svea_Hovraett_etc_export_job_4502445_845640_Svea_Hovraett_-_Advokatfiskalen_Jaemtlands_laen__1702__3-6edbb12a/0028_DSC_0406/r2l14,455,False,ok,0.381,ok,0.381,0.0
Svea_Hovraett_etc_export_job_4502445_845640_Svea_Hovraett_-_Advokatfiskalen_Jaemtlands_laen__1702__3-6edbb12a/0028_DSC_0406/r2l15,671,False,ok,0.1333,ok,0.1333,0.0
Svea_Hovraett_etc_export_job_4502445_845640_Svea_Hovraett_-_Advokatfiskalen_Jaemtlands_laen__1702__3-6edbb12a/0028_DSC_0406/r2l16,723,False,ok,0.2647,ok,0.2647,0.0
Svea_Hovraett_etc_export_job_4502445_845640_Svea_Hovraett_-_Advokatfiskalen_Jaemtlands_laen__1702__3-6edbb12a/0028_DSC_0406/r2l17,704,False,ok,0.3429,ok,0.3429,0.0
Svea_Hovraett_etc_export_job_4502445_845640_Svea_Hovraett_-_Advokatfiskalen_Jaemtlands_laen__1702__3-6edbb12a/0028_DSC_0406/r2l18,704,False,ok,0.3235,ok,0.3235,0.0
Svea_Hovraett_etc_export_job_4502445_845640_Svea_Hovraett_-_Advokatfiskalen_Jaemtlands_laen__1702__3-6edbb12a/0028_DSC_0406/r2l19,705,False,ok,0.2778,ok,0.2778,0.0
Svea_Hovraett_etc_export_job_4502445_845640_Svea_Hovraett_-_Advokatfiskalen_Jaemtlands_laen__1702__3-6edbb12a/0028_DSC_0406/r2l20,726,False,ok,0.5143,ok,0.5143,0.0
Svea_Hovraett_etc_export_job_4502445_845640_Svea_Hovraett_-_Advokatfiskalen_Jaemtlands_laen__1702__3-6edbb12a/0028_DSC_0406/r2l21,694,False,ok,0.3667,ok,0.3667,0.0
Svea_Hovraett_etc_export_job_4502445_845640_Svea_Hovraett_-_Advokatfiskalen_Jaemtlands_laen__1702__3-6edbb12a/0028_DSC_0406/r2l22,131,True,ok,0.6,ok,0.4,-0.2
Svea_Hovraett_etc_export_job_4502445_845640_Svea_Hovraett_-_Advokatfiskalen_Jaemtlands_laen__1702__3-6edbb12a/0029_DSC_0407/r1l1,675,False,ok,0.3333,ok,0.3333,0.0
Svea_Hovraett_etc_export_job_4502445_845640_Svea_Hovraett_-_Advokatfiskalen_Jaemtlands_laen__1702__3-6edbb12a/0029_DSC_0407/r1l2,693,False,ok,0.5806,ok,0.5806,0.0
Svea_Hovraett_etc_export_job_4502445_845640_Svea_Hovraett_-_Advokatfiskalen_Jaemtlands_laen__1702__3-6edbb12a/0029_DSC_0407/r1l3,687,False,ok,0.4118,ok,0.4118,0.0
Svea_Hovraett_etc_export_job_4502445_845640_Svea_Hovraett_-_Advokatfiskalen_Jaemtlands_laen__1702__3-6edbb12a/0029_DSC_0407/r1l4,683,False,ok,0.4054,ok,0.4054,0.0
Svea_Hovraett_etc_export_job_4502445_845640_Svea_Hovraett_-_Advokatfiskalen_Jaemtlands_laen__1702__3-6edbb12a/0029_DSC_0407/r1l5,690,False,ok,0.4516,ok,0.4516,0.0
Svea_Hovraett_etc_export_job_4502445_845640_Svea_Hovraett_-_Advokatfiskalen_Jaemtlands_laen__1702__3-6edbb12a/0029_DSC_0407/r1l6,691,False,ok,0.2059,ok,0.2059,0.0
Svea_Hovraett_etc_export_job_4502445_845640_Svea_Hovraett_-_Advokatfiskalen_Jaemtlands_laen__1702__3-6edbb12a/0029_DSC_0407/r1l7,676,False,ok,0.3659,ok,0.3659,0.0
Svea_Hovraett_etc_export_job_4502445_845640_Svea_Hovraett_-_Advokatfiskalen_Jaemtlands_laen__1702__3-6edbb12a/0029_DSC_0407/r1l8,705,False,ok,0.3864,ok,0.3864,0.0
Svea_Hovraett_etc_export_job_4502445_845640_Svea_Hovraett_-_Advokatfiskalen_Jaemtlands_laen__1702__3-6edbb12a/0029_DSC_0407/r1l9,701,False,ok,0.225,ok,0.225,0.0
Svea_Hovraett_etc_export_job_4502445_845640_Svea_Hovraett_-_Advokatfiskalen_Jaemtlands_laen__1702__3-6edbb12a/0029_DSC_0407/r1l10,703,False,ok,0.1667,ok,0.1667,0.0
Svea_Hovraett_etc_export_job_4502445_845640_Svea_Hovraett_-_Advokatfiskalen_Jaemtlands_laen__1702__3-6edbb12a/0029_DSC_0407/r1l11,714,False,ok,0.1842,ok,0.1842,0.0
Svea_Hovraett_etc_export_job_4502445_845640_Svea_Hovraett_-_Advokatfiskalen_Jaemtlands_laen__1702__3-6edbb12a/0029_DSC_0407/r1l12,709,False,ok,0.2,ok,0.2,0.0
Svea_Hovraett_etc_export_job_4502445_845640_Svea_Hovraett_-_Advokatfiskalen_Jaemtlands_laen__1702__3-6edbb12a/0029_DSC_0407/r1l13,719,False,ok,0.225,ok,0.225,0.0
Svea_Hovraett_etc_export_job_4502445_845640_Svea_Hovraett_-_Advokatfiskalen_Jaemtlands_laen__1702__3-6edbb12a/0029_DSC_0407/r1l14,722,False,ok,0.1395,ok,0.1395,0.0
Svea_Hovraett_etc_export_job_4502445_845640_Svea_Hovraett_-_Advokatfiskalen_Jaemtlands_laen__1702__3-6edbb12a/0029_DSC_0407/r1l15,730,False,ok,0.1,ok,0.1,0.0
Svea_Hovraett_etc_export_job_4502445_845640_Svea_Hovraett_-_Advokatfiskalen_Jaemtlands_laen__1702__3-6edbb12a/0029_DSC_0407/r1l16,595,False,ok,0.0323,ok,0.0323,0.0
Svea_Hovraett_etc_export_job_4502445_845640_Svea_Hovraett_-_Advokatfiskalen_Jaemtlands_laen__1702__3-6edbb12a/0029_DSC_0407/line_1638780519423_841,813,False,ok,0.2889,ok,0.2889,0.0
Svea_Hovraett_etc_export_job_4502445_845640_Svea_Hovraett_-_Advokatfiskalen_Jaemtlands_laen__1702__3-6edbb12a/0029_DSC_0407/r1l19,674,False,ok,0.1818,ok,0.1818,0.0
Svea_Hovraett_etc_export_job_4502445_845640_Svea_Hovraett_-_Advokatfiskalen_Jaemtlands_laen__1702__3-6edbb12a/0029_DSC_0407/r1l20,788,False,ok,0.1429,ok,0.1429,0.0
Svea_Hovraett_etc_export_job_4502445_845640_Svea_Hovraett_-_Advokatfiskalen_Jaemtlands_laen__1702__3-6edbb12a/0029_DSC_0407/r1l21,718,False,ok,0.4706,ok,0.4706,0.0
Svea_Hovraett_etc_export_job_4502445_845640_Svea_Hovraett_-_Advokatfiskalen_Jaemtlands_laen__1702__3-6edbb12a/0029_DSC_0407/r1l22,736,False,ok,0.2162,ok,0.2162,0.0
Svea_Hovraett_etc_export_job_4502445_845640_Svea_Hovraett_-_Advokatfiskalen_Jaemtlands_laen__1702__3-6edbb12a/0029_DSC_0407/r1l23,32,True,empty,1.0,empty,1.0,0.0
Svea_Hovraett_etc_export_job_4502445_845640_Svea_Hovraett_-_Advokatfiskalen_Jaemtlands_laen__1702__3-6edbb12a/0029_DSC_0407/r2l1,71,True,ok,0.3333,empty,1.0,0.6667
Svea_Hovraett_etc_export_job_4502445_845640_Svea_Hovraett_-_Advokatfiskalen_Jaemtlands_laen__1702__3-6edbb12a/0029_DSC_0407/r2l2,637,False,ok,0.7692,ok,0.7692,0.0
Svea_Hovraett_etc_export_job_4502445_845640_Svea_Hovraett_-_Advokatfiskalen_Jaemtlands_laen__1702__3-6edbb12a/0029_DSC_0407/r2l3,658,False,ok,0.4571,ok,0.4571,0.0
Svea_Hovraett_etc_export_job_4502445_845640_Svea_Hovraett_-_Advokatfiskalen_Jaemtlands_laen__1702__3-6edbb12a/0029_DSC_0407/r2l4,655,False,ok,0.3243,ok,0.3243,0.0
Svea_Hovraett_etc_export_job_4502445_845640_Svea_Hovraett_-_Advokatfiskalen_Jaemtlands_laen__1702__3-6edbb12a/0029_DSC_0407/r2l5,664,False,ok,0.3684,ok,0.3684,0.0
Svea_Hovraett_etc_export_job_4502445_845640_Svea_Hovraett_-_Advokatfiskalen_Jaemtlands_laen__1702__3-6edbb12a/0029_DSC_0407/r2l6,163,True,ok,1.0,ok,1.0,0.0
Svea_Hovraett_etc_export_job_4502445_845640_Svea_Hovraett_-_Advokatfiskalen_Jaemtlands_laen__1702__3-6edbb12a/0029_DSC_0407/r2l7,739,False,ok,0.5,ok,0.5,0.0
Svea_Hovraett_etc_export_job_4502445_845640_Svea_Hovraett_-_Advokatfiskalen_Jaemtlands_laen__1702__3-6edbb12a/0029_DSC_0407/r2l8,655,False,ok,0.5333,ok,0.5333,0.0
Svea_Hovraett_etc_export_job_4502445_845640_Svea_Hovraett_-_Advokatfiskalen_Jaemtlands_laen__1702__3-6edbb12a/0029_DSC_0407/r2l9,637,False,ok,0.5,ok,0.5,0.0
Svea_Hovraett_etc_export_job_4502445_845640_Svea_Hovraett_-_Advokatfiskalen_Jaemtlands_laen__1702__3-6edbb12a/0029_DSC_0407/r2l10,691,False,ok,0.2051,ok,0.2051,0.0
Svea_Hovraett_etc_export_job_4502445_845640_Svea_Hovraett_-_Advokatfiskalen_Jaemtlands_laen__1702__3-6edbb12a/0029_DSC_0407/r2l11,653,False,ok,0.4242,ok,0.4242,0.0
Svea_Hovraett_etc_export_job_4502445_845640_Svea_Hovraett_-_Advokatfiskalen_Jaemtlands_laen__1702__3-6edbb12a/0029_DSC_0407/r2l12,661,False,ok,0.1351,ok,0.1351,0.0
Svea_Hovraett_etc_export_job_4502445_845640_Svea_Hovraett_-_Advokatfiskalen_Jaemtlands_laen__1702__3-6edbb12a/0029_DSC_0407/r2l13,687,False,ok,0.3,ok,0.3,0.0
Svea_Hovraett_etc_export_job_4502445_845640_Svea_Hovraett_-_Advokatfiskalen_Jaemtlands_laen__1702__3-6edbb12a/0029_DSC_0407/r2l14,683,False,ok,0.3333,ok,0.3333,0.0
Svea_Hovraett_etc_export_job_4502445_845640_Svea_Hovraett_-_Advokatfiskalen_Jaemtlands_laen__1702__3-6edbb12a/0029_DSC_0407/r2l15,677,False,ok,0.1389,ok,0.1389,0.0
Svea_Hovraett_etc_export_job_4502445_845640_Svea_Hovraett_-_Advokatfiskalen_Jaemtlands_laen__1702__3-6edbb12a/0029_DSC_0407/r2l16,692,False,ok,0.2571,ok,0.2571,0.0
Svea_Hovraett_etc_export_job_4502445_845640_Svea_Hovraett_-_Advokatfiskalen_Jaemtlands_laen__1702__3-6edbb12a/0029_DSC_0407/r2l17,700,False,ok,0.2,ok,0.2,0.0
Svea_Hovraett_etc_export_job_4502445_845640_Svea_Hovraett_-_Advokatfiskalen_Jaemtlands_laen__1702__3-6edbb12a/0029_DSC_0407/r2l18,704,False,ok,0.3696,ok,0.3696,0.0
Svea_Hovraett_etc_export_job_4502445_845640_Svea_Hovraett_-_Advokatfiskalen_Jaemtlands_laen__1702__3-6edbb12a/0029_DSC_0407/r2l19,55,True,empty,1.0,empty,1.0,0.0
Svea_Hovraett_etc_export_job_4502445_845640_Svea_Hovraett_-_Advokatfiskalen_Jaemtlands_laen__1702__3-6edbb12a/0029_DSC_0407/r2l20,773,False,ok,0.5581,ok,0.5581,0.0
Svea_Hovraett_etc_export_job_4502445_845640_Svea_Hovraett_-_Advokatfiskalen_Jaemtlands_laen__1702__3-6edbb12a/0029_DSC_0407/r2l21,686,False,ok,0.3667,ok,0.3667,0.0
Svea_Hovraett_etc_export_job_4502445_845640_Svea_Hovraett_-_Advokatfiskalen_Jaemtlands_laen__1702__3-6edbb12a/0029_DSC_0407/r2l22,128,True,ok,0.5,ok,0.5,0.0
Svea_Hovraett_etc_export_job_4502445_845640_Svea_Hovraett_-_Advokatfiskalen_Jaemtlands_laen__1702__3-6edbb12a/0030_DSC_0408/r2l1,659,False,ok,0.2857,ok,0.2857,0.0
Svea_Hovraett_etc_export_job_4502445_845640_Svea_Hovraett_-_Advokatfiskalen_Jaemtlands_laen__1702__3-6edbb12a/0030_DSC_0408/r2l2,658,False,ok,0.3939,ok,0.3939,0.0
Svea_Hovraett_etc_export_job_4502445_845640_Svea_Hovraett_-_Advokatfiskalen_Jaemtlands_laen__1702__3-6edbb12a/0030_DSC_0408/r2l3,670,False,ok,0.3514,ok,0.3514,0.0
Svea_Hovraett_etc_export_job_4502445_845640_Svea_Hovraett_-_Advokatfiskalen_Jaemtlands_laen__1702__3-6edbb12a/0030_DSC_0408/r2l4,680,False,ok,0.2778,ok,0.2778,0.0
Svea_Hovraett_etc_export_job_4502445_845640_Svea_Hovraett_-_Advokatfiskalen_Jaemtlands_laen__1702__3-6edbb12a/0030_DSC_0408/r2l5,665,False,ok,0.3158,ok,0.3158,0.0
Svea_Hovraett_etc_export_job_4502445_845640_Svea_Hovraett_-_Advokatfiskalen_Jaemtlands_laen__1702__3-6edbb12a/0030_DSC_0408/r2l6,669,False,ok,0.1714,ok,0.1714,0.0
Svea_Hovraett_etc_export_job_4502445_845640_Svea_Hovraett_-_Advokatfiskalen_Jaemtlands_laen__1702__3-6edbb12a/0030_DSC_0408/r2l7,690,False,ok,0.0625,ok,0.0625,0.0
Svea_Hovraett_etc_export_job_4502445_845640_Svea_Hovraett_-_Advokatfiskalen_Jaemtlands_laen__1702__3-6edbb12a/0030_DSC_0408/r2l8,683,False,ok,0.1379,ok,0.1379,0.0
Svea_Hovraett_etc_export_job_4502445_845640_Svea_Hovraett_-_Advokatfiskalen_Jaemtlands_laen__1702__3-6edbb12a/0030_DSC_0408/r2l9,689,False,ok,0.2105,ok,0.2105,0.0
Svea_Hovraett_etc_export_job_4502445_845640_Svea_Hovraett_-_Advokatfiskalen_Jaemtlands_laen__1702__3-6edbb12a/0030_DSC_0408/r2l10,667,False,ok,0.2812,ok,0.2812,0.0
Svea_Hovraett_etc_export_job_4502445_845640_Svea_Hovraett_-_Advokatfiskalen_Jaemtlands_laen__1702__3-6edbb12a/0030_DSC_0408/r2l11,694,False,ok,0.3333,ok,0.3333,0.0
Svea_Hovraett_etc_export_job_4502445_845640_Svea_Hovraett_-_Advokatfiskalen_Jaemtlands_laen__1702__3-6edbb12a/0030_DSC_0408/r2l12,686,False,ok,0.1613,ok,0.1613,0.0
Svea_Hovraett_etc_export_job_4502445_845640_Svea_Hovraett_-_Advokatfiskalen_Jaemtlands_laen__1702__3-6edbb12a/0030_DSC_0408/r2l13,710,False,ok,0.1892,ok,0.1892,0.0
Svea_Hovraett_etc_export_job_4502445_845640_Svea_Hovraett_-_Advokatfiskalen_Jaemtlands_laen__1702__3-6edbb12a/0030_DSC_0408/r2l14,695,False,ok,0.0606,ok,0.0606,0.0
Svea_Hovraett_etc_export_job_4502445_845640_Svea_Hovraett_-_Advokatfiskalen_Jaemtlands_laen__1702__3-6edbb12a/0030_DSC_0408/r2l15,706,False,ok,0.2,ok,0.2,0.0
Svea_Hovraett_etc_export_job_4502445_845640_Svea_Hovraett_-_Advokatfiskalen_Jaemtlands_laen__1702__3-6edbb12a/0030_DSC_0408/r2l16,685,False,ok,0.0571,ok,0.0571,0.0
Svea_Hovraett_etc_export_job_4502445_845640_Svea_Hovraett_-_Advokatfiskalen_Jaemtlands_laen__1702__3-6edbb12a/0030_DSC_0408/r2l17,689,False,ok,0.1081,ok,0.1081,0.0
Svea_Hovraett_etc_export_job_4502445_845640_Svea_Hovraett_-_Advokatfiskalen_Jaemtlands_laen__1702__3-6edbb12a/0030_DSC_0408/r2l18,688,False,ok,0.2162,ok,0.2162,0.0
Svea_Hovraett_etc_export_job_4502445_845640_Svea_Hovraett_-_Advokatfiskalen_Jaemtlands_laen__1702__3-6edbb12a/0030_DSC_0408/r2l19,715,False,ok,0.1951,ok,0.1951,0.0
Svea_Hovraett_etc_export_job_4502445_845640_Svea_Hovraett_-_Advokatfiskalen_Jaemtlands_laen__1702__3-6edbb12a/0030_DSC_0408/r2l21,712,False,ok,0.9167,ok,0.9167,0.0
Svea_Hovraett_etc_export_job_4502445_845640_Svea_Hovraett_-_Advokatfiskalen_Jaemtlands_laen__1702__3-6edbb12a/0030_DSC_0408/r2l20,729,False,ok,1.0,ok,1.0,0.0
Svea_Hovraett_etc_export_job_4502445_845640_Svea_Hovraett_-_Advokatfiskalen_Jaemtlands_laen__1702__3-6edbb12a/0030_DSC_0408/r2l22,64,True,ok,1.0,ok,1.0,0.0
Svea_Hovraett_etc_export_job_4502445_845640_Svea_Hovraett_-_Advokatfiskalen_Jaemtlands_laen__1702__3-6edbb12a/0030_DSC_0408/r3l1,63,True,ok,0.6667,empty,1.0,0.3333
Svea_Hovraett_etc_export_job_4502445_845640_Svea_Hovraett_-_Advokatfiskalen_Jaemtlands_laen__1702__3-6edbb12a/0030_DSC_0408/r3l2,635,False,ok,0.8056,ok,0.8056,0.0
Svea_Hovraett_etc_export_job_4502445_845640_Svea_Hovraett_-_Advokatfiskalen_Jaemtlands_laen__1702__3-6edbb12a/0030_DSC_0408/r3l3,648,False,ok,0.8,ok,0.8,0.0
Svea_Hovraett_etc_export_job_4502445_845640_Svea_Hovraett_-_Advokatfiskalen_Jaemtlands_laen__1702__3-6edbb12a/0030_DSC_0408/r3l4,654,False,ok,0.6842,ok,0.6842,0.0
Svea_Hovraett_etc_export_job_4502445_845640_Svea_Hovraett_-_Advokatfiskalen_Jaemtlands_laen__1702__3-6edbb12a/0030_DSC_0408/r3l5,616,False,ok,0.525,ok,0.525,0.0
Svea_Hovraett_etc_export_job_4502445_845640_Svea_Hovraett_-_Advokatfiskalen_Jaemtlands_laen__1702__3-6edbb12a/0030_DSC_0408/r3l6,648,False,ok,0.3143,ok,0.3143,0.0
Svea_Hovraett_etc_export_job_4502445_845640_Svea_Hovraett_-_Advokatfiskalen_Jaemtlands_laen__1702__3-6edbb12a/0030_DSC_0408/r3l7,667,False,ok,0.6098,ok,0.6098,0.0
Svea_Hovraett_etc_export_job_4502445_845640_Svea_Hovraett_-_Advokatfiskalen_Jaemtlands_laen__1702__3-6edbb12a/0030_DSC_0408/r3l8,664,False,ok,0.5306,ok,0.5306,0.0
Svea_Hovraett_etc_export_job_4502445_845640_Svea_Hovraett_-_Advokatfiskalen_Jaemtlands_laen__1702__3-6edbb12a/0030_DSC_0408/r3l9,649,False,ok,0.3611,ok,0.3611,0.0
Svea_Hovraett_etc_export_job_4502445_845640_Svea_Hovraett_-_Advokatfiskalen_Jaemtlands_laen__1702__3-6edbb12a/0030_DSC_0408/r3l10,645,False,ok,0.3902,ok,0.3902,0.0
Svea_Hovraett_etc_export_job_4502445_845640_Svea_Hovraett_-_Advokatfiskalen_Jaemtlands_laen__1702__3-6edbb12a/0030_DSC_0408/r3l11,661,False,ok,0.2432,ok,0.2432,0.0
Svea_Hovraett_etc_export_job_4502445_845640_Svea_Hovraett_-_Advokatfiskalen_Jaemtlands_laen__1702__3-6edbb12a/0030_DSC_0408/r3l12,664,False,ok,0.2222,ok,0.2222,0.0
Svea_Hovraett_etc_export_job_4502445_845640_Svea_Hovraett_-_Advokatfiskalen_Jaemtlands_laen__1702__3-6edbb12a/0030_DSC_0408/r3l13,689,False,ok,0.1579,ok,0.1579,0.0
Svea_Hovraett_etc_export_job_4502445_845640_Svea_Hovraett_-_Advokatfiskalen_Jaemtlands_laen__1702__3-6edbb12a/0030_DSC_0408/r3l14,673,False,ok,0.1875,ok,0.1875,0.0
Svea_Hovraett_etc_export_job_4502445_845640_Svea_Hovraett_-_Advokatfiskalen_Jaemtlands_laen__1702__3-6edbb12a/0030_DSC_0408/r3l15,686,False,ok,0.5952,ok,0.5952,0.0
Svea_Hovraett_etc_export_job_4502445_845640_Svea_Hovraett_-_Advokatfiskalen_Jaemtlands_laen__1702__3-6edbb12a/0030_DSC_0408/r3l16,680,False,ok,0.3684,ok,0.3684,0.0
Svea_Hovraett_etc_export_job_4502445_845640_Svea_Hovraett_-_Advokatfiskalen_Jaemtlands_laen__1702__3-6edbb12a/0030_DSC_0408/r3l17,674,False,ok,0.2632,ok,0.2632,0.0
Svea_Hovraett_etc_export_job_4502445_845640_Svea_Hovraett_-_Advokatfiskalen_Jaemtlands_laen__1702__3-6edbb12a/0030_DSC_0408/r3l18,667,False,ok,0.3143,ok,0.3143,0.0
Svea_Hovraett_etc_export_job_4502445_845640_Svea_Hovraett_-_Advokatfiskalen_Jaemtlands_laen__1702__3-6edbb12a/0030_DSC_0408/r3l19,662,False,ok,0.3636,ok,0.3636,0.0
Svea_Hovraett_etc_export_job_4502445_845640_Svea_Hovraett_-_Advokatfiskalen_Jaemtlands_laen__1702__3-6edbb12a/0030_DSC_0408/r3l20,118,True,ok,0.75,ok,0.625,-0.125
Svea_Hovraett_etc_export_job_4502445_845640_Svea_Hovraett_-_Advokatfiskalen_Jaemtlands_laen__1702__3-6edbb12a/0030_DSC_0408/r3l21,683,False,ok,0.4167,ok,0.4167,0.0
Svea_Hovraett_etc_export_job_4502445_845640_Svea_Hovraett_-_Advokatfiskalen_Jaemtlands_laen__1702__3-6edbb12a/0030_DSC_0408/r3l22,706,False,ok,0.2188,ok,0.2188,0.0
Svea_Hovraett_etc_export_job_4502445_845640_Svea_Hovraett_-_Advokatfiskalen_Jaemtlands_laen__1702__3-6edbb12a/0030_DSC_0408/r3l23,129,True,ok,0.4286,ok,0.4286,0.0
Svea_Hovraett_etc_export_job_4502445_845640_Svea_Hovraett_-_Advokatfiskalen_Jaemtlands_laen__1702__3-6edbb12a/0031_DSC_0410/r1l3,634,False,ok,0.1714,ok,0.1714,0.0
Svea_Hovraett_etc_export_job_4502445_845640_Svea_Hovraett_-_Advokatfiskalen_Jaemtlands_laen__1702__3-6edbb12a/0031_DSC_0410/r1l5,643,False,ok,0.1,ok,0.1,0.0
Svea_Hovraett_etc_export_job_4502445_845640_Svea_Hovraett_-_Advokatfiskalen_Jaemtlands_laen__1702__3-6edbb12a/0031_DSC_0410/r1l6,656,False,ok,0.3421,ok,0.3421,0.0
Svea_Hovraett_etc_export_job_4502445_845640_Svea_Hovraett_-_Advokatfiskalen_Jaemtlands_laen__1702__3-6edbb12a/0031_DSC_0410/r1l8,632,False,ok,0.25,ok,0.25,0.0
Svea_Hovraett_etc_export_job_4502445_845640_Svea_Hovraett_-_Advokatfiskalen_Jaemtlands_laen__1702__3-6edbb12a/0031_DSC_0410/r1l10,670,False,ok,0.2632,ok,0.2632,0.0
Svea_Hovraett_etc_export_job_4502445_845640_Svea_Hovraett_-_Advokatfiskalen_Jaemtlands_laen__1702__3-6edbb12a/0031_DSC_0410/r1l11,695,False,ok,0.1212,ok,0.1212,0.0
Svea_Hovraett_etc_export_job_4502445_845640_Svea_Hovraett_-_Advokatfiskalen_Jaemtlands_laen__1702__3-6edbb12a/0031_DSC_0410/r1l13,669,False,ok,0.1935,ok,0.1935,0.0
Svea_Hovraett_etc_export_job_4502445_845640_Svea_Hovraett_-_Advokatfiskalen_Jaemtlands_laen__1702__3-6edbb12a/0031_DSC_0410/r1l15,664,False,ok,0.4419,ok,0.4419,0.0
Svea_Hovraett_etc_export_job_4502445_845640_Svea_Hovraett_-_Advokatfiskalen_Jaemtlands_laen__1702__3-6edbb12a/0031_DSC_0410/r1l17,664,False,ok,0.0606,ok,0.0606,0.0
Svea_Hovraett_etc_export_job_4502445_845640_Svea_Hovraett_-_Advokatfiskalen_Jaemtlands_laen__1702__3-6edbb12a/0031_DSC_0410/r1l19,690,False,ok,0.0882,ok,0.0882,0.0
Svea_Hovraett_etc_export_job_4502445_845640_Svea_Hovraett_-_Advokatfiskalen_Jaemtlands_laen__1702__3-6edbb12a/0031_DSC_0410/line_1638781339920_1009,703,False,ok,0.1515,ok,0.1515,0.0
Svea_Hovraett_etc_export_job_4502445_845640_Svea_Hovraett_-_Advokatfiskalen_Jaemtlands_laen__1702__3-6edbb12a/0031_DSC_0410/r1l23,686,False,ok,0.129,ok,0.129,0.0
Svea_Hovraett_etc_export_job_4502445_845640_Svea_Hovraett_-_Advokatfiskalen_Jaemtlands_laen__1702__3-6edbb12a/0031_DSC_0410/line_1638781339935_1017,706,False,ok,0.0833,ok,0.0833,0.0
Svea_Hovraett_etc_export_job_4502445_845640_Svea_Hovraett_-_Advokatfiskalen_Jaemtlands_laen__1702__3-6edbb12a/0031_DSC_0410/line_1638781339935_1021,717,False,ok,0.1786,ok,0.1786,0.0
Svea_Hovraett_etc_export_job_4502445_845640_Svea_Hovraett_-_Advokatfiskalen_Jaemtlands_laen__1702__3-6edbb12a/0031_DSC_0410/r1l25,688,False,ok,0.2353,ok,0.2353,0.0
Svea_Hovraett_etc_export_job_4502445_845640_Svea_Hovraett_-_Advokatfiskalen_Jaemtlands_laen__1702__3-6edbb12a/0031_DSC_0410/r1l27,702,False,ok,0.2619,ok,0.2619,0.0
Svea_Hovraett_etc_export_job_4502445_845640_Svea_Hovraett_-_Advokatfiskalen_Jaemtlands_laen__1702__3-6edbb12a/0031_DSC_0410/r1l29,674,False,ok,0.1333,ok,0.1333,0.0
Svea_Hovraett_etc_export_job_4502445_845640_Svea_Hovraett_-_Advokatfiskalen_Jaemtlands_laen__1702__3-6edbb12a/0031_DSC_0410/line_1638781339935_1015,705,False,ok,0.1176,ok,0.1176,0.0
Svea_Hovraett_etc_export_job_4502445_845640_Svea_Hovraett_-_Advokatfiskalen_Jaemtlands_laen__1702__3-6edbb12a/0031_DSC_0410/line_1638781339935_1019,705,False,ok,0.5424,ok,0.5424,0.0
Svea_Hovraett_etc_export_job_4502445_845640_Svea_Hovraett_-_Advokatfiskalen_Jaemtlands_laen__1702__3-6edbb12a/0031_DSC_0410/line_1638781339935_1023,716,False,ok,0.1429,ok,0.1429,0.0
Svea_Hovraett_etc_export_job_4502445_845640_Svea_Hovraett_-_Advokatfiskalen_Jaemtlands_laen__1702__3-6edbb12a/0031_DSC_0410/r1l35,725,False,ok,0.1667,ok,0.1667,0.0
Svea_Hovraett_etc_export_job_4502445_845640_Svea_Hovraett_-_Advokatfiskalen_Jaemtlands_laen__1702__3-6edbb12a/0031_DSC_0410/r1l37,82,True,ok,1.0,ok,1.0,0.0
Svea_Hovraett_etc_export_job_4502445_845640_Svea_Hovraett_-_Advokatfiskalen_Jaemtlands_laen__1702__3-6edbb12a/0031_DSC_0410/r2l1,66,True,ok,1.0,empty,1.0,0.0
Svea_Hovraett_etc_export_job_4502445_845640_Svea_Hovraett_-_Advokatfiskalen_Jaemtlands_laen__1702__3-6edbb12a/0031_DSC_0410/r1l1,630,False,ok,0.8056,ok,0.8056,0.0
Svea_Hovraett_etc_export_job_4502445_845640_Svea_Hovraett_-_Advokatfiskalen_Jaemtlands_laen__1702__3-6edbb12a/0031_DSC_0410/r1l2,632,False,ok,0.4242,ok,0.4242,0.0
Svea_Hovraett_etc_export_job_4502445_845640_Svea_Hovraett_-_Advokatfiskalen_Jaemtlands_laen__1702__3-6edbb12a/0031_DSC_0410/r1l4,645,False,ok,0.7838,ok,0.7838,0.0
Svea_Hovraett_etc_export_job_4502445_845640_Svea_Hovraett_-_Advokatfiskalen_Jaemtlands_laen__1702__3-6edbb12a/0031_DSC_0410/line_1638781339920_1006,641,False,ok,0.4571,ok,0.4571,0.0
Svea_Hovraett_etc_export_job_4502445_845640_Svea_Hovraett_-_Advokatfiskalen_Jaemtlands_laen__1702__3-6edbb12a/0031_DSC_0410/r1l9,663,False,ok,0.2059,ok,0.2059,0.0
Svea_Hovraett_etc_export_job_4502445_845640_Svea_Hovraett_-_Advokatfiskalen_Jaemtlands_laen__1702__3-6edbb12a/0031_DSC_0410/r1l12,644,False,ok,0.5294,ok,0.5294,0.0
Svea_Hovraett_etc_export_job_4502445_845640_Svea_Hovraett_-_Advokatfiskalen_Jaemtlands_laen__1702__3-6edbb12a/0031_DSC_0410/r1l14,654,False,ok,0.3636,ok,0.3636,0.0
Svea_Hovraett_etc_export_job_4502445_845640_Svea_Hovraett_-_Advokatfiskalen_Jaemtlands_laen__1702__3-6edbb12a/0031_DSC_0410/r1l16,651,False,ok,0.3235,ok,0.3235,0.0
Svea_Hovraett_etc_export_job_4502445_845640_Svea_Hovraett_-_Advokatfiskalen_Jaemtlands_laen__1702__3-6edbb12a/0031_DSC_0410/r1l18,668,False,ok,0.2258,ok,0.2258,0.0
Svea_Hovraett_etc_export_job_4502445_845640_Svea_Hovraett_-_Advokatfiskalen_Jaemtlands_laen__1702__3-6edbb12a/0031_DSC_0410/r1l20,679,False,ok,0.2286,ok,0.2286,0.0
Svea_Hovraett_etc_export_job_4502445_845640_Svea_Hovraett_-_Advokatfiskalen_Jaemtlands_laen__1702__3-6edbb12a/0031_DSC_0410/r1l22,696,False,ok,0.3571,ok,0.3571,0.0
Svea_Hovraett_etc_export_job_4502445_845640_Svea_Hovraett_-_Advokatfiskalen_Jaemtlands_laen__1702__3-6edbb12a/0031_DSC_0410/line_1638781339935_1010,680,False,ok,0.2571,ok,0.2571,0.0
Svea_Hovraett_etc_export_job_4502445_845640_Svea_Hovraett_-_Advokatfiskalen_Jaemtlands_laen__1702__3-6edbb12a/0031_DSC_0410/r1l26,663,False,ok,0.2903,ok,0.2903,0.0
Svea_Hovraett_etc_export_job_4502445_845640_Svea_Hovraett_-_Advokatfiskalen_Jaemtlands_laen__1702__3-6edbb12a/0031_DSC_0410/line_1638781339935_1012,659,False,ok,0.1429,ok,0.1429,0.0
Svea_Hovraett_etc_export_job_4502445_845640_Svea_Hovraett_-_Advokatfiskalen_Jaemtlands_laen__1702__3-6edbb12a/0031_DSC_0410/line_1638781339935_1014,663,False,ok,0.1667,ok,0.1667,0.0
Svea_Hovraett_etc_export_job_4502445_845640_Svea_Hovraett_-_Advokatfiskalen_Jaemtlands_laen__1702__3-6edbb12a/0031_DSC_0410/line_1638781339935_1016,677,False,ok,0.1562,ok,0.1562,0.0
Svea_Hovraett_etc_export_job_4502445_845640_Svea_Hovraett_-_Advokatfiskalen_Jaemtlands_laen__1702__3-6edbb12a/0031_DSC_0410/line_1638781339935_1018,686,False,ok,0.2258,ok,0.2258,0.0
Svea_Hovraett_etc_export_job_4502445_845640_Svea_Hovraett_-_Advokatfiskalen_Jaemtlands_laen__1702__3-6edbb12a/0031_DSC_0410/line_1638781339935_1020,681,False,ok,0.5135,ok,0.5135,0.0
Svea_Hovraett_etc_export_job_4502445_845640_Svea_Hovraett_-_Advokatfiskalen_Jaemtlands_laen__1702__3-6edbb12a/0031_DSC_0410/line_1638781339935_1022,693,False,ok,0.5,ok,0.5,0.0
Svea_Hovraett_etc_export_job_4502445_845640_Svea_Hovraett_-_Advokatfiskalen_Jaemtlands_laen__1702__3-6edbb12a/0031_DSC_0410/r1l36,690,False,ok,0.2903,ok,0.2903,0.0
Svea_Hovraett_etc_export_job_4502445_845640_Svea_Hovraett_-_Advokatfiskalen_Jaemtlands_laen__1702__3-6edbb12a/0031_DSC_0410/r1l38,99,True,empty,1.0,ok,0.8,-0.2
Svea_Hovraett_etc_export_job_4502445_845640_Svea_Hovraett_-_Advokatfiskalen_Jaemtlands_laen__1702__3-6edbb12a/0032_DSC_0411/r2l1,671,False,ok,0.4255,ok,0.4255,0.0
Svea_Hovraett_etc_export_job_4502445_845640_Svea_Hovraett_-_Advokatfiskalen_Jaemtlands_laen__1702__3-6edbb12a/0032_DSC_0411/r2l2,668,False,ok,0.2619,ok,0.2619,0.0
Svea_Hovraett_etc_export_job_4502445_845640_Svea_Hovraett_-_Advokatfiskalen_Jaemtlands_laen__1702__3-6edbb12a/0032_DSC_0411/r2l3,669,False,ok,0.2195,ok,0.2195,0.0
Svea_Hovraett_etc_export_job_4502445_845640_Svea_Hovraett_-_Advokatfiskalen_Jaemtlands_laen__1702__3-6edbb12a/0032_DSC_0411/r2l4,681,False,ok,0.35,ok,0.35,0.0
Svea_Hovraett_etc_export_job_4502445_845640_Svea_Hovraett_-_Advokatfiskalen_Jaemtlands_laen__1702__3-6edbb12a/0032_DSC_0411/r2l5,682,False,ok,0.3143,ok,0.3143,0.0
Svea_Hovraett_etc_export_job_4502445_845640_Svea_Hovraett_-_Advokatfiskalen_Jaemtlands_laen__1702__3-6edbb12a/0032_DSC_0411/r2l6,679,False,ok,0.2619,ok,0.2619,0.0
Svea_Hovraett_etc_export_job_4502445_845640_Svea_Hovraett_-_Advokatfiskalen_Jaemtlands_laen__1702__3-6edbb12a/0032_DSC_0411/r2l7,673,False,ok,0.2105,ok,0.2105,0.0
Svea_Hovraett_etc_export_job_4502445_845640_Svea_Hovraett_-_Advokatfiskalen_Jaemtlands_laen__1702__3-6edbb12a/0032_DSC_0411/r2l8,694,False,ok,0.1111,ok,0.1111,0.0
Svea_Hovraett_etc_export_job_4502445_845640_Svea_Hovraett_-_Advokatfiskalen_Jaemtlands_laen__1702__3-6edbb12a/0032_DSC_0411/r2l9,691,False,ok,0.2439,ok,0.2439,0.0
Svea_Hovraett_etc_export_job_4502445_845640_Svea_Hovraett_-_Advokatfiskalen_Jaemtlands_laen__1702__3-6edbb12a/0032_DSC_0411/r2l10,691,False,ok,0.2703,ok,0.2703,0.0
Svea_Hovraett_etc_export_job_4502445_845640_Svea_Hovraett_-_Advokatfiskalen_Jaemtlands_laen__1702__3-6edbb12a/0032_DSC_0411/r2l11,693,False,ok,0.1951,ok,0.1951,0.0
Svea_Hovraett_etc_export_job_4502445_845640_Svea_Hovraett_-_Advokatfiskalen_Jaemtlands_laen__1702__3-6edbb12a/0032_DSC_0411/r2l12,693,False,ok,0.0857,ok,0.0857,0.0
Svea_Hovraett_etc_export_job_4502445_845640_Svea_Hovraett_-_Advokatfiskalen_Jaemtlands_laen__1702__3-6edbb12a/0032_DSC_0411/r2l13,696,False,ok,0.1613,ok,0.1613,0.0
Svea_Hovraett_etc_export_job_4502445_845640_Svea_Hovraett_-_Advokatfiskalen_Jaemtlands_laen__1702__3-6edbb12a/0032_DSC_0411/r2l14,711,False,ok,0.2222,ok,0.2222,0.0
Svea_Hovraett_etc_export_job_4502445_845640_Svea_Hovraett_-_Advokatfiskalen_Jaemtlands_laen__1702__3-6edbb12a/0032_DSC_0411/r2l15,717,False,ok,0.0556,ok,0.0556,0.0
Svea_Hovraett_etc_export_job_4502445_845640_Svea_Hovraett_-_Advokatfiskalen_Jaemtlands_laen__1702__3-6edbb12a/0032_DSC_0411/r2l16,647,False,ok,0.1379,ok,0.1379,0.0
Svea_Hovraett_etc_export_job_4502445_845640_Svea_Hovraett_-_Advokatfiskalen_Jaemtlands_laen__1702__3-6edbb12a/0032_DSC_0411/r2l17,715,False,ok,0.1714,ok,0.1714,0.0
Svea_Hovraett_etc_export_job_4502445_845640_Svea_Hovraett_-_Advokatfiskalen_Jaemtlands_laen__1702__3-6edbb12a/0032_DSC_0411/r2l18,729,False,ok,0.4359,ok,0.4359,0.0
Svea_Hovraett_etc_export_job_4502445_845640_Svea_Hovraett_-_Advokatfiskalen_Jaemtlands_laen__1702__3-6edbb12a/0032_DSC_0411/r2l19,716,False,ok,0.2143,ok,0.2143,0.0
Svea_Hovraett_etc_export_job_4502445_845640_Svea_Hovraett_-_Advokatfiskalen_Jaemtlands_laen__1702__3-6edbb12a/0032_DSC_0411/r2l20,648,False,ok,0.4333,ok,0.4333,0.0
Svea_Hovraett_etc_export_job_4502445_845640_Svea_Hovraett_-_Advokatfiskalen_Jaemtlands_laen__1702__3-6edbb12a/0032_DSC_0411/r3l2,654,False,ok,0.725,ok,0.725,0.0
Svea_Hovraett_etc_export_job_4502445_845640_Svea_Hovraett_-_Advokatfiskalen_Jaemtlands_laen__1702__3-6edbb12a/0032_DSC_0411/r3l4,655,False,ok,0.75,ok,0.75,0.0
Svea_Hovraett_etc_export_job_4502445_845640_Svea_Hovraett_-_Advokatfiskalen_Jaemtlands_laen__1702__3-6edbb12a/0032_DSC_0411/r3l5,658,False,ok,0.7222,ok,0.7222,0.0
Svea_Hovraett_etc_export_job_4502445_845640_Svea_Hovraett_-_Advokatfiskalen_Jaemtlands_laen__1702__3-6edbb12a/0032_DSC_0411/r3l6,675,False,ok,0.4043,ok,0.4043,0.0
Svea_Hovraett_etc_export_job_4502445_845640_Svea_Hovraett_-_Advokatfiskalen_Jaemtlands_laen__1702__3-6edbb12a/0032_DSC_0411/r3l7,670,False,ok,0.1667,ok,0.1667,0.0
Svea_Hovraett_etc_export_job_4502445_845640_Svea_Hovraett_-_Advokatfiskalen_Jaemtlands_laen__1702__3-6edbb12a/0032_DSC_0411/r3l8,252,False,ok,0.5333,ok,0.5333,0.0
Svea_Hovraett_etc_export_job_4502445_845640_Svea_Hovraett_-_Advokatfiskalen_Jaemtlands_laen__1702__3-6edbb12a/0032_DSC_0411/r3l9,743,False,ok,0.6596,ok,0.6596,0.0
Svea_Hovraett_etc_export_job_4502445_845640_Svea_Hovraett_-_Advokatfiskalen_Jaemtlands_laen__1702__3-6edbb12a/0032_DSC_0411/r3l10,698,False,ok,0.3095,ok,0.3095,0.0
Svea_Hovraett_etc_export_job_4502445_845640_Svea_Hovraett_-_Advokatfiskalen_Jaemtlands_laen__1702__3-6edbb12a/0032_DSC_0411/r3l11,696,False,ok,0.4359,ok,0.4359,0.0
Svea_Hovraett_etc_export_job_4502445_845640_Svea_Hovraett_-_Advokatfiskalen_Jaemtlands_laen__1702__3-6edbb12a/0032_DSC_0411/r3l12,675,False,ok,0.2162,ok,0.2162,0.0
Svea_Hovraett_etc_export_job_4502445_845640_Svea_Hovraett_-_Advokatfiskalen_Jaemtlands_laen__1702__3-6edbb12a/0032_DSC_0411/r3l13,687,False,ok,0.3824,ok,0.3824,0.0
Svea_Hovraett_etc_export_job_4502445_845640_Svea_Hovraett_-_Advokatfiskalen_Jaemtlands_laen__1702__3-6edbb12a/0032_DSC_0411/r3l14,678,False,ok,0.1111,ok,0.1111,0.0
Svea_Hovraett_etc_export_job_4502445_845640_Svea_Hovraett_-_Advokatfiskalen_Jaemtlands_laen__1702__3-6edbb12a/0032_DSC_0411/r3l15,687,False,ok,0.2162,ok,0.2162,0.0
Svea_Hovraett_etc_export_job_4502445_845640_Svea_Hovraett_-_Advokatfiskalen_Jaemtlands_laen__1702__3-6edbb12a/0032_DSC_0411/r3l16,684,False,ok,0.3548,ok,0.3548,0.0
Svea_Hovraett_etc_export_job_4502445_845640_Svea_Hovraett_-_Advokatfiskalen_Jaemtlands_laen__1702__3-6edbb12a/0032_DSC_0411/r3l17,703,False,ok,0.2895,ok,0.2895,0.0
Svea_Hovraett_etc_export_job_4502445_845640_Svea_Hovraett_-_Advokatfiskalen_Jaemtlands_laen__1702__3-6edbb12a/0032_DSC_0411/r3l18,699,False,ok,0.1212,ok,0.1212,0.0
Svea_Hovraett_etc_export_job_4502445_845640_Svea_Hovraett_-_Advokatfiskalen_Jaemtlands_laen__1702__3-6edbb12a/0032_DSC_0411/r3l19,560,False,ok,0.3913,ok,0.3913,0.0
Svea_Hovraett_etc_export_job_4502445_845640_Svea_Hovraett_-_Advokatfiskalen_Jaemtlands_laen__1702__3-6edbb12a/0032_DSC_0411/r3l20,712,False,ok,0.2286,ok,0.2286,0.0
Svea_Hovraett_etc_export_job_4502445_845640_Svea_Hovraett_-_Advokatfiskalen_Jaemtlands_laen__1702__3-6edbb12a/0032_DSC_0411/r3l21,730,False,ok,0.2045,ok,0.2045,0.0
Svea_Hovraett_etc_export_job_4502445_845640_Svea_Hovraett_-_Advokatfiskalen_Jaemtlands_laen__1702__3-6edbb12a/0032_DSC_0411/r3l22,713,False,ok,0.2432,ok,0.2432,0.0
Svea_Hovraett_etc_export_job_4502445_845640_Svea_Hovraett_-_Advokatfiskalen_Jaemtlands_laen__1702__3-6edbb12a/0032_DSC_0411/r3l23,100,True,ok,0.6,ok,0.6,0.0
Svea_Hovraett_etc_export_job_4502445_845640_Svea_Hovraett_-_Advokatfiskalen_Jaemtlands_laen__1702__3-6edbb12a/0033_DSC_0412/r1l1,677,False,ok,0.4571,ok,0.4571,0.0
Svea_Hovraett_etc_export_job_4502445_845640_Svea_Hovraett_-_Advokatfiskalen_Jaemtlands_laen__1702__3-6edbb12a/0033_DSC_0412/r1l2,678,False,ok,0.5135,ok,0.5135,0.0
Svea_Hovraett_etc_export_job_4502445_845640_Svea_Hovraett_-_Advokatfiskalen_Jaemtlands_laen__1702__3-6edbb12a/0033_DSC_0412/r1l3,680,False,ok,0.4667,ok,0.4667,0.0
Svea_Hovraett_etc_export_job_4502445_845640_Svea_Hovraett_-_Advokatfiskalen_Jaemtlands_laen__1702__3-6edbb12a/0033_DSC_0412/r1l4,698,False,ok,0.3158,ok,0.3158,0.0
Svea_Hovraett_etc_export_job_4502445_845640_Svea_Hovraett_-_Advokatfiskalen_Jaemtlands_laen__1702__3-6edbb12a/0033_DSC_0412/r1l5,685,False,ok,0.35,ok,0.35,0.0
Svea_Hovraett_etc_export_job_4502445_845640_Svea_Hovraett_-_Advokatfiskalen_Jaemtlands_laen__1702__3-6edbb12a/0033_DSC_0412/r1l6,694,False,ok,0.7381,ok,0.7381,0.0
Svea_Hovraett_etc_export_job_4502445_845640_Svea_Hovraett_-_Advokatfiskalen_Jaemtlands_laen__1702__3-6edbb12a/0033_DSC_0412/r1l7,710,False,ok,0.381,ok,0.381,0.0
Svea_Hovraett_etc_export_job_4502445_845640_Svea_Hovraett_-_Advokatfiskalen_Jaemtlands_laen__1702__3-6edbb12a/0033_DSC_0412/r1l8,697,False,ok,0.4103,ok,0.4103,0.0
Svea_Hovraett_etc_export_job_4502445_845640_Svea_Hovraett_-_Advokatfiskalen_Jaemtlands_laen__1702__3-6edbb12a/0033_DSC_0412/r1l9,689,False,ok,0.1935,ok,0.1935,0.0
Svea_Hovraett_etc_export_job_4502445_845640_Svea_Hovraett_-_Advokatfiskalen_Jaemtlands_laen__1702__3-6edbb12a/0033_DSC_0412/r1l10,696,False,ok,0.0303,ok,0.0303,0.0
Svea_Hovraett_etc_export_job_4502445_845640_Svea_Hovraett_-_Advokatfiskalen_Jaemtlands_laen__1702__3-6edbb12a/0033_DSC_0412/r1l11,697,False,ok,0.0323,ok,0.0323,0.0
Svea_Hovraett_etc_export_job_4502445_845640_Svea_Hovraett_-_Advokatfiskalen_Jaemtlands_laen__1702__3-6edbb12a/0033_DSC_0412/r1l12,705,False,ok,0.2,ok,0.2,0.0
Svea_Hovraett_etc_export_job_4502445_845640_Svea_Hovraett_-_Advokatfiskalen_Jaemtlands_laen__1702__3-6edbb12a/0033_DSC_0412/r1l13,704,False,ok,0.2857,ok,0.2857,0.0
Svea_Hovraett_etc_export_job_4502445_845640_Svea_Hovraett_-_Advokatfiskalen_Jaemtlands_laen__1702__3-6edbb12a/0033_DSC_0412/r1l14,706,False,ok,0.2308,ok,0.2308,0.0
Svea_Hovraett_etc_export_job_4502445_845640_Svea_Hovraett_-_Advokatfiskalen_Jaemtlands_laen__1702__3-6edbb12a/0033_DSC_0412/r1l15,710,False,ok,0.3158,ok,0.3158,0.0
Svea_Hovraett_etc_export_job_4502445_845640_Svea_Hovraett_-_Advokatfiskalen_Jaemtlands_laen__1702__3-6edbb12a/0033_DSC_0412/r1l16,714,False,ok,0.3056,ok,0.3056,0.0
Svea_Hovraett_etc_export_job_4502445_845640_Svea_Hovraett_-_Advokatfiskalen_Jaemtlands_laen__1702__3-6edbb12a/0033_DSC_0412/r1l17,700,False,ok,0.1429,ok,0.1429,0.0
Svea_Hovraett_etc_export_job_4502445_845640_Svea_Hovraett_-_Advokatfiskalen_Jaemtlands_laen__1702__3-6edbb12a/0033_DSC_0412/r1l18,708,False,ok,0.2424,ok,0.2424,0.0
Svea_Hovraett_etc_export_job_4502445_845640_Svea_Hovraett_-_Advokatfiskalen_Jaemtlands_laen__1702__3-6edbb12a/0033_DSC_0412/r1l19,723,False,ok,0.1818,ok,0.1818,0.0
Svea_Hovraett_etc_export_job_4502445_845640_Svea_Hovraett_-_Advokatfiskalen_Jaemtlands_laen__1702__3-6edbb12a/0033_DSC_0412/r1l20,698,False,ok,0.2812,ok,0.2812,0.0
Svea_Hovraett_etc_export_job_4502445_845640_Svea_Hovraett_-_Advokatfiskalen_Jaemtlands_laen__1702__3-6edbb12a/0033_DSC_0412/r1l21,728,False,ok,0.2727,ok,0.2727,0.0
Svea_Hovraett_etc_export_job_4502445_845640_Svea_Hovraett_-_Advokatfiskalen_Jaemtlands_laen__1702__3-6edbb12a/0033_DSC_0412/r1l22,82,True,ok,0.6667,ok,1.0,0.3333
Svea_Hovraett_etc_export_job_4502445_845640_Svea_Hovraett_-_Advokatfiskalen_Jaemtlands_laen__1702__3-6edbb12a/0033_DSC_0412/r2l1,79,True,empty,1.0,empty,1.0,0.0
Svea_Hovraett_etc_export_job_4502445_845640_Svea_Hovraett_-_Advokatfiskalen_Jaemtlands_laen__1702__3-6edbb12a/0033_DSC_0412/r2l2,646,False,ok,0.871,ok,0.871,0.0
Svea_Hovraett_etc_export_job_4502445_845640_Svea_Hovraett_-_Advokatfiskalen_Jaemtlands_laen__1702__3-6edbb12a/0033_DSC_0412/r2l3,649,False,ok,0.7838,ok,0.7838,0.0
Svea_Hovraett_etc_export_job_4502445_845640_Svea_Hovraett_-_Advokatfiskalen_Jaemtlands_laen__1702__3-6edbb12a/0033_DSC_0412/r2l4,663,False,ok,0.8235,ok,0.8235,0.0
Svea_Hovraett_etc_export_job_4502445_845640_Svea_Hovraett_-_Advokatfiskalen_Jaemtlands_laen__1702__3-6edbb12a/0033_DSC_0412/r2l5,686,False,ok,0.6944,ok,0.6944,0.0
Svea_Hovraett_etc_export_job_4502445_845640_Svea_Hovraett_-_Advokatfiskalen_Jaemtlands_laen__1702__3-6edbb12a/0033_DSC_0412/r2l6,665,False,ok,0.7812,ok,0.7812,0.0
Svea_Hovraett_etc_export_job_4502445_845640_Svea_Hovraett_-_Advokatfiskalen_Jaemtlands_laen__1702__3-6edbb12a/0033_DSC_0412/r2l7,681,False,ok,0.6585,ok,0.6585,0.0
Svea_Hovraett_etc_export_job_4502445_845640_Svea_Hovraett_-_Advokatfiskalen_Jaemtlands_laen__1702__3-6edbb12a/0033_DSC_0412/r2l8,665,False,ok,0.8537,ok,0.8537,0.0
Svea_Hovraett_etc_export_job_4502445_845640_Svea_Hovraett_-_Advokatfiskalen_Jaemtlands_laen__1702__3-6edbb12a/0033_DSC_0412/r2l9,662,False,ok,0.5758,ok,0.5758,0.0
Svea_Hovraett_etc_export_job_4502445_845640_Svea_Hovraett_-_Advokatfiskalen_Jaemtlands_laen__1702__3-6edbb12a/0033_DSC_0412/r2l10,654,False,ok,0.3636,ok,0.3636,0.0
Svea_Hovraett_etc_export_job_4502445_845640_Svea_Hovraett_-_Advokatfiskalen_Jaemtlands_laen__1702__3-6edbb12a/0033_DSC_0412/r2l11,674,False,ok,0.3143,ok,0.3143,0.0
Svea_Hovraett_etc_export_job_4502445_845640_Svea_Hovraett_-_Advokatfiskalen_Jaemtlands_laen__1702__3-6edbb12a/0033_DSC_0412/r2l12,700,False,ok,0.2571,ok,0.2571,0.0
Svea_Hovraett_etc_export_job_4502445_845640_Svea_Hovraett_-_Advokatfiskalen_Jaemtlands_laen__1702__3-6edbb12a/0033_DSC_0412/r2l13,679,False,ok,0.2,ok,0.2,0.0
Svea_Hovraett_etc_export_job_4502445_845640_Svea_Hovraett_-_Advokatfiskalen_Jaemtlands_laen__1702__3-6edbb12a/0033_DSC_0412/r2l14,695,False,ok,0.2647,ok,0.2647,0.0
Svea_Hovraett_etc_export_job_4502445_845640_Svea_Hovraett_-_Advokatfiskalen_Jaemtlands_laen__1702__3-6edbb12a/0033_DSC_0412/r2l15,705,False,ok,0.25,ok,0.25,0.0
Svea_Hovraett_etc_export_job_4502445_845640_Svea_Hovraett_-_Advokatfiskalen_Jaemtlands_laen__1702__3-6edbb12a/0033_DSC_0412/r2l16,679,False,ok,0.3056,ok,0.3056,0.0
Svea_Hovraett_etc_export_job_4502445_845640_Svea_Hovraett_-_Advokatfiskalen_Jaemtlands_laen__1702__3-6edbb12a/0033_DSC_0412/r2l17,684,False,ok,0.3,ok,0.3,0.0
Svea_Hovraett_etc_export_job_4502445_845640_Svea_Hovraett_-_Advokatfiskalen_Jaemtlands_laen__1702__3-6edbb12a/0033_DSC_0412/r2l18,699,False,ok,0.3548,ok,0.3548,0.0
Svea_Hovraett_etc_export_job_4502445_845640_Svea_Hovraett_-_Advokatfiskalen_Jaemtlands_laen__1702__3-6edbb12a/0033_DSC_0412/r2l19,677,False,ok,0.4324,ok,0.4324,0.0
Svea_Hovraett_etc_export_job_4502445_845640_Svea_Hovraett_-_Advokatfiskalen_Jaemtlands_laen__1702__3-6edbb12a/0033_DSC_0412/r2l20,704,False,ok,0.4737,ok,0.4737,0.0
Svea_Hovraett_etc_export_job_4502445_845640_Svea_Hovraett_-_Advokatfiskalen_Jaemtlands_laen__1702__3-6edbb12a/0033_DSC_0412/r2l21,727,False,ok,0.4474,ok,0.4474,0.0
Svea_Hovraett_etc_export_job_4502445_845640_Svea_Hovraett_-_Advokatfiskalen_Jaemtlands_laen__1702__3-6edbb12a/0033_DSC_0412/r2l22,737,False,ok,0.3617,ok,0.3617,0.0
Svea_Hovraett_etc_export_job_4502445_845640_Svea_Hovraett_-_Advokatfiskalen_Jaemtlands_laen__1702__3-6edbb12a/0033_DSC_0412/r2l23,120,True,ok,1.0,empty,1.0,0.0
Svea_Hovraett_etc_export_job_4502445_845640_Svea_Hovraett_-_Advokatfiskalen_Jaemtlands_laen__1702__3-6edbb12a/0034_DSC_0413/r1l1,640,False,ok,0.3333,ok,0.3333,0.0
Svea_Hovraett_etc_export_job_4502445_845640_Svea_Hovraett_-_Advokatfiskalen_Jaemtlands_laen__1702__3-6edbb12a/0034_DSC_0413/r1l2,644,False,ok,0.3243,ok,0.3243,0.0
Svea_Hovraett_etc_export_job_4502445_845640_Svea_Hovraett_-_Advokatfiskalen_Jaemtlands_laen__1702__3-6edbb12a/0034_DSC_0413/r1l3,639,False,ok,0.1333,ok,0.1333,0.0
Svea_Hovraett_etc_export_job_4502445_845640_Svea_Hovraett_-_Advokatfiskalen_Jaemtlands_laen__1702__3-6edbb12a/0034_DSC_0413/r1l4,661,False,ok,0.2973,ok,0.2973,0.0
Svea_Hovraett_etc_export_job_4502445_845640_Svea_Hovraett_-_Advokatfiskalen_Jaemtlands_laen__1702__3-6edbb12a/0034_DSC_0413/r1l5,663,False,ok,0.3143,ok,0.3143,0.0
Svea_Hovraett_etc_export_job_4502445_845640_Svea_Hovraett_-_Advokatfiskalen_Jaemtlands_laen__1702__3-6edbb12a/0034_DSC_0413/r1l6,662,False,ok,0.3077,ok,0.3077,0.0
Svea_Hovraett_etc_export_job_4502445_845640_Svea_Hovraett_-_Advokatfiskalen_Jaemtlands_laen__1702__3-6edbb12a/0034_DSC_0413/r1l7,669,False,ok,0.2368,ok,0.2368,0.0
Svea_Hovraett_etc_export_job_4502445_845640_Svea_Hovraett_-_Advokatfiskalen_Jaemtlands_laen__1702__3-6edbb12a/0034_DSC_0413/r1l8,684,False,ok,0.125,ok,0.125,0.0
Svea_Hovraett_etc_export_job_4502445_845640_Svea_Hovraett_-_Advokatfiskalen_Jaemtlands_laen__1702__3-6edbb12a/0034_DSC_0413/r1l9,678,False,ok,0.2353,ok,0.2353,0.0
Svea_Hovraett_etc_export_job_4502445_845640_Svea_Hovraett_-_Advokatfiskalen_Jaemtlands_laen__1702__3-6edbb12a/0034_DSC_0413/r1l10,676,False,ok,0.0303,ok,0.0303,0.0
Svea_Hovraett_etc_export_job_4502445_845640_Svea_Hovraett_-_Advokatfiskalen_Jaemtlands_laen__1702__3-6edbb12a/0034_DSC_0413/r1l11,669,False,ok,0.1429,ok,0.1429,0.0
Svea_Hovraett_etc_export_job_4502445_845640_Svea_Hovraett_-_Advokatfiskalen_Jaemtlands_laen__1702__3-6edbb12a/0034_DSC_0413/r1l12,671,False,ok,0.2424,ok,0.2424,0.0
Svea_Hovraett_etc_export_job_4502445_845640_Svea_Hovraett_-_Advokatfiskalen_Jaemtlands_laen__1702__3-6edbb12a/0034_DSC_0413/r1l13,683,False,ok,0.1538,ok,0.1538,0.0
Svea_Hovraett_etc_export_job_4502445_845640_Svea_Hovraett_-_Advokatfiskalen_Jaemtlands_laen__1702__3-6edbb12a/0034_DSC_0413/r1l14,705,False,ok,0.1429,ok,0.1429,0.0
Svea_Hovraett_etc_export_job_4502445_845640_Svea_Hovraett_-_Advokatfiskalen_Jaemtlands_laen__1702__3-6edbb12a/0034_DSC_0413/r1l15,708,False,ok,0.2903,ok,0.2903,0.0
Svea_Hovraett_etc_export_job_4502445_845640_Svea_Hovraett_-_Advokatfiskalen_Jaemtlands_laen__1702__3-6edbb12a/0034_DSC_0413/r1l16,699,False,ok,0.2105,ok,0.2105,0.0
Svea_Hovraett_etc_export_job_4502445_845640_Svea_Hovraett_-_Advokatfiskalen_Jaemtlands_laen__1702__3-6edbb12a/0034_DSC_0413/r1l17,682,False,ok,0.1951,ok,0.1951,0.0
Svea_Hovraett_etc_export_job_4502445_845640_Svea_Hovraett_-_Advokatfiskalen_Jaemtlands_laen__1702__3-6edbb12a/0034_DSC_0413/r1l18,701,False,ok,0.0,ok,0.0,0.0
Svea_Hovraett_etc_export_job_4502445_845640_Svea_Hovraett_-_Advokatfiskalen_Jaemtlands_laen__1702__3-6edbb12a/0034_DSC_0413/r1l19,694,False,ok,0.0882,ok,0.0882,0.0
Svea_Hovraett_etc_export_job_4502445_845640_Svea_Hovraett_-_Advokatfiskalen_Jaemtlands_laen__1702__3-6edbb12a/0034_DSC_0413/r1l20,683,False,ok,0.1034,ok,0.1034,0.0
Svea_Hovraett_etc_export_job_4502445_845640_Svea_Hovraett_-_Advokatfiskalen_Jaemtlands_laen__1702__3-6edbb12a/0034_DSC_0413/line_1638791939257_213,677,False,ok,0.2258,ok,0.2258,0.0
Svea_Hovraett_etc_export_job_4502445_845640_Svea_Hovraett_-_Advokatfiskalen_Jaemtlands_laen__1702__3-6edbb12a/0034_DSC_0413/r1l23,141,True,ok,0.875,ok,0.875,0.0
Svea_Hovraett_etc_export_job_4502445_845640_Svea_Hovraett_-_Advokatfiskalen_Jaemtlands_laen__1702__3-6edbb12a/0034_DSC_0413/r3l1,59,True,empty,1.0,empty,1.0,0.0
Svea_Hovraett_etc_export_job_4502445_845640_Svea_Hovraett_-_Advokatfiskalen_Jaemtlands_laen__1702__3-6edbb12a/0034_DSC_0413/line_1638791800537_181,630,False,ok,0.8286,ok,0.8286,0.0
Svea_Hovraett_etc_export_job_4502445_845640_Svea_Hovraett_-_Advokatfiskalen_Jaemtlands_laen__1702__3-6edbb12a/0034_DSC_0413/r2l3,616,False,ok,0.9143,ok,0.9143,0.0
Svea_Hovraett_etc_export_job_4502445_845640_Svea_Hovraett_-_Advokatfiskalen_Jaemtlands_laen__1702__3-6edbb12a/0034_DSC_0413/r2l4,611,False,ok,0.4688,ok,0.4688,0.0
Svea_Hovraett_etc_export_job_4502445_845640_Svea_Hovraett_-_Advokatfiskalen_Jaemtlands_laen__1702__3-6edbb12a/0034_DSC_0413/r2l5,636,False,ok,0.6471,ok,0.6471,0.0
Svea_Hovraett_etc_export_job_4502445_845640_Svea_Hovraett_-_Advokatfiskalen_Jaemtlands_laen__1702__3-6edbb12a/0034_DSC_0413/r2l6,648,False,ok,0.4,ok,0.4,0.0
Svea_Hovraett_etc_export_job_4502445_845640_Svea_Hovraett_-_Advokatfiskalen_Jaemtlands_laen__1702__3-6edbb12a/0034_DSC_0413/r2l7,649,False,ok,0.3548,ok,0.3548,0.0
Svea_Hovraett_etc_export_job_4502445_845640_Svea_Hovraett_-_Advokatfiskalen_Jaemtlands_laen__1702__3-6edbb12a/0034_DSC_0413/r2l8,644,False,ok,0.3429,ok,0.3429,0.0
Svea_Hovraett_etc_export_job_4502445_845640_Svea_Hovraett_-_Advokatfiskalen_Jaemtlands_laen__1702__3-6edbb12a/0034_DSC_0413/r2l9,670,False,ok,0.3333,ok,0.3333,0.0
Svea_Hovraett_etc_export_job_4502445_845640_Svea_Hovraett_-_Advokatfiskalen_Jaemtlands_laen__1702__3-6edbb12a/0034_DSC_0413/r2l10,651,False,ok,0.125,ok,0.125,0.0
Svea_Hovraett_etc_export_job_4502445_845640_Svea_Hovraett_-_Advokatfiskalen_Jaemtlands_laen__1702__3-6edbb12a/0034_DSC_0413/r2l11,665,False,ok,0.3529,ok,0.3529,0.0
Svea_Hovraett_etc_export_job_4502445_845640_Svea_Hovraett_-_Advokatfiskalen_Jaemtlands_laen__1702__3-6edbb12a/0034_DSC_0413/r2l12,655,False,ok,0.1176,ok,0.1176,0.0
Svea_Hovraett_etc_export_job_4502445_845640_Svea_Hovraett_-_Advokatfiskalen_Jaemtlands_laen__1702__3-6edbb12a/0034_DSC_0413/r2l13,655,False,ok,0.303,ok,0.303,0.0
Svea_Hovraett_etc_export_job_4502445_845640_Svea_Hovraett_-_Advokatfiskalen_Jaemtlands_laen__1702__3-6edbb12a/0034_DSC_0413/r2l14,669,False,ok,0.1471,ok,0.1471,0.0
Svea_Hovraett_etc_export_job_4502445_845640_Svea_Hovraett_-_Advokatfiskalen_Jaemtlands_laen__1702__3-6edbb12a/0034_DSC_0413/r2l15,658,False,ok,0.2647,ok,0.2647,0.0
Svea_Hovraett_etc_export_job_4502445_845640_Svea_Hovraett_-_Advokatfiskalen_Jaemtlands_laen__1702__3-6edbb12a/0034_DSC_0413/r2l16,657,False,ok,0.1724,ok,0.1724,0.0
Svea_Hovraett_etc_export_job_4502445_845640_Svea_Hovraett_-_Advokatfiskalen_Jaemtlands_laen__1702__3-6edbb12a/0034_DSC_0413/r2l17,152,True,ok,0.5556,ok,0.6667,0.1111
Svea_Hovraett_etc_export_job_4502445_845640_Svea_Hovraett_-_Advokatfiskalen_Jaemtlands_laen__1702__3-6edbb12a/0034_DSC_0413/r2l18,699,False,ok,0.3056,ok,0.3056,0.0
Svea_Hovraett_etc_export_job_4502445_845640_Svea_Hovraett_-_Advokatfiskalen_Jaemtlands_laen__1702__3-6edbb12a/0034_DSC_0413/r2l19,683,False,ok,0.1212,ok,0.1212,0.0
Svea_Hovraett_etc_export_job_4502445_845640_Svea_Hovraett_-_Advokatfiskalen_Jaemtlands_laen__1702__3-6edbb12a/0034_DSC_0413/r2l20,679,False,ok,0.2258,ok,0.2258,0.0
Svea_Hovraett_etc_export_job_4502445_845640_Svea_Hovraett_-_Advokatfiskalen_Jaemtlands_laen__1702__3-6edbb12a/0034_DSC_0413/r2l21,726,False,ok,0.3333,ok,0.3333,0.0
Svea_Hovraett_etc_export_job_4502445_845640_Svea_Hovraett_-_Advokatfiskalen_Jaemtlands_laen__1702__3-6edbb12a/0034_DSC_0413/r2l22,699,False,ok,0.2,ok,0.2,0.0
Svea_Hovraett_etc_export_job_4502445_845640_Svea_Hovraett_-_Advokatfiskalen_Jaemtlands_laen__1702__3-6edbb12a/0034_DSC_0413/r2l23,174,True,ok,0.2857,ok,0.2857,0.0
Svea_Hovraett_etc_export_job_4502445_845640_Svea_Hovraett_-_Advokatfiskalen_Jaemtlands_laen__1702__3-6edbb12a/0035_DSC_0415/r1l1,666,False,ok,0.4872,ok,0.4872,0.0
Svea_Hovraett_etc_export_job_4502445_845640_Svea_Hovraett_-_Advokatfiskalen_Jaemtlands_laen__1702__3-6edbb12a/0035_DSC_0415/r1l2,674,False,ok,0.7179,ok,0.7179,0.0
Svea_Hovraett_etc_export_job_4502445_845640_Svea_Hovraett_-_Advokatfiskalen_Jaemtlands_laen__1702__3-6edbb12a/0035_DSC_0415/r1l3,697,False,ok,0.7188,ok,0.7188,0.0
Svea_Hovraett_etc_export_job_4502445_845640_Svea_Hovraett_-_Advokatfiskalen_Jaemtlands_laen__1702__3-6edbb12a/0035_DSC_0415/r1l4,669,False,ok,0.2353,ok,0.2353,0.0
Svea_Hovraett_etc_export_job_4502445_845640_Svea_Hovraett_-_Advokatfiskalen_Jaemtlands_laen__1702__3-6edbb12a/0035_DSC_0415/r1l5,662,False,ok,0.4444,ok,0.4444,0.0
Svea_Hovraett_etc_export_job_4502445_845640_Svea_Hovraett_-_Advokatfiskalen_Jaemtlands_laen__1702__3-6edbb12a/0035_DSC_0415/r1l6,673,False,ok,0.4571,ok,0.4571,0.0
Svea_Hovraett_etc_export_job_4502445_845640_Svea_Hovraett_-_Advokatfiskalen_Jaemtlands_laen__1702__3-6edbb12a/0035_DSC_0415/r1l7,686,False,ok,0.2,ok,0.2,0.0
Svea_Hovraett_etc_export_job_4502445_845640_Svea_Hovraett_-_Advokatfiskalen_Jaemtlands_laen__1702__3-6edbb12a/0035_DSC_0415/r1l8,698,False,ok,0.1765,ok,0.1765,0.0
Svea_Hovraett_etc_export_job_4502445_845640_Svea_Hovraett_-_Advokatfiskalen_Jaemtlands_laen__1702__3-6edbb12a/0035_DSC_0415/r1l9,690,False,ok,0.2941,ok,0.2941,0.0
Svea_Hovraett_etc_export_job_4502445_845640_Svea_Hovraett_-_Advokatfiskalen_Jaemtlands_laen__1702__3-6edbb12a/0035_DSC_0415/r1l10,710,False,ok,0.1842,ok,0.1842,0.0
Svea_Hovraett_etc_export_job_4502445_845640_Svea_Hovraett_-_Advokatfiskalen_Jaemtlands_laen__1702__3-6edbb12a/0035_DSC_0415/r1l11,692,False,ok,0.2727,ok,0.2727,0.0
Svea_Hovraett_etc_export_job_4502445_845640_Svea_Hovraett_-_Advokatfiskalen_Jaemtlands_laen__1702__3-6edbb12a/0035_DSC_0415/r1l12,697,False,ok,0.2222,ok,0.2222,0.0
Svea_Hovraett_etc_export_job_4502445_845640_Svea_Hovraett_-_Advokatfiskalen_Jaemtlands_laen__1702__3-6edbb12a/0035_DSC_0415/r1l13,722,False,ok,0.2069,ok,0.2069,0.0
Svea_Hovraett_etc_export_job_4502445_845640_Svea_Hovraett_-_Advokatfiskalen_Jaemtlands_laen__1702__3-6edbb12a/0035_DSC_0415/r1l14,718,False,ok,0.2059,ok,0.2059,0.0
Svea_Hovraett_etc_export_job_4502445_845640_Svea_Hovraett_-_Advokatfiskalen_Jaemtlands_laen__1702__3-6edbb12a/0035_DSC_0415/r1l15,711,False,ok,0.2105,ok,0.2105,0.0
Svea_Hovraett_etc_export_job_4502445_845640_Svea_Hovraett_-_Advokatfiskalen_Jaemtlands_laen__1702__3-6edbb12a/0035_DSC_0415/r1l17,745,False,ok,0.3143,ok,0.3143,0.0
Svea_Hovraett_etc_export_job_4502445_845640_Svea_Hovraett_-_Advokatfiskalen_Jaemtlands_laen__1702__3-6edbb12a/0035_DSC_0415/r1l19,717,False,ok,0.3143,ok,0.3143,0.0
Svea_Hovraett_etc_export_job_4502445_845640_Svea_Hovraett_-_Advokatfiskalen_Jaemtlands_laen__1702__3-6edbb12a/0035_DSC_0415/r1l20,718,False,ok,0.1935,ok,0.1935,0.0
Svea_Hovraett_etc_export_job_4502445_845640_Svea_Hovraett_-_Advokatfiskalen_Jaemtlands_laen__1702__3-6edbb12a/0035_DSC_0415/r1l21,706,False,ok,0.2558,ok,0.2558,0.0
Svea_Hovraett_etc_export_job_4502445_845640_Svea_Hovraett_-_Advokatfiskalen_Jaemtlands_laen__1702__3-6edbb12a/0035_DSC_0415/r1l22,77,True,ok,1.0,ok,1.0,0.0
Svea_Hovraett_etc_export_job_4502445_845640_Svea_Hovraett_-_Advokatfiskalen_Jaemtlands_laen__1702__3-6edbb12a/0035_DSC_0415/r3l1,61,True,ok,1.0,ok,1.0,0.0
Svea_Hovraett_etc_export_job_4502445_845640_Svea_Hovraett_-_Advokatfiskalen_Jaemtlands_laen__1702__3-6edbb12a/0035_DSC_0415/r2l1,653,False,ok,0.5882,ok,0.5882,0.0
Svea_Hovraett_etc_export_job_4502445_845640_Svea_Hovraett_-_Advokatfiskalen_Jaemtlands_laen__1702__3-6edbb12a/0035_DSC_0415/r2l2,686,False,ok,0.5417,ok,0.5417,0.0
Svea_Hovraett_etc_export_job_4502445_845640_Svea_Hovraett_-_Advokatfiskalen_Jaemtlands_laen__1702__3-6edbb12a/0035_DSC_0415/r2l3,664,False,ok,0.4762,ok,0.4762,0.0
Svea_Hovraett_etc_export_job_4502445_845640_Svea_Hovraett_-_Advokatfiskalen_Jaemtlands_laen__1702__3-6edbb12a/0035_DSC_0415/r2l4,674,False,ok,0.2286,ok,0.2286,0.0
Svea_Hovraett_etc_export_job_4502445_845640_Svea_Hovraett_-_Advokatfiskalen_Jaemtlands_laen__1702__3-6edbb12a/0035_DSC_0415/r2l5,689,False,ok,0.2188,ok,0.2188,0.0
Svea_Hovraett_etc_export_job_4502445_845640_Svea_Hovraett_-_Advokatfiskalen_Jaemtlands_laen__1702__3-6edbb12a/0035_DSC_0415/r2l6,670,False,ok,0.4333,ok,0.4333,0.0
Svea_Hovraett_etc_export_job_4502445_845640_Svea_Hovraett_-_Advokatfiskalen_Jaemtlands_laen__1702__3-6edbb12a/0035_DSC_0415/r2l7,694,False,ok,0.2222,ok,0.2222,0.0
Svea_Hovraett_etc_export_job_4502445_845640_Svea_Hovraett_-_Advokatfiskalen_Jaemtlands_laen__1702__3-6edbb12a/0035_DSC_0415/r2l8,695,False,ok,0.425,ok,0.425,0.0
Svea_Hovraett_etc_export_job_4502445_845640_Svea_Hovraett_-_Advokatfiskalen_Jaemtlands_laen__1702__3-6edbb12a/0035_DSC_0415/r2l9,684,False,ok,0.1935,ok,0.1935,0.0
Svea_Hovraett_etc_export_job_4502445_845640_Svea_Hovraett_-_Advokatfiskalen_Jaemtlands_laen__1702__3-6edbb12a/0035_DSC_0415/r2l10,675,False,ok,0.2424,ok,0.2424,0.0
Svea_Hovraett_etc_export_job_4502445_845640_Svea_Hovraett_-_Advokatfiskalen_Jaemtlands_laen__1702__3-6edbb12a/0035_DSC_0415/r2l11,706,False,ok,0.5581,ok,0.5581,0.0
Svea_Hovraett_etc_export_job_4502445_845640_Svea_Hovraett_-_Advokatfiskalen_Jaemtlands_laen__1702__3-6edbb12a/0035_DSC_0415/r2l12,723,False,ok,0.2286,ok,0.2286,0.0
Svea_Hovraett_etc_export_job_4502445_845640_Svea_Hovraett_-_Advokatfiskalen_Jaemtlands_laen__1702__3-6edbb12a/0035_DSC_0415/r2l13,714,False,ok,0.375,ok,0.375,0.0
Svea_Hovraett_etc_export_job_4502445_845640_Svea_Hovraett_-_Advokatfiskalen_Jaemtlands_laen__1702__3-6edbb12a/0035_DSC_0415/r2l14,754,False,ok,0.0,ok,0.0,0.0
Svea_Hovraett_etc_export_job_4502445_845640_Svea_Hovraett_-_Advokatfiskalen_Jaemtlands_laen__1702__3-6edbb12a/0035_DSC_0415/r2l15,731,False,ok,0.1935,ok,0.1935,0.0
Svea_Hovraett_etc_export_job_4502445_845640_Svea_Hovraett_-_Advokatfiskalen_Jaemtlands_laen__1702__3-6edbb12a/0035_DSC_0415/r2l16,752,False,ok,0.0968,ok,0.0968,0.0
Svea_Hovraett_etc_export_job_4502445_845640_Svea_Hovraett_-_Advokatfiskalen_Jaemtlands_laen__1702__3-6edbb12a/0035_DSC_0415/r2l17,752,False,ok,0.2051,ok,0.2051,0.0
Svea_Hovraett_etc_export_job_4502445_845640_Svea_Hovraett_-_Advokatfiskalen_Jaemtlands_laen__1702__3-6edbb12a/0035_DSC_0415/r2l18,736,False,ok,0.1714,ok,0.1714,0.0
Svea_Hovraett_etc_export_job_4502445_845640_Svea_Hovraett_-_Advokatfiskalen_Jaemtlands_laen__1702__3-6edbb12a/0035_DSC_0415/r2l19,756,False,ok,0.1515,ok,0.1515,0.0
Svea_Hovraett_etc_export_job_4502445_845640_Svea_Hovraett_-_Advokatfiskalen_Jaemtlands_laen__1702__3-6edbb12a/0035_DSC_0415/r2l20,752,False,ok,0.0833,ok,0.0833,0.0
Svea_Hovraett_etc_export_job_4502445_845640_Svea_Hovraett_-_Advokatfiskalen_Jaemtlands_laen__1702__3-6edbb12a/0035_DSC_0415/r2l21,755,False,ok,0.1212,ok,0.1212,0.0
Svea_Hovraett_etc_export_job_4502445_845640_Svea_Hovraett_-_Advokatfiskalen_Jaemtlands_laen__1702__3-6edbb12a/0035_DSC_0415/r2l22,198,True,ok,0.5,ok,0.3333,-0.1667
Svea_Hovraett_etc_export_job_4502445_845640_Svea_Hovraett_-_Advokatfiskalen_Jaemtlands_laen__1702__3-6edbb12a/0036_DSC_0418/r1l1,673,False,ok,0.25,ok,0.25,0.0
Svea_Hovraett_etc_export_job_4502445_845640_Svea_Hovraett_-_Advokatfiskalen_Jaemtlands_laen__1702__3-6edbb12a/0036_DSC_0418/r1l2,680,False,ok,0.125,ok,0.125,0.0
Svea_Hovraett_etc_export_job_4502445_845640_Svea_Hovraett_-_Advokatfiskalen_Jaemtlands_laen__1702__3-6edbb12a/0036_DSC_0418/r1l3,496,False,ok,0.1304,ok,0.1304,0.0
Svea_Hovraett_etc_export_job_4502445_845640_Svea_Hovraett_-_Advokatfiskalen_Jaemtlands_laen__1702__3-6edbb12a/0036_DSC_0418/r1l4,694,False,ok,0.25,ok,0.25,0.0
Svea_Hovraett_etc_export_job_4502445_845640_Svea_Hovraett_-_Advokatfiskalen_Jaemtlands_laen__1702__3-6edbb12a/0036_DSC_0418/r1l5,682,False,ok,0.1111,ok,0.1111,0.0
Svea_Hovraett_etc_export_job_4502445_845640_Svea_Hovraett_-_Advokatfiskalen_Jaemtlands_laen__1702__3-6edbb12a/0036_DSC_0418/r1l6,688,False,ok,0.3548,ok,0.3548,0.0
Svea_Hovraett_etc_export_job_4502445_845640_Svea_Hovraett_-_Advokatfiskalen_Jaemtlands_laen__1702__3-6edbb12a/0036_DSC_0418/r1l7,695,False,ok,0.0588,ok,0.0588,0.0
Svea_Hovraett_etc_export_job_4502445_845640_Svea_Hovraett_-_Advokatfiskalen_Jaemtlands_laen__1702__3-6edbb12a/0036_DSC_0418/r1l8,704,False,ok,0.2105,ok,0.2105,0.0
Svea_Hovraett_etc_export_job_4502445_845640_Svea_Hovraett_-_Advokatfiskalen_Jaemtlands_laen__1702__3-6edbb12a/0036_DSC_0418/r1l9,291,False,ok,0.0769,ok,0.0769,0.0
Svea_Hovraett_etc_export_job_4502445_845640_Svea_Hovraett_-_Advokatfiskalen_Jaemtlands_laen__1702__3-6edbb12a/0036_DSC_0418/r1l10,703,False,ok,0.3056,ok,0.3056,0.0
Svea_Hovraett_etc_export_job_4502445_845640_Svea_Hovraett_-_Advokatfiskalen_Jaemtlands_laen__1702__3-6edbb12a/0036_DSC_0418/r1l11,710,False,ok,0.1818,ok,0.1818,0.0
Svea_Hovraett_etc_export_job_4502445_845640_Svea_Hovraett_-_Advokatfiskalen_Jaemtlands_laen__1702__3-6edbb12a/0036_DSC_0418/r1l12,734,False,ok,0.2857,ok,0.2857,0.0
Svea_Hovraett_etc_export_job_4502445_845640_Svea_Hovraett_-_Advokatfiskalen_Jaemtlands_laen__1702__3-6edbb12a/0036_DSC_0418/r1l13,726,False,ok,0.1667,ok,0.1667,0.0
Svea_Hovraett_etc_export_job_4502445_845640_Svea_Hovraett_-_Advokatfiskalen_Jaemtlands_laen__1702__3-6edbb12a/0036_DSC_0418/r1l14,725,False,ok,0.2571,ok,0.2571,0.0
Svea_Hovraett_etc_export_job_4502445_845640_Svea_Hovraett_-_Advokatfiskalen_Jaemtlands_laen__1702__3-6edbb12a/0036_DSC_0418/r1l15,734,False,ok,0.1795,ok,0.1795,0.0
Svea_Hovraett_etc_export_job_4502445_845640_Svea_Hovraett_-_Advokatfiskalen_Jaemtlands_laen__1702__3-6edbb12a/0036_DSC_0418/r1l16,709,False,ok,0.0882,ok,0.0882,0.0
Svea_Hovraett_etc_export_job_4502445_845640_Svea_Hovraett_-_Advokatfiskalen_Jaemtlands_laen__1702__3-6edbb12a/0036_DSC_0418/r1l17,722,False,ok,0.1944,ok,0.1944,0.0
Svea_Hovraett_etc_export_job_4502445_845640_Svea_Hovraett_-_Advokatfiskalen_Jaemtlands_laen__1702__3-6edbb12a/0036_DSC_0418/r1l18,744,False,ok,0.2,ok,0.2,0.0
Svea_Hovraett_etc_export_job_4502445_845640_Svea_Hovraett_-_Advokatfiskalen_Jaemtlands_laen__1702__3-6edbb12a/0036_DSC_0418/r1l19,730,False,ok,0.0833,ok,0.0833,0.0
Svea_Hovraett_etc_export_job_4502445_845640_Svea_Hovraett_-_Advokatfiskalen_Jaemtlands_laen__1702__3-6edbb12a/0036_DSC_0418/r1l20,709,False,ok,0.1176,ok,0.1176,0.0
Svea_Hovraett_etc_export_job_4502445_845640_Svea_Hovraett_-_Advokatfiskalen_Jaemtlands_laen__1702__3-6edbb12a/0036_DSC_0418/r1l21,737,False,ok,0.0645,ok,0.0645,0.0
Svea_Hovraett_etc_export_job_4502445_845640_Svea_Hovraett_-_Advokatfiskalen_Jaemtlands_laen__1702__3-6edbb12a/0036_DSC_0418/r1l22,131,True,ok,1.0,ok,0.5,-0.5
Svea_Hovraett_etc_export_job_4502445_845640_Svea_Hovraett_-_Advokatfiskalen_Jaemtlands_laen__1702__3-6edbb12a/0036_DSC_0418/r3l1,78,True,ok,0.75,ok,1.0,0.25
Svea_Hovraett_etc_export_job_4502445_845640_Svea_Hovraett_-_Advokatfiskalen_Jaemtlands_laen__1702__3-6edbb12a/0036_DSC_0418/r2l1,682,False,ok,0.8,ok,0.8,0.0
Svea_Hovraett_etc_export_job_4502445_845640_Svea_Hovraett_-_Advokatfiskalen_Jaemtlands_laen__1702__3-6edbb12a/0036_DSC_0418/r2l2,672,False,ok,0.8387,ok,0.8387,0.0
Svea_Hovraett_etc_export_job_4502445_845640_Svea_Hovraett_-_Advokatfiskalen_Jaemtlands_laen__1702__3-6edbb12a/0036_DSC_0418/r2l3,663,False,ok,0.8182,ok,0.8182,0.0
Svea_Hovraett_etc_export_job_4502445_845640_Svea_Hovraett_-_Advokatfiskalen_Jaemtlands_laen__1702__3-6edbb12a/0036_DSC_0418/r2l4,684,False,ok,0.5455,ok,0.5455,0.0
Svea_Hovraett_etc_export_job_4502445_845640_Svea_Hovraett_-_Advokatfiskalen_Jaemtlands_laen__1702__3-6edbb12a/0036_DSC_0418/r2l5,691,False,ok,0.6111,ok,0.6111,0.0
Svea_Hovraett_etc_export_job_4502445_845640_Svea_Hovraett_-_Advokatfiskalen_Jaemtlands_laen__1702__3-6edbb12a/0036_DSC_0418/r2l6,686,False,ok,0.2258,ok,0.2258,0.0
Svea_Hovraett_etc_export_job_4502445_845640_Svea_Hovraett_-_Advokatfiskalen_Jaemtlands_laen__1702__3-6edbb12a/0036_DSC_0418/r2l7,677,False,ok,0.4138,ok,0.4138,0.0
Svea_Hovraett_etc_export_job_4502445_845640_Svea_Hovraett_-_Advokatfiskalen_Jaemtlands_laen__1702__3-6edbb12a/0036_DSC_0418/r2l8,687,False,ok,0.2059,ok,0.2059,0.0
Svea_Hovraett_etc_export_job_4502445_845640_Svea_Hovraett_-_Advokatfiskalen_Jaemtlands_laen__1702__3-6edbb12a/0036_DSC_0418/r2l9,713,False,ok,0.3333,ok,0.3333,0.0
Svea_Hovraett_etc_export_job_4502445_845640_Svea_Hovraett_-_Advokatfiskalen_Jaemtlands_laen__1702__3-6edbb12a/0036_DSC_0418/r2l10,674,False,ok,0.2121,ok,0.2121,0.0
Svea_Hovraett_etc_export_job_4502445_845640_Svea_Hovraett_-_Advokatfiskalen_Jaemtlands_laen__1702__3-6edbb12a/0036_DSC_0418/r2l11,681,False,ok,0.2973,ok,0.2973,0.0
Svea_Hovraett_etc_export_job_4502445_845640_Svea_Hovraett_-_Advokatfiskalen_Jaemtlands_laen__1702__3-6edbb12a/0036_DSC_0418/r2l12,666,False,ok,0.325,ok,0.325,0.0
Svea_Hovraett_etc_export_job_4502445_845640_Svea_Hovraett_-_Advokatfiskalen_Jaemtlands_laen__1702__3-6edbb12a/0036_DSC_0418/r2l13,702,False,ok,0.0625,ok,0.0625,0.0
Svea_Hovraett_etc_export_job_4502445_845640_Svea_Hovraett_-_Advokatfiskalen_Jaemtlands_laen__1702__3-6edbb12a/0036_DSC_0418/r2l14,709,False,ok,0.3333,ok,0.3333,0.0
Svea_Hovraett_etc_export_job_4502445_845640_Svea_Hovraett_-_Advokatfiskalen_Jaemtlands_laen__1702__3-6edbb12a/0036_DSC_0418/r2l15,690,False,ok,0.2414,ok,0.2414,0.0
Svea_Hovraett_etc_export_job_4502445_845640_Svea_Hovraett_-_Advokatfiskalen_Jaemtlands_laen__1702__3-6edbb12a/0036_DSC_0418/r2l16,734,False,ok,0.3235,ok,0.3235,0.0
Svea_Hovraett_etc_export_job_4502445_845640_Svea_Hovraett_-_Advokatfiskalen_Jaemtlands_laen__1702__3-6edbb12a/0036_DSC_0418/r2l17,727,False,ok,0.25,ok,0.25,0.0
Svea_Hovraett_etc_export_job_4502445_845640_Svea_Hovraett_-_Advokatfiskalen_Jaemtlands_laen__1702__3-6edbb12a/0036_DSC_0418/r2l18,721,False,ok,0.2105,ok,0.2105,0.0
Svea_Hovraett_etc_export_job_4502445_845640_Svea_Hovraett_-_Advokatfiskalen_Jaemtlands_laen__1702__3-6edbb12a/0036_DSC_0418/r2l19,751,False,ok,0.2286,ok,0.2286,0.0
Svea_Hovraett_etc_export_job_4502445_845640_Svea_Hovraett_-_Advokatfiskalen_Jaemtlands_laen__1702__3-6edbb12a/0036_DSC_0418/r2l20,740,False,ok,0.1081,ok,0.1081,0.0
Svea_Hovraett_etc_export_job_4502445_845640_Svea_Hovraett_-_Advokatfiskalen_Jaemtlands_laen__1702__3-6edbb12a/0036_DSC_0418/r2l21,739,False,ok,0.3214,ok,0.3214,0.0
Svea_Hovraett_etc_export_job_4502445_845640_Svea_Hovraett_-_Advokatfiskalen_Jaemtlands_laen__1702__3-6edbb12a/0036_DSC_0418/r2l24,140,True,ok,1.0,ok,0.8333,-0.1667
Svea_Hovraett_etc_export_job_4502445_845640_Svea_Hovraett_-_Advokatfiskalen_Jaemtlands_laen__1702__3-6edbb12a/0037_DSC_0419/r1l1,594,False,ok,0.3243,ok,0.3243,0.0
Svea_Hovraett_etc_export_job_4502445_845640_Svea_Hovraett_-_Advokatfiskalen_Jaemtlands_laen__1702__3-6edbb12a/0037_DSC_0419/r1l2,617,False,ok,0.303,ok,0.303,0.0
Svea_Hovraett_etc_export_job_4502445_845640_Svea_Hovraett_-_Advokatfiskalen_Jaemtlands_laen__1702__3-6edbb12a/0037_DSC_0419/r1l3,606,False,ok,0.303,ok,0.303,0.0
Svea_Hovraett_etc_export_job_4502445_845640_Svea_Hovraett_-_Advokatfiskalen_Jaemtlands_laen__1702__3-6edbb12a/0037_DSC_0419/r1l4,440,False,ok,0.2222,ok,0.2222,0.0
Svea_Hovraett_etc_export_job_4502445_845640_Svea_Hovraett_-_Advokatfiskalen_Jaemtlands_laen__1702__3-6edbb12a/0037_DSC_0419/r1l5,668,False,ok,0.4138,ok,0.4138,0.0
Svea_Hovraett_etc_export_job_4502445_845640_Svea_Hovraett_-_Advokatfiskalen_Jaemtlands_laen__1702__3-6edbb12a/0037_DSC_0419/r1l6,627,False,ok,0.2333,ok,0.2333,0.0
Svea_Hovraett_etc_export_job_4502445_845640_Svea_Hovraett_-_Advokatfiskalen_Jaemtlands_laen__1702__3-6edbb12a/0037_DSC_0419/r1l7,621,False,ok,0.2353,ok,0.2353,0.0
Svea_Hovraett_etc_export_job_4502445_845640_Svea_Hovraett_-_Advokatfiskalen_Jaemtlands_laen__1702__3-6edbb12a/0037_DSC_0419/r1l8,617,False,ok,0.2581,ok,0.2581,0.0
Svea_Hovraett_etc_export_job_4502445_845640_Svea_Hovraett_-_Advokatfiskalen_Jaemtlands_laen__1702__3-6edbb12a/0037_DSC_0419/r1l9,629,False,ok,0.2059,ok,0.2059,0.0
Svea_Hovraett_etc_export_job_4502445_845640_Svea_Hovraett_-_Advokatfiskalen_Jaemtlands_laen__1702__3-6edbb12a/0037_DSC_0419/r1l10,624,False,ok,0.1333,ok,0.1333,0.0
Svea_Hovraett_etc_export_job_4502445_845640_Svea_Hovraett_-_Advokatfiskalen_Jaemtlands_laen__1702__3-6edbb12a/0037_DSC_0419/r1l11,530,False,ok,0.0,ok,0.0,0.0
Svea_Hovraett_etc_export_job_4502445_845640_Svea_Hovraett_-_Advokatfiskalen_Jaemtlands_laen__1702__3-6edbb12a/0037_DSC_0419/r1l12,645,False,ok,0.3,ok,0.3,0.0
Svea_Hovraett_etc_export_job_4502445_845640_Svea_Hovraett_-_Advokatfiskalen_Jaemtlands_laen__1702__3-6edbb12a/0037_DSC_0419/r1l13,652,False,ok,0.2222,ok,0.2222,0.0
Svea_Hovraett_etc_export_job_4502445_845640_Svea_Hovraett_-_Advokatfiskalen_Jaemtlands_laen__1702__3-6edbb12a/0037_DSC_0419/r1l14,651,False,ok,0.2121,ok,0.2121,0.0
Svea_Hovraett_etc_export_job_4502445_845640_Svea_Hovraett_-_Advokatfiskalen_Jaemtlands_laen__1702__3-6edbb12a/0037_DSC_0419/r1l15,658,False,ok,0.2258,ok,0.2258,0.0
Svea_Hovraett_etc_export_job_4502445_845640_Svea_Hovraett_-_Advokatfiskalen_Jaemtlands_laen__1702__3-6edbb12a/0037_DSC_0419/r1l16,663,False,ok,0.1714,ok,0.1714,0.0
Svea_Hovraett_etc_export_job_4502445_845640_Svea_Hovraett_-_Advokatfiskalen_Jaemtlands_laen__1702__3-6edbb12a/0037_DSC_0419/r1l17,653,False,ok,0.2258,ok,0.2258,0.0
Svea_Hovraett_etc_export_job_4502445_845640_Svea_Hovraett_-_Advokatfiskalen_Jaemtlands_laen__1702__3-6edbb12a/0037_DSC_0419/r1l18,596,False,ok,0.0741,ok,0.0741,0.0
Svea_Hovraett_etc_export_job_4502445_845640_Svea_Hovraett_-_Advokatfiskalen_Jaemtlands_laen__1702__3-6edbb12a/0037_DSC_0419/r1l19,697,False,ok,0.3438,ok,0.3438,0.0
Svea_Hovraett_etc_export_job_4502445_845640_Svea_Hovraett_-_Advokatfiskalen_Jaemtlands_laen__1702__3-6edbb12a/0037_DSC_0419/r1l20,696,False,ok,0.2121,ok,0.2121,0.0
Svea_Hovraett_etc_export_job_4502445_845640_Svea_Hovraett_-_Advokatfiskalen_Jaemtlands_laen__1702__3-6edbb12a/0037_DSC_0419/r1l21,699,False,ok,0.1333,ok,0.1333,0.0
Svea_Hovraett_etc_export_job_4502445_845640_Svea_Hovraett_-_Advokatfiskalen_Jaemtlands_laen__1702__3-6edbb12a/0037_DSC_0419/r1l22,102,True,ok,1.0,ok,1.0,0.0
Svea_Hovraett_etc_export_job_4502445_845640_Svea_Hovraett_-_Advokatfiskalen_Jaemtlands_laen__1702__3-6edbb12a/0037_DSC_0419/r2l1,76,True,ok,1.0,ok,1.0,0.0
Svea_Hovraett_etc_export_job_4502445_845640_Svea_Hovraett_-_Advokatfiskalen_Jaemtlands_laen__1702__3-6edbb12a/0037_DSC_0419/r2l2,633,False,ok,0.6857,ok,0.6857,0.0
Svea_Hovraett_etc_export_job_4502445_845640_Svea_Hovraett_-_Advokatfiskalen_Jaemtlands_laen__1702__3-6edbb12a/0037_DSC_0419/r2l3,618,False,ok,0.641,ok,0.641,0.0
Svea_Hovraett_etc_export_job_4502445_845640_Svea_Hovraett_-_Advokatfiskalen_Jaemtlands_laen__1702__3-6edbb12a/0037_DSC_0419/r2l4,641,False,ok,0.7879,ok,0.7879,0.0
Svea_Hovraett_etc_export_job_4502445_845640_Svea_Hovraett_-_Advokatfiskalen_Jaemtlands_laen__1702__3-6edbb12a/0037_DSC_0419/r2l5,638,False,ok,0.5714,ok,0.5714,0.0
Svea_Hovraett_etc_export_job_4502445_845640_Svea_Hovraett_-_Advokatfiskalen_Jaemtlands_laen__1702__3-6edbb12a/0037_DSC_0419/r2l6,621,False,ok,0.2759,ok,0.2759,0.0
Svea_Hovraett_etc_export_job_4502445_845640_Svea_Hovraett_-_Advokatfiskalen_Jaemtlands_laen__1702__3-6edbb12a/0037_DSC_0419/r2l7,609,False,ok,0.1562,ok,0.1562,0.0
Svea_Hovraett_etc_export_job_4502445_845640_Svea_Hovraett_-_Advokatfiskalen_Jaemtlands_laen__1702__3-6edbb12a/0037_DSC_0419/r2l8,645,False,ok,0.2571,ok,0.2571,0.0
Svea_Hovraett_etc_export_job_4502445_845640_Svea_Hovraett_-_Advokatfiskalen_Jaemtlands_laen__1702__3-6edbb12a/0037_DSC_0419/r2l9,647,False,ok,0.1515,ok,0.1515,0.0
Svea_Hovraett_etc_export_job_4502445_845640_Svea_Hovraett_-_Advokatfiskalen_Jaemtlands_laen__1702__3-6edbb12a/0037_DSC_0419/r2l10,666,False,ok,0.4359,ok,0.4359,0.0
Svea_Hovraett_etc_export_job_4502445_845640_Svea_Hovraett_-_Advokatfiskalen_Jaemtlands_laen__1702__3-6edbb12a/0037_DSC_0419/r2l11,691,False,ok,0.2,ok,0.2,0.0
Svea_Hovraett_etc_export_job_4502445_845640_Svea_Hovraett_-_Advokatfiskalen_Jaemtlands_laen__1702__3-6edbb12a/0037_DSC_0419/r2l12,701,False,ok,0.1053,ok,0.1053,0.0
Svea_Hovraett_etc_export_job_4502445_845640_Svea_Hovraett_-_Advokatfiskalen_Jaemtlands_laen__1702__3-6edbb12a/0037_DSC_0419/r2l13,657,False,ok,0.1,ok,0.1,0.0
Svea_Hovraett_etc_export_job_4502445_845640_Svea_Hovraett_-_Advokatfiskalen_Jaemtlands_laen__1702__3-6edbb12a/0037_DSC_0419/r2l14,712,False,ok,0.2051,ok,0.2051,0.0
Svea_Hovraett_etc_export_job_4502445_845640_Svea_Hovraett_-_Advokatfiskalen_Jaemtlands_laen__1702__3-6edbb12a/0037_DSC_0419/r2l15,688,False,ok,0.4483,ok,0.4483,0.0
Svea_Hovraett_etc_export_job_4502445_845640_Svea_Hovraett_-_Advokatfiskalen_Jaemtlands_laen__1702__3-6edbb12a/0037_DSC_0419/r2l16,689,False,ok,0.4412,ok,0.4412,0.0
Svea_Hovraett_etc_export_job_4502445_845640_Svea_Hovraett_-_Advokatfiskalen_Jaemtlands_laen__1702__3-6edbb12a/0037_DSC_0419/r2l17,677,False,ok,0.1429,ok,0.1429,0.0
Svea_Hovraett_etc_export_job_4502445_845640_Svea_Hovraett_-_Advokatfiskalen_Jaemtlands_laen__1702__3-6edbb12a/0037_DSC_0419/r2l18,677,False,ok,0.0968,ok,0.0968,0.0
Svea_Hovraett_etc_export_job_4502445_845640_Svea_Hovraett_-_Advokatfiskalen_Jaemtlands_laen__1702__3-6edbb12a/0037_DSC_0419/r2l19,216,True,ok,0.3333,ok,0.2222,-0.1111
Svea_Hovraett_etc_export_job_4502445_845640_Svea_Hovraett_-_Advokatfiskalen_Jaemtlands_laen__1702__3-6edbb12a/0037_DSC_0419/r2l20,707,False,ok,0.3235,ok,0.3235,0.0
Svea_Hovraett_etc_export_job_4502445_845640_Svea_Hovraett_-_Advokatfiskalen_Jaemtlands_laen__1702__3-6edbb12a/0037_DSC_0419/r2l22,714,False,ok,0.25,ok,0.25,0.0
Svea_Hovraett_etc_export_job_4502445_845640_Svea_Hovraett_-_Advokatfiskalen_Jaemtlands_laen__1702__3-6edbb12a/0037_DSC_0419/r2l23,150,True,ok,1.0,ok,0.6667,-0.3333
Svea_Hovraett_etc_export_job_4502445_845640_Svea_Hovraett_-_Advokatfiskalen_Jaemtlands_laen__1702__3-6edbb12a/0038_DSC_0420/r1l1,634,False,ok,0.8378,ok,0.8378,0.0
Svea_Hovraett_etc_export_job_4502445_845640_Svea_Hovraett_-_Advokatfiskalen_Jaemtlands_laen__1702__3-6edbb12a/0038_DSC_0420/r1l2,628,False,ok,0.7941,ok,0.7941,0.0
Svea_Hovraett_etc_export_job_4502445_845640_Svea_Hovraett_-_Advokatfiskalen_Jaemtlands_laen__1702__3-6edbb12a/0038_DSC_0420/r1l3,619,False,ok,0.5278,ok,0.5278,0.0
Svea_Hovraett_etc_export_job_4502445_845640_Svea_Hovraett_-_Advokatfiskalen_Jaemtlands_laen__1702__3-6edbb12a/0038_DSC_0420/r1l4,401,False,ok,0.0588,ok,0.0588,0.0
Svea_Hovraett_etc_export_job_4502445_845640_Svea_Hovraett_-_Advokatfiskalen_Jaemtlands_laen__1702__3-6edbb12a/0038_DSC_0420/r1l5,638,False,ok,0.5714,ok,0.5714,0.0
Svea_Hovraett_etc_export_job_4502445_845640_Svea_Hovraett_-_Advokatfiskalen_Jaemtlands_laen__1702__3-6edbb12a/0038_DSC_0420/r1l6,360,False,ok,0.3529,ok,0.3529,0.0
Svea_Hovraett_etc_export_job_4502445_845640_Svea_Hovraett_-_Advokatfiskalen_Jaemtlands_laen__1702__3-6edbb12a/0038_DSC_0420/r1l7,576,False,ok,0.4062,ok,0.4062,0.0
Svea_Hovraett_etc_export_job_4502445_845640_Svea_Hovraett_-_Advokatfiskalen_Jaemtlands_laen__1702__3-6edbb12a/0038_DSC_0420/r1l8,660,False,ok,0.2162,ok,0.2162,0.0
Svea_Hovraett_etc_export_job_4502445_845640_Svea_Hovraett_-_Advokatfiskalen_Jaemtlands_laen__1702__3-6edbb12a/0038_DSC_0420/r1l9,673,False,ok,0.2727,ok,0.2727,0.0
Svea_Hovraett_etc_export_job_4502445_845640_Svea_Hovraett_-_Advokatfiskalen_Jaemtlands_laen__1702__3-6edbb12a/0038_DSC_0420/r1l10,658,False,ok,0.3611,ok,0.3611,0.0
Svea_Hovraett_etc_export_job_4502445_845640_Svea_Hovraett_-_Advokatfiskalen_Jaemtlands_laen__1702__3-6edbb12a/0038_DSC_0420/r1l11,679,False,ok,0.1212,ok,0.1212,0.0
Svea_Hovraett_etc_export_job_4502445_845640_Svea_Hovraett_-_Advokatfiskalen_Jaemtlands_laen__1702__3-6edbb12a/0038_DSC_0420/r1l12,679,False,ok,0.0938,ok,0.0938,0.0
Svea_Hovraett_etc_export_job_4502445_845640_Svea_Hovraett_-_Advokatfiskalen_Jaemtlands_laen__1702__3-6edbb12a/0038_DSC_0420/r1l13,688,False,ok,0.1071,ok,0.1071,0.0
Svea_Hovraett_etc_export_job_4502445_845640_Svea_Hovraett_-_Advokatfiskalen_Jaemtlands_laen__1702__3-6edbb12a/0038_DSC_0420/r1l14,696,False,ok,0.1944,ok,0.1944,0.0
Svea_Hovraett_etc_export_job_4502445_845640_Svea_Hovraett_-_Advokatfiskalen_Jaemtlands_laen__1702__3-6edbb12a/0038_DSC_0420/r1l15,682,False,ok,0.2121,ok,0.2121,0.0
Svea_Hovraett_etc_export_job_4502445_845640_Svea_Hovraett_-_Advokatfiskalen_Jaemtlands_laen__1702__3-6edbb12a/0038_DSC_0420/r1l16,700,False,ok,0.325,ok,0.325,0.0
Svea_Hovraett_etc_export_job_4502445_845640_Svea_Hovraett_-_Advokatfiskalen_Jaemtlands_laen__1702__3-6edbb12a/0038_DSC_0420/r1l17,691,False,ok,0.1176,ok,0.1176,0.0
Svea_Hovraett_etc_export_job_4502445_845640_Svea_Hovraett_-_Advokatfiskalen_Jaemtlands_laen__1702__3-6edbb12a/0038_DSC_0420/r1l18,601,False,ok,0.1071,ok,0.1071,0.0
Svea_Hovraett_etc_export_job_4502445_845640_Svea_Hovraett_-_Advokatfiskalen_Jaemtlands_laen__1702__3-6edbb12a/0038_DSC_0420/r1l19,714,False,ok,0.1707,ok,0.1707,0.0
Svea_Hovraett_etc_export_job_4502445_845640_Svea_Hovraett_-_Advokatfiskalen_Jaemtlands_laen__1702__3-6edbb12a/0038_DSC_0420/r1l21,720,False,ok,0.3,ok,0.3,0.0
Svea_Hovraett_etc_export_job_4502445_845640_Svea_Hovraett_-_Advokatfiskalen_Jaemtlands_laen__1702__3-6edbb12a/0038_DSC_0420/line_1638793278183_472,672,False,ok,0.8,ok,0.8,0.0
Svea_Hovraett_etc_export_job_4502445_845640_Svea_Hovraett_-_Advokatfiskalen_Jaemtlands_laen__1702__3-6edbb12a/0038_DSC_0420/r2l3,640,False,ok,0.7714,ok,0.7714,0.0
Svea_Hovraett_etc_export_job_4502445_845640_Svea_Hovraett_-_Advokatfiskalen_Jaemtlands_laen__1702__3-6edbb12a/0038_DSC_0420/r2l4,655,False,ok,0.4848,ok,0.4848,0.0
Svea_Hovraett_etc_export_job_4502445_845640_Svea_Hovraett_-_Advokatfiskalen_Jaemtlands_laen__1702__3-6edbb12a/0038_DSC_0420/r2l5,643,False,ok,0.7333,ok,0.7333,0.0
Svea_Hovraett_etc_export_job_4502445_845640_Svea_Hovraett_-_Advokatfiskalen_Jaemtlands_laen__1702__3-6edbb12a/0038_DSC_0420/r2l6,673,False,ok,0.4545,ok,0.4545,0.0
Svea_Hovraett_etc_export_job_4502445_845640_Svea_Hovraett_-_Advokatfiskalen_Jaemtlands_laen__1702__3-6edbb12a/0038_DSC_0420/r2l7,683,False,ok,0.4706,ok,0.4706,0.0
Svea_Hovraett_etc_export_job_4502445_845640_Svea_Hovraett_-_Advokatfiskalen_Jaemtlands_laen__1702__3-6edbb12a/0038_DSC_0420/r2l8,687,False,ok,0.3056,ok,0.3056,0.0
Svea_Hovraett_etc_export_job_4502445_845640_Svea_Hovraett_-_Advokatfiskalen_Jaemtlands_laen__1702__3-6edbb12a/0038_DSC_0420/r2l9,687,False,ok,0.2857,ok,0.2857,0.0
Svea_Hovraett_etc_export_job_4502445_845640_Svea_Hovraett_-_Advokatfiskalen_Jaemtlands_laen__1702__3-6edbb12a/0038_DSC_0420/r2l10,278,False,ok,0.4286,ok,0.4286,0.0
Svea_Hovraett_etc_export_job_4502445_845640_Svea_Hovraett_-_Advokatfiskalen_Jaemtlands_laen__1702__3-6edbb12a/0038_DSC_0420/r2l11,709,False,ok,0.4242,ok,0.4242,0.0
Svea_Hovraett_etc_export_job_4502445_845640_Svea_Hovraett_-_Advokatfiskalen_Jaemtlands_laen__1702__3-6edbb12a/0038_DSC_0420/r2l12,692,False,ok,0.4722,ok,0.4722,0.0
Svea_Hovraett_etc_export_job_4502445_845640_Svea_Hovraett_-_Advokatfiskalen_Jaemtlands_laen__1702__3-6edbb12a/0038_DSC_0420/r2l13,695,False,ok,0.4706,ok,0.4706,0.0
Svea_Hovraett_etc_export_job_4502445_845640_Svea_Hovraett_-_Advokatfiskalen_Jaemtlands_laen__1702__3-6edbb12a/0038_DSC_0420/r2l14,704,False,ok,0.7,ok,0.7,0.0
Svea_Hovraett_etc_export_job_4502445_845640_Svea_Hovraett_-_Advokatfiskalen_Jaemtlands_laen__1702__3-6edbb12a/0038_DSC_0420/r2l15,708,False,ok,0.3514,ok,0.3514,0.0
Svea_Hovraett_etc_export_job_4502445_845640_Svea_Hovraett_-_Advokatfiskalen_Jaemtlands_laen__1702__3-6edbb12a/0038_DSC_0420/r2l16,707,False,ok,0.3429,ok,0.3429,0.0
Svea_Hovraett_etc_export_job_4502445_845640_Svea_Hovraett_-_Advokatfiskalen_Jaemtlands_laen__1702__3-6edbb12a/0038_DSC_0420/r2l17,696,False,ok,0.2121,ok,0.2121,0.0
Svea_Hovraett_etc_export_job_4502445_845640_Svea_Hovraett_-_Advokatfiskalen_Jaemtlands_laen__1702__3-6edbb12a/0038_DSC_0420/r2l18,714,False,ok,0.2647,ok,0.2647,0.0
Svea_Hovraett_etc_export_job_4502445_845640_Svea_Hovraett_-_Advokatfiskalen_Jaemtlands_laen__1702__3-6edbb12a/0038_DSC_0420/r2l19,721,False,ok,0.3514,ok,0.3514,0.0
Svea_Hovraett_etc_export_job_4502445_845640_Svea_Hovraett_-_Advokatfiskalen_Jaemtlands_laen__1702__3-6edbb12a/0038_DSC_0420/r2l20,742,False,ok,0.2973,ok,0.2973,0.0
Svea_Hovraett_etc_export_job_4502445_845640_Svea_Hovraett_-_Advokatfiskalen_Jaemtlands_laen__1702__3-6edbb12a/0038_DSC_0420/r2l21,743,False,ok,0.3235,ok,0.3235,0.0
Svea_Hovraett_etc_export_job_4502445_845640_Svea_Hovraett_-_Advokatfiskalen_Jaemtlands_laen__1702__3-6edbb12a/0038_DSC_0420/r2l22,748,False,ok,0.4545,ok,0.4545,0.0
Svea_Hovraett_etc_export_job_4502445_845640_Svea_Hovraett_-_Advokatfiskalen_Jaemtlands_laen__1702__3-6edbb12a/0038_DSC_0420/r2l23,119,True,ok,1.0,empty,1.0,0.0
Svea_Hovraett_etc_export_job_4502445_845640_Svea_Hovraett_-_Advokatfiskalen_Jaemtlands_laen__1702__3-6edbb12a/0038_DSC_0420/r3l2,75,True,ok,0.6667,ok,1.0,0.3333
Svea_Hovraett_etc_export_job_4502445_845640_Svea_Hovraett_-_Advokatfiskalen_Jaemtlands_laen__1702__3-6edbb12a/0039_DSC_0421/r1l1,638,False,ok,0.7353,ok,0.7353,0.0
Svea_Hovraett_etc_export_job_4502445_845640_Svea_Hovraett_-_Advokatfiskalen_Jaemtlands_laen__1702__3-6edbb12a/0039_DSC_0421/r1l2,629,False,ok,0.4839,ok,0.4839,0.0
Svea_Hovraett_etc_export_job_4502445_845640_Svea_Hovraett_-_Advokatfiskalen_Jaemtlands_laen__1702__3-6edbb12a/0039_DSC_0421/r1l3,664,False,ok,0.4688,ok,0.4688,0.0
Svea_Hovraett_etc_export_job_4502445_845640_Svea_Hovraett_-_Advokatfiskalen_Jaemtlands_laen__1702__3-6edbb12a/0039_DSC_0421/r1l4,630,False,ok,0.2941,ok,0.2941,0.0
Svea_Hovraett_etc_export_job_4502445_845640_Svea_Hovraett_-_Advokatfiskalen_Jaemtlands_laen__1702__3-6edbb12a/0039_DSC_0421/r1l5,598,False,ok,0.1429,ok,0.1429,0.0
Svea_Hovraett_etc_export_job_4502445_845640_Svea_Hovraett_-_Advokatfiskalen_Jaemtlands_laen__1702__3-6edbb12a/0039_DSC_0421/r1l6,661,False,ok,0.2812,ok,0.2812,0.0
Svea_Hovraett_etc_export_job_4502445_845640_Svea_Hovraett_-_Advokatfiskalen_Jaemtlands_laen__1702__3-6edbb12a/0039_DSC_0421/r1l7,654,False,ok,0.2121,ok,0.2121,0.0
Svea_Hovraett_etc_export_job_4502445_845640_Svea_Hovraett_-_Advokatfiskalen_Jaemtlands_laen__1702__3-6edbb12a/0039_DSC_0421/r1l8,667,False,ok,0.2632,ok,0.2632,0.0
Svea_Hovraett_etc_export_job_4502445_845640_Svea_Hovraett_-_Advokatfiskalen_Jaemtlands_laen__1702__3-6edbb12a/0039_DSC_0421/r1l9,667,False,ok,0.0833,ok,0.0833,0.0
Svea_Hovraett_etc_export_job_4502445_845640_Svea_Hovraett_-_Advokatfiskalen_Jaemtlands_laen__1702__3-6edbb12a/0039_DSC_0421/r1l10,661,False,ok,0.0588,ok,0.0588,0.0
Svea_Hovraett_etc_export_job_4502445_845640_Svea_Hovraett_-_Advokatfiskalen_Jaemtlands_laen__1702__3-6edbb12a/0039_DSC_0421/r1l11,673,False,ok,0.1143,ok,0.1143,0.0
Svea_Hovraett_etc_export_job_4502445_845640_Svea_Hovraett_-_Advokatfiskalen_Jaemtlands_laen__1702__3-6edbb12a/0039_DSC_0421/r1l12,669,False,ok,0.0909,ok,0.0909,0.0
Svea_Hovraett_etc_export_job_4502445_845640_Svea_Hovraett_-_Advokatfiskalen_Jaemtlands_laen__1702__3-6edbb12a/0039_DSC_0421/r1l13,691,False,ok,0.2222,ok,0.2222,0.0
Svea_Hovraett_etc_export_job_4502445_845640_Svea_Hovraett_-_Advokatfiskalen_Jaemtlands_laen__1702__3-6edbb12a/0039_DSC_0421/r1l14,696,False,ok,0.2105,ok,0.2105,0.0
Svea_Hovraett_etc_export_job_4502445_845640_Svea_Hovraett_-_Advokatfiskalen_Jaemtlands_laen__1702__3-6edbb12a/0039_DSC_0421/r1l15,679,False,ok,0.1316,ok,0.1316,0.0
Svea_Hovraett_etc_export_job_4502445_845640_Svea_Hovraett_-_Advokatfiskalen_Jaemtlands_laen__1702__3-6edbb12a/0039_DSC_0421/r1l16,686,False,ok,0.1667,ok,0.1667,0.0
Svea_Hovraett_etc_export_job_4502445_845640_Svea_Hovraett_-_Advokatfiskalen_Jaemtlands_laen__1702__3-6edbb12a/0039_DSC_0421/r1l17,696,False,ok,0.1143,ok,0.1143,0.0
Svea_Hovraett_etc_export_job_4502445_845640_Svea_Hovraett_-_Advokatfiskalen_Jaemtlands_laen__1702__3-6edbb12a/0039_DSC_0421/r1l18,709,False,ok,0.1282,ok,0.1282,0.0
Svea_Hovraett_etc_export_job_4502445_845640_Svea_Hovraett_-_Advokatfiskalen_Jaemtlands_laen__1702__3-6edbb12a/0039_DSC_0421/r1l19,700,False,ok,0.0606,ok,0.0606,0.0
Svea_Hovraett_etc_export_job_4502445_845640_Svea_Hovraett_-_Advokatfiskalen_Jaemtlands_laen__1702__3-6edbb12a/0039_DSC_0421/r1l21,713,False,ok,0.0645,ok,0.0645,0.0
Svea_Hovraett_etc_export_job_4502445_845640_Svea_Hovraett_-_Advokatfiskalen_Jaemtlands_laen__1702__3-6edbb12a/0039_DSC_0421/r1l22,720,False,ok,0.1081,ok,0.1081,0.0
Svea_Hovraett_etc_export_job_4502445_845640_Svea_Hovraett_-_Advokatfiskalen_Jaemtlands_laen__1702__3-6edbb12a/0039_DSC_0421/r2l1,625,False,ok,0.8049,ok,0.8049,0.0
Svea_Hovraett_etc_export_job_4502445_845640_Svea_Hovraett_-_Advokatfiskalen_Jaemtlands_laen__1702__3-6edbb12a/0039_DSC_0421/r2l2,633,False,ok,0.9143,ok,0.9143,0.0
Svea_Hovraett_etc_export_job_4502445_845640_Svea_Hovraett_-_Advokatfiskalen_Jaemtlands_laen__1702__3-6edbb12a/0039_DSC_0421/r2l3,632,False,ok,0.8788,ok,0.8788,0.0
Svea_Hovraett_etc_export_job_4502445_845640_Svea_Hovraett_-_Advokatfiskalen_Jaemtlands_laen__1702__3-6edbb12a/0039_DSC_0421/r2l4,644,False,ok,0.7879,ok,0.7879,0.0
Svea_Hovraett_etc_export_job_4502445_845640_Svea_Hovraett_-_Advokatfiskalen_Jaemtlands_laen__1702__3-6edbb12a/0039_DSC_0421/r2l5,654,False,ok,0.3824,ok,0.3824,0.0
Svea_Hovraett_etc_export_job_4502445_845640_Svea_Hovraett_-_Advokatfiskalen_Jaemtlands_laen__1702__3-6edbb12a/0039_DSC_0421/r2l6,677,False,ok,0.3939,ok,0.3939,0.0
Svea_Hovraett_etc_export_job_4502445_845640_Svea_Hovraett_-_Advokatfiskalen_Jaemtlands_laen__1702__3-6edbb12a/0039_DSC_0421/r2l7,660,False,ok,0.4839,ok,0.4839,0.0
Svea_Hovraett_etc_export_job_4502445_845640_Svea_Hovraett_-_Advokatfiskalen_Jaemtlands_laen__1702__3-6edbb12a/0039_DSC_0421/r2l8,672,False,ok,0.3611,ok,0.3611,0.0
Svea_Hovraett_etc_export_job_4502445_845640_Svea_Hovraett_-_Advokatfiskalen_Jaemtlands_laen__1702__3-6edbb12a/0039_DSC_0421/r2l9,670,False,ok,0.5312,ok,0.5312,0.0
Svea_Hovraett_etc_export_job_4502445_845640_Svea_Hovraett_-_Advokatfiskalen_Jaemtlands_laen__1702__3-6edbb12a/0039_DSC_0421/r2l10,666,False,ok,0.1515,ok,0.1515,0.0
Svea_Hovraett_etc_export_job_4502445_845640_Svea_Hovraett_-_Advokatfiskalen_Jaemtlands_laen__1702__3-6edbb12a/0039_DSC_0421/r2l11,698,False,ok,0.2778,ok,0.2778,0.0
Svea_Hovraett_etc_export_job_4502445_845640_Svea_Hovraett_-_Advokatfiskalen_Jaemtlands_laen__1702__3-6edbb12a/0039_DSC_0421/r2l12,690,False,ok,0.2903,ok,0.2903,0.0
Svea_Hovraett_etc_export_job_4502445_845640_Svea_Hovraett_-_Advokatfiskalen_Jaemtlands_laen__1702__3-6edbb12a/0039_DSC_0421/r2l13,696,False,ok,0.2,ok,0.2,0.0
Svea_Hovraett_etc_export_job_4502445_845640_Svea_Hovraett_-_Advokatfiskalen_Jaemtlands_laen__1702__3-6edbb12a/0039_DSC_0421/r2l14,697,False,ok,0.2778,ok,0.2778,0.0
Svea_Hovraett_etc_export_job_4502445_845640_Svea_Hovraett_-_Advokatfiskalen_Jaemtlands_laen__1702__3-6edbb12a/0039_DSC_0421/r2l15,687,False,ok,0.303,ok,0.303,0.0
Svea_Hovraett_etc_export_job_4502445_845640_Svea_Hovraett_-_Advokatfiskalen_Jaemtlands_laen__1702__3-6edbb12a/0039_DSC_0421/r2l16,688,False,ok,0.3125,ok,0.3125,0.0
Svea_Hovraett_etc_export_job_4502445_845640_Svea_Hovraett_-_Advokatfiskalen_Jaemtlands_laen__1702__3-6edbb12a/0039_DSC_0421/r2l17,686,False,ok,0.3889,ok,0.3889,0.0
Svea_Hovraett_etc_export_job_4502445_845640_Svea_Hovraett_-_Advokatfiskalen_Jaemtlands_laen__1702__3-6edbb12a/0039_DSC_0421/r2l18,712,False,ok,0.2812,ok,0.2812,0.0
Svea_Hovraett_etc_export_job_4502445_845640_Svea_Hovraett_-_Advokatfiskalen_Jaemtlands_laen__1702__3-6edbb12a/0039_DSC_0421/r2l19,718,False,ok,0.5,ok,0.5,0.0
Svea_Hovraett_etc_export_job_4502445_845640_Svea_Hovraett_-_Advokatfiskalen_Jaemtlands_laen__1702__3-6edbb12a/0039_DSC_0421/r2l20,722,False,ok,0.2903,ok,0.2903,0.0
Svea_Hovraett_etc_export_job_4502445_845640_Svea_Hovraett_-_Advokatfiskalen_Jaemtlands_laen__1702__3-6edbb12a/0039_DSC_0421/r2l21,718,False,ok,0.3333,ok,0.3333,0.0
Svea_Hovraett_etc_export_job_4502445_845640_Svea_Hovraett_-_Advokatfiskalen_Jaemtlands_laen__1702__3-6edbb12a/0039_DSC_0421/r2l22,146,True,ok,0.8,ok,0.0,-0.8
Svea_Hovraett_etc_export_job_4502445_845640_Svea_Hovraett_-_Advokatfiskalen_Jaemtlands_laen__1702__3-6edbb12a/0039_DSC_0421/r3l2,58,True,ok,1.0,empty,1.0,0.0
Svea_Hovraett_etc_export_job_4502445_845640_Svea_Hovraett_-_Advokatfiskalen_Jaemtlands_laen__1702__3-6edbb12a/0040_DSC_0422/r1l1,624,False,ok,0.3333,ok,0.3333,0.0
Svea_Hovraett_etc_export_job_4502445_845640_Svea_Hovraett_-_Advokatfiskalen_Jaemtlands_laen__1702__3-6edbb12a/0040_DSC_0422/r1l2,625,False,ok,0.7941,ok,0.7941,0.0
Svea_Hovraett_etc_export_job_4502445_845640_Svea_Hovraett_-_Advokatfiskalen_Jaemtlands_laen__1702__3-6edbb12a/0040_DSC_0422/r1l3,610,False,ok,0.2857,ok,0.2857,0.0
Svea_Hovraett_etc_export_job_4502445_845640_Svea_Hovraett_-_Advokatfiskalen_Jaemtlands_laen__1702__3-6edbb12a/0040_DSC_0422/r1l4,753,False,ok,0.5946,ok,0.5946,0.0
Svea_Hovraett_etc_export_job_4502445_845640_Svea_Hovraett_-_Advokatfiskalen_Jaemtlands_laen__1702__3-6edbb12a/0040_DSC_0422/r1l5,635,False,ok,0.5714,ok,0.5714,0.0
Svea_Hovraett_etc_export_job_4502445_845640_Svea_Hovraett_-_Advokatfiskalen_Jaemtlands_laen__1702__3-6edbb12a/0040_DSC_0422/r1l6,626,False,ok,0.3611,ok,0.3611,0.0
Svea_Hovraett_etc_export_job_4502445_845640_Svea_Hovraett_-_Advokatfiskalen_Jaemtlands_laen__1702__3-6edbb12a/0040_DSC_0422/r1l7,672,False,ok,0.3143,ok,0.3143,0.0
Svea_Hovraett_etc_export_job_4502445_845640_Svea_Hovraett_-_Advokatfiskalen_Jaemtlands_laen__1702__3-6edbb12a/0040_DSC_0422/r1l8,651,False,ok,0.3514,ok,0.3514,0.0
Svea_Hovraett_etc_export_job_4502445_845640_Svea_Hovraett_-_Advokatfiskalen_Jaemtlands_laen__1702__3-6edbb12a/0040_DSC_0422/r1l9,672,False,ok,0.4167,ok,0.4167,0.0
Svea_Hovraett_etc_export_job_4502445_845640_Svea_Hovraett_-_Advokatfiskalen_Jaemtlands_laen__1702__3-6edbb12a/0040_DSC_0422/r1l10,665,False,ok,0.0645,ok,0.0645,0.0
Svea_Hovraett_etc_export_job_4502445_845640_Svea_Hovraett_-_Advokatfiskalen_Jaemtlands_laen__1702__3-6edbb12a/0040_DSC_0422/r1l11,677,False,ok,0.1176,ok,0.1176,0.0
Svea_Hovraett_etc_export_job_4502445_845640_Svea_Hovraett_-_Advokatfiskalen_Jaemtlands_laen__1702__3-6edbb12a/0040_DSC_0422/r1l12,682,False,ok,0.2286,ok,0.2286,0.0
Svea_Hovraett_etc_export_job_4502445_845640_Svea_Hovraett_-_Advokatfiskalen_Jaemtlands_laen__1702__3-6edbb12a/0040_DSC_0422/r1l13,684,False,ok,0.1875,ok,0.1875,0.0
Svea_Hovraett_etc_export_job_4502445_845640_Svea_Hovraett_-_Advokatfiskalen_Jaemtlands_laen__1702__3-6edbb12a/0040_DSC_0422/r1l14,694,False,ok,0.2973,ok,0.2973,0.0
Svea_Hovraett_etc_export_job_4502445_845640_Svea_Hovraett_-_Advokatfiskalen_Jaemtlands_laen__1702__3-6edbb12a/0040_DSC_0422/r1l15,684,False,ok,0.359,ok,0.359,0.0
Svea_Hovraett_etc_export_job_4502445_845640_Svea_Hovraett_-_Advokatfiskalen_Jaemtlands_laen__1702__3-6edbb12a/0040_DSC_0422/r1l16,671,False,ok,0.2286,ok,0.2286,0.0
Svea_Hovraett_etc_export_job_4502445_845640_Svea_Hovraett_-_Advokatfiskalen_Jaemtlands_laen__1702__3-6edbb12a/0040_DSC_0422/r1l17,698,False,ok,0.4898,ok,0.4898,0.0
Svea_Hovraett_etc_export_job_4502445_845640_Svea_Hovraett_-_Advokatfiskalen_Jaemtlands_laen__1702__3-6edbb12a/0040_DSC_0422/r1l18,677,False,ok,0.4412,ok,0.4412,0.0
Svea_Hovraett_etc_export_job_4502445_845640_Svea_Hovraett_-_Advokatfiskalen_Jaemtlands_laen__1702__3-6edbb12a/0040_DSC_0422/r1l19,702,False,ok,0.2941,ok,0.2941,0.0
Svea_Hovraett_etc_export_job_4502445_845640_Svea_Hovraett_-_Advokatfiskalen_Jaemtlands_laen__1702__3-6edbb12a/0040_DSC_0422/r1l20,700,False,ok,0.2941,ok,0.2941,0.0
Svea_Hovraett_etc_export_job_4502445_845640_Svea_Hovraett_-_Advokatfiskalen_Jaemtlands_laen__1702__3-6edbb12a/0040_DSC_0422/r1l21,75,True,empty,1.0,empty,1.0,0.0
Svea_Hovraett_etc_export_job_4502445_845640_Svea_Hovraett_-_Advokatfiskalen_Jaemtlands_laen__1702__3-6edbb12a/0040_DSC_0422/r2l1,60,True,ok,0.6667,empty,1.0,0.3333
Svea_Hovraett_etc_export_job_4502445_845640_Svea_Hovraett_-_Advokatfiskalen_Jaemtlands_laen__1702__3-6edbb12a/0040_DSC_0422/r2l2,649,False,ok,0.9512,ok,0.9512,0.0
Svea_Hovraett_etc_export_job_4502445_845640_Svea_Hovraett_-_Advokatfiskalen_Jaemtlands_laen__1702__3-6edbb12a/0040_DSC_0422/r2l3,654,False,ok,0.75,ok,0.75,0.0
Svea_Hovraett_etc_export_job_4502445_845640_Svea_Hovraett_-_Advokatfiskalen_Jaemtlands_laen__1702__3-6edbb12a/0040_DSC_0422/r2l4,670,False,ok,0.7059,ok,0.7059,0.0
Svea_Hovraett_etc_export_job_4502445_845640_Svea_Hovraett_-_Advokatfiskalen_Jaemtlands_laen__1702__3-6edbb12a/0040_DSC_0422/r2l5,668,False,ok,0.5897,ok,0.5897,0.0
Svea_Hovraett_etc_export_job_4502445_845640_Svea_Hovraett_-_Advokatfiskalen_Jaemtlands_laen__1702__3-6edbb12a/0040_DSC_0422/r2l6,653,False,ok,0.625,ok,0.625,0.0
Svea_Hovraett_etc_export_job_4502445_845640_Svea_Hovraett_-_Advokatfiskalen_Jaemtlands_laen__1702__3-6edbb12a/0040_DSC_0422/r2l7,647,False,ok,0.3667,ok,0.3667,0.0
Svea_Hovraett_etc_export_job_4502445_845640_Svea_Hovraett_-_Advokatfiskalen_Jaemtlands_laen__1702__3-6edbb12a/0040_DSC_0422/r2l8,684,False,ok,0.6562,ok,0.6562,0.0
Svea_Hovraett_etc_export_job_4502445_845640_Svea_Hovraett_-_Advokatfiskalen_Jaemtlands_laen__1702__3-6edbb12a/0040_DSC_0422/r2l9,518,False,ok,0.5417,ok,0.5417,0.0
Svea_Hovraett_etc_export_job_4502445_845640_Svea_Hovraett_-_Advokatfiskalen_Jaemtlands_laen__1702__3-6edbb12a/0040_DSC_0422/r2l10,771,False,ok,0.5556,ok,0.5556,0.0
Svea_Hovraett_etc_export_job_4502445_845640_Svea_Hovraett_-_Advokatfiskalen_Jaemtlands_laen__1702__3-6edbb12a/0040_DSC_0422/r2l11,669,False,ok,0.3824,ok,0.3824,0.0
Svea_Hovraett_etc_export_job_4502445_845640_Svea_Hovraett_-_Advokatfiskalen_Jaemtlands_laen__1702__3-6edbb12a/0040_DSC_0422/r2l12,710,False,ok,0.3333,ok,0.3333,0.0
Svea_Hovraett_etc_export_job_4502445_845640_Svea_Hovraett_-_Advokatfiskalen_Jaemtlands_laen__1702__3-6edbb12a/0040_DSC_0422/r2l13,679,False,ok,0.2727,ok,0.2727,0.0
Svea_Hovraett_etc_export_job_4502445_845640_Svea_Hovraett_-_Advokatfiskalen_Jaemtlands_laen__1702__3-6edbb12a/0040_DSC_0422/r2l14,692,False,ok,0.6316,ok,0.6316,0.0
Svea_Hovraett_etc_export_job_4502445_845640_Svea_Hovraett_-_Advokatfiskalen_Jaemtlands_laen__1702__3-6edbb12a/0040_DSC_0422/r2l15,702,False,ok,0.3243,ok,0.3243,0.0
Svea_Hovraett_etc_export_job_4502445_845640_Svea_Hovraett_-_Advokatfiskalen_Jaemtlands_laen__1702__3-6edbb12a/0040_DSC_0422/r2l16,708,False,ok,0.1935,ok,0.1935,0.0
Svea_Hovraett_etc_export_job_4502445_845640_Svea_Hovraett_-_Advokatfiskalen_Jaemtlands_laen__1702__3-6edbb12a/0040_DSC_0422/r2l17,700,False,ok,0.4634,ok,0.4634,0.0
Svea_Hovraett_etc_export_job_4502445_845640_Svea_Hovraett_-_Advokatfiskalen_Jaemtlands_laen__1702__3-6edbb12a/0040_DSC_0422/r2l18,704,False,ok,0.2432,ok,0.2432,0.0
Svea_Hovraett_etc_export_job_4502445_845640_Svea_Hovraett_-_Advokatfiskalen_Jaemtlands_laen__1702__3-6edbb12a/0040_DSC_0422/r2l19,706,False,ok,0.5185,ok,0.5185,0.0
Svea_Hovraett_etc_export_job_4502445_845640_Svea_Hovraett_-_Advokatfiskalen_Jaemtlands_laen__1702__3-6edbb12a/0040_DSC_0422/r2l20,711,False,ok,0.3333,ok,0.3333,0.0
Svea_Hovraett_etc_export_job_4502445_845640_Svea_Hovraett_-_Advokatfiskalen_Jaemtlands_laen__1702__3-6edbb12a/0040_DSC_0422/r2l21,715,False,ok,0.3939,ok,0.3939,0.0
Svea_Hovraett_etc_export_job_4502445_845640_Svea_Hovraett_-_Advokatfiskalen_Jaemtlands_laen__1702__3-6edbb12a/0040_DSC_0422/r2l22,161,True,ok,0.8333,ok,0.8333,0.0
Svea_Hovraett_etc_export_job_4502445_845640_Svea_Hovraett_-_Advokatfiskalen_Jaemtlands_laen__1702__3-6edbb12a/0041_DSC_0423/r1l1,681,False,ok,0.8182,ok,0.8182,0.0
Svea_Hovraett_etc_export_job_4502445_845640_Svea_Hovraett_-_Advokatfiskalen_Jaemtlands_laen__1702__3-6edbb12a/0041_DSC_0423/r1l2,686,False,ok,0.9333,ok,0.9333,0.0
Svea_Hovraett_etc_export_job_4502445_845640_Svea_Hovraett_-_Advokatfiskalen_Jaemtlands_laen__1702__3-6edbb12a/0041_DSC_0423/r1l3,694,False,ok,0.8286,ok,0.8286,0.0
Svea_Hovraett_etc_export_job_4502445_845640_Svea_Hovraett_-_Advokatfiskalen_Jaemtlands_laen__1702__3-6edbb12a/0041_DSC_0423/r1l4,702,False,ok,0.7714,ok,0.7714,0.0
Svea_Hovraett_etc_export_job_4502445_845640_Svea_Hovraett_-_Advokatfiskalen_Jaemtlands_laen__1702__3-6edbb12a/0041_DSC_0423/r1l5,703,False,ok,0.8065,ok,0.8065,0.0
Svea_Hovraett_etc_export_job_4502445_845640_Svea_Hovraett_-_Advokatfiskalen_Jaemtlands_laen__1702__3-6edbb12a/0041_DSC_0423/r1l6,703,False,ok,0.6,ok,0.6,0.0
Svea_Hovraett_etc_export_job_4502445_845640_Svea_Hovraett_-_Advokatfiskalen_Jaemtlands_laen__1702__3-6edbb12a/0041_DSC_0423/r1l7,710,False,ok,0.3611,ok,0.3611,0.0
Svea_Hovraett_etc_export_job_4502445_845640_Svea_Hovraett_-_Advokatfiskalen_Jaemtlands_laen__1702__3-6edbb12a/0041_DSC_0423/r1l8,720,False,ok,0.4571,ok,0.4571,0.0
Svea_Hovraett_etc_export_job_4502445_845640_Svea_Hovraett_-_Advokatfiskalen_Jaemtlands_laen__1702__3-6edbb12a/0041_DSC_0423/r1l9,746,False,ok,0.2941,ok,0.2941,0.0
Svea_Hovraett_etc_export_job_4502445_845640_Svea_Hovraett_-_Advokatfiskalen_Jaemtlands_laen__1702__3-6edbb12a/0041_DSC_0423/r1l10,723,False,ok,0.3158,ok,0.3158,0.0
Svea_Hovraett_etc_export_job_4502445_845640_Svea_Hovraett_-_Advokatfiskalen_Jaemtlands_laen__1702__3-6edbb12a/0041_DSC_0423/r1l11,726,False,ok,0.2857,ok,0.2857,0.0
Svea_Hovraett_etc_export_job_4502445_845640_Svea_Hovraett_-_Advokatfiskalen_Jaemtlands_laen__1702__3-6edbb12a/0041_DSC_0423/r1l12,729,False,ok,0.0968,ok,0.0968,0.0
Svea_Hovraett_etc_export_job_4502445_845640_Svea_Hovraett_-_Advokatfiskalen_Jaemtlands_laen__1702__3-6edbb12a/0041_DSC_0423/r1l13,732,False,ok,0.2353,ok,0.2353,0.0
Svea_Hovraett_etc_export_job_4502445_845640_Svea_Hovraett_-_Advokatfiskalen_Jaemtlands_laen__1702__3-6edbb12a/0041_DSC_0423/r1l14,742,False,ok,0.2353,ok,0.2353,0.0
Svea_Hovraett_etc_export_job_4502445_845640_Svea_Hovraett_-_Advokatfiskalen_Jaemtlands_laen__1702__3-6edbb12a/0041_DSC_0423/r1l15,730,False,ok,0.2188,ok,0.2188,0.0
Svea_Hovraett_etc_export_job_4502445_845640_Svea_Hovraett_-_Advokatfiskalen_Jaemtlands_laen__1702__3-6edbb12a/0041_DSC_0423/r1l16,712,False,ok,0.2222,ok,0.2222,0.0
Svea_Hovraett_etc_export_job_4502445_845640_Svea_Hovraett_-_Advokatfiskalen_Jaemtlands_laen__1702__3-6edbb12a/0041_DSC_0423/r1l17,734,False,ok,0.3,ok,0.3,0.0
Svea_Hovraett_etc_export_job_4502445_845640_Svea_Hovraett_-_Advokatfiskalen_Jaemtlands_laen__1702__3-6edbb12a/0041_DSC_0423/r1l18,752,False,ok,0.303,ok,0.303,0.0
Svea_Hovraett_etc_export_job_4502445_845640_Svea_Hovraett_-_Advokatfiskalen_Jaemtlands_laen__1702__3-6edbb12a/0041_DSC_0423/r1l19,729,False,ok,0.0345,ok,0.0345,0.0
Svea_Hovraett_etc_export_job_4502445_845640_Svea_Hovraett_-_Advokatfiskalen_Jaemtlands_laen__1702__3-6edbb12a/0041_DSC_0423/r1l20,767,False,ok,0.25,ok,0.25,0.0
Svea_Hovraett_etc_export_job_4502445_845640_Svea_Hovraett_-_Advokatfiskalen_Jaemtlands_laen__1702__3-6edbb12a/0041_DSC_0423/r1l21,753,False,ok,0.0667,ok,0.0667,0.0
Svea_Hovraett_etc_export_job_4502445_845640_Svea_Hovraett_-_Advokatfiskalen_Jaemtlands_laen__1702__3-6edbb12a/0041_DSC_0423/r1l22,64,True,empty,1.0,ok,1.0,0.0
Svea_Hovraett_etc_export_job_4502445_845640_Svea_Hovraett_-_Advokatfiskalen_Jaemtlands_laen__1702__3-6edbb12a/0041_DSC_0423/r3l1,605,False,ok,0.825,ok,0.825,0.0
Svea_Hovraett_etc_export_job_4502445_845640_Svea_Hovraett_-_Advokatfiskalen_Jaemtlands_laen__1702__3-6edbb12a/0041_DSC_0423/r3l2,638,False,ok,0.5,ok,0.5,0.0
Svea_Hovraett_etc_export_job_4502445_845640_Svea_Hovraett_-_Advokatfiskalen_Jaemtlands_laen__1702__3-6edbb12a/0041_DSC_0423/r3l3,629,False,ok,0.8485,ok,0.8485,0.0
Svea_Hovraett_etc_export_job_4502445_845640_Svea_Hovraett_-_Advokatfiskalen_Jaemtlands_laen__1702__3-6edbb12a/0041_DSC_0423/r3l4,625,False,ok,0.7273,ok,0.7273,0.0
Svea_Hovraett_etc_export_job_4502445_845640_Svea_Hovraett_-_Advokatfiskalen_Jaemtlands_laen__1702__3-6edbb12a/0041_DSC_0423/r3l5,625,False,ok,0.5111,ok,0.5111,0.0
Svea_Hovraett_etc_export_job_4502445_845640_Svea_Hovraett_-_Advokatfiskalen_Jaemtlands_laen__1702__3-6edbb12a/0041_DSC_0423/r3l6,646,False,ok,0.7429,ok,0.7429,0.0
Svea_Hovraett_etc_export_job_4502445_845640_Svea_Hovraett_-_Advokatfiskalen_Jaemtlands_laen__1702__3-6edbb12a/0041_DSC_0423/r3l7,635,False,ok,0.3939,ok,0.3939,0.0
Svea_Hovraett_etc_export_job_4502445_845640_Svea_Hovraett_-_Advokatfiskalen_Jaemtlands_laen__1702__3-6edbb12a/0041_DSC_0423/r3l8,631,False,ok,0.6444,ok,0.6444,0.0
Svea_Hovraett_etc_export_job_4502445_845640_Svea_Hovraett_-_Advokatfiskalen_Jaemtlands_laen__1702__3-6edbb12a/0041_DSC_0423/r3l9,645,False,ok,0.1892,ok,0.1892,0.0
Svea_Hovraett_etc_export_job_4502445_845640_Svea_Hovraett_-_Advokatfiskalen_Jaemtlands_laen__1702__3-6edbb12a/0041_DSC_0423/r3l10,638,False,ok,0.2759,ok,0.2759,0.0
Svea_Hovraett_etc_export_job_4502445_845640_Svea_Hovraett_-_Advokatfiskalen_Jaemtlands_laen__1702__3-6edbb12a/0041_DSC_0423/r3l11,679,False,ok,0.3696,ok,0.3696,0.0
Svea_Hovraett_etc_export_job_4502445_845640_Svea_Hovraett_-_Advokatfiskalen_Jaemtlands_laen__1702__3-6edbb12a/0041_DSC_0423/r3l12,668,False,ok,0.4681,ok,0.4681,0.0
Svea_Hovraett_etc_export_job_4502445_845640_Svea_Hovraett_-_Advokatfiskalen_Jaemtlands_laen__1702__3-6edbb12a/0041_DSC_0423/r3l13,674,False,ok,0.3421,ok,0.3421,0.0
Svea_Hovraett_etc_export_job_4502445_845640_Svea_Hovraett_-_Advokatfiskalen_Jaemtlands_laen__1702__3-6edbb12a/0041_DSC_0423/r3l14,656,False,ok,0.3243,ok,0.3243,0.0
Svea_Hovraett_etc_export_job_4502445_845640_Svea_Hovraett_-_Advokatfiskalen_Jaemtlands_laen__1702__3-6edbb12a/0041_DSC_0423/r3l15,695,False,ok,0.2,ok,0.2,0.0
Svea_Hovraett_etc_export_job_4502445_845640_Svea_Hovraett_-_Advokatfiskalen_Jaemtlands_laen__1702__3-6edbb12a/0041_DSC_0423/r3l16,673,False,ok,0.1212,ok,0.1212,0.0
Svea_Hovraett_etc_export_job_4502445_845640_Svea_Hovraett_-_Advokatfiskalen_Jaemtlands_laen__1702__3-6edbb12a/0041_DSC_0423/r3l18,723,False,ok,0.1818,ok,0.1818,0.0
Svea_Hovraett_etc_export_job_4502445_845640_Svea_Hovraett_-_Advokatfiskalen_Jaemtlands_laen__1702__3-6edbb12a/0041_DSC_0423/r3l19,668,False,ok,0.2143,ok,0.2143,0.0
Svea_Hovraett_etc_export_job_4502445_845640_Svea_Hovraett_-_Advokatfiskalen_Jaemtlands_laen__1702__3-6edbb12a/0041_DSC_0423/r3l20,734,False,ok,0.1935,ok,0.1935,0.0
Svea_Hovraett_etc_export_job_4502445_845640_Svea_Hovraett_-_Advokatfiskalen_Jaemtlands_laen__1702__3-6edbb12a/0041_DSC_0423/r3l21,701,False,ok,0.1892,ok,0.1892,0.0
Svea_Hovraett_etc_export_job_4502445_845640_Svea_Hovraett_-_Advokatfiskalen_Jaemtlands_laen__1702__3-6edbb12a/0041_DSC_0423/r3l22,711,False,ok,0.3,ok,0.3,0.0
Svea_Hovraett_etc_export_job_4502445_845640_Svea_Hovraett_-_Advokatfiskalen_Jaemtlands_laen__1702__3-6edbb12a/0041_DSC_0423/r3l23,645,False,ok,0.1724,ok,0.1724,0.0
Svea_Hovraett_etc_export_job_4502445_845640_Svea_Hovraett_-_Advokatfiskalen_Jaemtlands_laen__1702__3-6edbb12a/0041_DSC_0423/r3l24,148,True,ok,0.8,ok,0.4,-0.4
Svea_Hovraett_etc_export_job_4502445_845640_Svea_Hovraett_-_Advokatfiskalen_Jaemtlands_laen__1702__3-6edbb12a/0041_DSC_0423/r4l2,77,True,ok,0.5,empty,1.0,0.5
Svea_Hovraett_etc_export_job_4502445_845640_Svea_Hovraett_-_Advokatfiskalen_Jaemtlands_laen__1702__3-6edbb12a/0042_DSC_0424/r3l1,806,False,ok,0.6,ok,0.6,0.0
Svea_Hovraett_etc_export_job_4502445_845640_Svea_Hovraett_-_Advokatfiskalen_Jaemtlands_laen__1702__3-6edbb12a/0042_DSC_0424/r3l2,679,False,ok,0.7143,ok,0.7143,0.0
Svea_Hovraett_etc_export_job_4502445_845640_Svea_Hovraett_-_Advokatfiskalen_Jaemtlands_laen__1702__3-6edbb12a/0042_DSC_0424/r3l3,686,False,ok,0.5143,ok,0.5143,0.0
Svea_Hovraett_etc_export_job_4502445_845640_Svea_Hovraett_-_Advokatfiskalen_Jaemtlands_laen__1702__3-6edbb12a/0042_DSC_0424/r3l4,676,False,ok,0.4194,ok,0.4194,0.0
Svea_Hovraett_etc_export_job_4502445_845640_Svea_Hovraett_-_Advokatfiskalen_Jaemtlands_laen__1702__3-6edbb12a/0042_DSC_0424/r3l5,695,False,ok,0.3125,ok,0.3125,0.0
Svea_Hovraett_etc_export_job_4502445_845640_Svea_Hovraett_-_Advokatfiskalen_Jaemtlands_laen__1702__3-6edbb12a/0042_DSC_0424/r3l6,708,False,ok,0.3529,ok,0.3529,0.0
Svea_Hovraett_etc_export_job_4502445_845640_Svea_Hovraett_-_Advokatfiskalen_Jaemtlands_laen__1702__3-6edbb12a/0042_DSC_0424/r3l7,712,False,ok,0.2353,ok,0.2353,0.0
Svea_Hovraett_etc_export_job_4502445_845640_Svea_Hovraett_-_Advokatfiskalen_Jaemtlands_laen__1702__3-6edbb12a/0042_DSC_0424/r3l8,725,False,ok,0.1176,ok,0.1176,0.0
Svea_Hovraett_etc_export_job_4502445_845640_Svea_Hovraett_-_Advokatfiskalen_Jaemtlands_laen__1702__3-6edbb12a/0042_DSC_0424/r3l9,730,False,ok,0.3636,ok,0.3636,0.0
Svea_Hovraett_etc_export_job_4502445_845640_Svea_Hovraett_-_Advokatfiskalen_Jaemtlands_laen__1702__3-6edbb12a/0042_DSC_0424/r3l10,741,False,ok,0.1212,ok,0.1212,0.0
Svea_Hovraett_etc_export_job_4502445_845640_Svea_Hovraett_-_Advokatfiskalen_Jaemtlands_laen__1702__3-6edbb12a/0042_DSC_0424/r3l11,732,False,ok,0.1429,ok,0.1429,0.0
Svea_Hovraett_etc_export_job_4502445_845640_Svea_Hovraett_-_Advokatfiskalen_Jaemtlands_laen__1702__3-6edbb12a/0042_DSC_0424/r3l12,100,True,ok,0.6667,empty,1.0,0.3333
Svea_Hovraett_etc_export_job_4502445_845640_Svea_Hovraett_-_Advokatfiskalen_Jaemtlands_laen__1702__3-6edbb12a/0042_DSC_0424/r3l13,739,False,ok,0.425,ok,0.425,0.0
Svea_Hovraett_etc_export_job_4502445_845640_Svea_Hovraett_-_Advokatfiskalen_Jaemtlands_laen__1702__3-6edbb12a/0042_DSC_0424/r3l14,747,False,ok,0.2414,ok,0.2414,0.0
Svea_Hovraett_etc_export_job_4502445_845640_Svea_Hovraett_-_Advokatfiskalen_Jaemtlands_laen__1702__3-6edbb12a/0042_DSC_0424/r3l15,749,False,ok,0.3529,ok,0.3529,0.0
Svea_Hovraett_etc_export_job_4502445_845640_Svea_Hovraett_-_Advokatfiskalen_Jaemtlands_laen__1702__3-6edbb12a/0042_DSC_0424/r3l16,736,False,ok,0.35,ok,0.35,0.0
Svea_Hovraett_etc_export_job_4502445_845640_Svea_Hovraett_-_Advokatfiskalen_Jaemtlands_laen__1702__3-6edbb12a/0042_DSC_0424/r3l17,750,False,ok,0.2571,ok,0.2571,0.0
Svea_Hovraett_etc_export_job_4502445_845640_Svea_Hovraett_-_Advokatfiskalen_Jaemtlands_laen__1702__3-6edbb12a/0042_DSC_0424/r3l18,760,False,ok,0.2941,ok,0.2941,0.0
Svea_Hovraett_etc_export_job_4502445_845640_Svea_Hovraett_-_Advokatfiskalen_Jaemtlands_laen__1702__3-6edbb12a/0042_DSC_0424/r3l19,755,False,ok,0.2222,ok,0.2222,0.0
Svea_Hovraett_etc_export_job_4502445_845640_Svea_Hovraett_-_Advokatfiskalen_Jaemtlands_laen__1702__3-6edbb12a/0042_DSC_0424/r3l20,774,False,ok,0.2571,ok,0.2571,0.0
Svea_Hovraett_etc_export_job_4502445_845640_Svea_Hovraett_-_Advokatfiskalen_Jaemtlands_laen__1702__3-6edbb12a/0042_DSC_0424/r3l21,774,False,ok,0.1034,ok,0.1034,0.0
Svea_Hovraett_etc_export_job_4502445_845640_Svea_Hovraett_-_Advokatfiskalen_Jaemtlands_laen__1702__3-6edbb12a/0042_DSC_0424/r3l22,106,True,ok,1.0,ok,1.0,0.0
Svea_Hovraett_etc_export_job_4502445_845640_Svea_Hovraett_-_Advokatfiskalen_Jaemtlands_laen__1702__3-6edbb12a/0042_DSC_0424/r4l1,695,False,ok,0.8649,ok,0.8649,0.0
Svea_Hovraett_etc_export_job_4502445_845640_Svea_Hovraett_-_Advokatfiskalen_Jaemtlands_laen__1702__3-6edbb12a/0042_DSC_0424/r4l2,611,False,ok,0.8571,ok,0.8571,0.0
Svea_Hovraett_etc_export_job_4502445_845640_Svea_Hovraett_-_Advokatfiskalen_Jaemtlands_laen__1702__3-6edbb12a/0042_DSC_0424/r4l3,593,False,ok,0.8333,ok,0.8333,0.0
Svea_Hovraett_etc_export_job_4502445_845640_Svea_Hovraett_-_Advokatfiskalen_Jaemtlands_laen__1702__3-6edbb12a/0042_DSC_0424/r4l4,648,False,ok,0.875,ok,0.875,0.0
Svea_Hovraett_etc_export_job_4502445_845640_Svea_Hovraett_-_Advokatfiskalen_Jaemtlands_laen__1702__3-6edbb12a/0042_DSC_0424/r4l5,633,False,ok,0.8857,ok,0.8857,0.0
Svea_Hovraett_etc_export_job_4502445_845640_Svea_Hovraett_-_Advokatfiskalen_Jaemtlands_laen__1702__3-6edbb12a/0042_DSC_0424/r4l6,625,False,ok,0.8235,ok,0.8235,0.0
Svea_Hovraett_etc_export_job_4502445_845640_Svea_Hovraett_-_Advokatfiskalen_Jaemtlands_laen__1702__3-6edbb12a/0042_DSC_0424/r4l7,635,False,ok,0.7436,ok,0.7436,0.0
Svea_Hovraett_etc_export_job_4502445_845640_Svea_Hovraett_-_Advokatfiskalen_Jaemtlands_laen__1702__3-6edbb12a/0042_DSC_0424/r4l8,635,False,ok,0.4706,ok,0.4706,0.0
Svea_Hovraett_etc_export_job_4502445_845640_Svea_Hovraett_-_Advokatfiskalen_Jaemtlands_laen__1702__3-6edbb12a/0042_DSC_0424/line_1638871915645_192,649,False,ok,0.7568,ok,0.7568,0.0
Svea_Hovraett_etc_export_job_4502445_845640_Svea_Hovraett_-_Advokatfiskalen_Jaemtlands_laen__1702__3-6edbb12a/0042_DSC_0424/line_1638871942173_202,679,False,ok,0.6176,ok,0.6176,0.0
Svea_Hovraett_etc_export_job_4502445_845640_Svea_Hovraett_-_Advokatfiskalen_Jaemtlands_laen__1702__3-6edbb12a/0042_DSC_0424/line_1638871956148_207,690,False,ok,0.8431,ok,0.8431,0.0
Svea_Hovraett_etc_export_job_4502445_845640_Svea_Hovraett_-_Advokatfiskalen_Jaemtlands_laen__1702__3-6edbb12a/0042_DSC_0424/r4l15,275,False,ok,0.1111,ok,0.1111,0.0
Svea_Hovraett_etc_export_job_4502445_845640_Svea_Hovraett_-_Advokatfiskalen_Jaemtlands_laen__1702__3-6edbb12a/0042_DSC_0424/line_1638872056779_218,610,False,ok,0.5263,ok,0.5263,0.0
Svea_Hovraett_etc_export_job_4502445_845640_Svea_Hovraett_-_Advokatfiskalen_Jaemtlands_laen__1702__3-6edbb12a/0042_DSC_0424/r4l19,337,False,ok,0.3333,ok,0.3333,0.0
Svea_Hovraett_etc_export_job_4502445_845640_Svea_Hovraett_-_Advokatfiskalen_Jaemtlands_laen__1702__3-6edbb12a/0042_DSC_0424/r4l20,91,True,ok,0.5,ok,0.6,0.1
Svea_Hovraett_etc_export_job_4502445_845640_Svea_Hovraett_-_Advokatfiskalen_Jaemtlands_laen__1702__3-6edbb12a/0042_DSC_0424/r4l21,130,True,ok,0.2,ok,0.4,0.2
Svea_Hovraett_etc_export_job_4502445_845640_Svea_Hovraett_-_Advokatfiskalen_Jaemtlands_laen__1702__3-6edbb12a/0042_DSC_0424/r4l22,672,False,ok,0.3571,ok,0.3571,0.0
Svea_Hovraett_etc_export_job_4502445_845640_Svea_Hovraett_-_Advokatfiskalen_Jaemtlands_laen__1702__3-6edbb12a/0042_DSC_0424/r4l23,664,False,ok,0.2571,ok,0.2571,0.0
Svea_Hovraett_etc_export_job_4502445_845640_Svea_Hovraett_-_Advokatfiskalen_Jaemtlands_laen__1702__3-6edbb12a/0042_DSC_0424/r4l24,674,False,ok,0.4167,ok,0.4167,0.0
Svea_Hovraett_etc_export_job_4502445_845640_Svea_Hovraett_-_Advokatfiskalen_Jaemtlands_laen__1702__3-6edbb12a/0042_DSC_0424/r4l25,318,False,ok,0.4286,ok,0.4286,0.0
Svea_Hovraett_etc_export_job_4502445_845640_Svea_Hovraett_-_Advokatfiskalen_Jaemtlands_laen__1702__3-6edbb12a/0042_DSC_0424/r4l27,792,False,ok,0.4615,ok,0.4615,0.0
Svea_Hovraett_etc_export_job_4502445_845640_Svea_Hovraett_-_Advokatfiskalen_Jaemtlands_laen__1702__3-6edbb12a/0042_DSC_0424/r4l28,705,False,ok,0.6061,ok,0.6364,0.0303
Svea_Hovraett_etc_export_job_4502445_845640_Svea_Hovraett_-_Advokatfiskalen_Jaemtlands_laen__1702__3-6edbb12a/0042_DSC_0424/r4l29,740,False,ok,0.4103,ok,0.4103,0.0
Svea_Hovraett_etc_export_job_4502445_845640_Svea_Hovraett_-_Advokatfiskalen_Jaemtlands_laen__1702__3-6edbb12a/0042_DSC_0424/r4l30,150,True,ok,0.3333,ok,0.5,0.1667
Svea_Hovraett_etc_export_job_4502445_845640_Svea_Hovraett_-_Advokatfiskalen_Jaemtlands_laen__1702__3-6edbb12a/0043_DSC_0425/r1l2,656,False,ok,0.6944,ok,0.6944,0.0
Svea_Hovraett_etc_export_job_4502445_845640_Svea_Hovraett_-_Advokatfiskalen_Jaemtlands_laen__1702__3-6edbb12a/0043_DSC_0425/r1l4,649,False,ok,0.3714,ok,0.3714,0.0
Svea_Hovraett_etc_export_job_4502445_845640_Svea_Hovraett_-_Advokatfiskalen_Jaemtlands_laen__1702__3-6edbb12a/0043_DSC_0425/r1l6,445,False,ok,0.25,ok,0.25,0.0
Svea_Hovraett_etc_export_job_4502445_845640_Svea_Hovraett_-_Advokatfiskalen_Jaemtlands_laen__1702__3-6edbb12a/0043_DSC_0425/r1l9,770,False,ok,0.675,ok,0.675,0.0
Svea_Hovraett_etc_export_job_4502445_845640_Svea_Hovraett_-_Advokatfiskalen_Jaemtlands_laen__1702__3-6edbb12a/0043_DSC_0425/r1l10,665,False,ok,0.3429,ok,0.3429,0.0
Svea_Hovraett_etc_export_job_4502445_845640_Svea_Hovraett_-_Advokatfiskalen_Jaemtlands_laen__1702__3-6edbb12a/0043_DSC_0425/r1l13,677,False,ok,0.4848,ok,0.4848,0.0
Svea_Hovraett_etc_export_job_4502445_845640_Svea_Hovraett_-_Advokatfiskalen_Jaemtlands_laen__1702__3-6edbb12a/0043_DSC_0425/r1l14,682,False,ok,0.2258,ok,0.2258,0.0
Svea_Hovraett_etc_export_job_4502445_845640_Svea_Hovraett_-_Advokatfiskalen_Jaemtlands_laen__1702__3-6edbb12a/0043_DSC_0425/r1l16,688,False,ok,0.2,ok,0.2,0.0
Svea_Hovraett_etc_export_job_4502445_845640_Svea_Hovraett_-_Advokatfiskalen_Jaemtlands_laen__1702__3-6edbb12a/0043_DSC_0425/r1l18,692,False,ok,0.5294,ok,0.5294,0.0
Svea_Hovraett_etc_export_job_4502445_845640_Svea_Hovraett_-_Advokatfiskalen_Jaemtlands_laen__1702__3-6edbb12a/0043_DSC_0425/r1l20,689,False,ok,0.6,ok,0.6,0.0
Svea_Hovraett_etc_export_job_4502445_845640_Svea_Hovraett_-_Advokatfiskalen_Jaemtlands_laen__1702__3-6edbb12a/0043_DSC_0425/r1l22,697,False,ok,0.3095,ok,0.3095,0.0
Svea_Hovraett_etc_export_job_4502445_845640_Svea_Hovraett_-_Advokatfiskalen_Jaemtlands_laen__1702__3-6edbb12a/0043_DSC_0425/r1l24,713,False,ok,0.1765,ok,0.1765,0.0
Svea_Hovraett_etc_export_job_4502445_845640_Svea_Hovraett_-_Advokatfiskalen_Jaemtlands_laen__1702__3-6edbb12a/0043_DSC_0425/r1l26,708,False,ok,0.2222,ok,0.2222,0.0
Svea_Hovraett_etc_export_job_4502445_845640_Svea_Hovraett_-_Advokatfiskalen_Jaemtlands_laen__1702__3-6edbb12a/0043_DSC_0425/r1l28,715,False,ok,0.1818,ok,0.1818,0.0
Svea_Hovraett_etc_export_job_4502445_845640_Svea_Hovraett_-_Advokatfiskalen_Jaemtlands_laen__1702__3-6edbb12a/0043_DSC_0425/r1l30,713,False,ok,0.1562,ok,0.1562,0.0
Svea_Hovraett_etc_export_job_4502445_845640_Svea_Hovraett_-_Advokatfiskalen_Jaemtlands_laen__1702__3-6edbb12a/0043_DSC_0425/r1l32,714,False,ok,0.1667,ok,0.1667,0.0
Svea_Hovraett_etc_export_job_4502445_845640_Svea_Hovraett_-_Advokatfiskalen_Jaemtlands_laen__1702__3-6edbb12a/0043_DSC_0425/line_1638872134126_255,752,False,ok,0.2162,ok,0.2162,0.0
Svea_Hovraett_etc_export_job_4502445_845640_Svea_Hovraett_-_Advokatfiskalen_Jaemtlands_laen__1702__3-6edbb12a/0043_DSC_0425/line_1638872134128_257,735,False,ok,0.0513,ok,0.0513,0.0
Svea_Hovraett_etc_export_job_4502445_845640_Svea_Hovraett_-_Advokatfiskalen_Jaemtlands_laen__1702__3-6edbb12a/0043_DSC_0425/line_1638872134130_259,755,False,ok,0.186,ok,0.186,0.0
Svea_Hovraett_etc_export_job_4502445_845640_Svea_Hovraett_-_Advokatfiskalen_Jaemtlands_laen__1702__3-6edbb12a/0043_DSC_0425/line_1638872134133_263,757,False,ok,0.3243,ok,0.3243,0.0
Svea_Hovraett_etc_export_job_4502445_845640_Svea_Hovraett_-_Advokatfiskalen_Jaemtlands_laen__1702__3-6edbb12a/0043_DSC_0425/line_1638872134135_265,752,False,ok,0.2093,ok,0.2093,0.0
Svea_Hovraett_etc_export_job_4502445_845640_Svea_Hovraett_-_Advokatfiskalen_Jaemtlands_laen__1702__3-6edbb12a/0043_DSC_0425/r1l39,108,True,ok,1.0,ok,0.8,-0.2
Svea_Hovraett_etc_export_job_4502445_845640_Svea_Hovraett_-_Advokatfiskalen_Jaemtlands_laen__1702__3-6edbb12a/0043_DSC_0425/r2l2,86,True,empty,1.0,empty,1.0,0.0
Svea_Hovraett_etc_export_job_4502445_845640_Svea_Hovraett_-_Advokatfiskalen_Jaemtlands_laen__1702__3-6edbb12a/0043_DSC_0425/r1l1,576,False,ok,0.9722,ok,0.9722,0.0
Svea_Hovraett_etc_export_job_4502445_845640_Svea_Hovraett_-_Advokatfiskalen_Jaemtlands_laen__1702__3-6edbb12a/0043_DSC_0425/r1l3,564,False,ok,0.8235,ok,0.8235,0.0
Svea_Hovraett_etc_export_job_4502445_845640_Svea_Hovraett_-_Advokatfiskalen_Jaemtlands_laen__1702__3-6edbb12a/0043_DSC_0425/r1l5,587,False,ok,0.875,ok,0.875,0.0
Svea_Hovraett_etc_export_job_4502445_845640_Svea_Hovraett_-_Advokatfiskalen_Jaemtlands_laen__1702__3-6edbb12a/0043_DSC_0425/r1l7,609,False,ok,0.8125,ok,0.8125,0.0
Svea_Hovraett_etc_export_job_4502445_845640_Svea_Hovraett_-_Advokatfiskalen_Jaemtlands_laen__1702__3-6edbb12a/0043_DSC_0425/r1l8,633,False,ok,0.9118,ok,0.9118,0.0
Svea_Hovraett_etc_export_job_4502445_845640_Svea_Hovraett_-_Advokatfiskalen_Jaemtlands_laen__1702__3-6edbb12a/0043_DSC_0425/r1l11,589,False,ok,0.8421,ok,0.8421,0.0
Svea_Hovraett_etc_export_job_4502445_845640_Svea_Hovraett_-_Advokatfiskalen_Jaemtlands_laen__1702__3-6edbb12a/0043_DSC_0425/r1l12,612,False,ok,0.6452,ok,0.6452,0.0
Svea_Hovraett_etc_export_job_4502445_845640_Svea_Hovraett_-_Advokatfiskalen_Jaemtlands_laen__1702__3-6edbb12a/0043_DSC_0425/r1l15,634,False,ok,0.5556,ok,0.5556,0.0
Svea_Hovraett_etc_export_job_4502445_845640_Svea_Hovraett_-_Advokatfiskalen_Jaemtlands_laen__1702__3-6edbb12a/0043_DSC_0425/r1l17,616,False,ok,0.3438,ok,0.3438,0.0
Svea_Hovraett_etc_export_job_4502445_845640_Svea_Hovraett_-_Advokatfiskalen_Jaemtlands_laen__1702__3-6edbb12a/0043_DSC_0425/r1l19,645,False,ok,0.5,ok,0.5,0.0
Svea_Hovraett_etc_export_job_4502445_845640_Svea_Hovraett_-_Advokatfiskalen_Jaemtlands_laen__1702__3-6edbb12a/0043_DSC_0425/r1l21,641,False,ok,0.4,ok,0.4,0.0
Svea_Hovraett_etc_export_job_4502445_845640_Svea_Hovraett_-_Advokatfiskalen_Jaemtlands_laen__1702__3-6edbb12a/0043_DSC_0425/r1l23,647,False,ok,0.3438,ok,0.3438,0.0
Svea_Hovraett_etc_export_job_4502445_845640_Svea_Hovraett_-_Advokatfiskalen_Jaemtlands_laen__1702__3-6edbb12a/0043_DSC_0425/r1l25,675,False,ok,0.2857,ok,0.2857,0.0
Svea_Hovraett_etc_export_job_4502445_845640_Svea_Hovraett_-_Advokatfiskalen_Jaemtlands_laen__1702__3-6edbb12a/0043_DSC_0425/r1l27,677,False,ok,0.3429,ok,0.3429,0.0
Svea_Hovraett_etc_export_job_4502445_845640_Svea_Hovraett_-_Advokatfiskalen_Jaemtlands_laen__1702__3-6edbb12a/0043_DSC_0425/r1l29,647,False,ok,0.4242,ok,0.4242,0.0
Svea_Hovraett_etc_export_job_4502445_845640_Svea_Hovraett_-_Advokatfiskalen_Jaemtlands_laen__1702__3-6edbb12a/0043_DSC_0425/line_1638872134123_252,653,False,ok,0.3056,ok,0.3056,0.0
Svea_Hovraett_etc_export_job_4502445_845640_Svea_Hovraett_-_Advokatfiskalen_Jaemtlands_laen__1702__3-6edbb12a/0043_DSC_0425/line_1638872134125_254,658,False,ok,0.2121,ok,0.2121,0.0
Svea_Hovraett_etc_export_job_4502445_845640_Svea_Hovraett_-_Advokatfiskalen_Jaemtlands_laen__1702__3-6edbb12a/0043_DSC_0425/line_1638872134128_256,665,False,ok,0.4194,ok,0.4194,0.0
Svea_Hovraett_etc_export_job_4502445_845640_Svea_Hovraett_-_Advokatfiskalen_Jaemtlands_laen__1702__3-6edbb12a/0043_DSC_0425/line_1638872134129_258,682,False,ok,0.6571,ok,0.6571,0.0
Svea_Hovraett_etc_export_job_4502445_845640_Svea_Hovraett_-_Advokatfiskalen_Jaemtlands_laen__1702__3-6edbb12a/0043_DSC_0425/line_1638872134131_260,654,False,ok,0.5,ok,0.5,0.0
Svea_Hovraett_etc_export_job_4502445_845640_Svea_Hovraett_-_Advokatfiskalen_Jaemtlands_laen__1702__3-6edbb12a/0043_DSC_0425/line_1638872134135_264,688,False,ok,0.3548,ok,0.3548,0.0
Svea_Hovraett_etc_export_job_4502445_845640_Svea_Hovraett_-_Advokatfiskalen_Jaemtlands_laen__1702__3-6edbb12a/0043_DSC_0425/r1l40,142,True,ok,0.5,ok,1.0,0.5
Svea_Hovraett_etc_export_job_4502445_845640_Svea_Hovraett_-_Advokatfiskalen_Jaemtlands_laen__1702__3-6edbb12a/0044_DSC_0426/r1l1,682,False,ok,0.6571,ok,0.6571,0.0
Svea_Hovraett_etc_export_job_4502445_845640_Svea_Hovraett_-_Advokatfiskalen_Jaemtlands_laen__1702__3-6edbb12a/0044_DSC_0426/r1l2,674,False,ok,0.85,ok,0.85,0.0
Svea_Hovraett_etc_export_job_4502445_845640_Svea_Hovraett_-_Advokatfiskalen_Jaemtlands_laen__1702__3-6edbb12a/0044_DSC_0426/r1l3,675,False,ok,0.8372,ok,0.8372,0.0
Svea_Hovraett_etc_export_job_4502445_845640_Svea_Hovraett_-_Advokatfiskalen_Jaemtlands_laen__1702__3-6edbb12a/0044_DSC_0426/r1l4,696,False,ok,0.5128,ok,0.5128,0.0
Svea_Hovraett_etc_export_job_4502445_845640_Svea_Hovraett_-_Advokatfiskalen_Jaemtlands_laen__1702__3-6edbb12a/0044_DSC_0426/r1l5,703,False,ok,0.3611,ok,0.3611,0.0
Svea_Hovraett_etc_export_job_4502445_845640_Svea_Hovraett_-_Advokatfiskalen_Jaemtlands_laen__1702__3-6edbb12a/0044_DSC_0426/r1l6,693,False,ok,0.375,ok,0.375,0.0
Svea_Hovraett_etc_export_job_4502445_845640_Svea_Hovraett_-_Advokatfiskalen_Jaemtlands_laen__1702__3-6edbb12a/0044_DSC_0426/r1l7,704,False,ok,0.1818,ok,0.1818,0.0
Svea_Hovraett_etc_export_job_4502445_845640_Svea_Hovraett_-_Advokatfiskalen_Jaemtlands_laen__1702__3-6edbb12a/0044_DSC_0426/r1l8,709,False,ok,0.5161,ok,0.5161,0.0
Svea_Hovraett_etc_export_job_4502445_845640_Svea_Hovraett_-_Advokatfiskalen_Jaemtlands_laen__1702__3-6edbb12a/0044_DSC_0426/r1l9,721,False,ok,0.6875,ok,0.6875,0.0
Svea_Hovraett_etc_export_job_4502445_845640_Svea_Hovraett_-_Advokatfiskalen_Jaemtlands_laen__1702__3-6edbb12a/0044_DSC_0426/r1l10,725,False,ok,0.4138,ok,0.4138,0.0
Svea_Hovraett_etc_export_job_4502445_845640_Svea_Hovraett_-_Advokatfiskalen_Jaemtlands_laen__1702__3-6edbb12a/0044_DSC_0426/r1l11,730,False,ok,0.2222,ok,0.2222,0.0
Svea_Hovraett_etc_export_job_4502445_845640_Svea_Hovraett_-_Advokatfiskalen_Jaemtlands_laen__1702__3-6edbb12a/0044_DSC_0426/r1l12,364,False,ok,0.0833,ok,0.0833,0.0
Svea_Hovraett_etc_export_job_4502445_845640_Svea_Hovraett_-_Advokatfiskalen_Jaemtlands_laen__1702__3-6edbb12a/0044_DSC_0426/r1l13,732,False,ok,0.1875,ok,0.1875,0.0
Svea_Hovraett_etc_export_job_4502445_845640_Svea_Hovraett_-_Advokatfiskalen_Jaemtlands_laen__1702__3-6edbb12a/0044_DSC_0426/r1l14,732,False,ok,0.2353,ok,0.2353,0.0
Svea_Hovraett_etc_export_job_4502445_845640_Svea_Hovraett_-_Advokatfiskalen_Jaemtlands_laen__1702__3-6edbb12a/0044_DSC_0426/r1l15,726,False,ok,0.1818,ok,0.1818,0.0
Svea_Hovraett_etc_export_job_4502445_845640_Svea_Hovraett_-_Advokatfiskalen_Jaemtlands_laen__1702__3-6edbb12a/0044_DSC_0426/r1l16,739,False,ok,0.0345,ok,0.0345,0.0
Svea_Hovraett_etc_export_job_4502445_845640_Svea_Hovraett_-_Advokatfiskalen_Jaemtlands_laen__1702__3-6edbb12a/0044_DSC_0426/r1l17,742,False,ok,0.2703,ok,0.2703,0.0
Svea_Hovraett_etc_export_job_4502445_845640_Svea_Hovraett_-_Advokatfiskalen_Jaemtlands_laen__1702__3-6edbb12a/0044_DSC_0426/r1l18,757,False,ok,0.1143,ok,0.1143,0.0
Svea_Hovraett_etc_export_job_4502445_845640_Svea_Hovraett_-_Advokatfiskalen_Jaemtlands_laen__1702__3-6edbb12a/0044_DSC_0426/r1l19,759,False,ok,0.0938,ok,0.0938,0.0
Svea_Hovraett_etc_export_job_4502445_845640_Svea_Hovraett_-_Advokatfiskalen_Jaemtlands_laen__1702__3-6edbb12a/0044_DSC_0426/r1l22,762,False,ok,0.2105,ok,0.2105,0.0
Svea_Hovraett_etc_export_job_4502445_845640_Svea_Hovraett_-_Advokatfiskalen_Jaemtlands_laen__1702__3-6edbb12a/0044_DSC_0426/r1l23,763,False,ok,0.1714,ok,0.1714,0.0
Svea_Hovraett_etc_export_job_4502445_845640_Svea_Hovraett_-_Advokatfiskalen_Jaemtlands_laen__1702__3-6edbb12a/0044_DSC_0426/r1l24,68,True,ok,1.0,ok,1.0,0.0
Svea_Hovraett_etc_export_job_4502445_845640_Svea_Hovraett_-_Advokatfiskalen_Jaemtlands_laen__1702__3-6edbb12a/0044_DSC_0426/r3l1,76,True,ok,0.6667,ok,0.6667,0.0
Svea_Hovraett_etc_export_job_4502445_845640_Svea_Hovraett_-_Advokatfiskalen_Jaemtlands_laen__1702__3-6edbb12a/0044_DSC_0426/r2l1,598,False,ok,0.9032,ok,0.9032,0.0
Svea_Hovraett_etc_export_job_4502445_845640_Svea_Hovraett_-_Advokatfiskalen_Jaemtlands_laen__1702__3-6edbb12a/0044_DSC_0426/r2l2,592,False,ok,0.8485,ok,0.8485,0.0
Svea_Hovraett_etc_export_job_4502445_845640_Svea_Hovraett_-_Advokatfiskalen_Jaemtlands_laen__1702__3-6edbb12a/0044_DSC_0426/r2l3,607,False,ok,0.9412,ok,0.9412,0.0
Svea_Hovraett_etc_export_job_4502445_845640_Svea_Hovraett_-_Advokatfiskalen_Jaemtlands_laen__1702__3-6edbb12a/0044_DSC_0426/r2l4,608,False,ok,0.7429,ok,0.7429,0.0
Svea_Hovraett_etc_export_job_4502445_845640_Svea_Hovraett_-_Advokatfiskalen_Jaemtlands_laen__1702__3-6edbb12a/0044_DSC_0426/r2l5,639,False,ok,0.8649,ok,0.8649,0.0
Svea_Hovraett_etc_export_job_4502445_845640_Svea_Hovraett_-_Advokatfiskalen_Jaemtlands_laen__1702__3-6edbb12a/0044_DSC_0426/r2l6,619,False,ok,0.4,ok,0.4,0.0
Svea_Hovraett_etc_export_job_4502445_845640_Svea_Hovraett_-_Advokatfiskalen_Jaemtlands_laen__1702__3-6edbb12a/0044_DSC_0426/r2l7,651,False,ok,0.6176,ok,0.6176,0.0
Svea_Hovraett_etc_export_job_4502445_845640_Svea_Hovraett_-_Advokatfiskalen_Jaemtlands_laen__1702__3-6edbb12a/0044_DSC_0426/r2l8,649,False,ok,0.5882,ok,0.5882,0.0
Svea_Hovraett_etc_export_job_4502445_845640_Svea_Hovraett_-_Advokatfiskalen_Jaemtlands_laen__1702__3-6edbb12a/0044_DSC_0426/r2l9,632,False,ok,0.4857,ok,0.4857,0.0
Svea_Hovraett_etc_export_job_4502445_845640_Svea_Hovraett_-_Advokatfiskalen_Jaemtlands_laen__1702__3-6edbb12a/0044_DSC_0426/r2l10,643,False,ok,0.3571,ok,0.3571,0.0
Svea_Hovraett_etc_export_job_4502445_845640_Svea_Hovraett_-_Advokatfiskalen_Jaemtlands_laen__1702__3-6edbb12a/0044_DSC_0426/r2l11,645,False,ok,0.2121,ok,0.2121,0.0
Svea_Hovraett_etc_export_job_4502445_845640_Svea_Hovraett_-_Advokatfiskalen_Jaemtlands_laen__1702__3-6edbb12a/0044_DSC_0426/r2l12,675,False,ok,0.5641,ok,0.5641,0.0
Svea_Hovraett_etc_export_job_4502445_845640_Svea_Hovraett_-_Advokatfiskalen_Jaemtlands_laen__1702__3-6edbb12a/0044_DSC_0426/r2l13,676,False,ok,0.0938,ok,0.0938,0.0
Svea_Hovraett_etc_export_job_4502445_845640_Svea_Hovraett_-_Advokatfiskalen_Jaemtlands_laen__1702__3-6edbb12a/0044_DSC_0426/r2l14,667,False,ok,0.3871,ok,0.3871,0.0
Svea_Hovraett_etc_export_job_4502445_845640_Svea_Hovraett_-_Advokatfiskalen_Jaemtlands_laen__1702__3-6edbb12a/0044_DSC_0426/r2l15,689,False,ok,0.2414,ok,0.2414,0.0
Svea_Hovraett_etc_export_job_4502445_845640_Svea_Hovraett_-_Advokatfiskalen_Jaemtlands_laen__1702__3-6edbb12a/0044_DSC_0426/r2l16,628,False,ok,0.1875,ok,0.1875,0.0
Svea_Hovraett_etc_export_job_4502445_845640_Svea_Hovraett_-_Advokatfiskalen_Jaemtlands_laen__1702__3-6edbb12a/0044_DSC_0426/r2l17,675,False,ok,0.1875,ok,0.1875,0.0
Svea_Hovraett_etc_export_job_4502445_845640_Svea_Hovraett_-_Advokatfiskalen_Jaemtlands_laen__1702__3-6edbb12a/0044_DSC_0426/r2l18,377,False,ok,0.4737,ok,0.4737,0.0
Svea_Hovraett_etc_export_job_4502445_845640_Svea_Hovraett_-_Advokatfiskalen_Jaemtlands_laen__1702__3-6edbb12a/0044_DSC_0426/r2l19,607,False,ok,0.3704,ok,0.3704,0.0
Svea_Hovraett_etc_export_job_4502445_845640_Svea_Hovraett_-_Advokatfiskalen_Jaemtlands_laen__1702__3-6edbb12a/0044_DSC_0426/r2l20,394,False,ok,0.3,ok,0.3,0.0
Svea_Hovraett_etc_export_job_4502445_845640_Svea_Hovraett_-_Advokatfiskalen_Jaemtlands_laen__1702__3-6edbb12a/0045_DSC_0427/r1l1,621,False,ok,0.4828,ok,0.4828,0.0
Svea_Hovraett_etc_export_job_4502445_845640_Svea_Hovraett_-_Advokatfiskalen_Jaemtlands_laen__1702__3-6edbb12a/0045_DSC_0427/r1l2,600,False,ok,0.3333,ok,0.3333,0.0
Svea_Hovraett_etc_export_job_4502445_845640_Svea_Hovraett_-_Advokatfiskalen_Jaemtlands_laen__1702__3-6edbb12a/0045_DSC_0427/r1l3,628,False,ok,0.3636,ok,0.3636,0.0
Svea_Hovraett_etc_export_job_4502445_845640_Svea_Hovraett_-_Advokatfiskalen_Jaemtlands_laen__1702__3-6edbb12a/0045_DSC_0427/r1l4,640,False,ok,0.7576,ok,0.7576,0.0
Svea_Hovraett_etc_export_job_4502445_845640_Svea_Hovraett_-_Advokatfiskalen_Jaemtlands_laen__1702__3-6edbb12a/0045_DSC_0427/r1l5,649,False,ok,0.7941,ok,0.7941,0.0
Svea_Hovraett_etc_export_job_4502445_845640_Svea_Hovraett_-_Advokatfiskalen_Jaemtlands_laen__1702__3-6edbb12a/0045_DSC_0427/r1l6,659,False,ok,0.52,ok,0.52,0.0
Svea_Hovraett_etc_export_job_4502445_845640_Svea_Hovraett_-_Advokatfiskalen_Jaemtlands_laen__1702__3-6edbb12a/0045_DSC_0427/r1l7,681,False,ok,0.7368,ok,0.7368,0.0
Svea_Hovraett_etc_export_job_4502445_845640_Svea_Hovraett_-_Advokatfiskalen_Jaemtlands_laen__1702__3-6edbb12a/0045_DSC_0427/r1l9,660,False,ok,0.7,ok,0.7,0.0
Svea_Hovraett_etc_export_job_4502445_845640_Svea_Hovraett_-_Advokatfiskalen_Jaemtlands_laen__1702__3-6edbb12a/0045_DSC_0427/r1l10,685,False,ok,0.2188,ok,0.2188,0.0
Svea_Hovraett_etc_export_job_4502445_845640_Svea_Hovraett_-_Advokatfiskalen_Jaemtlands_laen__1702__3-6edbb12a/0045_DSC_0427/r1l11,677,False,ok,0.4146,ok,0.4146,0.0
Svea_Hovraett_etc_export_job_4502445_845640_Svea_Hovraett_-_Advokatfiskalen_Jaemtlands_laen__1702__3-6edbb12a/0045_DSC_0427/r1l12,683,False,ok,0.5312,ok,0.5312,0.0
Svea_Hovraett_etc_export_job_4502445_845640_Svea_Hovraett_-_Advokatfiskalen_Jaemtlands_laen__1702__3-6edbb12a/0045_DSC_0427/r1l13,678,False,ok,0.1389,ok,0.1389,0.0
Svea_Hovraett_etc_export_job_4502445_845640_Svea_Hovraett_-_Advokatfiskalen_Jaemtlands_laen__1702__3-6edbb12a/0045_DSC_0427/r1l14,688,False,ok,0.0909,ok,0.0909,0.0
Svea_Hovraett_etc_export_job_4502445_845640_Svea_Hovraett_-_Advokatfiskalen_Jaemtlands_laen__1702__3-6edbb12a/0045_DSC_0427/r1l15,699,False,ok,0.3421,ok,0.3421,0.0
Svea_Hovraett_etc_export_job_4502445_845640_Svea_Hovraett_-_Advokatfiskalen_Jaemtlands_laen__1702__3-6edbb12a/0045_DSC_0427/r1l16,714,False,ok,0.3235,ok,0.3235,0.0
Svea_Hovraett_etc_export_job_4502445_845640_Svea_Hovraett_-_Advokatfiskalen_Jaemtlands_laen__1702__3-6edbb12a/0045_DSC_0427/r1l17,720,False,ok,0.0968,ok,0.0968,0.0
Svea_Hovraett_etc_export_job_4502445_845640_Svea_Hovraett_-_Advokatfiskalen_Jaemtlands_laen__1702__3-6edbb12a/0045_DSC_0427/r1l18,713,False,ok,0.0312,ok,0.0312,0.0
Svea_Hovraett_etc_export_job_4502445_845640_Svea_Hovraett_-_Advokatfiskalen_Jaemtlands_laen__1702__3-6edbb12a/0045_DSC_0427/r1l19,701,False,ok,0.0345,ok,0.0345,0.0
Svea_Hovraett_etc_export_job_4502445_845640_Svea_Hovraett_-_Advokatfiskalen_Jaemtlands_laen__1702__3-6edbb12a/0045_DSC_0427/r1l20,724,False,ok,0.0312,ok,0.0312,0.0
Svea_Hovraett_etc_export_job_4502445_845640_Svea_Hovraett_-_Advokatfiskalen_Jaemtlands_laen__1702__3-6edbb12a/0045_DSC_0427/r1l21,730,False,ok,0.1562,ok,0.1562,0.0
Svea_Hovraett_etc_export_job_4502445_845640_Svea_Hovraett_-_Advokatfiskalen_Jaemtlands_laen__1702__3-6edbb12a/0045_DSC_0427/r1l22,736,False,ok,0.2581,ok,0.2581,0.0
Svea_Hovraett_etc_export_job_4502445_845640_Svea_Hovraett_-_Advokatfiskalen_Jaemtlands_laen__1702__3-6edbb12a/0045_DSC_0427/r1l23,58,True,empty,1.0,empty,1.0,0.0
Svea_Hovraett_etc_export_job_4502445_845640_Svea_Hovraett_-_Advokatfiskalen_Jaemtlands_laen__1702__3-6edbb12a/0045_DSC_0427/r2l2,78,True,ok,1.0,empty,1.0,0.0
Svea_Hovraett_etc_export_job_4502445_845640_Svea_Hovraett_-_Advokatfiskalen_Jaemtlands_laen__1702__3-6edbb12a/0045_DSC_0427/r2l3,587,False,ok,0.8286,ok,0.8286,0.0
Svea_Hovraett_etc_export_job_4502445_845640_Svea_Hovraett_-_Advokatfiskalen_Jaemtlands_laen__1702__3-6edbb12a/0045_DSC_0427/r2l4,604,False,ok,0.6471,ok,0.6471,0.0
Svea_Hovraett_etc_export_job_4502445_845640_Svea_Hovraett_-_Advokatfiskalen_Jaemtlands_laen__1702__3-6edbb12a/0045_DSC_0427/r2l5,627,False,ok,0.6829,ok,0.6829,0.0
Svea_Hovraett_etc_export_job_4502445_845640_Svea_Hovraett_-_Advokatfiskalen_Jaemtlands_laen__1702__3-6edbb12a/0045_DSC_0427/r2l6,625,False,ok,0.7941,ok,0.7941,0.0
Svea_Hovraett_etc_export_job_4502445_845640_Svea_Hovraett_-_Advokatfiskalen_Jaemtlands_laen__1702__3-6edbb12a/0045_DSC_0427/r2l7,632,False,ok,0.3143,ok,0.3143,0.0
Svea_Hovraett_etc_export_job_4502445_845640_Svea_Hovraett_-_Advokatfiskalen_Jaemtlands_laen__1702__3-6edbb12a/0045_DSC_0427/r2l8,629,False,ok,0.5278,ok,0.5278,0.0
Svea_Hovraett_etc_export_job_4502445_845640_Svea_Hovraett_-_Advokatfiskalen_Jaemtlands_laen__1702__3-6edbb12a/0045_DSC_0427/r2l9,631,False,ok,0.3902,ok,0.3902,0.0
Svea_Hovraett_etc_export_job_4502445_845640_Svea_Hovraett_-_Advokatfiskalen_Jaemtlands_laen__1702__3-6edbb12a/0045_DSC_0427/r2l10,638,False,ok,0.3889,ok,0.3889,0.0
Svea_Hovraett_etc_export_job_4502445_845640_Svea_Hovraett_-_Advokatfiskalen_Jaemtlands_laen__1702__3-6edbb12a/0045_DSC_0427/r2l11,646,False,ok,0.4324,ok,0.4324,0.0
Svea_Hovraett_etc_export_job_4502445_845640_Svea_Hovraett_-_Advokatfiskalen_Jaemtlands_laen__1702__3-6edbb12a/0045_DSC_0427/r2l12,656,False,ok,0.25,ok,0.25,0.0
Svea_Hovraett_etc_export_job_4502445_845640_Svea_Hovraett_-_Advokatfiskalen_Jaemtlands_laen__1702__3-6edbb12a/0045_DSC_0427/r2l13,633,False,ok,0.25,ok,0.25,0.0
Svea_Hovraett_etc_export_job_4502445_845640_Svea_Hovraett_-_Advokatfiskalen_Jaemtlands_laen__1702__3-6edbb12a/0045_DSC_0427/r2l14,658,False,ok,0.2857,ok,0.2857,0.0
Svea_Hovraett_etc_export_job_4502445_845640_Svea_Hovraett_-_Advokatfiskalen_Jaemtlands_laen__1702__3-6edbb12a/0045_DSC_0427/r2l15,659,False,ok,0.2927,ok,0.2927,0.0
Svea_Hovraett_etc_export_job_4502445_845640_Svea_Hovraett_-_Advokatfiskalen_Jaemtlands_laen__1702__3-6edbb12a/0045_DSC_0427/r2l16,698,False,ok,0.2051,ok,0.2051,0.0
Svea_Hovraett_etc_export_job_4502445_845640_Svea_Hovraett_-_Advokatfiskalen_Jaemtlands_laen__1702__3-6edbb12a/0045_DSC_0427/r2l17,674,False,ok,0.3243,ok,0.3243,0.0
Svea_Hovraett_etc_export_job_4502445_845640_Svea_Hovraett_-_Advokatfiskalen_Jaemtlands_laen__1702__3-6edbb12a/0045_DSC_0427/r2l18,654,False,ok,0.125,ok,0.125,0.0
Svea_Hovraett_etc_export_job_4502445_845640_Svea_Hovraett_-_Advokatfiskalen_Jaemtlands_laen__1702__3-6edbb12a/0045_DSC_0427/r2l19,657,False,ok,0.1935,ok,0.1935,0.0
Svea_Hovraett_etc_export_job_4502445_845640_Svea_Hovraett_-_Advokatfiskalen_Jaemtlands_laen__1702__3-6edbb12a/0045_DSC_0427/r2l20,677,False,ok,0.3056,ok,0.3056,0.0
Svea_Hovraett_etc_export_job_4502445_845640_Svea_Hovraett_-_Advokatfiskalen_Jaemtlands_laen__1702__3-6edbb12a/0045_DSC_0427/r2l21,683,False,ok,0.4,ok,0.4,0.0
Svea_Hovraett_etc_export_job_4502445_845640_Svea_Hovraett_-_Advokatfiskalen_Jaemtlands_laen__1702__3-6edbb12a/0045_DSC_0427/r2l22,696,False,ok,0.1429,ok,0.1429,0.0
Svea_Hovraett_etc_export_job_4502445_845640_Svea_Hovraett_-_Advokatfiskalen_Jaemtlands_laen__1702__3-6edbb12a/0045_DSC_0427/r2l23,393,False,ok,0.2105,ok,0.2105,0.0
Svea_Hovraett_etc_export_job_4502445_845640_Svea_Hovraett_-_Advokatfiskalen_Jaemtlands_laen__1702__3-6edbb12a/0045_DSC_0427/r2l24,146,True,ok,0.8,ok,0.8,0.0
Svea_Hovraett_etc_export_job_4502445_845640_Svea_Hovraett_-_Advokatfiskalen_Jaemtlands_laen__1702__3-6edbb12a/0046_DSC_0428/r1l1,646,False,ok,0.3871,ok,0.3871,0.0
Svea_Hovraett_etc_export_job_4502445_845640_Svea_Hovraett_-_Advokatfiskalen_Jaemtlands_laen__1702__3-6edbb12a/0046_DSC_0428/r1l2,638,False,ok,0.3243,ok,0.3243,0.0
Svea_Hovraett_etc_export_job_4502445_845640_Svea_Hovraett_-_Advokatfiskalen_Jaemtlands_laen__1702__3-6edbb12a/0046_DSC_0428/r1l3,645,False,ok,0.2424,ok,0.2424,0.0
Svea_Hovraett_etc_export_job_4502445_845640_Svea_Hovraett_-_Advokatfiskalen_Jaemtlands_laen__1702__3-6edbb12a/0046_DSC_0428/r1l4,656,False,ok,0.3529,ok,0.3529,0.0
Svea_Hovraett_etc_export_job_4502445_845640_Svea_Hovraett_-_Advokatfiskalen_Jaemtlands_laen__1702__3-6edbb12a/0046_DSC_0428/r1l5,660,False,ok,0.2162,ok,0.2162,0.0
Svea_Hovraett_etc_export_job_4502445_845640_Svea_Hovraett_-_Advokatfiskalen_Jaemtlands_laen__1702__3-6edbb12a/0046_DSC_0428/r1l6,658,False,ok,0.2258,ok,0.2258,0.0
Svea_Hovraett_etc_export_job_4502445_845640_Svea_Hovraett_-_Advokatfiskalen_Jaemtlands_laen__1702__3-6edbb12a/0046_DSC_0428/r1l7,651,False,ok,0.1515,ok,0.1515,0.0
Svea_Hovraett_etc_export_job_4502445_845640_Svea_Hovraett_-_Advokatfiskalen_Jaemtlands_laen__1702__3-6edbb12a/0046_DSC_0428/r1l8,664,False,ok,0.2286,ok,0.2286,0.0
Svea_Hovraett_etc_export_job_4502445_845640_Svea_Hovraett_-_Advokatfiskalen_Jaemtlands_laen__1702__3-6edbb12a/0046_DSC_0428/r1l9,650,False,ok,0.069,ok,0.069,0.0
Svea_Hovraett_etc_export_job_4502445_845640_Svea_Hovraett_-_Advokatfiskalen_Jaemtlands_laen__1702__3-6edbb12a/0046_DSC_0428/r1l10,700,False,ok,0.129,ok,0.129,0.0
Svea_Hovraett_etc_export_job_4502445_845640_Svea_Hovraett_-_Advokatfiskalen_Jaemtlands_laen__1702__3-6edbb12a/0046_DSC_0428/r1l11,694,False,ok,0.125,ok,0.125,0.0
Svea_Hovraett_etc_export_job_4502445_845640_Svea_Hovraett_-_Advokatfiskalen_Jaemtlands_laen__1702__3-6edbb12a/0046_DSC_0428/r1l12,685,False,ok,0.125,ok,0.125,0.0
Svea_Hovraett_etc_export_job_4502445_845640_Svea_Hovraett_-_Advokatfiskalen_Jaemtlands_laen__1702__3-6edbb12a/0046_DSC_0428/r1l13,699,False,ok,0.1707,ok,0.1707,0.0
Svea_Hovraett_etc_export_job_4502445_845640_Svea_Hovraett_-_Advokatfiskalen_Jaemtlands_laen__1702__3-6edbb12a/0046_DSC_0428/r1l14,696,False,ok,0.1875,ok,0.1875,0.0
Svea_Hovraett_etc_export_job_4502445_845640_Svea_Hovraett_-_Advokatfiskalen_Jaemtlands_laen__1702__3-6edbb12a/0046_DSC_0428/r1l15,691,False,ok,0.0811,ok,0.0811,0.0
Svea_Hovraett_etc_export_job_4502445_845640_Svea_Hovraett_-_Advokatfiskalen_Jaemtlands_laen__1702__3-6edbb12a/0046_DSC_0428/r1l16,695,False,ok,0.2432,ok,0.2432,0.0
Svea_Hovraett_etc_export_job_4502445_845640_Svea_Hovraett_-_Advokatfiskalen_Jaemtlands_laen__1702__3-6edbb12a/0046_DSC_0428/r1l18,657,False,ok,0.0333,ok,0.0333,0.0
Svea_Hovraett_etc_export_job_4502445_845640_Svea_Hovraett_-_Advokatfiskalen_Jaemtlands_laen__1702__3-6edbb12a/0046_DSC_0428/r1l19,713,False,ok,0.0938,ok,0.0938,0.0
Svea_Hovraett_etc_export_job_4502445_845640_Svea_Hovraett_-_Advokatfiskalen_Jaemtlands_laen__1702__3-6edbb12a/0046_DSC_0428/r1l20,714,False,ok,0.2353,ok,0.2353,0.0
Svea_Hovraett_etc_export_job_4502445_845640_Svea_Hovraett_-_Advokatfiskalen_Jaemtlands_laen__1702__3-6edbb12a/0046_DSC_0428/r1l21,749,False,ok,0.4103,ok,0.4103,0.0
Svea_Hovraett_etc_export_job_4502445_845640_Svea_Hovraett_-_Advokatfiskalen_Jaemtlands_laen__1702__3-6edbb12a/0046_DSC_0428/line_1638873339761_636,78,True,ok,0.6667,empty,1.0,0.3333
Svea_Hovraett_etc_export_job_4502445_845640_Svea_Hovraett_-_Advokatfiskalen_Jaemtlands_laen__1702__3-6edbb12a/0046_DSC_0428/line_1638873327057_631,723,False,ok,0.8,ok,0.8,0.0
Svea_Hovraett_etc_export_job_4502445_845640_Svea_Hovraett_-_Advokatfiskalen_Jaemtlands_laen__1702__3-6edbb12a/0046_DSC_0428/r2l4,625,False,ok,0.7941,ok,0.7941,0.0
Svea_Hovraett_etc_export_job_4502445_845640_Svea_Hovraett_-_Advokatfiskalen_Jaemtlands_laen__1702__3-6edbb12a/0046_DSC_0428/r2l5,642,False,ok,0.7949,ok,0.7949,0.0
Svea_Hovraett_etc_export_job_4502445_845640_Svea_Hovraett_-_Advokatfiskalen_Jaemtlands_laen__1702__3-6edbb12a/0046_DSC_0428/r2l6,646,False,ok,0.5263,ok,0.5263,0.0
Svea_Hovraett_etc_export_job_4502445_845640_Svea_Hovraett_-_Advokatfiskalen_Jaemtlands_laen__1702__3-6edbb12a/0046_DSC_0428/r2l7,650,False,ok,0.4516,ok,0.4516,0.0
Svea_Hovraett_etc_export_job_4502445_845640_Svea_Hovraett_-_Advokatfiskalen_Jaemtlands_laen__1702__3-6edbb12a/0046_DSC_0428/r2l8,634,False,ok,0.3235,ok,0.3235,0.0
Svea_Hovraett_etc_export_job_4502445_845640_Svea_Hovraett_-_Advokatfiskalen_Jaemtlands_laen__1702__3-6edbb12a/0046_DSC_0428/r2l9,649,False,ok,0.8222,ok,0.8222,0.0
Svea_Hovraett_etc_export_job_4502445_845640_Svea_Hovraett_-_Advokatfiskalen_Jaemtlands_laen__1702__3-6edbb12a/0046_DSC_0428/r2l10,676,False,ok,0.3171,ok,0.3171,0.0
Svea_Hovraett_etc_export_job_4502445_845640_Svea_Hovraett_-_Advokatfiskalen_Jaemtlands_laen__1702__3-6edbb12a/0046_DSC_0428/r2l11,658,False,ok,0.2308,ok,0.2308,0.0
Svea_Hovraett_etc_export_job_4502445_845640_Svea_Hovraett_-_Advokatfiskalen_Jaemtlands_laen__1702__3-6edbb12a/0046_DSC_0428/line_1638873215563_608,629,False,ok,0.2432,ok,0.2432,0.0
Svea_Hovraett_etc_export_job_4502445_845640_Svea_Hovraett_-_Advokatfiskalen_Jaemtlands_laen__1702__3-6edbb12a/0046_DSC_0428/r2l14,660,False,ok,0.2821,ok,0.2821,0.0
Svea_Hovraett_etc_export_job_4502445_845640_Svea_Hovraett_-_Advokatfiskalen_Jaemtlands_laen__1702__3-6edbb12a/0046_DSC_0428/r2l15,658,False,ok,0.3143,ok,0.3143,0.0
Svea_Hovraett_etc_export_job_4502445_845640_Svea_Hovraett_-_Advokatfiskalen_Jaemtlands_laen__1702__3-6edbb12a/0046_DSC_0428/r2l16,679,False,ok,0.1875,ok,0.1875,0.0
Svea_Hovraett_etc_export_job_4502445_845640_Svea_Hovraett_-_Advokatfiskalen_Jaemtlands_laen__1702__3-6edbb12a/0046_DSC_0428/r2l17,680,False,ok,0.1892,ok,0.1892,0.0
Svea_Hovraett_etc_export_job_4502445_845640_Svea_Hovraett_-_Advokatfiskalen_Jaemtlands_laen__1702__3-6edbb12a/0046_DSC_0428/r2l18,651,False,ok,0.4286,ok,0.4286,0.0
Svea_Hovraett_etc_export_job_4502445_845640_Svea_Hovraett_-_Advokatfiskalen_Jaemtlands_laen__1702__3-6edbb12a/0046_DSC_0428/r2l19,696,False,ok,0.2564,ok,0.2564,0.0
Svea_Hovraett_etc_export_job_4502445_845640_Svea_Hovraett_-_Advokatfiskalen_Jaemtlands_laen__1702__3-6edbb12a/0046_DSC_0428/r2l20,691,False,ok,0.1515,ok,0.1515,0.0
Svea_Hovraett_etc_export_job_4502445_845640_Svea_Hovraett_-_Advokatfiskalen_Jaemtlands_laen__1702__3-6edbb12a/0046_DSC_0428/r2l21,701,False,ok,0.4,ok,0.4,0.0
Svea_Hovraett_etc_export_job_4502445_845640_Svea_Hovraett_-_Advokatfiskalen_Jaemtlands_laen__1702__3-6edbb12a/0046_DSC_0428/r2l22,719,False,ok,0.2571,ok,0.2571,0.0
Svea_Hovraett_etc_export_job_4502445_845640_Svea_Hovraett_-_Advokatfiskalen_Jaemtlands_laen__1702__3-6edbb12a/0046_DSC_0428/r2l23,711,False,ok,0.1795,ok,0.1795,0.0
Svea_Hovraett_etc_export_job_4502445_845640_Svea_Hovraett_-_Advokatfiskalen_Jaemtlands_laen__1702__3-6edbb12a/0046_DSC_0428/r2l25,723,False,ok,0.325,ok,0.325,0.0
Svea_Hovraett_etc_export_job_4502445_845640_Svea_Hovraett_-_Advokatfiskalen_Jaemtlands_laen__1702__3-6edbb12a/0046_DSC_0428/r2l28,110,True,empty,1.0,ok,1.0,0.0
Svea_Hovraett_etc_export_job_4502445_845640_Svea_Hovraett_-_Advokatfiskalen_Jaemtlands_laen__1702__3-6edbb12a/0047_DSC_0429/r1l1,687,False,ok,0.675,ok,0.675,0.0
Svea_Hovraett_etc_export_job_4502445_845640_Svea_Hovraett_-_Advokatfiskalen_Jaemtlands_laen__1702__3-6edbb12a/0047_DSC_0429/r1l2,679,False,ok,0.4,ok,0.4,0.0
Svea_Hovraett_etc_export_job_4502445_845640_Svea_Hovraett_-_Advokatfiskalen_Jaemtlands_laen__1702__3-6edbb12a/0047_DSC_0429/r1l3,689,False,ok,0.5,ok,0.5,0.0
Svea_Hovraett_etc_export_job_4502445_845640_Svea_Hovraett_-_Advokatfiskalen_Jaemtlands_laen__1702__3-6edbb12a/0047_DSC_0429/r1l4,702,False,ok,0.4324,ok,0.4324,0.0
Svea_Hovraett_etc_export_job_4502445_845640_Svea_Hovraett_-_Advokatfiskalen_Jaemtlands_laen__1702__3-6edbb12a/0047_DSC_0429/r1l5,711,False,ok,0.25,ok,0.25,0.0
Svea_Hovraett_etc_export_job_4502445_845640_Svea_Hovraett_-_Advokatfiskalen_Jaemtlands_laen__1702__3-6edbb12a/0047_DSC_0429/r1l6,686,False,ok,0.2353,ok,0.2353,0.0
Svea_Hovraett_etc_export_job_4502445_845640_Svea_Hovraett_-_Advokatfiskalen_Jaemtlands_laen__1702__3-6edbb12a/0047_DSC_0429/r1l7,823,False,ok,0.5,ok,0.5,0.0
Svea_Hovraett_etc_export_job_4502445_845640_Svea_Hovraett_-_Advokatfiskalen_Jaemtlands_laen__1702__3-6edbb12a/0047_DSC_0429/r1l8,711,False,ok,0.2424,ok,0.2424,0.0
Svea_Hovraett_etc_export_job_4502445_845640_Svea_Hovraett_-_Advokatfiskalen_Jaemtlands_laen__1702__3-6edbb12a/0047_DSC_0429/r1l9,725,False,ok,0.1667,ok,0.1667,0.0
Svea_Hovraett_etc_export_job_4502445_845640_Svea_Hovraett_-_Advokatfiskalen_Jaemtlands_laen__1702__3-6edbb12a/0047_DSC_0429/r1l10,727,False,ok,0.1389,ok,0.1389,0.0
Svea_Hovraett_etc_export_job_4502445_845640_Svea_Hovraett_-_Advokatfiskalen_Jaemtlands_laen__1702__3-6edbb12a/0047_DSC_0429/r1l11,726,False,ok,0.1081,ok,0.1081,0.0
Svea_Hovraett_etc_export_job_4502445_845640_Svea_Hovraett_-_Advokatfiskalen_Jaemtlands_laen__1702__3-6edbb12a/0047_DSC_0429/r1l12,725,False,ok,0.1702,ok,0.1702,0.0
Svea_Hovraett_etc_export_job_4502445_845640_Svea_Hovraett_-_Advokatfiskalen_Jaemtlands_laen__1702__3-6edbb12a/0047_DSC_0429/r1l13,738,False,ok,0.2895,ok,0.2895,0.0
Svea_Hovraett_etc_export_job_4502445_845640_Svea_Hovraett_-_Advokatfiskalen_Jaemtlands_laen__1702__3-6edbb12a/0047_DSC_0429/r1l14,741,False,ok,0.1905,ok,0.1905,0.0
Svea_Hovraett_etc_export_job_4502445_845640_Svea_Hovraett_-_Advokatfiskalen_Jaemtlands_laen__1702__3-6edbb12a/0047_DSC_0429/r1l15,761,False,ok,0.2162,ok,0.2162,0.0
Svea_Hovraett_etc_export_job_4502445_845640_Svea_Hovraett_-_Advokatfiskalen_Jaemtlands_laen__1702__3-6edbb12a/0047_DSC_0429/r1l16,766,False,ok,0.1944,ok,0.1944,0.0
Svea_Hovraett_etc_export_job_4502445_845640_Svea_Hovraett_-_Advokatfiskalen_Jaemtlands_laen__1702__3-6edbb12a/0047_DSC_0429/r1l17,727,False,ok,0.1389,ok,0.1389,0.0
Svea_Hovraett_etc_export_job_4502445_845640_Svea_Hovraett_-_Advokatfiskalen_Jaemtlands_laen__1702__3-6edbb12a/0047_DSC_0429/r1l18,746,False,ok,0.25,ok,0.25,0.0
Svea_Hovraett_etc_export_job_4502445_845640_Svea_Hovraett_-_Advokatfiskalen_Jaemtlands_laen__1702__3-6edbb12a/0047_DSC_0429/r1l19,745,False,ok,0.069,ok,0.069,0.0
Svea_Hovraett_etc_export_job_4502445_845640_Svea_Hovraett_-_Advokatfiskalen_Jaemtlands_laen__1702__3-6edbb12a/0047_DSC_0429/r1l20,751,False,ok,0.1875,ok,0.1875,0.0
Svea_Hovraett_etc_export_job_4502445_845640_Svea_Hovraett_-_Advokatfiskalen_Jaemtlands_laen__1702__3-6edbb12a/0047_DSC_0429/r1l21,98,True,ok,1.0,ok,1.0,0.0
Svea_Hovraett_etc_export_job_4502445_845640_Svea_Hovraett_-_Advokatfiskalen_Jaemtlands_laen__1702__3-6edbb12a/0047_DSC_0429/r2l1,682,False,ok,0.8421,ok,0.8421,0.0
Svea_Hovraett_etc_export_job_4502445_845640_Svea_Hovraett_-_Advokatfiskalen_Jaemtlands_laen__1702__3-6edbb12a/0047_DSC_0429/r2l2,680,False,ok,0.8056,ok,0.8056,0.0
Svea_Hovraett_etc_export_job_4502445_845640_Svea_Hovraett_-_Advokatfiskalen_Jaemtlands_laen__1702__3-6edbb12a/0047_DSC_0429/r2l3,697,False,ok,0.6486,ok,0.6486,0.0
Svea_Hovraett_etc_export_job_4502445_845640_Svea_Hovraett_-_Advokatfiskalen_Jaemtlands_laen__1702__3-6edbb12a/0047_DSC_0429/r2l4,625,False,ok,0.8182,ok,0.8182,0.0
Svea_Hovraett_etc_export_job_4502445_845640_Svea_Hovraett_-_Advokatfiskalen_Jaemtlands_laen__1702__3-6edbb12a/0047_DSC_0429/r2l5,770,False,ok,0.5789,ok,0.5789,0.0
Svea_Hovraett_etc_export_job_4502445_845640_Svea_Hovraett_-_Advokatfiskalen_Jaemtlands_laen__1702__3-6edbb12a/0047_DSC_0429/r2l6,684,False,ok,0.6176,ok,0.6176,0.0
Svea_Hovraett_etc_export_job_4502445_845640_Svea_Hovraett_-_Advokatfiskalen_Jaemtlands_laen__1702__3-6edbb12a/0047_DSC_0429/r2l7,701,False,ok,0.7368,ok,0.7368,0.0
Svea_Hovraett_etc_export_job_4502445_845640_Svea_Hovraett_-_Advokatfiskalen_Jaemtlands_laen__1702__3-6edbb12a/0047_DSC_0429/r2l8,731,False,ok,0.5385,ok,0.5385,0.0
Svea_Hovraett_etc_export_job_4502445_845640_Svea_Hovraett_-_Advokatfiskalen_Jaemtlands_laen__1702__3-6edbb12a/0047_DSC_0429/r2l9,713,False,ok,0.5682,ok,0.5682,0.0
Svea_Hovraett_etc_export_job_4502445_845640_Svea_Hovraett_-_Advokatfiskalen_Jaemtlands_laen__1702__3-6edbb12a/0047_DSC_0429/r2l10,680,False,ok,0.3939,ok,0.3939,0.0
Svea_Hovraett_etc_export_job_4502445_845640_Svea_Hovraett_-_Advokatfiskalen_Jaemtlands_laen__1702__3-6edbb12a/0047_DSC_0429/r2l11,712,False,ok,0.3889,ok,0.3889,0.0
Svea_Hovraett_etc_export_job_4502445_845640_Svea_Hovraett_-_Advokatfiskalen_Jaemtlands_laen__1702__3-6edbb12a/0047_DSC_0429/r2l12,728,False,ok,0.2105,ok,0.2105,0.0
Svea_Hovraett_etc_export_job_4502445_845640_Svea_Hovraett_-_Advokatfiskalen_Jaemtlands_laen__1702__3-6edbb12a/0047_DSC_0429/r2l13,715,False,ok,0.3529,ok,0.3529,0.0
Svea_Hovraett_etc_export_job_4502445_845640_Svea_Hovraett_-_Advokatfiskalen_Jaemtlands_laen__1702__3-6edbb12a/0047_DSC_0429/r2l14,722,False,ok,0.1613,ok,0.1613,0.0
Svea_Hovraett_etc_export_job_4502445_845640_Svea_Hovraett_-_Advokatfiskalen_Jaemtlands_laen__1702__3-6edbb12a/0047_DSC_0429/r2l15,735,False,ok,0.1842,ok,0.1842,0.0
Svea_Hovraett_etc_export_job_4502445_845640_Svea_Hovraett_-_Advokatfiskalen_Jaemtlands_laen__1702__3-6edbb12a/0047_DSC_0429/r2l16,733,False,ok,0.1818,ok,0.1818,0.0
Svea_Hovraett_etc_export_job_4502445_845640_Svea_Hovraett_-_Advokatfiskalen_Jaemtlands_laen__1702__3-6edbb12a/0047_DSC_0429/r2l17,747,False,ok,0.2069,ok,0.2069,0.0
Svea_Hovraett_etc_export_job_4502445_845640_Svea_Hovraett_-_Advokatfiskalen_Jaemtlands_laen__1702__3-6edbb12a/0047_DSC_0429/r2l18,758,False,ok,0.2778,ok,0.2778,0.0
Svea_Hovraett_etc_export_job_4502445_845640_Svea_Hovraett_-_Advokatfiskalen_Jaemtlands_laen__1702__3-6edbb12a/0047_DSC_0429/r2l19,760,False,ok,0.2941,ok,0.2941,0.0
Svea_Hovraett_etc_export_job_4502445_845640_Svea_Hovraett_-_Advokatfiskalen_Jaemtlands_laen__1702__3-6edbb12a/0047_DSC_0429/r2l20,754,False,ok,0.3235,ok,0.3235,0.0
Svea_Hovraett_etc_export_job_4502445_845640_Svea_Hovraett_-_Advokatfiskalen_Jaemtlands_laen__1702__3-6edbb12a/0047_DSC_0429/r2l21,111,True,empty,1.0,ok,1.0,0.0
Svea_Hovraett_etc_export_job_4502445_845640_Svea_Hovraett_-_Advokatfiskalen_Jaemtlands_laen__1702__3-6edbb12a/0048_DSC_0430/r1l1,659,False,ok,0.5294,ok,0.5294,0.0
Svea_Hovraett_etc_export_job_4502445_845640_Svea_Hovraett_-_Advokatfiskalen_Jaemtlands_laen__1702__3-6edbb12a/0048_DSC_0430/r1l2,651,False,ok,0.8182,ok,0.8182,0.0
Svea_Hovraett_etc_export_job_4502445_845640_Svea_Hovraett_-_Advokatfiskalen_Jaemtlands_laen__1702__3-6edbb12a/0048_DSC_0430/r1l3,662,False,ok,0.9024,ok,0.9024,0.0
Svea_Hovraett_etc_export_job_4502445_845640_Svea_Hovraett_-_Advokatfiskalen_Jaemtlands_laen__1702__3-6edbb12a/0048_DSC_0430/r1l4,644,False,ok,0.7059,ok,0.7059,0.0
Svea_Hovraett_etc_export_job_4502445_845640_Svea_Hovraett_-_Advokatfiskalen_Jaemtlands_laen__1702__3-6edbb12a/0048_DSC_0430/r1l5,641,False,ok,0.8485,ok,0.8485,0.0
Svea_Hovraett_etc_export_job_4502445_845640_Svea_Hovraett_-_Advokatfiskalen_Jaemtlands_laen__1702__3-6edbb12a/0048_DSC_0430/r1l6,668,False,ok,0.7727,ok,0.7727,0.0
Svea_Hovraett_etc_export_job_4502445_845640_Svea_Hovraett_-_Advokatfiskalen_Jaemtlands_laen__1702__3-6edbb12a/0048_DSC_0430/r1l7,664,False,ok,0.4444,ok,0.4444,0.0
Svea_Hovraett_etc_export_job_4502445_845640_Svea_Hovraett_-_Advokatfiskalen_Jaemtlands_laen__1702__3-6edbb12a/0048_DSC_0430/r1l8,685,False,ok,0.4865,ok,0.4865,0.0
Svea_Hovraett_etc_export_job_4502445_845640_Svea_Hovraett_-_Advokatfiskalen_Jaemtlands_laen__1702__3-6edbb12a/0048_DSC_0430/r1l9,679,False,ok,0.3548,ok,0.3548,0.0
Svea_Hovraett_etc_export_job_4502445_845640_Svea_Hovraett_-_Advokatfiskalen_Jaemtlands_laen__1702__3-6edbb12a/0048_DSC_0430/r1l10,694,False,ok,0.439,ok,0.439,0.0
Svea_Hovraett_etc_export_job_4502445_845640_Svea_Hovraett_-_Advokatfiskalen_Jaemtlands_laen__1702__3-6edbb12a/0048_DSC_0430/r1l11,688,False,ok,0.3784,ok,0.3784,0.0
Svea_Hovraett_etc_export_job_4502445_845640_Svea_Hovraett_-_Advokatfiskalen_Jaemtlands_laen__1702__3-6edbb12a/0048_DSC_0430/r1l12,692,False,ok,0.2703,ok,0.2703,0.0
Svea_Hovraett_etc_export_job_4502445_845640_Svea_Hovraett_-_Advokatfiskalen_Jaemtlands_laen__1702__3-6edbb12a/0048_DSC_0430/r1l13,695,False,ok,0.25,ok,0.25,0.0
Svea_Hovraett_etc_export_job_4502445_845640_Svea_Hovraett_-_Advokatfiskalen_Jaemtlands_laen__1702__3-6edbb12a/0048_DSC_0430/r1l14,704,False,ok,0.4872,ok,0.4872,0.0
Svea_Hovraett_etc_export_job_4502445_845640_Svea_Hovraett_-_Advokatfiskalen_Jaemtlands_laen__1702__3-6edbb12a/0048_DSC_0430/r1l15,702,False,ok,0.2564,ok,0.2564,0.0
Svea_Hovraett_etc_export_job_4502445_845640_Svea_Hovraett_-_Advokatfiskalen_Jaemtlands_laen__1702__3-6edbb12a/0048_DSC_0430/r1l16,711,False,ok,0.3333,ok,0.3333,0.0
Svea_Hovraett_etc_export_job_4502445_845640_Svea_Hovraett_-_Advokatfiskalen_Jaemtlands_laen__1702__3-6edbb12a/0048_DSC_0430/r1l17,715,False,ok,0.2059,ok,0.2059,0.0
Svea_Hovraett_etc_export_job_4502445_845640_Svea_Hovraett_-_Advokatfiskalen_Jaemtlands_laen__1702__3-6edbb12a/0048_DSC_0430/r1l18,720,False,ok,0.1714,ok,0.1714,0.0
Svea_Hovraett_etc_export_job_4502445_845640_Svea_Hovraett_-_Advokatfiskalen_Jaemtlands_laen__1702__3-6edbb12a/0048_DSC_0430/r1l19,718,False,ok,0.2,ok,0.2,0.0
Svea_Hovraett_etc_export_job_4502445_845640_Svea_Hovraett_-_Advokatfiskalen_Jaemtlands_laen__1702__3-6edbb12a/0048_DSC_0430/r1l20,715,False,ok,0.2632,ok,0.2632,0.0
Svea_Hovraett_etc_export_job_4502445_845640_Svea_Hovraett_-_Advokatfiskalen_Jaemtlands_laen__1702__3-6edbb12a/0048_DSC_0430/r1l21,721,False,ok,0.1707,ok,0.1707,0.0
Svea_Hovraett_etc_export_job_4502445_845640_Svea_Hovraett_-_Advokatfiskalen_Jaemtlands_laen__1702__3-6edbb12a/0048_DSC_0430/r1l22,55,True,ok,1.0,empty,1.0,0.0
Svea_Hovraett_etc_export_job_4502445_845640_Svea_Hovraett_-_Advokatfiskalen_Jaemtlands_laen__1702__3-6edbb12a/0048_DSC_0430/r2l2,61,True,ok,0.6667,empty,1.0,0.3333
Svea_Hovraett_etc_export_job_4502445_845640_Svea_Hovraett_-_Advokatfiskalen_Jaemtlands_laen__1702__3-6edbb12a/0048_DSC_0430/r2l3,617,False,ok,0.875,ok,0.875,0.0
Svea_Hovraett_etc_export_job_4502445_845640_Svea_Hovraett_-_Advokatfiskalen_Jaemtlands_laen__1702__3-6edbb12a/0048_DSC_0430/r2l4,636,False,ok,0.8065,ok,0.8065,0.0
Svea_Hovraett_etc_export_job_4502445_845640_Svea_Hovraett_-_Advokatfiskalen_Jaemtlands_laen__1702__3-6edbb12a/0048_DSC_0430/r2l5,644,False,ok,0.5455,ok,0.5455,0.0
Svea_Hovraett_etc_export_job_4502445_845640_Svea_Hovraett_-_Advokatfiskalen_Jaemtlands_laen__1702__3-6edbb12a/0048_DSC_0430/r2l6,657,False,ok,0.8205,ok,0.8205,0.0
Svea_Hovraett_etc_export_job_4502445_845640_Svea_Hovraett_-_Advokatfiskalen_Jaemtlands_laen__1702__3-6edbb12a/0048_DSC_0430/r2l7,678,False,ok,0.7568,ok,0.7568,0.0
Svea_Hovraett_etc_export_job_4502445_845640_Svea_Hovraett_-_Advokatfiskalen_Jaemtlands_laen__1702__3-6edbb12a/0048_DSC_0430/r2l8,647,False,ok,0.4286,ok,0.4286,0.0
Svea_Hovraett_etc_export_job_4502445_845640_Svea_Hovraett_-_Advokatfiskalen_Jaemtlands_laen__1702__3-6edbb12a/0048_DSC_0430/r2l9,305,False,ok,0.2353,ok,0.2353,0.0
Svea_Hovraett_etc_export_job_4502445_845640_Svea_Hovraett_-_Advokatfiskalen_Jaemtlands_laen__1702__3-6edbb12a/0048_DSC_0430/line_1638873861887_778,756,False,ok,0.4,ok,0.4,0.0
Svea_Hovraett_etc_export_job_4502445_845640_Svea_Hovraett_-_Advokatfiskalen_Jaemtlands_laen__1702__3-6edbb12a/0048_DSC_0430/r2l12,671,False,ok,0.3125,ok,0.3125,0.0
Svea_Hovraett_etc_export_job_4502445_845640_Svea_Hovraett_-_Advokatfiskalen_Jaemtlands_laen__1702__3-6edbb12a/0048_DSC_0430/r2l13,695,False,ok,0.1389,ok,0.1389,0.0
Svea_Hovraett_etc_export_job_4502445_845640_Svea_Hovraett_-_Advokatfiskalen_Jaemtlands_laen__1702__3-6edbb12a/0048_DSC_0430/r2l14,685,False,ok,0.1935,ok,0.1935,0.0
Svea_Hovraett_etc_export_job_4502445_845640_Svea_Hovraett_-_Advokatfiskalen_Jaemtlands_laen__1702__3-6edbb12a/0048_DSC_0430/r2l15,667,False,ok,0.2424,ok,0.2424,0.0
Svea_Hovraett_etc_export_job_4502445_845640_Svea_Hovraett_-_Advokatfiskalen_Jaemtlands_laen__1702__3-6edbb12a/0048_DSC_0430/r2l16,696,False,ok,0.1212,ok,0.1212,0.0
Svea_Hovraett_etc_export_job_4502445_845640_Svea_Hovraett_-_Advokatfiskalen_Jaemtlands_laen__1702__3-6edbb12a/0048_DSC_0430/r2l17,712,False,ok,0.1143,ok,0.1143,0.0
Svea_Hovraett_etc_export_job_4502445_845640_Svea_Hovraett_-_Advokatfiskalen_Jaemtlands_laen__1702__3-6edbb12a/0048_DSC_0430/r2l18,86,True,ok,0.8333,ok,0.1667,-0.6667
Svea_Hovraett_etc_export_job_4502445_845640_Svea_Hovraett_-_Advokatfiskalen_Jaemtlands_laen__1702__3-6edbb12a/0048_DSC_0430/r2l19,791,False,ok,0.2558,ok,0.2558,0.0
Svea_Hovraett_etc_export_job_4502445_845640_Svea_Hovraett_-_Advokatfiskalen_Jaemtlands_laen__1702__3-6edbb12a/0048_DSC_0430/r2l20,681,False,ok,0.2632,ok,0.2632,0.0
Svea_Hovraett_etc_export_job_4502445_845640_Svea_Hovraett_-_Advokatfiskalen_Jaemtlands_laen__1702__3-6edbb12a/0048_DSC_0430/r2l21,704,False,ok,0.1714,ok,0.1714,0.0
Svea_Hovraett_etc_export_job_4502445_845640_Svea_Hovraett_-_Advokatfiskalen_Jaemtlands_laen__1702__3-6edbb12a/0048_DSC_0430/r2l22,707,False,ok,0.1818,ok,0.1818,0.0
Svea_Hovraett_etc_export_job_4502445_845640_Svea_Hovraett_-_Advokatfiskalen_Jaemtlands_laen__1702__3-6edbb12a/0048_DSC_0430/r2l23,439,False,ok,0.1852,ok,0.1852,0.0
Svea_Hovraett_etc_export_job_4502445_845640_Svea_Hovraett_-_Advokatfiskalen_Jaemtlands_laen__1702__3-6edbb12a/0048_DSC_0430/r2l24,107,True,ok,1.0,empty,1.0,0.0
Svea_Hovraett_etc_export_job_4502445_845640_Svea_Hovraett_-_Advokatfiskalen_Jaemtlands_laen__1702__3-6edbb12a/0049_DSC_0432/r1l1,751,False,ok,0.7727,ok,0.7727,0.0
Svea_Hovraett_etc_export_job_4502445_845640_Svea_Hovraett_-_Advokatfiskalen_Jaemtlands_laen__1702__3-6edbb12a/0049_DSC_0432/r1l2,668,False,ok,0.875,ok,0.875,0.0
Svea_Hovraett_etc_export_job_4502445_845640_Svea_Hovraett_-_Advokatfiskalen_Jaemtlands_laen__1702__3-6edbb12a/0049_DSC_0432/r1l3,675,False,ok,0.6053,ok,0.6053,0.0
Svea_Hovraett_etc_export_job_4502445_845640_Svea_Hovraett_-_Advokatfiskalen_Jaemtlands_laen__1702__3-6edbb12a/0049_DSC_0432/r1l4,663,False,ok,0.8438,ok,0.8438,0.0
Svea_Hovraett_etc_export_job_4502445_845640_Svea_Hovraett_-_Advokatfiskalen_Jaemtlands_laen__1702__3-6edbb12a/0049_DSC_0432/r1l5,654,False,ok,0.7,ok,0.7,0.0
Svea_Hovraett_etc_export_job_4502445_845640_Svea_Hovraett_-_Advokatfiskalen_Jaemtlands_laen__1702__3-6edbb12a/0049_DSC_0432/r1l6,676,False,ok,0.4,ok,0.4,0.0
Svea_Hovraett_etc_export_job_4502445_845640_Svea_Hovraett_-_Advokatfiskalen_Jaemtlands_laen__1702__3-6edbb12a/0049_DSC_0432/line_1638866051832_19,690,False,ok,0.3714,ok,0.3714,0.0
Svea_Hovraett_etc_export_job_4502445_845640_Svea_Hovraett_-_Advokatfiskalen_Jaemtlands_laen__1702__3-6edbb12a/0049_DSC_0432/r1l9,679,False,ok,0.1875,ok,0.1875,0.0
Svea_Hovraett_etc_export_job_4502445_845640_Svea_Hovraett_-_Advokatfiskalen_Jaemtlands_laen__1702__3-6edbb12a/0049_DSC_0432/r1l10,666,False,ok,0.1613,ok,0.1613,0.0
Svea_Hovraett_etc_export_job_4502445_845640_Svea_Hovraett_-_Advokatfiskalen_Jaemtlands_laen__1702__3-6edbb12a/0049_DSC_0432/r1l12,686,False,ok,0.0333,ok,0.0333,0.0
Svea_Hovraett_etc_export_job_4502445_845640_Svea_Hovraett_-_Advokatfiskalen_Jaemtlands_laen__1702__3-6edbb12a/0049_DSC_0432/r1l13,687,False,ok,0.1818,ok,0.1818,0.0
Svea_Hovraett_etc_export_job_4502445_845640_Svea_Hovraett_-_Advokatfiskalen_Jaemtlands_laen__1702__3-6edbb12a/0049_DSC_0432/r1l14,696,False,ok,0.2121,ok,0.2121,0.0
Svea_Hovraett_etc_export_job_4502445_845640_Svea_Hovraett_-_Advokatfiskalen_Jaemtlands_laen__1702__3-6edbb12a/0049_DSC_0432/r1l15,707,False,ok,0.2581,ok,0.2581,0.0
Svea_Hovraett_etc_export_job_4502445_845640_Svea_Hovraett_-_Advokatfiskalen_Jaemtlands_laen__1702__3-6edbb12a/0049_DSC_0432/r1l16,692,False,ok,0.1,ok,0.1,0.0
Svea_Hovraett_etc_export_job_4502445_845640_Svea_Hovraett_-_Advokatfiskalen_Jaemtlands_laen__1702__3-6edbb12a/0049_DSC_0432/r1l17,701,False,ok,0.3125,ok,0.3125,0.0
Svea_Hovraett_etc_export_job_4502445_845640_Svea_Hovraett_-_Advokatfiskalen_Jaemtlands_laen__1702__3-6edbb12a/0049_DSC_0432/r1l18,709,False,ok,0.1765,ok,0.1765,0.0
Svea_Hovraett_etc_export_job_4502445_845640_Svea_Hovraett_-_Advokatfiskalen_Jaemtlands_laen__1702__3-6edbb12a/0049_DSC_0432/r1l19,691,False,ok,0.2571,ok,0.2571,0.0
Svea_Hovraett_etc_export_job_4502445_845640_Svea_Hovraett_-_Advokatfiskalen_Jaemtlands_laen__1702__3-6edbb12a/0049_DSC_0432/r1l20,693,False,ok,0.4483,ok,0.4483,0.0
Svea_Hovraett_etc_export_job_4502445_845640_Svea_Hovraett_-_Advokatfiskalen_Jaemtlands_laen__1702__3-6edbb12a/0049_DSC_0432/r1l21,690,False,ok,0.25,ok,0.25,0.0
Svea_Hovraett_etc_export_job_4502445_845640_Svea_Hovraett_-_Advokatfiskalen_Jaemtlands_laen__1702__3-6edbb12a/0049_DSC_0432/r1l22,701,False,ok,0.1667,ok,0.1667,0.0
Svea_Hovraett_etc_export_job_4502445_845640_Svea_Hovraett_-_Advokatfiskalen_Jaemtlands_laen__1702__3-6edbb12a/0049_DSC_0432/r1l23,84,True,ok,0.8,ok,0.6,-0.2
Svea_Hovraett_etc_export_job_4502445_845640_Svea_Hovraett_-_Advokatfiskalen_Jaemtlands_laen__1702__3-6edbb12a/0049_DSC_0432/r2l1,70,True,ok,0.3333,ok,0.3333,0.0
Svea_Hovraett_etc_export_job_4502445_845640_Svea_Hovraett_-_Advokatfiskalen_Jaemtlands_laen__1702__3-6edbb12a/0049_DSC_0432/r2l2,658,False,ok,0.6061,ok,0.6061,0.0
Svea_Hovraett_etc_export_job_4502445_845640_Svea_Hovraett_-_Advokatfiskalen_Jaemtlands_laen__1702__3-6edbb12a/0049_DSC_0432/r2l3,666,False,ok,0.8205,ok,0.8205,0.0
Svea_Hovraett_etc_export_job_4502445_845640_Svea_Hovraett_-_Advokatfiskalen_Jaemtlands_laen__1702__3-6edbb12a/0049_DSC_0432/r2l4,644,False,ok,0.4118,ok,0.4118,0.0
Svea_Hovraett_etc_export_job_4502445_845640_Svea_Hovraett_-_Advokatfiskalen_Jaemtlands_laen__1702__3-6edbb12a/0049_DSC_0432/r2l5,692,False,ok,0.3333,ok,0.3333,0.0
Svea_Hovraett_etc_export_job_4502445_845640_Svea_Hovraett_-_Advokatfiskalen_Jaemtlands_laen__1702__3-6edbb12a/0049_DSC_0432/r2l6,685,False,ok,0.3784,ok,0.3784,0.0
Svea_Hovraett_etc_export_job_4502445_845640_Svea_Hovraett_-_Advokatfiskalen_Jaemtlands_laen__1702__3-6edbb12a/0049_DSC_0432/r2l7,679,False,ok,0.3243,ok,0.3243,0.0
Svea_Hovraett_etc_export_job_4502445_845640_Svea_Hovraett_-_Advokatfiskalen_Jaemtlands_laen__1702__3-6edbb12a/0049_DSC_0432/r2l8,686,False,ok,0.1212,ok,0.1212,0.0
Svea_Hovraett_etc_export_job_4502445_845640_Svea_Hovraett_-_Advokatfiskalen_Jaemtlands_laen__1702__3-6edbb12a/0049_DSC_0432/r2l9,691,False,ok,0.25,ok,0.25,0.0
Svea_Hovraett_etc_export_job_4502445_845640_Svea_Hovraett_-_Advokatfiskalen_Jaemtlands_laen__1702__3-6edbb12a/0049_DSC_0432/r2l10,686,False,ok,0.2667,ok,0.2667,0.0
Svea_Hovraett_etc_export_job_4502445_845640_Svea_Hovraett_-_Advokatfiskalen_Jaemtlands_laen__1702__3-6edbb12a/0049_DSC_0432/r2l11,691,False,ok,0.3636,ok,0.3636,0.0
Svea_Hovraett_etc_export_job_4502445_845640_Svea_Hovraett_-_Advokatfiskalen_Jaemtlands_laen__1702__3-6edbb12a/0049_DSC_0432/r2l12,678,False,ok,0.4444,ok,0.4444,0.0
Svea_Hovraett_etc_export_job_4502445_845640_Svea_Hovraett_-_Advokatfiskalen_Jaemtlands_laen__1702__3-6edbb12a/0049_DSC_0432/r2l13,689,False,ok,0.4194,ok,0.4194,0.0
Svea_Hovraett_etc_export_job_4502445_845640_Svea_Hovraett_-_Advokatfiskalen_Jaemtlands_laen__1702__3-6edbb12a/0049_DSC_0432/r2l15,207,True,ok,0.2308,ok,0.2308,0.0
Svea_Hovraett_etc_export_job_4502445_845640_Svea_Hovraett_-_Advokatfiskalen_Jaemtlands_laen__1702__3-6edbb12a/0049_DSC_0432/r2l16,742,False,ok,0.3438,ok,0.3438,0.0
Svea_Hovraett_etc_export_job_4502445_845640_Svea_Hovraett_-_Advokatfiskalen_Jaemtlands_laen__1702__3-6edbb12a/0049_DSC_0432/r2l17,716,False,ok,0.1333,ok,0.1333,0.0
Svea_Hovraett_etc_export_job_4502445_845640_Svea_Hovraett_-_Advokatfiskalen_Jaemtlands_laen__1702__3-6edbb12a/0049_DSC_0432/r2l18,705,False,ok,0.0968,ok,0.0968,0.0
Svea_Hovraett_etc_export_job_4502445_845640_Svea_Hovraett_-_Advokatfiskalen_Jaemtlands_laen__1702__3-6edbb12a/0049_DSC_0432/r2l19,703,False,ok,0.3214,ok,0.3214,0.0
Svea_Hovraett_etc_export_job_4502445_845640_Svea_Hovraett_-_Advokatfiskalen_Jaemtlands_laen__1702__3-6edbb12a/0049_DSC_0432/r2l20,729,False,ok,0.0968,ok,0.0968,0.0
Svea_Hovraett_etc_export_job_4502445_845640_Svea_Hovraett_-_Advokatfiskalen_Jaemtlands_laen__1702__3-6edbb12a/0049_DSC_0432/r2l21,745,False,ok,0.0588,ok,0.0588,0.0
Svea_Hovraett_etc_export_job_4502445_845640_Svea_Hovraett_-_Advokatfiskalen_Jaemtlands_laen__1702__3-6edbb12a/0049_DSC_0432/r2l22,751,False,ok,0.3864,ok,0.3864,0.0
Svea_Hovraett_etc_export_job_4502446_842250_Svea_Hovraett_-_Advokatfiskalens_Jaemtlands_laen__1702__-7a829e7f/0001_DSC_0332/r2l1,86,True,ok,1.0,ok,1.0,0.0
Svea_Hovraett_etc_export_job_4502446_842250_Svea_Hovraett_-_Advokatfiskalens_Jaemtlands_laen__1702__-7a829e7f/0001_DSC_0332/r2l2,604,False,ok,0.5862,ok,0.5862,0.0
Svea_Hovraett_etc_export_job_4502446_842250_Svea_Hovraett_-_Advokatfiskalens_Jaemtlands_laen__1702__-7a829e7f/0001_DSC_0332/r2l3,563,False,ok,0.4118,ok,0.4118,0.0
Svea_Hovraett_etc_export_job_4502446_842250_Svea_Hovraett_-_Advokatfiskalens_Jaemtlands_laen__1702__-7a829e7f/0001_DSC_0332/r2l4,591,False,ok,0.2069,ok,0.2069,0.0
Svea_Hovraett_etc_export_job_4502446_842250_Svea_Hovraett_-_Advokatfiskalens_Jaemtlands_laen__1702__-7a829e7f/0001_DSC_0332/r2l5,580,False,ok,0.1154,ok,0.1154,0.0
Svea_Hovraett_etc_export_job_4502446_842250_Svea_Hovraett_-_Advokatfiskalens_Jaemtlands_laen__1702__-7a829e7f/0001_DSC_0332/r2l6,573,False,ok,0.0833,ok,0.0833,0.0
Svea_Hovraett_etc_export_job_4502446_842250_Svea_Hovraett_-_Advokatfiskalens_Jaemtlands_laen__1702__-7a829e7f/0001_DSC_0332/r2l7,541,False,ok,0.3333,ok,0.3333,0.0
Svea_Hovraett_etc_export_job_4502446_842250_Svea_Hovraett_-_Advokatfiskalens_Jaemtlands_laen__1702__-7a829e7f/0001_DSC_0332/r2l9,820,False,ok,0.3611,ok,0.3611,0.0
Svea_Hovraett_etc_export_job_4502446_842250_Svea_Hovraett_-_Advokatfiskalens_Jaemtlands_laen__1702__-7a829e7f/0001_DSC_0332/r2l10,275,False,ok,0.4167,ok,0.4167,0.0
Svea_Hovraett_etc_export_job_4502446_842250_Svea_Hovraett_-_Advokatfiskalens_Jaemtlands_laen__1702__-7a829e7f/0001_DSC_0332/r2l11,820,False,ok,0.3023,ok,0.3023,0.0
Svea_Hovraett_etc_export_job_4502446_842250_Svea_Hovraett_-_Advokatfiskalens_Jaemtlands_laen__1702__-7a829e7f/0001_DSC_0332/r2l12,752,False,ok,0.2105,ok,0.2105,0.0
Svea_Hovraett_etc_export_job_4502446_842250_Svea_Hovraett_-_Advokatfiskalens_Jaemtlands_laen__1702__-7a829e7f/0001_DSC_0332/r2l13,545,False,ok,0.3478,ok,0.3478,0.0
Svea_Hovraett_etc_export_job_4502446_842250_Svea_Hovraett_-_Advokatfiskalens_Jaemtlands_laen__1702__-7a829e7f/0001_DSC_0332/r2l14,645,False,ok,0.129,ok,0.129,0.0
Svea_Hovraett_etc_export_job_4502446_842250_Svea_Hovraett_-_Advokatfiskalens_Jaemtlands_laen__1702__-7a829e7f/0001_DSC_0332/r2l15,590,False,ok,0.2963,ok,0.2963,0.0
Svea_Hovraett_etc_export_job_4502446_842250_Svea_Hovraett_-_Advokatfiskalens_Jaemtlands_laen__1702__-7a829e7f/0001_DSC_0332/r2l17,770,False,ok,0.303,ok,0.303,0.0
Svea_Hovraett_etc_export_job_4502446_842250_Svea_Hovraett_-_Advokatfiskalens_Jaemtlands_laen__1702__-7a829e7f/0001_DSC_0332/r2l18,568,False,ok,0.12,ok,0.12,0.0
Svea_Hovraett_etc_export_job_4502446_842250_Svea_Hovraett_-_Advokatfiskalens_Jaemtlands_laen__1702__-7a829e7f/0001_DSC_0332/r2l19,875,False,ok,0.575,ok,0.575,0.0
Svea_Hovraett_etc_export_job_4502446_842250_Svea_Hovraett_-_Advokatfiskalens_Jaemtlands_laen__1702__-7a829e7f/0001_DSC_0332/r2l20,790,False,ok,0.3784,ok,0.3784,0.0
Svea_Hovraett_etc_export_job_4502446_842250_Svea_Hovraett_-_Advokatfiskalens_Jaemtlands_laen__1702__-7a829e7f/0001_DSC_0332/r2l21,810,False,ok,0.3333,ok,0.3333,0.0
Svea_Hovraett_etc_export_job_4502446_842250_Svea_Hovraett_-_Advokatfiskalens_Jaemtlands_laen__1702__-7a829e7f/0001_DSC_0332/r2l22,92,True,empty,1.0,empty,1.0,0.0
Svea_Hovraett_etc_export_job_4502446_842250_Svea_Hovraett_-_Advokatfiskalens_Jaemtlands_laen__1702__-7a829e7f/0002_DSC_0333/r2l1,656,False,ok,0.5333,ok,0.5333,0.0
Svea_Hovraett_etc_export_job_4502446_842250_Svea_Hovraett_-_Advokatfiskalens_Jaemtlands_laen__1702__-7a829e7f/0002_DSC_0333/r2l2,621,False,ok,0.4857,ok,0.4857,0.0
Svea_Hovraett_etc_export_job_4502446_842250_Svea_Hovraett_-_Advokatfiskalens_Jaemtlands_laen__1702__-7a829e7f/0002_DSC_0333/r2l3,633,False,ok,0.4286,ok,0.4286,0.0
Svea_Hovraett_etc_export_job_4502446_842250_Svea_Hovraett_-_Advokatfiskalens_Jaemtlands_laen__1702__-7a829e7f/0002_DSC_0333/r2l4,663,False,ok,0.425,ok,0.425,0.0
Svea_Hovraett_etc_export_job_4502446_842250_Svea_Hovraett_-_Advokatfiskalens_Jaemtlands_laen__1702__-7a829e7f/0002_DSC_0333/r2l5,647,False,ok,0.2059,ok,0.2059,0.0
Svea_Hovraett_etc_export_job_4502446_842250_Svea_Hovraett_-_Advokatfiskalens_Jaemtlands_laen__1702__-7a829e7f/0002_DSC_0333/r2l6,668,False,ok,0.3889,ok,0.3889,0.0
Svea_Hovraett_etc_export_job_4502446_842250_Svea_Hovraett_-_Advokatfiskalens_Jaemtlands_laen__1702__-7a829e7f/0002_DSC_0333/r2l7,662,False,ok,0.3684,ok,0.3684,0.0
Svea_Hovraett_etc_export_job_4502446_842250_Svea_Hovraett_-_Advokatfiskalens_Jaemtlands_laen__1702__-7a829e7f/0002_DSC_0333/r2l8,667,False,ok,0.3889,ok,0.3889,0.0
Svea_Hovraett_etc_export_job_4502446_842250_Svea_Hovraett_-_Advokatfiskalens_Jaemtlands_laen__1702__-7a829e7f/0002_DSC_0333/r2l9,694,False,ok,0.1538,ok,0.1538,0.0
Svea_Hovraett_etc_export_job_4502446_842250_Svea_Hovraett_-_Advokatfiskalens_Jaemtlands_laen__1702__-7a829e7f/0002_DSC_0333/r2l10,691,False,ok,0.3421,ok,0.3421,0.0
Svea_Hovraett_etc_export_job_4502446_842250_Svea_Hovraett_-_Advokatfiskalens_Jaemtlands_laen__1702__-7a829e7f/0002_DSC_0333/r2l11,683,False,ok,0.2,ok,0.2,0.0
Svea_Hovraett_etc_export_job_4502446_842250_Svea_Hovraett_-_Advokatfiskalens_Jaemtlands_laen__1702__-7a829e7f/0002_DSC_0333/r2l12,689,False,ok,0.2162,ok,0.2162,0.0
Svea_Hovraett_etc_export_job_4502446_842250_Svea_Hovraett_-_Advokatfiskalens_Jaemtlands_laen__1702__-7a829e7f/0002_DSC_0333/r2l13,705,False,ok,0.2286,ok,0.2286,0.0
Svea_Hovraett_etc_export_job_4502446_842250_Svea_Hovraett_-_Advokatfiskalens_Jaemtlands_laen__1702__-7a829e7f/0002_DSC_0333/r2l14,694,False,ok,0.1282,ok,0.1282,0.0
Svea_Hovraett_etc_export_job_4502446_842250_Svea_Hovraett_-_Advokatfiskalens_Jaemtlands_laen__1702__-7a829e7f/0002_DSC_0333/r2l15,700,False,ok,0.1282,ok,0.1282,0.0
Svea_Hovraett_etc_export_job_4502446_842250_Svea_Hovraett_-_Advokatfiskalens_Jaemtlands_laen__1702__-7a829e7f/0002_DSC_0333/r2l16,581,False,ok,0.1154,ok,0.1154,0.0
Svea_Hovraett_etc_export_job_4502446_842250_Svea_Hovraett_-_Advokatfiskalens_Jaemtlands_laen__1702__-7a829e7f/0002_DSC_0333/r2l17,716,False,ok,0.525,ok,0.525,0.0
Svea_Hovraett_etc_export_job_4502446_842250_Svea_Hovraett_-_Advokatfiskalens_Jaemtlands_laen__1702__-7a829e7f/0002_DSC_0333/r2l18,713,False,ok,0.5152,ok,0.5152,0.0
Svea_Hovraett_etc_export_job_4502446_842250_Svea_Hovraett_-_Advokatfiskalens_Jaemtlands_laen__1702__-7a829e7f/0002_DSC_0333/r2l19,738,False,ok,0.3171,ok,0.3171,0.0
Svea_Hovraett_etc_export_job_4502446_842250_Svea_Hovraett_-_Advokatfiskalens_Jaemtlands_laen__1702__-7a829e7f/0002_DSC_0333/r2l20,147,True,ok,0.8571,ok,0.8571,0.0
Svea_Hovraett_etc_export_job_4502446_842250_Svea_Hovraett_-_Advokatfiskalens_Jaemtlands_laen__1702__-7a829e7f/0002_DSC_0333/r3l1,86,True,empty,1.0,empty,1.0,0.0
Svea_Hovraett_etc_export_job_4502446_842250_Svea_Hovraett_-_Advokatfiskalens_Jaemtlands_laen__1702__-7a829e7f/0002_DSC_0333/r3l2,689,False,ok,0.2647,ok,0.2647,0.0
Svea_Hovraett_etc_export_job_4502446_842250_Svea_Hovraett_-_Advokatfiskalens_Jaemtlands_laen__1702__-7a829e7f/0002_DSC_0333/r3l3,697,False,ok,0.4211,ok,0.4211,0.0
Svea_Hovraett_etc_export_job_4502446_842250_Svea_Hovraett_-_Advokatfiskalens_Jaemtlands_laen__1702__-7a829e7f/0002_DSC_0333/r3l4,709,False,ok,0.2632,ok,0.2632,0.0
Svea_Hovraett_etc_export_job_4502446_842250_Svea_Hovraett_-_Advokatfiskalens_Jaemtlands_laen__1702__-7a829e7f/0002_DSC_0333/r3l5,701,False,ok,0.2121,ok,0.2121,0.0
Svea_Hovraett_etc_export_job_4502446_842250_Svea_Hovraett_-_Advokatfiskalens_Jaemtlands_laen__1702__-7a829e7f/0002_DSC_0333/r3l6,721,False,ok,0.0882,ok,0.0882,0.0
Svea_Hovraett_etc_export_job_4502446_842250_Svea_Hovraett_-_Advokatfiskalens_Jaemtlands_laen__1702__-7a829e7f/0002_DSC_0333/r3l7,727,False,ok,0.125,ok,0.125,0.0
Svea_Hovraett_etc_export_job_4502446_842250_Svea_Hovraett_-_Advokatfiskalens_Jaemtlands_laen__1702__-7a829e7f/0002_DSC_0333/r3l8,745,False,ok,0.25,ok,0.25,0.0
Svea_Hovraett_etc_export_job_4502446_842250_Svea_Hovraett_-_Advokatfiskalens_Jaemtlands_laen__1702__-7a829e7f/0002_DSC_0333/r3l9,743,False,ok,0.1111,ok,0.1111,0.0
Svea_Hovraett_etc_export_job_4502446_842250_Svea_Hovraett_-_Advokatfiskalens_Jaemtlands_laen__1702__-7a829e7f/0002_DSC_0333/r3l10,747,False,ok,0.0541,ok,0.0541,0.0
Svea_Hovraett_etc_export_job_4502446_842250_Svea_Hovraett_-_Advokatfiskalens_Jaemtlands_laen__1702__-7a829e7f/0002_DSC_0333/r3l11,752,False,ok,0.0811,ok,0.0811,0.0
Svea_Hovraett_etc_export_job_4502446_842250_Svea_Hovraett_-_Advokatfiskalens_Jaemtlands_laen__1702__-7a829e7f/0002_DSC_0333/r3l12,777,False,ok,0.0303,ok,0.0303,0.0
Svea_Hovraett_etc_export_job_4502446_842250_Svea_Hovraett_-_Advokatfiskalens_Jaemtlands_laen__1702__-7a829e7f/0002_DSC_0333/r3l13,791,False,ok,0.1944,ok,0.1944,0.0
Svea_Hovraett_etc_export_job_4502446_842250_Svea_Hovraett_-_Advokatfiskalens_Jaemtlands_laen__1702__-7a829e7f/0002_DSC_0333/r3l14,761,False,ok,0.2121,ok,0.2121,0.0
Svea_Hovraett_etc_export_job_4502446_842250_Svea_Hovraett_-_Advokatfiskalens_Jaemtlands_laen__1702__-7a829e7f/0002_DSC_0333/r3l15,784,False,ok,0.0857,ok,0.0857,0.0
Svea_Hovraett_etc_export_job_4502446_842250_Svea_Hovraett_-_Advokatfiskalens_Jaemtlands_laen__1702__-7a829e7f/0002_DSC_0333/r3l16,791,False,ok,0.1111,ok,0.1111,0.0
Svea_Hovraett_etc_export_job_4502446_842250_Svea_Hovraett_-_Advokatfiskalens_Jaemtlands_laen__1702__-7a829e7f/0002_DSC_0333/r3l17,750,False,ok,0.1333,ok,0.1333,0.0
Svea_Hovraett_etc_export_job_4502446_842250_Svea_Hovraett_-_Advokatfiskalens_Jaemtlands_laen__1702__-7a829e7f/0002_DSC_0333/r3l18,768,False,ok,0.25,ok,0.25,0.0
Svea_Hovraett_etc_export_job_4502446_842250_Svea_Hovraett_-_Advokatfiskalens_Jaemtlands_laen__1702__-7a829e7f/0002_DSC_0333/r3l19,797,False,ok,0.0588,ok,0.0588,0.0
Svea_Hovraett_etc_export_job_4502446_842250_Svea_Hovraett_-_Advokatfiskalens_Jaemtlands_laen__1702__-7a829e7f/0002_DSC_0333/r3l20,761,False,ok,0.0,ok,0.0,0.0
Svea_Hovraett_etc_export_job_4502446_842250_Svea_Hovraett_-_Advokatfiskalens_Jaemtlands_laen__1702__-7a829e7f/0002_DSC_0333/r3l21,760,False,ok,0.069,ok,0.069,0.0
Svea_Hovraett_etc_export_job_4502446_842250_Svea_Hovraett_-_Advokatfiskalens_Jaemtlands_laen__1702__-7a829e7f/0002_DSC_0333/r3l22,248,False,ok,0.5,ok,0.5,0.0
Svea_Hovraett_etc_export_job_4502446_842250_Svea_Hovraett_-_Advokatfiskalens_Jaemtlands_laen__1702__-7a829e7f/0003_DSC_0335/r1l1,631,False,ok,0.6857,ok,0.6857,0.0
Svea_Hovraett_etc_export_job_4502446_842250_Svea_Hovraett_-_Advokatfiskalens_Jaemtlands_laen__1702__-7a829e7f/0003_DSC_0335/r1l2,618,False,ok,0.2973,ok,0.2973,0.0
Svea_Hovraett_etc_export_job_4502446_842250_Svea_Hovraett_-_Advokatfiskalens_Jaemtlands_laen__1702__-7a829e7f/0003_DSC_0335/r1l3,663,False,ok,0.5,ok,0.5,0.0
Svea_Hovraett_etc_export_job_4502446_842250_Svea_Hovraett_-_Advokatfiskalens_Jaemtlands_laen__1702__-7a829e7f/0003_DSC_0335/r1l4,716,False,ok,0.2632,ok,0.2632,0.0
Svea_Hovraett_etc_export_job_4502446_842250_Svea_Hovraett_-_Advokatfiskalens_Jaemtlands_laen__1702__-7a829e7f/0003_DSC_0335/r1l5,650,False,ok,0.3143,ok,0.3143,0.0
Svea_Hovraett_etc_export_job_4502446_842250_Svea_Hovraett_-_Advokatfiskalens_Jaemtlands_laen__1702__-7a829e7f/0003_DSC_0335/r1l6,659,False,ok,0.2857,ok,0.2857,0.0
Svea_Hovraett_etc_export_job_4502446_842250_Svea_Hovraett_-_Advokatfiskalens_Jaemtlands_laen__1702__-7a829e7f/0003_DSC_0335/r1l7,660,False,ok,0.2258,ok,0.2258,0.0
Svea_Hovraett_etc_export_job_4502446_842250_Svea_Hovraett_-_Advokatfiskalens_Jaemtlands_laen__1702__-7a829e7f/0003_DSC_0335/r1l8,645,False,ok,0.1667,ok,0.1667,0.0
Svea_Hovraett_etc_export_job_4502446_842250_Svea_Hovraett_-_Advokatfiskalens_Jaemtlands_laen__1702__-7a829e7f/0003_DSC_0335/r1l9,662,False,ok,0.3333,ok,0.3333,0.0
Svea_Hovraett_etc_export_job_4502446_842250_Svea_Hovraett_-_Advokatfiskalens_Jaemtlands_laen__1702__-7a829e7f/0003_DSC_0335/r1l10,669,False,ok,0.1471,ok,0.1471,0.0
Svea_Hovraett_etc_export_job_4502446_842250_Svea_Hovraett_-_Advokatfiskalens_Jaemtlands_laen__1702__-7a829e7f/0003_DSC_0335/r1l11,680,False,ok,0.1053,ok,0.1053,0.0
Svea_Hovraett_etc_export_job_4502446_842250_Svea_Hovraett_-_Advokatfiskalens_Jaemtlands_laen__1702__-7a829e7f/0003_DSC_0335/r1l12,673,False,ok,0.2703,ok,0.2703,0.0
Svea_Hovraett_etc_export_job_4502446_842250_Svea_Hovraett_-_Advokatfiskalens_Jaemtlands_laen__1702__-7a829e7f/0003_DSC_0335/r1l13,667,False,ok,0.069,ok,0.069,0.0
Svea_Hovraett_etc_export_job_4502446_842250_Svea_Hovraett_-_Advokatfiskalens_Jaemtlands_laen__1702__-7a829e7f/0003_DSC_0335/r1l14,670,False,ok,0.1765,ok,0.1765,0.0
Svea_Hovraett_etc_export_job_4502446_842250_Svea_Hovraett_-_Advokatfiskalens_Jaemtlands_laen__1702__-7a829e7f/0003_DSC_0335/r1l15,667,False,ok,0.1622,ok,0.1622,0.0
Svea_Hovraett_etc_export_job_4502446_842250_Svea_Hovraett_-_Advokatfiskalens_Jaemtlands_laen__1702__-7a829e7f/0003_DSC_0335/r1l16,696,False,ok,0.1429,ok,0.1429,0.0
Svea_Hovraett_etc_export_job_4502446_842250_Svea_Hovraett_-_Advokatfiskalens_Jaemtlands_laen__1702__-7a829e7f/0003_DSC_0335/r1l17,700,False,ok,0.275,ok,0.275,0.0
Svea_Hovraett_etc_export_job_4502446_842250_Svea_Hovraett_-_Advokatfiskalens_Jaemtlands_laen__1702__-7a829e7f/0003_DSC_0335/r1l18,694,False,ok,0.3056,ok,0.3056,0.0
Svea_Hovraett_etc_export_job_4502446_842250_Svea_Hovraett_-_Advokatfiskalens_Jaemtlands_laen__1702__-7a829e7f/0003_DSC_0335/r1l19,173,True,ok,0.2,ok,0.2,0.0
Svea_Hovraett_etc_export_job_4502446_842250_Svea_Hovraett_-_Advokatfiskalens_Jaemtlands_laen__1702__-7a829e7f/0003_DSC_0335/r2l1,673,False,ok,0.3333,ok,0.3333,0.0
Svea_Hovraett_etc_export_job_4502446_842250_Svea_Hovraett_-_Advokatfiskalens_Jaemtlands_laen__1702__-7a829e7f/0003_DSC_0335/r2l2,670,False,ok,0.4103,ok,0.4103,0.0
Svea_Hovraett_etc_export_job_4502446_842250_Svea_Hovraett_-_Advokatfiskalens_Jaemtlands_laen__1702__-7a829e7f/0003_DSC_0335/r2l3,687,False,ok,0.3143,ok,0.3143,0.0
Svea_Hovraett_etc_export_job_4502446_842250_Svea_Hovraett_-_Advokatfiskalens_Jaemtlands_laen__1702__-7a829e7f/0003_DSC_0335/r2l4,628,False,ok,0.2903,ok,0.2903,0.0
Svea_Hovraett_etc_export_job_4502446_842250_Svea_Hovraett_-_Advokatfiskalens_Jaemtlands_laen__1702__-7a829e7f/0003_DSC_0335/r2l5,686,False,ok,0.4286,ok,0.4286,0.0
Svea_Hovraett_etc_export_job_4502446_842250_Svea_Hovraett_-_Advokatfiskalens_Jaemtlands_laen__1702__-7a829e7f/0003_DSC_0335/r2l6,684,False,ok,0.2857,ok,0.2857,0.0
Svea_Hovraett_etc_export_job_4502446_842250_Svea_Hovraett_-_Advokatfiskalens_Jaemtlands_laen__1702__-7a829e7f/0003_DSC_0335/r2l7,702,False,ok,0.1389,ok,0.1389,0.0
Svea_Hovraett_etc_export_job_4502446_842250_Svea_Hovraett_-_Advokatfiskalens_Jaemtlands_laen__1702__-7a829e7f/0003_DSC_0335/r2l8,709,False,ok,0.0882,ok,0.0882,0.0
Svea_Hovraett_etc_export_job_4502446_842250_Svea_Hovraett_-_Advokatfiskalens_Jaemtlands_laen__1702__-7a829e7f/0003_DSC_0335/r2l9,721,False,ok,0.5135,ok,0.5135,0.0
Svea_Hovraett_etc_export_job_4502446_842250_Svea_Hovraett_-_Advokatfiskalens_Jaemtlands_laen__1702__-7a829e7f/0003_DSC_0335/r2l10,751,False,ok,0.1818,ok,0.1818,0.0
Svea_Hovraett_etc_export_job_4502446_842250_Svea_Hovraett_-_Advokatfiskalens_Jaemtlands_laen__1702__-7a829e7f/0003_DSC_0335/r2l11,749,False,ok,0.2632,ok,0.2632,0.0
Svea_Hovraett_etc_export_job_4502446_842250_Svea_Hovraett_-_Advokatfiskalens_Jaemtlands_laen__1702__-7a829e7f/0003_DSC_0335/r2l12,724,False,ok,0.1143,ok,0.1143,0.0
Svea_Hovraett_etc_export_job_4502446_842250_Svea_Hovraett_-_Advokatfiskalens_Jaemtlands_laen__1702__-7a829e7f/0003_DSC_0335/r2l13,720,False,ok,0.0526,ok,0.0526,0.0
Svea_Hovraett_etc_export_job_4502446_842250_Svea_Hovraett_-_Advokatfiskalens_Jaemtlands_laen__1702__-7a829e7f/0003_DSC_0335/r2l14,762,False,ok,0.2439,ok,0.2439,0.0
Svea_Hovraett_etc_export_job_4502446_842250_Svea_Hovraett_-_Advokatfiskalens_Jaemtlands_laen__1702__-7a829e7f/0003_DSC_0335/r2l15,749,False,ok,0.1579,ok,0.1579,0.0
Svea_Hovraett_etc_export_job_4502446_842250_Svea_Hovraett_-_Advokatfiskalens_Jaemtlands_laen__1702__-7a829e7f/0003_DSC_0335/r2l16,734,False,ok,0.1212,ok,0.1212,0.0
Svea_Hovraett_etc_export_job_4502446_842250_Svea_Hovraett_-_Advokatfiskalens_Jaemtlands_laen__1702__-7a829e7f/0003_DSC_0335/r2l17,764,False,ok,0.0588,ok,0.0588,0.0
Svea_Hovraett_etc_export_job_4502446_842250_Svea_Hovraett_-_Advokatfiskalens_Jaemtlands_laen__1702__-7a829e7f/0003_DSC_0335/r2l18,754,False,ok,0.1429,ok,0.1429,0.0
Svea_Hovraett_etc_export_job_4502446_842250_Svea_Hovraett_-_Advokatfiskalens_Jaemtlands_laen__1702__-7a829e7f/0003_DSC_0335/r2l19,781,False,ok,0.0667,ok,0.0667,0.0
Svea_Hovraett_etc_export_job_4502446_842250_Svea_Hovraett_-_Advokatfiskalens_Jaemtlands_laen__1702__-7a829e7f/0003_DSC_0335/r2l20,797,False,ok,0.2632,ok,0.2632,0.0
Svea_Hovraett_etc_export_job_4502446_842250_Svea_Hovraett_-_Advokatfiskalens_Jaemtlands_laen__1702__-7a829e7f/0003_DSC_0335/r2l21,152,True,ok,0.1667,ok,0.3333,0.1667
Svea_Hovraett_etc_export_job_4502446_842250_Svea_Hovraett_-_Advokatfiskalens_Jaemtlands_laen__1702__-7a829e7f/0003_DSC_0335/r3l1,77,True,ok,0.6667,empty,1.0,0.3333
Svea_Hovraett_etc_export_job_4502446_842250_Svea_Hovraett_-_Advokatfiskalens_Jaemtlands_laen__1702__-7a829e7f/0004_DSC_0336/r1l1,655,False,ok,0.3415,ok,0.3415,0.0
Svea_Hovraett_etc_export_job_4502446_842250_Svea_Hovraett_-_Advokatfiskalens_Jaemtlands_laen__1702__-7a829e7f/0004_DSC_0336/r1l2,693,False,ok,0.4737,ok,0.4737,0.0
Svea_Hovraett_etc_export_job_4502446_842250_Svea_Hovraett_-_Advokatfiskalens_Jaemtlands_laen__1702__-7a829e7f/0004_DSC_0336/r1l3,687,False,ok,0.6571,ok,0.6571,0.0
Svea_Hovraett_etc_export_job_4502446_842250_Svea_Hovraett_-_Advokatfiskalens_Jaemtlands_laen__1702__-7a829e7f/0004_DSC_0336/r1l4,700,False,ok,0.1714,ok,0.1714,0.0
Svea_Hovraett_etc_export_job_4502446_842250_Svea_Hovraett_-_Advokatfiskalens_Jaemtlands_laen__1702__-7a829e7f/0004_DSC_0336/r1l5,688,False,ok,0.1944,ok,0.1944,0.0
Svea_Hovraett_etc_export_job_4502446_842250_Svea_Hovraett_-_Advokatfiskalens_Jaemtlands_laen__1702__-7a829e7f/0004_DSC_0336/r1l6,655,False,ok,0.1429,ok,0.1429,0.0
Svea_Hovraett_etc_export_job_4502446_842250_Svea_Hovraett_-_Advokatfiskalens_Jaemtlands_laen__1702__-7a829e7f/0004_DSC_0336/r1l7,665,False,ok,0.0857,ok,0.0857,0.0
Svea_Hovraett_etc_export_job_4502446_842250_Svea_Hovraett_-_Advokatfiskalens_Jaemtlands_laen__1702__-7a829e7f/0004_DSC_0336/r1l8,670,False,ok,0.3077,ok,0.3077,0.0
Svea_Hovraett_etc_export_job_4502446_842250_Svea_Hovraett_-_Advokatfiskalens_Jaemtlands_laen__1702__-7a829e7f/0004_DSC_0336/r1l9,673,False,ok,0.1212,ok,0.1212,0.0
Svea_Hovraett_etc_export_job_4502446_842250_Svea_Hovraett_-_Advokatfiskalens_Jaemtlands_laen__1702__-7a829e7f/0004_DSC_0336/r1l10,695,False,ok,0.0303,ok,0.0303,0.0
Svea_Hovraett_etc_export_job_4502446_842250_Svea_Hovraett_-_Advokatfiskalens_Jaemtlands_laen__1702__-7a829e7f/0004_DSC_0336/r1l11,692,False,ok,0.1714,ok,0.1714,0.0
Svea_Hovraett_etc_export_job_4502446_842250_Svea_Hovraett_-_Advokatfiskalens_Jaemtlands_laen__1702__-7a829e7f/0004_DSC_0336/r1l12,696,False,ok,0.1667,ok,0.1667,0.0
Svea_Hovraett_etc_export_job_4502446_842250_Svea_Hovraett_-_Advokatfiskalens_Jaemtlands_laen__1702__-7a829e7f/0004_DSC_0336/r1l13,668,False,ok,0.0385,ok,0.0385,0.0
Svea_Hovraett_etc_export_job_4502446_842250_Svea_Hovraett_-_Advokatfiskalens_Jaemtlands_laen__1702__-7a829e7f/0004_DSC_0336/r1l14,170,True,ok,0.3333,ok,0.2222,-0.1111
Svea_Hovraett_etc_export_job_4502446_842250_Svea_Hovraett_-_Advokatfiskalens_Jaemtlands_laen__1702__-7a829e7f/0004_DSC_0336/r1l15,689,False,ok,0.1471,ok,0.1471,0.0
Svea_Hovraett_etc_export_job_4502446_842250_Svea_Hovraett_-_Advokatfiskalens_Jaemtlands_laen__1702__-7a829e7f/0004_DSC_0336/r1l16,689,False,ok,0.1818,ok,0.1818,0.0
Svea_Hovraett_etc_export_job_4502446_842250_Svea_Hovraett_-_Advokatfiskalens_Jaemtlands_laen__1702__-7a829e7f/0004_DSC_0336/r1l17,722,False,ok,0.0303,ok,0.0303,0.0
Svea_Hovraett_etc_export_job_4502446_842250_Svea_Hovraett_-_Advokatfiskalens_Jaemtlands_laen__1702__-7a829e7f/0004_DSC_0336/r1l18,709,False,ok,0.3095,ok,0.3095,0.0
Svea_Hovraett_etc_export_job_4502446_842250_Svea_Hovraett_-_Advokatfiskalens_Jaemtlands_laen__1702__-7a829e7f/0004_DSC_0336/r1l19,730,False,ok,0.3889,ok,0.3889,0.0
Svea_Hovraett_etc_export_job_4502446_842250_Svea_Hovraett_-_Advokatfiskalens_Jaemtlands_laen__1702__-7a829e7f/0004_DSC_0336/r1l20,729,False,ok,0.3684,ok,0.3684,0.0
Svea_Hovraett_etc_export_job_4502446_842250_Svea_Hovraett_-_Advokatfiskalens_Jaemtlands_laen__1702__-7a829e7f/0004_DSC_0336/r1l21,182,True,ok,0.0,ok,0.2,0.2
Svea_Hovraett_etc_export_job_4502446_842250_Svea_Hovraett_-_Advokatfiskalens_Jaemtlands_laen__1702__-7a829e7f/0004_DSC_0336/r2l1,89,True,ok,0.5,ok,1.0,0.5
Svea_Hovraett_etc_export_job_4502446_842250_Svea_Hovraett_-_Advokatfiskalens_Jaemtlands_laen__1702__-7a829e7f/0004_DSC_0336/r2l2,668,False,ok,0.6053,ok,0.6053,0.0
Svea_Hovraett_etc_export_job_4502446_842250_Svea_Hovraett_-_Advokatfiskalens_Jaemtlands_laen__1702__-7a829e7f/0004_DSC_0336/r2l3,643,False,ok,0.4242,ok,0.4242,0.0
Svea_Hovraett_etc_export_job_4502446_842250_Svea_Hovraett_-_Advokatfiskalens_Jaemtlands_laen__1702__-7a829e7f/0004_DSC_0336/r2l4,649,False,ok,0.25,ok,0.25,0.0
Svea_Hovraett_etc_export_job_4502446_842250_Svea_Hovraett_-_Advokatfiskalens_Jaemtlands_laen__1702__-7a829e7f/0004_DSC_0336/r2l5,687,False,ok,0.6111,ok,0.6111,0.0
Svea_Hovraett_etc_export_job_4502446_842250_Svea_Hovraett_-_Advokatfiskalens_Jaemtlands_laen__1702__-7a829e7f/0004_DSC_0336/r2l6,677,False,ok,0.1429,ok,0.1429,0.0
Svea_Hovraett_etc_export_job_4502446_842250_Svea_Hovraett_-_Advokatfiskalens_Jaemtlands_laen__1702__-7a829e7f/0004_DSC_0336/r2l7,672,False,ok,0.1892,ok,0.1892,0.0
Svea_Hovraett_etc_export_job_4502446_842250_Svea_Hovraett_-_Advokatfiskalens_Jaemtlands_laen__1702__-7a829e7f/0004_DSC_0336/r2l8,697,False,ok,0.2353,ok,0.2353,0.0
Svea_Hovraett_etc_export_job_4502446_842250_Svea_Hovraett_-_Advokatfiskalens_Jaemtlands_laen__1702__-7a829e7f/0004_DSC_0336/r2l9,691,False,ok,0.1053,ok,0.1053,0.0
Svea_Hovraett_etc_export_job_4502446_842250_Svea_Hovraett_-_Advokatfiskalens_Jaemtlands_laen__1702__-7a829e7f/0004_DSC_0336/r2l10,726,False,ok,0.0789,ok,0.0789,0.0
Svea_Hovraett_etc_export_job_4502446_842250_Svea_Hovraett_-_Advokatfiskalens_Jaemtlands_laen__1702__-7a829e7f/0004_DSC_0336/r2l11,727,False,ok,0.2895,ok,0.2895,0.0
Svea_Hovraett_etc_export_job_4502446_842250_Svea_Hovraett_-_Advokatfiskalens_Jaemtlands_laen__1702__-7a829e7f/0004_DSC_0336/r2l12,722,False,ok,0.125,ok,0.125,0.0
Svea_Hovraett_etc_export_job_4502446_842250_Svea_Hovraett_-_Advokatfiskalens_Jaemtlands_laen__1702__-7a829e7f/0004_DSC_0336/r2l13,747,False,ok,0.2353,ok,0.2353,0.0
Svea_Hovraett_etc_export_job_4502446_842250_Svea_Hovraett_-_Advokatfiskalens_Jaemtlands_laen__1702__-7a829e7f/0004_DSC_0336/r2l14,720,False,ok,0.1818,ok,0.1818,0.0
Svea_Hovraett_etc_export_job_4502446_842250_Svea_Hovraett_-_Advokatfiskalens_Jaemtlands_laen__1702__-7a829e7f/0004_DSC_0336/r2l15,737,False,ok,0.0882,ok,0.0882,0.0
Svea_Hovraett_etc_export_job_4502446_842250_Svea_Hovraett_-_Advokatfiskalens_Jaemtlands_laen__1702__-7a829e7f/0004_DSC_0336/r2l16,744,False,ok,0.1143,ok,0.1143,0.0
Svea_Hovraett_etc_export_job_4502446_842250_Svea_Hovraett_-_Advokatfiskalens_Jaemtlands_laen__1702__-7a829e7f/0004_DSC_0336/r2l17,746,False,ok,0.0857,ok,0.0857,0.0
Svea_Hovraett_etc_export_job_4502446_842250_Svea_Hovraett_-_Advokatfiskalens_Jaemtlands_laen__1702__-7a829e7f/0004_DSC_0336/r2l18,779,False,ok,0.1622,ok,0.1622,0.0
Svea_Hovraett_etc_export_job_4502446_842250_Svea_Hovraett_-_Advokatfiskalens_Jaemtlands_laen__1702__-7a829e7f/0004_DSC_0336/r2l19,799,False,ok,0.1622,ok,0.1622,0.0
Svea_Hovraett_etc_export_job_4502446_842250_Svea_Hovraett_-_Advokatfiskalens_Jaemtlands_laen__1702__-7a829e7f/0004_DSC_0336/r2l20,779,False,ok,0.3333,ok,0.3333,0.0
Svea_Hovraett_etc_export_job_4502446_842250_Svea_Hovraett_-_Advokatfiskalens_Jaemtlands_laen__1702__-7a829e7f/0004_DSC_0336/r2l21,814,False,ok,0.3158,ok,0.3158,0.0
Svea_Hovraett_etc_export_job_4502446_842250_Svea_Hovraett_-_Advokatfiskalens_Jaemtlands_laen__1702__-7a829e7f/0004_DSC_0336/r2l22,163,True,ok,0.8,ok,0.6,-0.2
Svea_Hovraett_etc_export_job_4502446_842250_Svea_Hovraett_-_Advokatfiskalens_Jaemtlands_laen__1702__-7a829e7f/0005_DSC_0337/r1l1,661,False,ok,0.35,ok,0.35,0.0
Svea_Hovraett_etc_export_job_4502446_842250_Svea_Hovraett_-_Advokatfiskalens_Jaemtlands_laen__1702__-7a829e7f/0005_DSC_0337/r1l2,663,False,ok,0.0667,ok,0.0667,0.0
Svea_Hovraett_etc_export_job_4502446_842250_Svea_Hovraett_-_Advokatfiskalens_Jaemtlands_laen__1702__-7a829e7f/0005_DSC_0337/r1l3,659,False,ok,0.125,ok,0.125,0.0
Svea_Hovraett_etc_export_job_4502446_842250_Svea_Hovraett_-_Advokatfiskalens_Jaemtlands_laen__1702__-7a829e7f/0005_DSC_0337/r1l4,661,False,ok,0.2759,ok,0.2759,0.0
Svea_Hovraett_etc_export_job_4502446_842250_Svea_Hovraett_-_Advokatfiskalens_Jaemtlands_laen__1702__-7a829e7f/0005_DSC_0337/r1l5,674,False,ok,0.7429,ok,0.7429,0.0
Svea_Hovraett_etc_export_job_4502446_842250_Svea_Hovraett_-_Advokatfiskalens_Jaemtlands_laen__1702__-7a829e7f/0005_DSC_0337/r1l6,691,False,ok,0.1429,ok,0.1429,0.0
Svea_Hovraett_etc_export_job_4502446_842250_Svea_Hovraett_-_Advokatfiskalens_Jaemtlands_laen__1702__-7a829e7f/0005_DSC_0337/r1l7,684,False,ok,0.1765,ok,0.1765,0.0
Svea_Hovraett_etc_export_job_4502446_842250_Svea_Hovraett_-_Advokatfiskalens_Jaemtlands_laen__1702__-7a829e7f/0005_DSC_0337/r1l8,702,False,ok,0.1944,ok,0.1944,0.0
Svea_Hovraett_etc_export_job_4502446_842250_Svea_Hovraett_-_Advokatfiskalens_Jaemtlands_laen__1702__-7a829e7f/0005_DSC_0337/r1l9,683,False,ok,0.1818,ok,0.1818,0.0
Svea_Hovraett_etc_export_job_4502446_842250_Svea_Hovraett_-_Advokatfiskalens_Jaemtlands_laen__1702__-7a829e7f/0005_DSC_0337/r1l10,722,False,ok,0.2333,ok,0.2333,0.0
Svea_Hovraett_etc_export_job_4502446_842250_Svea_Hovraett_-_Advokatfiskalens_Jaemtlands_laen__1702__-7a829e7f/0005_DSC_0337/r1l11,711,False,ok,0.1714,ok,0.1714,0.0
Svea_Hovraett_etc_export_job_4502446_842250_Svea_Hovraett_-_Advokatfiskalens_Jaemtlands_laen__1702__-7a829e7f/0005_DSC_0337/r1l12,703,False,ok,0.0,ok,0.0,0.0
Svea_Hovraett_etc_export_job_4502446_842250_Svea_Hovraett_-_Advokatfiskalens_Jaemtlands_laen__1702__-7a829e7f/0005_DSC_0337/r1l13,707,False,ok,0.2222,ok,0.2222,0.0
Svea_Hovraett_etc_export_job_4502446_842250_Svea_Hovraett_-_Advokatfiskalens_Jaemtlands_laen__1702__-7a829e7f/0005_DSC_0337/r1l14,702,False,ok,0.1892,ok,0.1892,0.0
Svea_Hovraett_etc_export_job_4502446_842250_Svea_Hovraett_-_Advokatfiskalens_Jaemtlands_laen__1702__-7a829e7f/0005_DSC_0337/r1l15,178,True,ok,0.2222,ok,0.1111,-0.1111
Svea_Hovraett_etc_export_job_4502446_842250_Svea_Hovraett_-_Advokatfiskalens_Jaemtlands_laen__1702__-7a829e7f/0005_DSC_0337/r1l16,683,False,ok,0.2857,ok,0.2857,0.0
Svea_Hovraett_etc_export_job_4502446_842250_Svea_Hovraett_-_Advokatfiskalens_Jaemtlands_laen__1702__-7a829e7f/0005_DSC_0337/r1l17,722,False,ok,0.1515,ok,0.1515,0.0
Svea_Hovraett_etc_export_job_4502446_842250_Svea_Hovraett_-_Advokatfiskalens_Jaemtlands_laen__1702__-7a829e7f/0005_DSC_0337/r1l18,735,False,ok,0.1212,ok,0.1212,0.0
Svea_Hovraett_etc_export_job_4502446_842250_Svea_Hovraett_-_Advokatfiskalens_Jaemtlands_laen__1702__-7a829e7f/0005_DSC_0337/r1l19,725,False,ok,0.1,ok,0.1,0.0
Svea_Hovraett_etc_export_job_4502446_842250_Svea_Hovraett_-_Advokatfiskalens_Jaemtlands_laen__1702__-7a829e7f/0005_DSC_0337/r1l20,747,False,ok,0.2973,ok,0.2973,0.0
Svea_Hovraett_etc_export_job_4502446_842250_Svea_Hovraett_-_Advokatfiskalens_Jaemtlands_laen__1702__-7a829e7f/0005_DSC_0337/r1l21,114,True,ok,1.0,ok,1.0,0.0
Svea_Hovraett_etc_export_job_4502446_842250_Svea_Hovraett_-_Advokatfiskalens_Jaemtlands_laen__1702__-7a829e7f/0005_DSC_0337/r2l1,90,True,ok,0.6667,empty,1.0,0.3333
Svea_Hovraett_etc_export_job_4502446_842250_Svea_Hovraett_-_Advokatfiskalens_Jaemtlands_laen__1702__-7a829e7f/0005_DSC_0337/r2l2,668,False,ok,0.7895,ok,0.7895,0.0
Svea_Hovraett_etc_export_job_4502446_842250_Svea_Hovraett_-_Advokatfiskalens_Jaemtlands_laen__1702__-7a829e7f/0005_DSC_0337/r2l3,652,False,ok,0.7059,ok,0.7059,0.0
Svea_Hovraett_etc_export_job_4502446_842250_Svea_Hovraett_-_Advokatfiskalens_Jaemtlands_laen__1702__-7a829e7f/0005_DSC_0337/r2l4,673,False,ok,0.1429,ok,0.1429,0.0
Svea_Hovraett_etc_export_job_4502446_842250_Svea_Hovraett_-_Advokatfiskalens_Jaemtlands_laen__1702__-7a829e7f/0005_DSC_0337/r2l5,704,False,ok,0.5,ok,0.5,0.0
Svea_Hovraett_etc_export_job_4502446_842250_Svea_Hovraett_-_Advokatfiskalens_Jaemtlands_laen__1702__-7a829e7f/0005_DSC_0337/r2l6,699,False,ok,0.4571,ok,0.4571,0.0
Svea_Hovraett_etc_export_job_4502446_842250_Svea_Hovraett_-_Advokatfiskalens_Jaemtlands_laen__1702__-7a829e7f/0005_DSC_0337/r2l7,695,False,ok,0.1818,ok,0.1818,0.0
Svea_Hovraett_etc_export_job_4502446_842250_Svea_Hovraett_-_Advokatfiskalens_Jaemtlands_laen__1702__-7a829e7f/0005_DSC_0337/r2l8,701,False,ok,0.1613,ok,0.1613,0.0
Svea_Hovraett_etc_export_job_4502446_842250_Svea_Hovraett_-_Advokatfiskalens_Jaemtlands_laen__1702__-7a829e7f/0005_DSC_0337/r2l9,701,False,ok,0.1935,ok,0.1935,0.0
Svea_Hovraett_etc_export_job_4502446_842250_Svea_Hovraett_-_Advokatfiskalens_Jaemtlands_laen__1702__-7a829e7f/0005_DSC_0337/r2l10,704,False,ok,0.0968,ok,0.0968,0.0
Svea_Hovraett_etc_export_job_4502446_842250_Svea_Hovraett_-_Advokatfiskalens_Jaemtlands_laen__1702__-7a829e7f/0005_DSC_0337/r2l11,730,False,ok,0.5333,ok,0.5333,0.0
Svea_Hovraett_etc_export_job_4502446_842250_Svea_Hovraett_-_Advokatfiskalens_Jaemtlands_laen__1702__-7a829e7f/0005_DSC_0337/r2l12,766,False,ok,0.0811,ok,0.0811,0.0
Svea_Hovraett_etc_export_job_4502446_842250_Svea_Hovraett_-_Advokatfiskalens_Jaemtlands_laen__1702__-7a829e7f/0005_DSC_0337/r2l13,751,False,ok,0.0909,ok,0.0909,0.0
Svea_Hovraett_etc_export_job_4502446_842250_Svea_Hovraett_-_Advokatfiskalens_Jaemtlands_laen__1702__-7a829e7f/0005_DSC_0337/r2l14,742,False,ok,0.0857,ok,0.0857,0.0
Svea_Hovraett_etc_export_job_4502446_842250_Svea_Hovraett_-_Advokatfiskalens_Jaemtlands_laen__1702__-7a829e7f/0005_DSC_0337/r2l15,750,False,ok,0.0811,ok,0.0811,0.0
Svea_Hovraett_etc_export_job_4502446_842250_Svea_Hovraett_-_Advokatfiskalens_Jaemtlands_laen__1702__-7a829e7f/0005_DSC_0337/r2l16,769,False,ok,0.0606,ok,0.0606,0.0
Svea_Hovraett_etc_export_job_4502446_842250_Svea_Hovraett_-_Advokatfiskalens_Jaemtlands_laen__1702__-7a829e7f/0005_DSC_0337/r2l17,764,False,ok,0.1471,ok,0.1471,0.0
Svea_Hovraett_etc_export_job_4502446_842250_Svea_Hovraett_-_Advokatfiskalens_Jaemtlands_laen__1702__-7a829e7f/0005_DSC_0337/r2l18,733,False,ok,0.1333,ok,0.1333,0.0
Svea_Hovraett_etc_export_job_4502446_842250_Svea_Hovraett_-_Advokatfiskalens_Jaemtlands_laen__1702__-7a829e7f/0005_DSC_0337/r2l19,812,False,ok,0.1034,ok,0.1034,0.0
Svea_Hovraett_etc_export_job_4502446_842250_Svea_Hovraett_-_Advokatfiskalens_Jaemtlands_laen__1702__-7a829e7f/0005_DSC_0337/r2l20,508,False,ok,0.1905,ok,0.1905,0.0
Svea_Hovraett_etc_export_job_4502446_842250_Svea_Hovraett_-_Advokatfiskalens_Jaemtlands_laen__1702__-7a829e7f/0005_DSC_0337/r2l21,825,False,ok,0.2812,ok,0.2812,0.0
Svea_Hovraett_etc_export_job_4502446_842250_Svea_Hovraett_-_Advokatfiskalens_Jaemtlands_laen__1702__-7a829e7f/0005_DSC_0337/r2l23,174,True,ok,0.3333,ok,0.1667,-0.1667
Svea_Hovraett_etc_export_job_4502446_842250_Svea_Hovraett_-_Advokatfiskalens_Jaemtlands_laen__1702__-7a829e7f/0006_DSC_0339/r1l1,605,False,ok,0.2258,ok,0.2258,0.0
Svea_Hovraett_etc_export_job_4502446_842250_Svea_Hovraett_-_Advokatfiskalens_Jaemtlands_laen__1702__-7a829e7f/0006_DSC_0339/r1l2,598,False,ok,0.2424,ok,0.2424,0.0
Svea_Hovraett_etc_export_job_4502446_842250_Svea_Hovraett_-_Advokatfiskalens_Jaemtlands_laen__1702__-7a829e7f/0006_DSC_0339/r1l3,614,False,ok,0.5294,ok,0.5294,0.0
Svea_Hovraett_etc_export_job_4502446_842250_Svea_Hovraett_-_Advokatfiskalens_Jaemtlands_laen__1702__-7a829e7f/0006_DSC_0339/r1l4,612,False,ok,0.25,ok,0.25,0.0
Svea_Hovraett_etc_export_job_4502446_842250_Svea_Hovraett_-_Advokatfiskalens_Jaemtlands_laen__1702__-7a829e7f/0006_DSC_0339/r1l5,608,False,ok,0.5152,ok,0.5152,0.0
Svea_Hovraett_etc_export_job_4502446_842250_Svea_Hovraett_-_Advokatfiskalens_Jaemtlands_laen__1702__-7a829e7f/0006_DSC_0339/r1l6,602,False,ok,0.5172,ok,0.5172,0.0
Svea_Hovraett_etc_export_job_4502446_842250_Svea_Hovraett_-_Advokatfiskalens_Jaemtlands_laen__1702__-7a829e7f/0006_DSC_0339/r1l7,622,False,ok,0.1429,ok,0.1429,0.0
Svea_Hovraett_etc_export_job_4502446_842250_Svea_Hovraett_-_Advokatfiskalens_Jaemtlands_laen__1702__-7a829e7f/0006_DSC_0339/r1l8,606,False,ok,0.2581,ok,0.2581,0.0
Svea_Hovraett_etc_export_job_4502446_842250_Svea_Hovraett_-_Advokatfiskalens_Jaemtlands_laen__1702__-7a829e7f/0006_DSC_0339/r1l9,644,False,ok,0.0714,ok,0.0714,0.0
Svea_Hovraett_etc_export_job_4502446_842250_Svea_Hovraett_-_Advokatfiskalens_Jaemtlands_laen__1702__-7a829e7f/0006_DSC_0339/r1l10,626,False,ok,0.1786,ok,0.1786,0.0
Svea_Hovraett_etc_export_job_4502446_842250_Svea_Hovraett_-_Advokatfiskalens_Jaemtlands_laen__1702__-7a829e7f/0006_DSC_0339/r1l11,634,False,ok,0.1429,ok,0.1429,0.0
Svea_Hovraett_etc_export_job_4502446_842250_Svea_Hovraett_-_Advokatfiskalens_Jaemtlands_laen__1702__-7a829e7f/0006_DSC_0339/r1l12,634,False,ok,0.1,ok,0.1,0.0
Svea_Hovraett_etc_export_job_4502446_842250_Svea_Hovraett_-_Advokatfiskalens_Jaemtlands_laen__1702__-7a829e7f/0006_DSC_0339/r1l13,190,True,ok,0.1111,ok,0.1111,0.0
Svea_Hovraett_etc_export_job_4502446_842250_Svea_Hovraett_-_Advokatfiskalens_Jaemtlands_laen__1702__-7a829e7f/0006_DSC_0339/r1l14,655,False,ok,0.1471,ok,0.1471,0.0
Svea_Hovraett_etc_export_job_4502446_842250_Svea_Hovraett_-_Advokatfiskalens_Jaemtlands_laen__1702__-7a829e7f/0006_DSC_0339/r1l15,676,False,ok,0.1818,ok,0.1818,0.0
Svea_Hovraett_etc_export_job_4502446_842250_Svea_Hovraett_-_Advokatfiskalens_Jaemtlands_laen__1702__-7a829e7f/0006_DSC_0339/r1l16,669,False,ok,0.1212,ok,0.1212,0.0
Svea_Hovraett_etc_export_job_4502446_842250_Svea_Hovraett_-_Advokatfiskalens_Jaemtlands_laen__1702__-7a829e7f/0006_DSC_0339/r1l17,638,False,ok,0.2903,ok,0.2903,0.0
Svea_Hovraett_etc_export_job_4502446_842250_Svea_Hovraett_-_Advokatfiskalens_Jaemtlands_laen__1702__-7a829e7f/0006_DSC_0339/r1l18,668,False,ok,0.2647,ok,0.2647,0.0
Svea_Hovraett_etc_export_job_4502446_842250_Svea_Hovraett_-_Advokatfiskalens_Jaemtlands_laen__1702__-7a829e7f/0006_DSC_0339/r1l19,655,False,ok,0.303,ok,0.303,0.0
Svea_Hovraett_etc_export_job_4502446_842250_Svea_Hovraett_-_Advokatfiskalens_Jaemtlands_laen__1702__-7a829e7f/0006_DSC_0339/r1l20,695,False,ok,0.3143,ok,0.3143,0.0
Svea_Hovraett_etc_export_job_4502446_842250_Svea_Hovraett_-_Advokatfiskalens_Jaemtlands_laen__1702__-7a829e7f/0006_DSC_0339/r1l21,141,True,ok,1.5,ok,1.0,-0.5
Svea_Hovraett_etc_export_job_4502446_842250_Svea_Hovraett_-_Advokatfiskalens_Jaemtlands_laen__1702__-7a829e7f/0006_DSC_0339/r2l1,104,True,empty,1.0,ok,0.3333,-0.6667
Svea_Hovraett_etc_export_job_4502446_842250_Svea_Hovraett_-_Advokatfiskalens_Jaemtlands_laen__1702__-7a829e7f/0006_DSC_0339/r2l2,564,False,ok,0.2581,ok,0.2581,0.0
Svea_Hovraett_etc_export_job_4502446_842250_Svea_Hovraett_-_Advokatfiskalens_Jaemtlands_laen__1702__-7a829e7f/0006_DSC_0339/r2l3,567,False,ok,0.3889,ok,0.3889,0.0
Svea_Hovraett_etc_export_job_4502446_842250_Svea_Hovraett_-_Advokatfiskalens_Jaemtlands_laen__1702__-7a829e7f/0006_DSC_0339/line_1637849707058_571,663,False,ok,0.5854,ok,0.5854,0.0
Svea_Hovraett_etc_export_job_4502446_842250_Svea_Hovraett_-_Advokatfiskalens_Jaemtlands_laen__1702__-7a829e7f/0006_DSC_0339/r2l6,637,False,ok,0.3,ok,0.3,0.0
Svea_Hovraett_etc_export_job_4502446_842250_Svea_Hovraett_-_Advokatfiskalens_Jaemtlands_laen__1702__-7a829e7f/0006_DSC_0339/r2l7,448,False,ok,0.2381,ok,0.2381,0.0
Svea_Hovraett_etc_export_job_4502446_842250_Svea_Hovraett_-_Advokatfiskalens_Jaemtlands_laen__1702__-7a829e7f/0006_DSC_0339/r2l8,724,False,ok,0.5128,ok,0.5128,0.0
Svea_Hovraett_etc_export_job_4502446_842250_Svea_Hovraett_-_Advokatfiskalens_Jaemtlands_laen__1702__-7a829e7f/0006_DSC_0339/r2l9,669,False,ok,0.7,ok,0.7,0.0
Svea_Hovraett_etc_export_job_4502446_842250_Svea_Hovraett_-_Advokatfiskalens_Jaemtlands_laen__1702__-7a829e7f/0006_DSC_0339/r2l10,673,False,ok,0.3947,ok,0.3947,0.0
Svea_Hovraett_etc_export_job_4502446_842250_Svea_Hovraett_-_Advokatfiskalens_Jaemtlands_laen__1702__-7a829e7f/0006_DSC_0339/r2l11,705,False,ok,0.1463,ok,0.1463,0.0
Svea_Hovraett_etc_export_job_4502446_842250_Svea_Hovraett_-_Advokatfiskalens_Jaemtlands_laen__1702__-7a829e7f/0006_DSC_0339/r2l12,656,False,ok,0.1795,ok,0.1795,0.0
Svea_Hovraett_etc_export_job_4502446_842250_Svea_Hovraett_-_Advokatfiskalens_Jaemtlands_laen__1702__-7a829e7f/0006_DSC_0339/line_1637849691823_565,775,False,ok,0.3953,ok,0.3953,0.0
Svea_Hovraett_etc_export_job_4502446_842250_Svea_Hovraett_-_Advokatfiskalens_Jaemtlands_laen__1702__-7a829e7f/0006_DSC_0339/r2l15,725,False,ok,0.2632,ok,0.2632,0.0
Svea_Hovraett_etc_export_job_4502446_842250_Svea_Hovraett_-_Advokatfiskalens_Jaemtlands_laen__1702__-7a829e7f/0006_DSC_0339/r2l16,744,False,ok,0.1667,ok,0.1667,0.0
Svea_Hovraett_etc_export_job_4502446_842250_Svea_Hovraett_-_Advokatfiskalens_Jaemtlands_laen__1702__-7a829e7f/0006_DSC_0339/r2l17,707,False,ok,0.3684,ok,0.3684,0.0
Svea_Hovraett_etc_export_job_4502446_842250_Svea_Hovraett_-_Advokatfiskalens_Jaemtlands_laen__1702__-7a829e7f/0006_DSC_0339/r2l18,737,False,ok,0.2162,ok,0.2162,0.0
Svea_Hovraett_etc_export_job_4502446_842250_Svea_Hovraett_-_Advokatfiskalens_Jaemtlands_laen__1702__-7a829e7f/0006_DSC_0339/r2l19,741,False,ok,0.2105,ok,0.2105,0.0
Svea_Hovraett_etc_export_job_4502446_842250_Svea_Hovraett_-_Advokatfiskalens_Jaemtlands_laen__1702__-7a829e7f/0006_DSC_0339/r2l20,744,False,ok,0.1724,ok,0.1724,0.0
Svea_Hovraett_etc_export_job_4502446_842250_Svea_Hovraett_-_Advokatfiskalens_Jaemtlands_laen__1702__-7a829e7f/0006_DSC_0339/r2l21,738,False,ok,0.3333,ok,0.3333,0.0
Svea_Hovraett_etc_export_job_4502446_842250_Svea_Hovraett_-_Advokatfiskalens_Jaemtlands_laen__1702__-7a829e7f/0006_DSC_0339/r2l22,145,True,ok,0.2,ok,0.0,-0.2
Svea_Hovraett_etc_export_job_4502446_842250_Svea_Hovraett_-_Advokatfiskalens_Jaemtlands_laen__1702__-7a829e7f/0007_DSC_0340/r1l1,657,False,ok,0.2424,ok,0.2424,0.0
Svea_Hovraett_etc_export_job_4502446_842250_Svea_Hovraett_-_Advokatfiskalens_Jaemtlands_laen__1702__-7a829e7f/0007_DSC_0340/r1l2,668,False,ok,0.4,ok,0.4,0.0
Svea_Hovraett_etc_export_job_4502446_842250_Svea_Hovraett_-_Advokatfiskalens_Jaemtlands_laen__1702__-7a829e7f/0007_DSC_0340/r1l3,663,False,ok,0.2424,ok,0.2424,0.0
Svea_Hovraett_etc_export_job_4502446_842250_Svea_Hovraett_-_Advokatfiskalens_Jaemtlands_laen__1702__-7a829e7f/0007_DSC_0340/r1l4,668,False,ok,0.2432,ok,0.2432,0.0
Svea_Hovraett_etc_export_job_4502446_842250_Svea_Hovraett_-_Advokatfiskalens_Jaemtlands_laen__1702__-7a829e7f/0007_DSC_0340/r1l5,690,False,ok,0.2895,ok,0.2895,0.0
Svea_Hovraett_etc_export_job_4502446_842250_Svea_Hovraett_-_Advokatfiskalens_Jaemtlands_laen__1702__-7a829e7f/0007_DSC_0340/r1l6,679,False,ok,0.2903,ok,0.2903,0.0
Svea_Hovraett_etc_export_job_4502446_842250_Svea_Hovraett_-_Advokatfiskalens_Jaemtlands_laen__1702__-7a829e7f/0007_DSC_0340/r1l7,694,False,ok,0.2353,ok,0.2353,0.0
Svea_Hovraett_etc_export_job_4502446_842250_Svea_Hovraett_-_Advokatfiskalens_Jaemtlands_laen__1702__-7a829e7f/0007_DSC_0340/r1l8,696,False,ok,0.4286,ok,0.4286,0.0
Svea_Hovraett_etc_export_job_4502446_842250_Svea_Hovraett_-_Advokatfiskalens_Jaemtlands_laen__1702__-7a829e7f/0007_DSC_0340/r1l9,696,False,ok,0.2188,ok,0.2188,0.0
Svea_Hovraett_etc_export_job_4502446_842250_Svea_Hovraett_-_Advokatfiskalens_Jaemtlands_laen__1702__-7a829e7f/0007_DSC_0340/r1l10,695,False,ok,0.3333,ok,0.3333,0.0
Svea_Hovraett_etc_export_job_4502446_842250_Svea_Hovraett_-_Advokatfiskalens_Jaemtlands_laen__1702__-7a829e7f/0007_DSC_0340/r1l11,703,False,ok,0.1944,ok,0.1944,0.0
Svea_Hovraett_etc_export_job_4502446_842250_Svea_Hovraett_-_Advokatfiskalens_Jaemtlands_laen__1702__-7a829e7f/0007_DSC_0340/r1l12,719,False,ok,0.4286,ok,0.4286,0.0
Svea_Hovraett_etc_export_job_4502446_842250_Svea_Hovraett_-_Advokatfiskalens_Jaemtlands_laen__1702__-7a829e7f/0007_DSC_0340/r1l13,720,False,ok,0.2941,ok,0.2941,0.0
Svea_Hovraett_etc_export_job_4502446_842250_Svea_Hovraett_-_Advokatfiskalens_Jaemtlands_laen__1702__-7a829e7f/0007_DSC_0340/r1l14,726,False,ok,0.0357,ok,0.0357,0.0
Svea_Hovraett_etc_export_job_4502446_842250_Svea_Hovraett_-_Advokatfiskalens_Jaemtlands_laen__1702__-7a829e7f/0007_DSC_0340/r1l15,736,False,ok,0.5152,ok,0.5152,0.0
Svea_Hovraett_etc_export_job_4502446_842250_Svea_Hovraett_-_Advokatfiskalens_Jaemtlands_laen__1702__-7a829e7f/0007_DSC_0340/r1l16,387,False,ok,0.0,ok,0.0,0.0
Svea_Hovraett_etc_export_job_4502446_842250_Svea_Hovraett_-_Advokatfiskalens_Jaemtlands_laen__1702__-7a829e7f/0007_DSC_0340/r1l17,756,False,ok,0.1282,ok,0.1282,0.0
Svea_Hovraett_etc_export_job_4502446_842250_Svea_Hovraett_-_Advokatfiskalens_Jaemtlands_laen__1702__-7a829e7f/0007_DSC_0340/r1l18,751,False,ok,0.0606,ok,0.0606,0.0
Svea_Hovraett_etc_export_job_4502446_842250_Svea_Hovraett_-_Advokatfiskalens_Jaemtlands_laen__1702__-7a829e7f/0007_DSC_0340/r1l19,718,False,ok,0.3125,ok,0.3125,0.0
Svea_Hovraett_etc_export_job_4502446_842250_Svea_Hovraett_-_Advokatfiskalens_Jaemtlands_laen__1702__-7a829e7f/0007_DSC_0340/r1l20,773,False,ok,0.1389,ok,0.1389,0.0
Svea_Hovraett_etc_export_job_4502446_842250_Svea_Hovraett_-_Advokatfiskalens_Jaemtlands_laen__1702__-7a829e7f/0007_DSC_0340/r1l21,174,True,ok,0.2857,ok,0.2857,0.0
Svea_Hovraett_etc_export_job_4502446_842250_Svea_Hovraett_-_Advokatfiskalens_Jaemtlands_laen__1702__-7a829e7f/0007_DSC_0340/r2l1,654,False,ok,0.7209,ok,0.7209,0.0
Svea_Hovraett_etc_export_job_4502446_842250_Svea_Hovraett_-_Advokatfiskalens_Jaemtlands_laen__1702__-7a829e7f/0007_DSC_0340/r2l2,633,False,ok,0.3889,ok,0.3889,0.0
Svea_Hovraett_etc_export_job_4502446_842250_Svea_Hovraett_-_Advokatfiskalens_Jaemtlands_laen__1702__-7a829e7f/0007_DSC_0340/r2l3,646,False,ok,0.4474,ok,0.4474,0.0
Svea_Hovraett_etc_export_job_4502446_842250_Svea_Hovraett_-_Advokatfiskalens_Jaemtlands_laen__1702__-7a829e7f/0007_DSC_0340/r2l4,651,False,ok,0.2105,ok,0.2105,0.0
Svea_Hovraett_etc_export_job_4502446_842250_Svea_Hovraett_-_Advokatfiskalens_Jaemtlands_laen__1702__-7a829e7f/0007_DSC_0340/r2l5,680,False,ok,0.2647,ok,0.2647,0.0
Svea_Hovraett_etc_export_job_4502446_842250_Svea_Hovraett_-_Advokatfiskalens_Jaemtlands_laen__1702__-7a829e7f/0007_DSC_0340/r2l6,683,False,ok,0.3143,ok,0.3143,0.0
Svea_Hovraett_etc_export_job_4502446_842250_Svea_Hovraett_-_Advokatfiskalens_Jaemtlands_laen__1702__-7a829e7f/0007_DSC_0340/r2l7,684,False,ok,0.1714,ok,0.1714,0.0
Svea_Hovraett_etc_export_job_4502446_842250_Svea_Hovraett_-_Advokatfiskalens_Jaemtlands_laen__1702__-7a829e7f/0007_DSC_0340/r2l8,697,False,ok,0.2941,ok,0.2941,0.0
Svea_Hovraett_etc_export_job_4502446_842250_Svea_Hovraett_-_Advokatfiskalens_Jaemtlands_laen__1702__-7a829e7f/0007_DSC_0340/r2l9,694,False,ok,0.275,ok,0.275,0.0
Svea_Hovraett_etc_export_job_4502446_842250_Svea_Hovraett_-_Advokatfiskalens_Jaemtlands_laen__1702__-7a829e7f/0007_DSC_0340/r2l10,688,False,ok,0.2941,ok,0.2941,0.0
Svea_Hovraett_etc_export_job_4502446_842250_Svea_Hovraett_-_Advokatfiskalens_Jaemtlands_laen__1702__-7a829e7f/0007_DSC_0340/r2l11,716,False,ok,0.1282,ok,0.1282,0.0
Svea_Hovraett_etc_export_job_4502446_842250_Svea_Hovraett_-_Advokatfiskalens_Jaemtlands_laen__1702__-7a829e7f/0007_DSC_0340/r2l12,686,False,ok,0.3226,ok,0.3226,0.0
Svea_Hovraett_etc_export_job_4502446_842250_Svea_Hovraett_-_Advokatfiskalens_Jaemtlands_laen__1702__-7a829e7f/0007_DSC_0340/r2l13,737,False,ok,0.0833,ok,0.0833,0.0
Svea_Hovraett_etc_export_job_4502446_842250_Svea_Hovraett_-_Advokatfiskalens_Jaemtlands_laen__1702__-7a829e7f/0007_DSC_0340/r2l14,725,False,ok,0.2778,ok,0.2778,0.0
Svea_Hovraett_etc_export_job_4502446_842250_Svea_Hovraett_-_Advokatfiskalens_Jaemtlands_laen__1702__-7a829e7f/0007_DSC_0340/r2l15,736,False,ok,0.1389,ok,0.1389,0.0
Svea_Hovraett_etc_export_job_4502446_842250_Svea_Hovraett_-_Advokatfiskalens_Jaemtlands_laen__1702__-7a829e7f/0007_DSC_0340/r2l16,540,False,ok,0.1304,ok,0.1304,0.0
Svea_Hovraett_etc_export_job_4502446_842250_Svea_Hovraett_-_Advokatfiskalens_Jaemtlands_laen__1702__-7a829e7f/0007_DSC_0340/r2l17,766,False,ok,0.1714,ok,0.1714,0.0
Svea_Hovraett_etc_export_job_4502446_842250_Svea_Hovraett_-_Advokatfiskalens_Jaemtlands_laen__1702__-7a829e7f/0007_DSC_0340/r2l18,725,False,ok,0.25,ok,0.25,0.0
Svea_Hovraett_etc_export_job_4502446_842250_Svea_Hovraett_-_Advokatfiskalens_Jaemtlands_laen__1702__-7a829e7f/0007_DSC_0340/r2l19,717,False,ok,0.1562,ok,0.1562,0.0
Svea_Hovraett_etc_export_job_4502446_842250_Svea_Hovraett_-_Advokatfiskalens_Jaemtlands_laen__1702__-7a829e7f/0007_DSC_0340/r2l20,763,False,ok,0.3548,ok,0.3548,0.0
Svea_Hovraett_etc_export_job_4502446_842250_Svea_Hovraett_-_Advokatfiskalens_Jaemtlands_laen__1702__-7a829e7f/0007_DSC_0340/r2l21,163,True,ok,0.6667,ok,1.0,0.3333
Svea_Hovraett_etc_export_job_4502446_842250_Svea_Hovraett_-_Advokatfiskalens_Jaemtlands_laen__1702__-7a829e7f/0007_DSC_0340/r3l1,83,True,empty,1.0,empty,1.0,0.0
Svea_Hovraett_etc_export_job_4502446_842250_Svea_Hovraett_-_Advokatfiskalens_Jaemtlands_laen__1702__-7a829e7f/0008_DSC_0341/r1l1,634,False,ok,0.0968,ok,0.0968,0.0
Svea_Hovraett_etc_export_job_4502446_842250_Svea_Hovraett_-_Advokatfiskalens_Jaemtlands_laen__1702__-7a829e7f/0008_DSC_0341/r1l2,640,False,ok,0.1143,ok,0.1143,0.0
Svea_Hovraett_etc_export_job_4502446_842250_Svea_Hovraett_-_Advokatfiskalens_Jaemtlands_laen__1702__-7a829e7f/0008_DSC_0341/r1l3,653,False,ok,0.35,ok,0.35,0.0
Svea_Hovraett_etc_export_job_4502446_842250_Svea_Hovraett_-_Advokatfiskalens_Jaemtlands_laen__1702__-7a829e7f/0008_DSC_0341/r1l4,667,False,ok,0.25,ok,0.25,0.0
Svea_Hovraett_etc_export_job_4502446_842250_Svea_Hovraett_-_Advokatfiskalens_Jaemtlands_laen__1702__-7a829e7f/0008_DSC_0341/r1l5,674,False,ok,0.0882,ok,0.0882,0.0
Svea_Hovraett_etc_export_job_4502446_842250_Svea_Hovraett_-_Advokatfiskalens_Jaemtlands_laen__1702__-7a829e7f/0008_DSC_0341/r1l6,585,False,ok,0.0645,ok,0.0645,0.0
Svea_Hovraett_etc_export_job_4502446_842250_Svea_Hovraett_-_Advokatfiskalens_Jaemtlands_laen__1702__-7a829e7f/0008_DSC_0341/r1l7,677,False,ok,0.2424,ok,0.2424,0.0
Svea_Hovraett_etc_export_job_4502446_842250_Svea_Hovraett_-_Advokatfiskalens_Jaemtlands_laen__1702__-7a829e7f/0008_DSC_0341/r1l8,697,False,ok,0.3667,ok,0.3667,0.0
Svea_Hovraett_etc_export_job_4502446_842250_Svea_Hovraett_-_Advokatfiskalens_Jaemtlands_laen__1702__-7a829e7f/0008_DSC_0341/r1l9,688,False,ok,0.0645,ok,0.0645,0.0
Svea_Hovraett_etc_export_job_4502446_842250_Svea_Hovraett_-_Advokatfiskalens_Jaemtlands_laen__1702__-7a829e7f/0008_DSC_0341/r1l10,680,False,ok,0.0625,ok,0.0625,0.0
Svea_Hovraett_etc_export_job_4502446_842250_Svea_Hovraett_-_Advokatfiskalens_Jaemtlands_laen__1702__-7a829e7f/0008_DSC_0341/r1l11,672,False,ok,0.2727,ok,0.2727,0.0
Svea_Hovraett_etc_export_job_4502446_842250_Svea_Hovraett_-_Advokatfiskalens_Jaemtlands_laen__1702__-7a829e7f/0008_DSC_0341/r1l12,690,False,ok,0.1515,ok,0.1515,0.0
Svea_Hovraett_etc_export_job_4502446_842250_Svea_Hovraett_-_Advokatfiskalens_Jaemtlands_laen__1702__-7a829e7f/0008_DSC_0341/r1l13,700,False,ok,0.2,ok,0.2,0.0
Svea_Hovraett_etc_export_job_4502446_842250_Svea_Hovraett_-_Advokatfiskalens_Jaemtlands_laen__1702__-7a829e7f/0008_DSC_0341/r1l14,693,False,ok,0.1389,ok,0.1389,0.0
Svea_Hovraett_etc_export_job_4502446_842250_Svea_Hovraett_-_Advokatfiskalens_Jaemtlands_laen__1702__-7a829e7f/0008_DSC_0341/r1l15,701,False,ok,0.2703,ok,0.2703,0.0
Svea_Hovraett_etc_export_job_4502446_842250_Svea_Hovraett_-_Advokatfiskalens_Jaemtlands_laen__1702__-7a829e7f/0008_DSC_0341/r1l16,677,False,ok,0.0345,ok,0.0345,0.0
Svea_Hovraett_etc_export_job_4502446_842250_Svea_Hovraett_-_Advokatfiskalens_Jaemtlands_laen__1702__-7a829e7f/0008_DSC_0341/r1l17,714,False,ok,0.0833,ok,0.0833,0.0
Svea_Hovraett_etc_export_job_4502446_842250_Svea_Hovraett_-_Advokatfiskalens_Jaemtlands_laen__1702__-7a829e7f/0008_DSC_0341/r1l18,717,False,ok,0.3056,ok,0.3056,0.0
Svea_Hovraett_etc_export_job_4502446_842250_Svea_Hovraett_-_Advokatfiskalens_Jaemtlands_laen__1702__-7a829e7f/0008_DSC_0341/r1l19,714,False,ok,0.4091,ok,0.4091,0.0
Svea_Hovraett_etc_export_job_4502446_842250_Svea_Hovraett_-_Advokatfiskalens_Jaemtlands_laen__1702__-7a829e7f/0008_DSC_0341/r1l20,721,False,ok,0.0333,ok,0.0333,0.0
Svea_Hovraett_etc_export_job_4502446_842250_Svea_Hovraett_-_Advokatfiskalens_Jaemtlands_laen__1702__-7a829e7f/0008_DSC_0341/r1l21,137,True,ok,0.0,ok,0.0,0.0
Svea_Hovraett_etc_export_job_4502446_842250_Svea_Hovraett_-_Advokatfiskalens_Jaemtlands_laen__1702__-7a829e7f/0008_DSC_0341/r2l1,103,True,ok,1.0,ok,0.3333,-0.6667
Svea_Hovraett_etc_export_job_4502446_842250_Svea_Hovraett_-_Advokatfiskalens_Jaemtlands_laen__1702__-7a829e7f/0008_DSC_0341/r2l2,662,False,ok,0.2571,ok,0.2571,0.0
Svea_Hovraett_etc_export_job_4502446_842250_Svea_Hovraett_-_Advokatfiskalens_Jaemtlands_laen__1702__-7a829e7f/0008_DSC_0341/r2l3,679,False,ok,0.8056,ok,0.8056,0.0
Svea_Hovraett_etc_export_job_4502446_842250_Svea_Hovraett_-_Advokatfiskalens_Jaemtlands_laen__1702__-7a829e7f/0008_DSC_0341/r2l4,661,False,ok,0.2286,ok,0.2286,0.0
Svea_Hovraett_etc_export_job_4502446_842250_Svea_Hovraett_-_Advokatfiskalens_Jaemtlands_laen__1702__-7a829e7f/0008_DSC_0341/r2l5,697,False,ok,0.2941,ok,0.2941,0.0
Svea_Hovraett_etc_export_job_4502446_842250_Svea_Hovraett_-_Advokatfiskalens_Jaemtlands_laen__1702__-7a829e7f/0008_DSC_0341/r2l6,682,False,ok,0.359,ok,0.359,0.0
Svea_Hovraett_etc_export_job_4502446_842250_Svea_Hovraett_-_Advokatfiskalens_Jaemtlands_laen__1702__-7a829e7f/0008_DSC_0341/r2l7,667,False,ok,0.0938,ok,0.0938,0.0
Svea_Hovraett_etc_export_job_4502446_842250_Svea_Hovraett_-_Advokatfiskalens_Jaemtlands_laen__1702__-7a829e7f/0008_DSC_0341/r2l8,497,False,ok,0.2917,ok,0.2917,0.0
Svea_Hovraett_etc_export_job_4502446_842250_Svea_Hovraett_-_Advokatfiskalens_Jaemtlands_laen__1702__-7a829e7f/0008_DSC_0341/r2l9,699,False,ok,0.303,ok,0.303,0.0
Svea_Hovraett_etc_export_job_4502446_842250_Svea_Hovraett_-_Advokatfiskalens_Jaemtlands_laen__1702__-7a829e7f/0008_DSC_0341/r2l10,717,False,ok,0.2963,ok,0.2963,0.0
Svea_Hovraett_etc_export_job_4502446_842250_Svea_Hovraett_-_Advokatfiskalens_Jaemtlands_laen__1702__-7a829e7f/0008_DSC_0341/r2l11,723,False,ok,0.2121,ok,0.2121,0.0
Svea_Hovraett_etc_export_job_4502446_842250_Svea_Hovraett_-_Advokatfiskalens_Jaemtlands_laen__1702__-7a829e7f/0008_DSC_0341/r2l12,700,False,ok,0.1562,ok,0.1562,0.0
Svea_Hovraett_etc_export_job_4502446_842250_Svea_Hovraett_-_Advokatfiskalens_Jaemtlands_laen__1702__-7a829e7f/0008_DSC_0341/r2l13,751,False,ok,0.0882,ok,0.0882,0.0
Svea_Hovraett_etc_export_job_4502446_842250_Svea_Hovraett_-_Advokatfiskalens_Jaemtlands_laen__1702__-7a829e7f/0008_DSC_0341/r2l14,701,False,ok,0.0968,ok,0.0968,0.0
Svea_Hovraett_etc_export_job_4502446_842250_Svea_Hovraett_-_Advokatfiskalens_Jaemtlands_laen__1702__-7a829e7f/0008_DSC_0341/r2l15,715,False,ok,0.0667,ok,0.0667,0.0
Svea_Hovraett_etc_export_job_4502446_842250_Svea_Hovraett_-_Advokatfiskalens_Jaemtlands_laen__1702__-7a829e7f/0008_DSC_0341/r2l16,724,False,ok,0.1818,ok,0.1818,0.0
Svea_Hovraett_etc_export_job_4502446_842250_Svea_Hovraett_-_Advokatfiskalens_Jaemtlands_laen__1702__-7a829e7f/0008_DSC_0341/r2l17,731,False,ok,0.0571,ok,0.0571,0.0
Svea_Hovraett_etc_export_job_4502446_842250_Svea_Hovraett_-_Advokatfiskalens_Jaemtlands_laen__1702__-7a829e7f/0008_DSC_0341/r2l18,745,False,ok,0.129,ok,0.129,0.0
Svea_Hovraett_etc_export_job_4502446_842250_Svea_Hovraett_-_Advokatfiskalens_Jaemtlands_laen__1702__-7a829e7f/0008_DSC_0341/r2l19,754,False,ok,0.2188,ok,0.2188,0.0
Svea_Hovraett_etc_export_job_4502446_842250_Svea_Hovraett_-_Advokatfiskalens_Jaemtlands_laen__1702__-7a829e7f/0008_DSC_0341/r2l20,752,False,ok,0.1765,ok,0.1765,0.0
Svea_Hovraett_etc_export_job_4502446_842250_Svea_Hovraett_-_Advokatfiskalens_Jaemtlands_laen__1702__-7a829e7f/0008_DSC_0341/r2l21,761,False,ok,0.2105,ok,0.2105,0.0
Svea_Hovraett_etc_export_job_4502446_842250_Svea_Hovraett_-_Advokatfiskalens_Jaemtlands_laen__1702__-7a829e7f/0008_DSC_0341/r2l22,173,True,ok,0.1667,ok,0.1667,0.0
Svea_Hovraett_etc_export_job_4502446_842250_Svea_Hovraett_-_Advokatfiskalens_Jaemtlands_laen__1702__-7a829e7f/0009_DSC_0342/r1l1,660,False,ok,0.3226,ok,0.3226,0.0
Svea_Hovraett_etc_export_job_4502446_842250_Svea_Hovraett_-_Advokatfiskalens_Jaemtlands_laen__1702__-7a829e7f/0009_DSC_0342/r1l2,669,False,ok,0.1818,ok,0.1818,0.0
Svea_Hovraett_etc_export_job_4502446_842250_Svea_Hovraett_-_Advokatfiskalens_Jaemtlands_laen__1702__-7a829e7f/0009_DSC_0342/r1l3,678,False,ok,0.3226,ok,0.3226,0.0
Svea_Hovraett_etc_export_job_4502446_842250_Svea_Hovraett_-_Advokatfiskalens_Jaemtlands_laen__1702__-7a829e7f/0009_DSC_0342/r1l4,680,False,ok,0.1613,ok,0.1613,0.0
Svea_Hovraett_etc_export_job_4502446_842250_Svea_Hovraett_-_Advokatfiskalens_Jaemtlands_laen__1702__-7a829e7f/0009_DSC_0342/r1l5,668,False,ok,0.1111,ok,0.1111,0.0
Svea_Hovraett_etc_export_job_4502446_842250_Svea_Hovraett_-_Advokatfiskalens_Jaemtlands_laen__1702__-7a829e7f/0009_DSC_0342/r1l6,696,False,ok,0.0645,ok,0.0645,0.0
Svea_Hovraett_etc_export_job_4502446_842250_Svea_Hovraett_-_Advokatfiskalens_Jaemtlands_laen__1702__-7a829e7f/0009_DSC_0342/r1l7,715,False,ok,0.4,ok,0.4,0.0
Svea_Hovraett_etc_export_job_4502446_842250_Svea_Hovraett_-_Advokatfiskalens_Jaemtlands_laen__1702__-7a829e7f/0009_DSC_0342/r1l8,716,False,ok,0.4118,ok,0.4118,0.0
Svea_Hovraett_etc_export_job_4502446_842250_Svea_Hovraett_-_Advokatfiskalens_Jaemtlands_laen__1702__-7a829e7f/0009_DSC_0342/r1l9,706,False,ok,0.2571,ok,0.2571,0.0
Svea_Hovraett_etc_export_job_4502446_842250_Svea_Hovraett_-_Advokatfiskalens_Jaemtlands_laen__1702__-7a829e7f/0009_DSC_0342/r1l10,705,False,ok,0.1765,ok,0.1765,0.0
Svea_Hovraett_etc_export_job_4502446_842250_Svea_Hovraett_-_Advokatfiskalens_Jaemtlands_laen__1702__-7a829e7f/0009_DSC_0342/r1l11,714,False,ok,0.1333,ok,0.1333,0.0
Svea_Hovraett_etc_export_job_4502446_842250_Svea_Hovraett_-_Advokatfiskalens_Jaemtlands_laen__1702__-7a829e7f/0009_DSC_0342/r1l12,728,False,ok,0.0857,ok,0.0857,0.0
Svea_Hovraett_etc_export_job_4502446_842250_Svea_Hovraett_-_Advokatfiskalens_Jaemtlands_laen__1702__-7a829e7f/0009_DSC_0342/r1l13,734,False,ok,0.1429,ok,0.1429,0.0
Svea_Hovraett_etc_export_job_4502446_842250_Svea_Hovraett_-_Advokatfiskalens_Jaemtlands_laen__1702__-7a829e7f/0009_DSC_0342/r1l14,751,False,ok,0.425,ok,0.425,0.0
Svea_Hovraett_etc_export_job_4502446_842250_Svea_Hovraett_-_Advokatfiskalens_Jaemtlands_laen__1702__-7a829e7f/0009_DSC_0342/r1l15,748,False,ok,0.1515,ok,0.1515,0.0
Svea_Hovraett_etc_export_job_4502446_842250_Svea_Hovraett_-_Advokatfiskalens_Jaemtlands_laen__1702__-7a829e7f/0009_DSC_0342/r1l16,745,False,ok,0.125,ok,0.125,0.0
Svea_Hovraett_etc_export_job_4502446_842250_Svea_Hovraett_-_Advokatfiskalens_Jaemtlands_laen__1702__-7a829e7f/0009_DSC_0342/r1l17,753,False,ok,0.2368,ok,0.2368,0.0
Svea_Hovraett_etc_export_job_4502446_842250_Svea_Hovraett_-_Advokatfiskalens_Jaemtlands_laen__1702__-7a829e7f/0009_DSC_0342/r1l18,747,False,ok,0.0909,ok,0.0909,0.0
Svea_Hovraett_etc_export_job_4502446_842250_Svea_Hovraett_-_Advokatfiskalens_Jaemtlands_laen__1702__-7a829e7f/0009_DSC_0342/r1l19,767,False,ok,0.0323,ok,0.0323,0.0
Svea_Hovraett_etc_export_job_4502446_842250_Svea_Hovraett_-_Advokatfiskalens_Jaemtlands_laen__1702__-7a829e7f/0009_DSC_0342/r1l20,800,False,ok,0.0857,ok,0.0857,0.0
Svea_Hovraett_etc_export_job_4502446_842250_Svea_Hovraett_-_Advokatfiskalens_Jaemtlands_laen__1702__-7a829e7f/0009_DSC_0342/r1l21,132,True,ok,0.5,ok,0.3333,-0.1667
Svea_Hovraett_etc_export_job_4502446_842250_Svea_Hovraett_-_Advokatfiskalens_Jaemtlands_laen__1702__-7a829e7f/0009_DSC_0342/r2l1,91,True,ok,0.6667,ok,0.6667,0.0
Svea_Hovraett_etc_export_job_4502446_842250_Svea_Hovraett_-_Advokatfiskalens_Jaemtlands_laen__1702__-7a829e7f/0009_DSC_0342/r2l2,643,False,ok,0.5263,ok,0.5263,0.0
Svea_Hovraett_etc_export_job_4502446_842250_Svea_Hovraett_-_Advokatfiskalens_Jaemtlands_laen__1702__-7a829e7f/0009_DSC_0342/r2l3,671,False,ok,0.6579,ok,0.6579,0.0
Svea_Hovraett_etc_export_job_4502446_842250_Svea_Hovraett_-_Advokatfiskalens_Jaemtlands_laen__1702__-7a829e7f/0009_DSC_0342/r2l4,684,False,ok,0.4444,ok,0.4444,0.0
Svea_Hovraett_etc_export_job_4502446_842250_Svea_Hovraett_-_Advokatfiskalens_Jaemtlands_laen__1702__-7a829e7f/0009_DSC_0342/r2l5,690,False,ok,0.4286,ok,0.4286,0.0
Svea_Hovraett_etc_export_job_4502446_842250_Svea_Hovraett_-_Advokatfiskalens_Jaemtlands_laen__1702__-7a829e7f/0009_DSC_0342/r2l6,677,False,ok,0.25,ok,0.25,0.0
Svea_Hovraett_etc_export_job_4502446_842250_Svea_Hovraett_-_Advokatfiskalens_Jaemtlands_laen__1702__-7a829e7f/0009_DSC_0342/r2l7,644,False,ok,0.25,ok,0.25,0.0
Svea_Hovraett_etc_export_job_4502446_842250_Svea_Hovraett_-_Advokatfiskalens_Jaemtlands_laen__1702__-7a829e7f/0009_DSC_0342/r2l8,693,False,ok,0.2162,ok,0.2162,0.0
Svea_Hovraett_etc_export_job_4502446_842250_Svea_Hovraett_-_Advokatfiskalens_Jaemtlands_laen__1702__-7a829e7f/0009_DSC_0342/r2l9,721,False,ok,0.1944,ok,0.1944,0.0
Svea_Hovraett_etc_export_job_4502446_842250_Svea_Hovraett_-_Advokatfiskalens_Jaemtlands_laen__1702__-7a829e7f/0009_DSC_0342/r2l10,751,False,ok,0.1667,ok,0.1667,0.0
Svea_Hovraett_etc_export_job_4502446_842250_Svea_Hovraett_-_Advokatfiskalens_Jaemtlands_laen__1702__-7a829e7f/0009_DSC_0342/r2l11,716,False,ok,0.1765,ok,0.1765,0.0
Svea_Hovraett_etc_export_job_4502446_842250_Svea_Hovraett_-_Advokatfiskalens_Jaemtlands_laen__1702__-7a829e7f/0009_DSC_0342/r2l12,516,False,ok,0.2222,ok,0.2222,0.0
Svea_Hovraett_etc_export_job_4502446_842250_Svea_Hovraett_-_Advokatfiskalens_Jaemtlands_laen__1702__-7a829e7f/0009_DSC_0342/r2l13,728,False,ok,0.2353,ok,0.2353,0.0
Svea_Hovraett_etc_export_job_4502446_842250_Svea_Hovraett_-_Advokatfiskalens_Jaemtlands_laen__1702__-7a829e7f/0009_DSC_0342/r2l14,722,False,ok,0.2051,ok,0.2051,0.0
Svea_Hovraett_etc_export_job_4502446_842250_Svea_Hovraett_-_Advokatfiskalens_Jaemtlands_laen__1702__-7a829e7f/0009_DSC_0342/r2l15,726,False,ok,0.0357,ok,0.0357,0.0
Svea_Hovraett_etc_export_job_4502446_842250_Svea_Hovraett_-_Advokatfiskalens_Jaemtlands_laen__1702__-7a829e7f/0009_DSC_0342/r2l16,735,False,ok,0.2059,ok,0.2059,0.0
Svea_Hovraett_etc_export_job_4502446_842250_Svea_Hovraett_-_Advokatfiskalens_Jaemtlands_laen__1702__-7a829e7f/0009_DSC_0342/r2l17,734,False,ok,0.125,ok,0.125,0.0
Svea_Hovraett_etc_export_job_4502446_842250_Svea_Hovraett_-_Advokatfiskalens_Jaemtlands_laen__1702__-7a829e7f/0009_DSC_0342/r2l18,749,False,ok,0.0882,ok,0.0882,0.0
Svea_Hovraett_etc_export_job_4502446_842250_Svea_Hovraett_-_Advokatfiskalens_Jaemtlands_laen__1702__-7a829e7f/0009_DSC_0342/r2l19,786,False,ok,0.0,ok,0.0,0.0
Svea_Hovraett_etc_export_job_4502446_842250_Svea_Hovraett_-_Advokatfiskalens_Jaemtlands_laen__1702__-7a829e7f/0009_DSC_0342/r2l20,617,False,ok,0.24,ok,0.24,0.0
Svea_Hovraett_etc_export_job_4502446_842250_Svea_Hovraett_-_Advokatfiskalens_Jaemtlands_laen__1702__-7a829e7f/0009_DSC_0342/line_1637850057890_726,770,False,ok,0.2903,ok,0.2903,0.0
Svea_Hovraett_etc_export_job_4502446_842250_Svea_Hovraett_-_Advokatfiskalens_Jaemtlands_laen__1702__-7a829e7f/0009_DSC_0342/r2l23,187,True,ok,0.8,ok,0.6,-0.2
Svea_Hovraett_etc_export_job_4502446_842250_Svea_Hovraett_-_Advokatfiskalens_Jaemtlands_laen__1702__-7a829e7f/0010_DSC_0343/r1l1,628,False,ok,0.439,ok,0.439,0.0
Svea_Hovraett_etc_export_job_4502446_842250_Svea_Hovraett_-_Advokatfiskalens_Jaemtlands_laen__1702__-7a829e7f/0010_DSC_0343/r1l2,641,False,ok,0.4419,ok,0.4419,0.0
Svea_Hovraett_etc_export_job_4502446_842250_Svea_Hovraett_-_Advokatfiskalens_Jaemtlands_laen__1702__-7a829e7f/0010_DSC_0343/r1l3,646,False,ok,0.2647,ok,0.2647,0.0
Svea_Hovraett_etc_export_job_4502446_842250_Svea_Hovraett_-_Advokatfiskalens_Jaemtlands_laen__1702__-7a829e7f/0010_DSC_0343/r1l4,650,False,ok,0.1515,ok,0.1515,0.0
Svea_Hovraett_etc_export_job_4502446_842250_Svea_Hovraett_-_Advokatfiskalens_Jaemtlands_laen__1702__-7a829e7f/0010_DSC_0343/r1l5,667,False,ok,0.2121,ok,0.2121,0.0
Svea_Hovraett_etc_export_job_4502446_842250_Svea_Hovraett_-_Advokatfiskalens_Jaemtlands_laen__1702__-7a829e7f/0010_DSC_0343/r1l6,668,False,ok,0.2222,ok,0.2222,0.0
Svea_Hovraett_etc_export_job_4502446_842250_Svea_Hovraett_-_Advokatfiskalens_Jaemtlands_laen__1702__-7a829e7f/0010_DSC_0343/r1l7,668,False,ok,0.2895,ok,0.2895,0.0
Svea_Hovraett_etc_export_job_4502446_842250_Svea_Hovraett_-_Advokatfiskalens_Jaemtlands_laen__1702__-7a829e7f/0010_DSC_0343/r1l8,677,False,ok,0.1667,ok,0.1667,0.0
Svea_Hovraett_etc_export_job_4502446_842250_Svea_Hovraett_-_Advokatfiskalens_Jaemtlands_laen__1702__-7a829e7f/0010_DSC_0343/r1l9,683,False,ok,0.1143,ok,0.1143,0.0
Svea_Hovraett_etc_export_job_4502446_842250_Svea_Hovraett_-_Advokatfiskalens_Jaemtlands_laen__1702__-7a829e7f/0010_DSC_0343/r1l10,667,False,ok,0.2258,ok,0.2258,0.0
Svea_Hovraett_etc_export_job_4502446_842250_Svea_Hovraett_-_Advokatfiskalens_Jaemtlands_laen__1702__-7a829e7f/0010_DSC_0343/r1l11,670,False,ok,0.2903,ok,0.2903,0.0
Svea_Hovraett_etc_export_job_4502446_842250_Svea_Hovraett_-_Advokatfiskalens_Jaemtlands_laen__1702__-7a829e7f/0010_DSC_0343/r1l12,678,False,ok,0.2105,ok,0.2105,0.0
Svea_Hovraett_etc_export_job_4502446_842250_Svea_Hovraett_-_Advokatfiskalens_Jaemtlands_laen__1702__-7a829e7f/0010_DSC_0343/r1l13,677,False,ok,0.0333,ok,0.0333,0.0
Svea_Hovraett_etc_export_job_4502446_842250_Svea_Hovraett_-_Advokatfiskalens_Jaemtlands_laen__1702__-7a829e7f/0010_DSC_0343/r1l14,702,False,ok,0.0323,ok,0.0323,0.0
Svea_Hovraett_etc_export_job_4502446_842250_Svea_Hovraett_-_Advokatfiskalens_Jaemtlands_laen__1702__-7a829e7f/0010_DSC_0343/r1l15,709,False,ok,0.1818,ok,0.1818,0.0
Svea_Hovraett_etc_export_job_4502446_842250_Svea_Hovraett_-_Advokatfiskalens_Jaemtlands_laen__1702__-7a829e7f/0010_DSC_0343/r1l16,725,False,ok,0.1143,ok,0.1143,0.0
Svea_Hovraett_etc_export_job_4502446_842250_Svea_Hovraett_-_Advokatfiskalens_Jaemtlands_laen__1702__-7a829e7f/0010_DSC_0343/r1l17,711,False,ok,0.25,ok,0.25,0.0
Svea_Hovraett_etc_export_job_4502446_842250_Svea_Hovraett_-_Advokatfiskalens_Jaemtlands_laen__1702__-7a829e7f/0010_DSC_0343/r1l18,728,False,ok,0.3514,ok,0.3514,0.0
Svea_Hovraett_etc_export_job_4502446_842250_Svea_Hovraett_-_Advokatfiskalens_Jaemtlands_laen__1702__-7a829e7f/0010_DSC_0343/r1l19,721,False,ok,0.1333,ok,0.1333,0.0
Svea_Hovraett_etc_export_job_4502446_842250_Svea_Hovraett_-_Advokatfiskalens_Jaemtlands_laen__1702__-7a829e7f/0010_DSC_0343/r1l20,745,False,ok,0.1515,ok,0.1515,0.0
Svea_Hovraett_etc_export_job_4502446_842250_Svea_Hovraett_-_Advokatfiskalens_Jaemtlands_laen__1702__-7a829e7f/0010_DSC_0343/r1l21,169,True,ok,0.75,ok,0.75,0.0
Svea_Hovraett_etc_export_job_4502446_842250_Svea_Hovraett_-_Advokatfiskalens_Jaemtlands_laen__1702__-7a829e7f/0010_DSC_0343/r2l1,94,True,ok,0.3333,ok,0.6667,0.3333
Svea_Hovraett_etc_export_job_4502446_842250_Svea_Hovraett_-_Advokatfiskalens_Jaemtlands_laen__1702__-7a829e7f/0010_DSC_0343/r2l2,686,False,ok,0.8372,ok,0.8372,0.0
Svea_Hovraett_etc_export_job_4502446_842250_Svea_Hovraett_-_Advokatfiskalens_Jaemtlands_laen__1702__-7a829e7f/0010_DSC_0343/r2l3,685,False,ok,0.6,ok,0.6,0.0
Svea_Hovraett_etc_export_job_4502446_842250_Svea_Hovraett_-_Advokatfiskalens_Jaemtlands_laen__1702__-7a829e7f/0010_DSC_0343/r2l4,686,False,ok,0.359,ok,0.359,0.0
Svea_Hovraett_etc_export_job_4502446_842250_Svea_Hovraett_-_Advokatfiskalens_Jaemtlands_laen__1702__-7a829e7f/0010_DSC_0343/r2l5,697,False,ok,0.4324,ok,0.4324,0.0
Svea_Hovraett_etc_export_job_4502446_842250_Svea_Hovraett_-_Advokatfiskalens_Jaemtlands_laen__1702__-7a829e7f/0010_DSC_0343/r2l6,667,False,ok,0.2353,ok,0.2353,0.0
Svea_Hovraett_etc_export_job_4502446_842250_Svea_Hovraett_-_Advokatfiskalens_Jaemtlands_laen__1702__-7a829e7f/0010_DSC_0343/r2l7,703,False,ok,0.5,ok,0.5,0.0
Svea_Hovraett_etc_export_job_4502446_842250_Svea_Hovraett_-_Advokatfiskalens_Jaemtlands_laen__1702__-7a829e7f/0010_DSC_0343/r2l8,702,False,ok,0.5366,ok,0.5366,0.0
Svea_Hovraett_etc_export_job_4502446_842250_Svea_Hovraett_-_Advokatfiskalens_Jaemtlands_laen__1702__-7a829e7f/0010_DSC_0343/r2l9,684,False,ok,0.2121,ok,0.2121,0.0
Svea_Hovraett_etc_export_job_4502446_842250_Svea_Hovraett_-_Advokatfiskalens_Jaemtlands_laen__1702__-7a829e7f/0010_DSC_0343/r2l10,722,False,ok,0.2927,ok,0.2927,0.0
Svea_Hovraett_etc_export_job_4502446_842250_Svea_Hovraett_-_Advokatfiskalens_Jaemtlands_laen__1702__-7a829e7f/0010_DSC_0343/r2l11,704,False,ok,0.0857,ok,0.0857,0.0
Svea_Hovraett_etc_export_job_4502446_842250_Svea_Hovraett_-_Advokatfiskalens_Jaemtlands_laen__1702__-7a829e7f/0010_DSC_0343/r2l12,704,False,ok,0.2222,ok,0.2222,0.0
Svea_Hovraett_etc_export_job_4502446_842250_Svea_Hovraett_-_Advokatfiskalens_Jaemtlands_laen__1702__-7a829e7f/0010_DSC_0343/r2l13,696,False,ok,0.1892,ok,0.1892,0.0
Svea_Hovraett_etc_export_job_4502446_842250_Svea_Hovraett_-_Advokatfiskalens_Jaemtlands_laen__1702__-7a829e7f/0010_DSC_0343/r2l14,724,False,ok,0.1429,ok,0.1429,0.0
Svea_Hovraett_etc_export_job_4502446_842250_Svea_Hovraett_-_Advokatfiskalens_Jaemtlands_laen__1702__-7a829e7f/0010_DSC_0343/r2l15,735,False,ok,0.1714,ok,0.1714,0.0
Svea_Hovraett_etc_export_job_4502446_842250_Svea_Hovraett_-_Advokatfiskalens_Jaemtlands_laen__1702__-7a829e7f/0010_DSC_0343/r2l16,726,False,ok,0.1,ok,0.1,0.0
Svea_Hovraett_etc_export_job_4502446_842250_Svea_Hovraett_-_Advokatfiskalens_Jaemtlands_laen__1702__-7a829e7f/0010_DSC_0343/r2l17,724,False,ok,0.2121,ok,0.2121,0.0
Svea_Hovraett_etc_export_job_4502446_842250_Svea_Hovraett_-_Advokatfiskalens_Jaemtlands_laen__1702__-7a829e7f/0010_DSC_0343/r2l18,730,False,ok,0.1765,ok,0.1765,0.0
Svea_Hovraett_etc_export_job_4502446_842250_Svea_Hovraett_-_Advokatfiskalens_Jaemtlands_laen__1702__-7a829e7f/0010_DSC_0343/r2l19,217,True,ok,0.1,ok,0.2,0.1
Svea_Hovraett_etc_export_job_4502446_842250_Svea_Hovraett_-_Advokatfiskalens_Jaemtlands_laen__1702__-7a829e7f/0010_DSC_0343/r2l20,761,False,ok,0.1515,ok,0.1515,0.0
Svea_Hovraett_etc_export_job_4502446_842250_Svea_Hovraett_-_Advokatfiskalens_Jaemtlands_laen__1702__-7a829e7f/0010_DSC_0343/r2l21,748,False,ok,0.2727,ok,0.2727,0.0
Svea_Hovraett_etc_export_job_4502446_842250_Svea_Hovraett_-_Advokatfiskalens_Jaemtlands_laen__1702__-7a829e7f/0010_DSC_0343/r2l22,161,True,ok,0.6667,ok,0.6667,0.0
Svea_Hovraett_etc_export_job_4502446_842250_Svea_Hovraett_-_Advokatfiskalens_Jaemtlands_laen__1702__-7a829e7f/0011_DSC_0344/r1l2,636,False,ok,0.5312,ok,0.5312,0.0
Svea_Hovraett_etc_export_job_4502446_842250_Svea_Hovraett_-_Advokatfiskalens_Jaemtlands_laen__1702__-7a829e7f/0011_DSC_0344/r1l3,659,False,ok,0.4571,ok,0.4571,0.0
Svea_Hovraett_etc_export_job_4502446_842250_Svea_Hovraett_-_Advokatfiskalens_Jaemtlands_laen__1702__-7a829e7f/0011_DSC_0344/line_1637850448458_865,675,False,ok,0.5455,ok,0.5455,0.0
Svea_Hovraett_etc_export_job_4502446_842250_Svea_Hovraett_-_Advokatfiskalens_Jaemtlands_laen__1702__-7a829e7f/0011_DSC_0344/r1l6,649,False,ok,0.4444,ok,0.4444,0.0
Svea_Hovraett_etc_export_job_4502446_842250_Svea_Hovraett_-_Advokatfiskalens_Jaemtlands_laen__1702__-7a829e7f/0011_DSC_0344/r1l7,686,False,ok,0.6061,ok,0.6061,0.0
Svea_Hovraett_etc_export_job_4502446_842250_Svea_Hovraett_-_Advokatfiskalens_Jaemtlands_laen__1702__-7a829e7f/0011_DSC_0344/r1l8,662,False,ok,0.5455,ok,0.5455,0.0
Svea_Hovraett_etc_export_job_4502446_842250_Svea_Hovraett_-_Advokatfiskalens_Jaemtlands_laen__1702__-7a829e7f/0011_DSC_0344/r1l9,691,False,ok,0.1,ok,0.1,0.0
Svea_Hovraett_etc_export_job_4502446_842250_Svea_Hovraett_-_Advokatfiskalens_Jaemtlands_laen__1702__-7a829e7f/0011_DSC_0344/r1l10,688,False,ok,0.2286,ok,0.2286,0.0
Svea_Hovraett_etc_export_job_4502446_842250_Svea_Hovraett_-_Advokatfiskalens_Jaemtlands_laen__1702__-7a829e7f/0011_DSC_0344/r1l11,704,False,ok,0.1714,ok,0.1714,0.0
Svea_Hovraett_etc_export_job_4502446_842250_Svea_Hovraett_-_Advokatfiskalens_Jaemtlands_laen__1702__-7a829e7f/0011_DSC_0344/r1l12,690,False,ok,0.4865,ok,0.4865,0.0
Svea_Hovraett_etc_export_job_4502446_842250_Svea_Hovraett_-_Advokatfiskalens_Jaemtlands_laen__1702__-7a829e7f/0011_DSC_0344/r1l13,702,False,ok,0.5806,ok,0.5806,0.0
Svea_Hovraett_etc_export_job_4502446_842250_Svea_Hovraett_-_Advokatfiskalens_Jaemtlands_laen__1702__-7a829e7f/0011_DSC_0344/r1l14,720,False,ok,0.2188,ok,0.2188,0.0
Svea_Hovraett_etc_export_job_4502446_842250_Svea_Hovraett_-_Advokatfiskalens_Jaemtlands_laen__1702__-7a829e7f/0011_DSC_0344/r1l15,714,False,ok,0.2857,ok,0.2857,0.0
Svea_Hovraett_etc_export_job_4502446_842250_Svea_Hovraett_-_Advokatfiskalens_Jaemtlands_laen__1702__-7a829e7f/0011_DSC_0344/r1l16,713,False,ok,0.1944,ok,0.1944,0.0
Svea_Hovraett_etc_export_job_4502446_842250_Svea_Hovraett_-_Advokatfiskalens_Jaemtlands_laen__1702__-7a829e7f/0011_DSC_0344/r1l17,702,False,ok,0.2059,ok,0.2059,0.0
Svea_Hovraett_etc_export_job_4502446_842250_Svea_Hovraett_-_Advokatfiskalens_Jaemtlands_laen__1702__-7a829e7f/0011_DSC_0344/r1l18,728,False,ok,0.2667,ok,0.2667,0.0
Svea_Hovraett_etc_export_job_4502446_842250_Svea_Hovraett_-_Advokatfiskalens_Jaemtlands_laen__1702__-7a829e7f/0011_DSC_0344/r1l19,743,False,ok,0.2667,ok,0.2667,0.0
Svea_Hovraett_etc_export_job_4502446_842250_Svea_Hovraett_-_Advokatfiskalens_Jaemtlands_laen__1702__-7a829e7f/0011_DSC_0344/r1l20,742,False,ok,0.1842,ok,0.1842,0.0
Svea_Hovraett_etc_export_job_4502446_842250_Svea_Hovraett_-_Advokatfiskalens_Jaemtlands_laen__1702__-7a829e7f/0011_DSC_0344/r1l21,746,False,ok,0.1765,ok,0.1765,0.0
Svea_Hovraett_etc_export_job_4502446_842250_Svea_Hovraett_-_Advokatfiskalens_Jaemtlands_laen__1702__-7a829e7f/0011_DSC_0344/r1l22,740,False,ok,0.1,ok,0.1,0.0
Svea_Hovraett_etc_export_job_4502446_842250_Svea_Hovraett_-_Advokatfiskalens_Jaemtlands_laen__1702__-7a829e7f/0011_DSC_0344/r1l23,132,True,ok,0.75,ok,0.25,-0.5
Svea_Hovraett_etc_export_job_4502446_842250_Svea_Hovraett_-_Advokatfiskalens_Jaemtlands_laen__1702__-7a829e7f/0011_DSC_0344/r2l2,88,True,ok,1.0,empty,1.0,0.0
Svea_Hovraett_etc_export_job_4502446_842250_Svea_Hovraett_-_Advokatfiskalens_Jaemtlands_laen__1702__-7a829e7f/0011_DSC_0344/r2l3,650,False,ok,0.7586,ok,0.7586,0.0
Svea_Hovraett_etc_export_job_4502446_842250_Svea_Hovraett_-_Advokatfiskalens_Jaemtlands_laen__1702__-7a829e7f/0011_DSC_0344/r2l4,654,False,ok,0.8286,ok,0.8286,0.0
Svea_Hovraett_etc_export_job_4502446_842250_Svea_Hovraett_-_Advokatfiskalens_Jaemtlands_laen__1702__-7a829e7f/0011_DSC_0344/r2l5,671,False,ok,0.6757,ok,0.6757,0.0
Svea_Hovraett_etc_export_job_4502446_842250_Svea_Hovraett_-_Advokatfiskalens_Jaemtlands_laen__1702__-7a829e7f/0011_DSC_0344/r2l6,580,False,ok,0.5484,ok,0.5484,0.0
Svea_Hovraett_etc_export_job_4502446_842250_Svea_Hovraett_-_Advokatfiskalens_Jaemtlands_laen__1702__-7a829e7f/0011_DSC_0344/r2l7,727,False,ok,0.65,ok,0.65,0.0
Svea_Hovraett_etc_export_job_4502446_842250_Svea_Hovraett_-_Advokatfiskalens_Jaemtlands_laen__1702__-7a829e7f/0011_DSC_0344/r2l8,661,False,ok,0.3243,ok,0.3243,0.0
Svea_Hovraett_etc_export_job_4502446_842250_Svea_Hovraett_-_Advokatfiskalens_Jaemtlands_laen__1702__-7a829e7f/0011_DSC_0344/r2l9,662,False,ok,0.2121,ok,0.2121,0.0
Svea_Hovraett_etc_export_job_4502446_842250_Svea_Hovraett_-_Advokatfiskalens_Jaemtlands_laen__1702__-7a829e7f/0011_DSC_0344/r2l10,689,False,ok,0.3056,ok,0.3056,0.0
Svea_Hovraett_etc_export_job_4502446_842250_Svea_Hovraett_-_Advokatfiskalens_Jaemtlands_laen__1702__-7a829e7f/0011_DSC_0344/r2l11,675,False,ok,0.3429,ok,0.3429,0.0
Svea_Hovraett_etc_export_job_4502446_842250_Svea_Hovraett_-_Advokatfiskalens_Jaemtlands_laen__1702__-7a829e7f/0011_DSC_0344/r2l12,668,False,ok,0.2727,ok,0.2727,0.0
Svea_Hovraett_etc_export_job_4502446_842250_Svea_Hovraett_-_Advokatfiskalens_Jaemtlands_laen__1702__-7a829e7f/0011_DSC_0344/r2l13,706,False,ok,0.1515,ok,0.1515,0.0
Svea_Hovraett_etc_export_job_4502446_842250_Svea_Hovraett_-_Advokatfiskalens_Jaemtlands_laen__1702__-7a829e7f/0011_DSC_0344/r2l14,726,False,ok,0.0625,ok,0.0625,0.0
Svea_Hovraett_etc_export_job_4502446_842250_Svea_Hovraett_-_Advokatfiskalens_Jaemtlands_laen__1702__-7a829e7f/0011_DSC_0344/r2l15,712,False,ok,0.2162,ok,0.2162,0.0
Svea_Hovraett_etc_export_job_4502446_842250_Svea_Hovraett_-_Advokatfiskalens_Jaemtlands_laen__1702__-7a829e7f/0011_DSC_0344/r2l16,705,False,ok,0.1944,ok,0.1944,0.0
Svea_Hovraett_etc_export_job_4502446_842250_Svea_Hovraett_-_Advokatfiskalens_Jaemtlands_laen__1702__-7a829e7f/0011_DSC_0344/r2l17,681,False,ok,0.1212,ok,0.1212,0.0
Svea_Hovraett_etc_export_job_4502446_842250_Svea_Hovraett_-_Advokatfiskalens_Jaemtlands_laen__1702__-7a829e7f/0011_DSC_0344/r2l18,504,False,ok,0.3158,ok,0.3158,0.0
Svea_Hovraett_etc_export_job_4502446_842250_Svea_Hovraett_-_Advokatfiskalens_Jaemtlands_laen__1702__-7a829e7f/0011_DSC_0344/r2l19,785,False,ok,0.3333,ok,0.3333,0.0
Svea_Hovraett_etc_export_job_4502446_842250_Svea_Hovraett_-_Advokatfiskalens_Jaemtlands_laen__1702__-7a829e7f/0011_DSC_0344/r2l20,689,False,ok,0.2581,ok,0.2581,0.0
Svea_Hovraett_etc_export_job_4502446_842250_Svea_Hovraett_-_Advokatfiskalens_Jaemtlands_laen__1702__-7a829e7f/0011_DSC_0344/r2l21,139,True,ok,0.7143,ok,0.7143,0.0
Svea_Hovraett_etc_export_job_4502446_842250_Svea_Hovraett_-_Advokatfiskalens_Jaemtlands_laen__1702__-7a829e7f/0012_DSC_0345/r2l1,654,False,ok,0.3529,ok,0.3529,0.0
Svea_Hovraett_etc_export_job_4502446_842250_Svea_Hovraett_-_Advokatfiskalens_Jaemtlands_laen__1702__-7a829e7f/0012_DSC_0345/r2l2,662,False,ok,0.3571,ok,0.3571,0.0
Svea_Hovraett_etc_export_job_4502446_842250_Svea_Hovraett_-_Advokatfiskalens_Jaemtlands_laen__1702__-7a829e7f/0012_DSC_0345/r2l4,665,False,ok,0.2059,ok,0.2059,0.0
Svea_Hovraett_etc_export_job_4502446_842250_Svea_Hovraett_-_Advokatfiskalens_Jaemtlands_laen__1702__-7a829e7f/0012_DSC_0345/r2l5,672,False,ok,0.3103,ok,0.3103,0.0
Svea_Hovraett_etc_export_job_4502446_842250_Svea_Hovraett_-_Advokatfiskalens_Jaemtlands_laen__1702__-7a829e7f/0012_DSC_0345/r2l6,144,True,ok,0.4,ok,0.0,-0.4
Svea_Hovraett_etc_export_job_4502446_842250_Svea_Hovraett_-_Advokatfiskalens_Jaemtlands_laen__1702__-7a829e7f/0012_DSC_0345/r2l7,781,False,ok,0.1429,ok,0.1429,0.0
Svea_Hovraett_etc_export_job_4502446_842250_Svea_Hovraett_-_Advokatfiskalens_Jaemtlands_laen__1702__-7a829e7f/0012_DSC_0345/r2l9,700,False,ok,0.1515,ok,0.1515,0.0
Svea_Hovraett_etc_export_job_4502446_842250_Svea_Hovraett_-_Advokatfiskalens_Jaemtlands_laen__1702__-7a829e7f/0012_DSC_0345/r2l10,690,False,ok,0.2059,ok,0.2059,0.0
Svea_Hovraett_etc_export_job_4502446_842250_Svea_Hovraett_-_Advokatfiskalens_Jaemtlands_laen__1702__-7a829e7f/0012_DSC_0345/r2l11,706,False,ok,0.1714,ok,0.1714,0.0
Svea_Hovraett_etc_export_job_4502446_842250_Svea_Hovraett_-_Advokatfiskalens_Jaemtlands_laen__1702__-7a829e7f/0012_DSC_0345/r2l12,701,False,ok,0.25,ok,0.25,0.0
Svea_Hovraett_etc_export_job_4502446_842250_Svea_Hovraett_-_Advokatfiskalens_Jaemtlands_laen__1702__-7a829e7f/0012_DSC_0345/r2l13,709,False,ok,0.2045,ok,0.2045,0.0
Svea_Hovraett_etc_export_job_4502446_842250_Svea_Hovraett_-_Advokatfiskalens_Jaemtlands_laen__1702__-7a829e7f/0012_DSC_0345/r2l14,722,False,ok,0.3889,ok,0.3889,0.0
Svea_Hovraett_etc_export_job_4502446_842250_Svea_Hovraett_-_Advokatfiskalens_Jaemtlands_laen__1702__-7a829e7f/0012_DSC_0345/r2l15,720,False,ok,0.2727,ok,0.2727,0.0
Svea_Hovraett_etc_export_job_4502446_842250_Svea_Hovraett_-_Advokatfiskalens_Jaemtlands_laen__1702__-7a829e7f/0012_DSC_0345/r2l16,735,False,ok,0.1579,ok,0.1579,0.0
Svea_Hovraett_etc_export_job_4502446_842250_Svea_Hovraett_-_Advokatfiskalens_Jaemtlands_laen__1702__-7a829e7f/0012_DSC_0345/r2l17,620,False,ok,0.087,ok,0.087,0.0
Svea_Hovraett_etc_export_job_4502446_842250_Svea_Hovraett_-_Advokatfiskalens_Jaemtlands_laen__1702__-7a829e7f/0012_DSC_0345/r2l18,834,False,ok,0.0588,ok,0.0588,0.0
Svea_Hovraett_etc_export_job_4502446_842250_Svea_Hovraett_-_Advokatfiskalens_Jaemtlands_laen__1702__-7a829e7f/0012_DSC_0345/r2l19,749,False,ok,0.1333,ok,0.1333,0.0
Svea_Hovraett_etc_export_job_4502446_842250_Svea_Hovraett_-_Advokatfiskalens_Jaemtlands_laen__1702__-7a829e7f/0012_DSC_0345/r2l20,161,True,ok,1.0,ok,1.0,0.0
Svea_Hovraett_etc_export_job_4502446_842250_Svea_Hovraett_-_Advokatfiskalens_Jaemtlands_laen__1702__-7a829e7f/0012_DSC_0345/r3l1,106,True,ok,0.6667,empty,1.0,0.3333
Svea_Hovraett_etc_export_job_4502446_842250_Svea_Hovraett_-_Advokatfiskalens_Jaemtlands_laen__1702__-7a829e7f/0012_DSC_0345/r3l2,659,False,ok,0.3,ok,0.3,0.0
Svea_Hovraett_etc_export_job_4502446_842250_Svea_Hovraett_-_Advokatfiskalens_Jaemtlands_laen__1702__-7a829e7f/0012_DSC_0345/r3l3,651,False,ok,0.7879,ok,0.7879,0.0
Svea_Hovraett_etc_export_job_4502446_842250_Svea_Hovraett_-_Advokatfiskalens_Jaemtlands_laen__1702__-7a829e7f/0012_DSC_0345/r3l4,673,False,ok,0.2,ok,0.2,0.0
Svea_Hovraett_etc_export_job_4502446_842250_Svea_Hovraett_-_Advokatfiskalens_Jaemtlands_laen__1702__-7a829e7f/0012_DSC_0345/r3l5,697,False,ok,0.1379,ok,0.1379,0.0
Svea_Hovraett_etc_export_job_4502446_842250_Svea_Hovraett_-_Advokatfiskalens_Jaemtlands_laen__1702__-7a829e7f/0012_DSC_0345/r3l6,685,False,ok,0.3077,ok,0.3077,0.0
Svea_Hovraett_etc_export_job_4502446_842250_Svea_Hovraett_-_Advokatfiskalens_Jaemtlands_laen__1702__-7a829e7f/0012_DSC_0345/r3l7,670,False,ok,0.1818,ok,0.1818,0.0
Svea_Hovraett_etc_export_job_4502446_842250_Svea_Hovraett_-_Advokatfiskalens_Jaemtlands_laen__1702__-7a829e7f/0012_DSC_0345/r3l8,634,False,ok,0.3529,ok,0.3529,0.0
Svea_Hovraett_etc_export_job_4502446_842250_Svea_Hovraett_-_Advokatfiskalens_Jaemtlands_laen__1702__-7a829e7f/0012_DSC_0345/r3l9,807,False,ok,0.5,ok,0.5,0.0
Svea_Hovraett_etc_export_job_4502446_842250_Svea_Hovraett_-_Advokatfiskalens_Jaemtlands_laen__1702__-7a829e7f/0012_DSC_0345/r3l10,719,False,ok,0.1111,ok,0.1111,0.0
Svea_Hovraett_etc_export_job_4502446_842250_Svea_Hovraett_-_Advokatfiskalens_Jaemtlands_laen__1702__-7a829e7f/0012_DSC_0345/r3l11,723,False,ok,0.1724,ok,0.1724,0.0
Svea_Hovraett_etc_export_job_4502446_842250_Svea_Hovraett_-_Advokatfiskalens_Jaemtlands_laen__1702__-7a829e7f/0012_DSC_0345/r3l12,736,False,ok,0.1818,ok,0.1818,0.0
Svea_Hovraett_etc_export_job_4502446_842250_Svea_Hovraett_-_Advokatfiskalens_Jaemtlands_laen__1702__-7a829e7f/0012_DSC_0345/r3l13,722,False,ok,0.1481,ok,0.1481,0.0
Svea_Hovraett_etc_export_job_4502446_842250_Svea_Hovraett_-_Advokatfiskalens_Jaemtlands_laen__1702__-7a829e7f/0012_DSC_0345/r3l14,730,False,ok,0.1379,ok,0.1379,0.0
Svea_Hovraett_etc_export_job_4502446_842250_Svea_Hovraett_-_Advokatfiskalens_Jaemtlands_laen__1702__-7a829e7f/0012_DSC_0345/r3l15,724,False,ok,0.4545,ok,0.4545,0.0
Svea_Hovraett_etc_export_job_4502446_842250_Svea_Hovraett_-_Advokatfiskalens_Jaemtlands_laen__1702__-7a829e7f/0012_DSC_0345/r3l17,762,False,ok,0.1471,ok,0.1471,0.0
Svea_Hovraett_etc_export_job_4502446_842250_Svea_Hovraett_-_Advokatfiskalens_Jaemtlands_laen__1702__-7a829e7f/0012_DSC_0345/r3l18,743,False,ok,0.0294,ok,0.0294,0.0
Svea_Hovraett_etc_export_job_4502446_842250_Svea_Hovraett_-_Advokatfiskalens_Jaemtlands_laen__1702__-7a829e7f/0012_DSC_0345/r3l19,758,False,ok,0.3056,ok,0.3056,0.0
Svea_Hovraett_etc_export_job_4502446_842250_Svea_Hovraett_-_Advokatfiskalens_Jaemtlands_laen__1702__-7a829e7f/0012_DSC_0345/r3l20,761,False,ok,0.0556,ok,0.0556,0.0
Svea_Hovraett_etc_export_job_4502446_842250_Svea_Hovraett_-_Advokatfiskalens_Jaemtlands_laen__1702__-7a829e7f/0012_DSC_0345/r3l21,766,False,ok,0.125,ok,0.125,0.0
Svea_Hovraett_etc_export_job_4502446_842250_Svea_Hovraett_-_Advokatfiskalens_Jaemtlands_laen__1702__-7a829e7f/0012_DSC_0345/r3l22,119,True,ok,1.0,ok,0.6667,-0.3333
Svea_Hovraett_etc_export_job_4502446_842250_Svea_Hovraett_-_Advokatfiskalens_Jaemtlands_laen__1702__-7a829e7f/0013_DSC_0346/r1l2,642,False,ok,0.2353,ok,0.2353,0.0
Svea_Hovraett_etc_export_job_4502446_842250_Svea_Hovraett_-_Advokatfiskalens_Jaemtlands_laen__1702__-7a829e7f/0013_DSC_0346/r1l3,653,False,ok,0.1714,ok,0.1714,0.0
Svea_Hovraett_etc_export_job_4502446_842250_Svea_Hovraett_-_Advokatfiskalens_Jaemtlands_laen__1702__-7a829e7f/0013_DSC_0346/r1l4,650,False,ok,0.6111,ok,0.6111,0.0
Svea_Hovraett_etc_export_job_4502446_842250_Svea_Hovraett_-_Advokatfiskalens_Jaemtlands_laen__1702__-7a829e7f/0013_DSC_0346/r1l5,655,False,ok,0.1538,ok,0.1538,0.0
Svea_Hovraett_etc_export_job_4502446_842250_Svea_Hovraett_-_Advokatfiskalens_Jaemtlands_laen__1702__-7a829e7f/0013_DSC_0346/r1l6,664,False,ok,0.0882,ok,0.0882,0.0
Svea_Hovraett_etc_export_job_4502446_842250_Svea_Hovraett_-_Advokatfiskalens_Jaemtlands_laen__1702__-7a829e7f/0013_DSC_0346/r1l8,661,False,ok,0.125,ok,0.125,0.0
Svea_Hovraett_etc_export_job_4502446_842250_Svea_Hovraett_-_Advokatfiskalens_Jaemtlands_laen__1702__-7a829e7f/0013_DSC_0346/r1l9,668,False,ok,0.0714,ok,0.0714,0.0
Svea_Hovraett_etc_export_job_4502446_842250_Svea_Hovraett_-_Advokatfiskalens_Jaemtlands_laen__1702__-7a829e7f/0013_DSC_0346/r1l10,670,False,ok,0.3,ok,0.3,0.0
Svea_Hovraett_etc_export_job_4502446_842250_Svea_Hovraett_-_Advokatfiskalens_Jaemtlands_laen__1702__-7a829e7f/0013_DSC_0346/r1l11,655,False,ok,0.0882,ok,0.0882,0.0
Svea_Hovraett_etc_export_job_4502446_842250_Svea_Hovraett_-_Advokatfiskalens_Jaemtlands_laen__1702__-7a829e7f/0013_DSC_0346/r1l12,685,False,ok,0.25,ok,0.25,0.0
Svea_Hovraett_etc_export_job_4502446_842250_Svea_Hovraett_-_Advokatfiskalens_Jaemtlands_laen__1702__-7a829e7f/0013_DSC_0346/r1l13,683,False,ok,0.1944,ok,0.1944,0.0
Svea_Hovraett_etc_export_job_4502446_842250_Svea_Hovraett_-_Advokatfiskalens_Jaemtlands_laen__1702__-7a829e7f/0013_DSC_0346/r1l14,685,False,ok,0.2353,ok,0.2353,0.0
Svea_Hovraett_etc_export_job_4502446_842250_Svea_Hovraett_-_Advokatfiskalens_Jaemtlands_laen__1702__-7a829e7f/0013_DSC_0346/r1l15,689,False,ok,0.0938,ok,0.0938,0.0
Svea_Hovraett_etc_export_job_4502446_842250_Svea_Hovraett_-_Advokatfiskalens_Jaemtlands_laen__1702__-7a829e7f/0013_DSC_0346/r1l16,693,False,ok,0.3415,ok,0.3415,0.0
Svea_Hovraett_etc_export_job_4502446_842250_Svea_Hovraett_-_Advokatfiskalens_Jaemtlands_laen__1702__-7a829e7f/0013_DSC_0346/r1l17,702,False,ok,0.2059,ok,0.2059,0.0
Svea_Hovraett_etc_export_job_4502446_842250_Svea_Hovraett_-_Advokatfiskalens_Jaemtlands_laen__1702__-7a829e7f/0013_DSC_0346/r1l18,551,False,ok,0.0455,ok,0.0455,0.0
Svea_Hovraett_etc_export_job_4502446_842250_Svea_Hovraett_-_Advokatfiskalens_Jaemtlands_laen__1702__-7a829e7f/0013_DSC_0346/r1l19,722,False,ok,0.1562,ok,0.1562,0.0
Svea_Hovraett_etc_export_job_4502446_842250_Svea_Hovraett_-_Advokatfiskalens_Jaemtlands_laen__1702__-7a829e7f/0013_DSC_0346/r1l20,704,False,ok,0.0667,ok,0.0667,0.0
Svea_Hovraett_etc_export_job_4502446_842250_Svea_Hovraett_-_Advokatfiskalens_Jaemtlands_laen__1702__-7a829e7f/0013_DSC_0346/r1l21,716,False,ok,0.2581,ok,0.2581,0.0
Svea_Hovraett_etc_export_job_4502446_842250_Svea_Hovraett_-_Advokatfiskalens_Jaemtlands_laen__1702__-7a829e7f/0013_DSC_0346/r1l22,749,False,ok,0.1562,ok,0.1562,0.0
Svea_Hovraett_etc_export_job_4502446_842250_Svea_Hovraett_-_Advokatfiskalens_Jaemtlands_laen__1702__-7a829e7f/0013_DSC_0346/r1l23,158,True,ok,0.75,ok,0.5,-0.25
Svea_Hovraett_etc_export_job_4502446_842250_Svea_Hovraett_-_Advokatfiskalens_Jaemtlands_laen__1702__-7a829e7f/0013_DSC_0346/r2l1,86,True,ok,0.6667,empty,1.0,0.3333
Svea_Hovraett_etc_export_job_4502446_842250_Svea_Hovraett_-_Advokatfiskalens_Jaemtlands_laen__1702__-7a829e7f/0013_DSC_0346/r2l2,649,False,ok,0.7059,ok,0.7059,0.0
Svea_Hovraett_etc_export_job_4502446_842250_Svea_Hovraett_-_Advokatfiskalens_Jaemtlands_laen__1702__-7a829e7f/0013_DSC_0346/r2l3,666,False,ok,0.3077,ok,0.3077,0.0
Svea_Hovraett_etc_export_job_4502446_842250_Svea_Hovraett_-_Advokatfiskalens_Jaemtlands_laen__1702__-7a829e7f/0013_DSC_0346/r2l4,674,False,ok,0.6,ok,0.6,0.0
Svea_Hovraett_etc_export_job_4502446_842250_Svea_Hovraett_-_Advokatfiskalens_Jaemtlands_laen__1702__-7a829e7f/0013_DSC_0346/r2l5,675,False,ok,0.2778,ok,0.2778,0.0
Svea_Hovraett_etc_export_job_4502446_842250_Svea_Hovraett_-_Advokatfiskalens_Jaemtlands_laen__1702__-7a829e7f/0013_DSC_0346/r2l6,700,False,ok,0.275,ok,0.275,0.0
Svea_Hovraett_etc_export_job_4502446_842250_Svea_Hovraett_-_Advokatfiskalens_Jaemtlands_laen__1702__-7a829e7f/0013_DSC_0346/r2l7,705,False,ok,0.25,ok,0.25,0.0
Svea_Hovraett_etc_export_job_4502446_842250_Svea_Hovraett_-_Advokatfiskalens_Jaemtlands_laen__1702__-7a829e7f/0013_DSC_0346/r2l8,708,False,ok,0.2571,ok,0.2571,0.0
Svea_Hovraett_etc_export_job_4502446_842250_Svea_Hovraett_-_Advokatfiskalens_Jaemtlands_laen__1702__-7a829e7f/0013_DSC_0346/r2l9,702,False,ok,0.3243,ok,0.3243,0.0
Svea_Hovraett_etc_export_job_4502446_842250_Svea_Hovraett_-_Advokatfiskalens_Jaemtlands_laen__1702__-7a829e7f/0013_DSC_0346/r2l10,729,False,ok,0.3158,ok,0.3158,0.0
Svea_Hovraett_etc_export_job_4502446_842250_Svea_Hovraett_-_Advokatfiskalens_Jaemtlands_laen__1702__-7a829e7f/0013_DSC_0346/r2l11,740,False,ok,0.4,ok,0.4,0.0
Svea_Hovraett_etc_export_job_4502446_842250_Svea_Hovraett_-_Advokatfiskalens_Jaemtlands_laen__1702__-7a829e7f/0013_DSC_0346/r2l12,697,False,ok,0.1944,ok,0.1944,0.0
Svea_Hovraett_etc_export_job_4502446_842250_Svea_Hovraett_-_Advokatfiskalens_Jaemtlands_laen__1702__-7a829e7f/0013_DSC_0346/r2l14,762,False,ok,0.2571,ok,0.2571,0.0
Svea_Hovraett_etc_export_job_4502446_842250_Svea_Hovraett_-_Advokatfiskalens_Jaemtlands_laen__1702__-7a829e7f/0013_DSC_0346/r2l16,750,False,ok,0.1667,ok,0.1667,0.0
Svea_Hovraett_etc_export_job_4502446_842250_Svea_Hovraett_-_Advokatfiskalens_Jaemtlands_laen__1702__-7a829e7f/0013_DSC_0346/r2l17,730,False,ok,0.1429,ok,0.1429,0.0
Svea_Hovraett_etc_export_job_4502446_842250_Svea_Hovraett_-_Advokatfiskalens_Jaemtlands_laen__1702__-7a829e7f/0013_DSC_0346/r2l18,787,False,ok,0.3333,ok,0.3333,0.0
Svea_Hovraett_etc_export_job_4502446_842250_Svea_Hovraett_-_Advokatfiskalens_Jaemtlands_laen__1702__-7a829e7f/0013_DSC_0346/r2l19,770,False,ok,0.1892,ok,0.1892,0.0
Svea_Hovraett_etc_export_job_4502446_842250_Svea_Hovraett_-_Advokatfiskalens_Jaemtlands_laen__1702__-7a829e7f/0013_DSC_0346/r2l20,753,False,ok,0.0645,ok,0.0645,0.0
Svea_Hovraett_etc_export_job_4502446_842250_Svea_Hovraett_-_Advokatfiskalens_Jaemtlands_laen__1702__-7a829e7f/0013_DSC_0346/r2l21,769,False,ok,0.1765,ok,0.1765,0.0
Svea_Hovraett_etc_export_job_4502446_842250_Svea_Hovraett_-_Advokatfiskalens_Jaemtlands_laen__1702__-7a829e7f/0013_DSC_0346/r2l22,800,False,ok,0.4898,ok,0.4898,0.0
Svea_Hovraett_etc_export_job_4502446_842250_Svea_Hovraett_-_Advokatfiskalens_Jaemtlands_laen__1702__-7a829e7f/0013_DSC_0346/r2l23,152,True,empty,1.0,empty,1.0,0.0
Svea_Hovraett_etc_export_job_4502446_842250_Svea_Hovraett_-_Advokatfiskalens_Jaemtlands_laen__1702__-7a829e7f/0014_DSC_0347/r1l1,592,False,ok,0.2059,ok,0.2059,0.0
Svea_Hovraett_etc_export_job_4502446_842250_Svea_Hovraett_-_Advokatfiskalens_Jaemtlands_laen__1702__-7a829e7f/0014_DSC_0347/r1l2,609,False,ok,0.3824,ok,0.3824,0.0
Svea_Hovraett_etc_export_job_4502446_842250_Svea_Hovraett_-_Advokatfiskalens_Jaemtlands_laen__1702__-7a829e7f/0014_DSC_0347/r1l3,626,False,ok,0.3056,ok,0.3056,0.0
Svea_Hovraett_etc_export_job_4502446_842250_Svea_Hovraett_-_Advokatfiskalens_Jaemtlands_laen__1702__-7a829e7f/0014_DSC_0347/r1l4,629,False,ok,0.1667,ok,0.1667,0.0
Svea_Hovraett_etc_export_job_4502446_842250_Svea_Hovraett_-_Advokatfiskalens_Jaemtlands_laen__1702__-7a829e7f/0014_DSC_0347/r1l5,627,False,ok,0.1562,ok,0.1562,0.0
Svea_Hovraett_etc_export_job_4502446_842250_Svea_Hovraett_-_Advokatfiskalens_Jaemtlands_laen__1702__-7a829e7f/0014_DSC_0347/r1l6,644,False,ok,0.1724,ok,0.1724,0.0
Svea_Hovraett_etc_export_job_4502446_842250_Svea_Hovraett_-_Advokatfiskalens_Jaemtlands_laen__1702__-7a829e7f/0014_DSC_0347/r1l7,665,False,ok,0.1579,ok,0.1579,0.0
Svea_Hovraett_etc_export_job_4502446_842250_Svea_Hovraett_-_Advokatfiskalens_Jaemtlands_laen__1702__-7a829e7f/0014_DSC_0347/r1l8,85,True,ok,0.8,ok,0.9,0.1
Svea_Hovraett_etc_export_job_4502446_842250_Svea_Hovraett_-_Advokatfiskalens_Jaemtlands_laen__1702__-7a829e7f/0014_DSC_0347/r1l9,640,False,ok,0.4474,ok,0.4474,0.0
Svea_Hovraett_etc_export_job_4502446_842250_Svea_Hovraett_-_Advokatfiskalens_Jaemtlands_laen__1702__-7a829e7f/0014_DSC_0347/r1l10,657,False,ok,0.3529,ok,0.3529,0.0
Svea_Hovraett_etc_export_job_4502446_842250_Svea_Hovraett_-_Advokatfiskalens_Jaemtlands_laen__1702__-7a829e7f/0014_DSC_0347/r1l11,669,False,ok,0.0625,ok,0.0625,0.0
Svea_Hovraett_etc_export_job_4502446_842250_Svea_Hovraett_-_Advokatfiskalens_Jaemtlands_laen__1702__-7a829e7f/0014_DSC_0347/r1l12,671,False,ok,0.3125,ok,0.3125,0.0
Svea_Hovraett_etc_export_job_4502446_842250_Svea_Hovraett_-_Advokatfiskalens_Jaemtlands_laen__1702__-7a829e7f/0014_DSC_0347/r1l13,670,False,ok,0.1,ok,0.1,0.0
Svea_Hovraett_etc_export_job_4502446_842250_Svea_Hovraett_-_Advokatfiskalens_Jaemtlands_laen__1702__-7a829e7f/0014_DSC_0347/r1l14,662,False,ok,0.1562,ok,0.1562,0.0
Svea_Hovraett_etc_export_job_4502446_842250_Svea_Hovraett_-_Advokatfiskalens_Jaemtlands_laen__1702__-7a829e7f/0014_DSC_0347/r1l15,673,False,ok,0.0882,ok,0.0882,0.0
Svea_Hovraett_etc_export_job_4502446_842250_Svea_Hovraett_-_Advokatfiskalens_Jaemtlands_laen__1702__-7a829e7f/0014_DSC_0347/r1l16,693,False,ok,0.1875,ok,0.1875,0.0
Svea_Hovraett_etc_export_job_4502446_842250_Svea_Hovraett_-_Advokatfiskalens_Jaemtlands_laen__1702__-7a829e7f/0014_DSC_0347/r1l17,687,False,ok,0.2143,ok,0.2143,0.0
Svea_Hovraett_etc_export_job_4502446_842250_Svea_Hovraett_-_Advokatfiskalens_Jaemtlands_laen__1702__-7a829e7f/0014_DSC_0347/r1l18,704,False,ok,0.1944,ok,0.1944,0.0
Svea_Hovraett_etc_export_job_4502446_842250_Svea_Hovraett_-_Advokatfiskalens_Jaemtlands_laen__1702__-7a829e7f/0014_DSC_0347/r1l19,678,False,ok,0.3214,ok,0.3214,0.0
Svea_Hovraett_etc_export_job_4502446_842250_Svea_Hovraett_-_Advokatfiskalens_Jaemtlands_laen__1702__-7a829e7f/0014_DSC_0347/r1l20,709,False,ok,0.2581,ok,0.2581,0.0
Svea_Hovraett_etc_export_job_4502446_842250_Svea_Hovraett_-_Advokatfiskalens_Jaemtlands_laen__1702__-7a829e7f/0014_DSC_0347/r1l21,180,True,ok,0.7143,ok,1.0,0.2857
Svea_Hovraett_etc_export_job_4502446_842250_Svea_Hovraett_-_Advokatfiskalens_Jaemtlands_laen__1702__-7a829e7f/0014_DSC_0347/r2l1,70,True,ok,0.3333,empty,1.0,0.6667
Svea_Hovraett_etc_export_job_4502446_842250_Svea_Hovraett_-_Advokatfiskalens_Jaemtlands_laen__1702__-7a829e7f/0014_DSC_0347/r2l2,630,False,ok,0.6579,ok,0.6579,0.0
Svea_Hovraett_etc_export_job_4502446_842250_Svea_Hovraett_-_Advokatfiskalens_Jaemtlands_laen__1702__-7a829e7f/0014_DSC_0347/r2l3,659,False,ok,0.8378,ok,0.8378,0.0
Svea_Hovraett_etc_export_job_4502446_842250_Svea_Hovraett_-_Advokatfiskalens_Jaemtlands_laen__1702__-7a829e7f/0014_DSC_0347/line_1637851075429_1103,686,False,ok,0.7895,ok,0.7895,0.0
Svea_Hovraett_etc_export_job_4502446_842250_Svea_Hovraett_-_Advokatfiskalens_Jaemtlands_laen__1702__-7a829e7f/0014_DSC_0347/r2l6,676,False,ok,0.5714,ok,0.5714,0.0
Svea_Hovraett_etc_export_job_4502446_842250_Svea_Hovraett_-_Advokatfiskalens_Jaemtlands_laen__1702__-7a829e7f/0014_DSC_0347/r2l7,663,False,ok,0.3429,ok,0.3429,0.0
Svea_Hovraett_etc_export_job_4502446_842250_Svea_Hovraett_-_Advokatfiskalens_Jaemtlands_laen__1702__-7a829e7f/0014_DSC_0347/r2l8,697,False,ok,0.2286,ok,0.2286,0.0
Svea_Hovraett_etc_export_job_4502446_842250_Svea_Hovraett_-_Advokatfiskalens_Jaemtlands_laen__1702__-7a829e7f/0014_DSC_0347/r2l9,268,False,ok,0.6,ok,0.6,0.0
Svea_Hovraett_etc_export_job_4502446_842250_Svea_Hovraett_-_Advokatfiskalens_Jaemtlands_laen__1702__-7a829e7f/0014_DSC_0347/r2l10,704,False,ok,0.625,ok,0.625,0.0
Svea_Hovraett_etc_export_job_4502446_842250_Svea_Hovraett_-_Advokatfiskalens_Jaemtlands_laen__1702__-7a829e7f/0014_DSC_0347/r2l11,711,False,ok,0.3158,ok,0.3158,0.0
Svea_Hovraett_etc_export_job_4502446_842250_Svea_Hovraett_-_Advokatfiskalens_Jaemtlands_laen__1702__-7a829e7f/0014_DSC_0347/r2l12,581,False,ok,0.125,ok,0.125,0.0
Svea_Hovraett_etc_export_job_4502446_842250_Svea_Hovraett_-_Advokatfiskalens_Jaemtlands_laen__1702__-7a829e7f/0014_DSC_0347/r2l13,716,False,ok,0.4103,ok,0.4103,0.0
Svea_Hovraett_etc_export_job_4502446_842250_Svea_Hovraett_-_Advokatfiskalens_Jaemtlands_laen__1702__-7a829e7f/0014_DSC_0347/r2l14,699,False,ok,0.1613,ok,0.1613,0.0
Svea_Hovraett_etc_export_job_4502446_842250_Svea_Hovraett_-_Advokatfiskalens_Jaemtlands_laen__1702__-7a829e7f/0014_DSC_0347/r2l15,707,False,ok,0.2564,ok,0.2564,0.0
Svea_Hovraett_etc_export_job_4502446_842250_Svea_Hovraett_-_Advokatfiskalens_Jaemtlands_laen__1702__-7a829e7f/0014_DSC_0347/r2l16,713,False,ok,0.2162,ok,0.2162,0.0
Svea_Hovraett_etc_export_job_4502446_842250_Svea_Hovraett_-_Advokatfiskalens_Jaemtlands_laen__1702__-7a829e7f/0014_DSC_0347/r2l18,455,False,ok,0.0526,ok,0.0526,0.0
Svea_Hovraett_etc_export_job_4502446_842250_Svea_Hovraett_-_Advokatfiskalens_Jaemtlands_laen__1702__-7a829e7f/0014_DSC_0347/r2l19,736,False,ok,0.1143,ok,0.1143,0.0
Svea_Hovraett_etc_export_job_4502446_842250_Svea_Hovraett_-_Advokatfiskalens_Jaemtlands_laen__1702__-7a829e7f/0014_DSC_0347/r2l20,710,False,ok,0.2121,ok,0.2121,0.0
Svea_Hovraett_etc_export_job_4502446_842250_Svea_Hovraett_-_Advokatfiskalens_Jaemtlands_laen__1702__-7a829e7f/0014_DSC_0347/r2l21,763,False,ok,0.1667,ok,0.1667,0.0
Svea_Hovraett_etc_export_job_4502446_842250_Svea_Hovraett_-_Advokatfiskalens_Jaemtlands_laen__1702__-7a829e7f/0014_DSC_0347/r2l22,736,False,ok,0.1515,ok,0.1515,0.0
Svea_Hovraett_etc_export_job_4502446_842250_Svea_Hovraett_-_Advokatfiskalens_Jaemtlands_laen__1702__-7a829e7f/0014_DSC_0347/r2l23,772,False,ok,0.125,ok,0.125,0.0
Svea_Hovraett_etc_export_job_4502446_842250_Svea_Hovraett_-_Advokatfiskalens_Jaemtlands_laen__1702__-7a829e7f/0014_DSC_0347/r2l24,154,True,ok,0.6667,ok,1.0,0.3333
Svea_Hovraett_etc_export_job_4502446_842250_Svea_Hovraett_-_Advokatfiskalens_Jaemtlands_laen__1702__-7a829e7f/0015_DSC_0348/r1l1,613,False,ok,0.303,ok,0.303,0.0
Svea_Hovraett_etc_export_job_4502446_842250_Svea_Hovraett_-_Advokatfiskalens_Jaemtlands_laen__1702__-7a829e7f/0015_DSC_0348/r1l2,618,False,ok,0.1818,ok,0.1818,0.0
Svea_Hovraett_etc_export_job_4502446_842250_Svea_Hovraett_-_Advokatfiskalens_Jaemtlands_laen__1702__-7a829e7f/0015_DSC_0348/r1l3,643,False,ok,0.3243,ok,0.3243,0.0
Svea_Hovraett_etc_export_job_4502446_842250_Svea_Hovraett_-_Advokatfiskalens_Jaemtlands_laen__1702__-7a829e7f/0015_DSC_0348/r1l4,625,False,ok,0.2059,ok,0.2059,0.0
Svea_Hovraett_etc_export_job_4502446_842250_Svea_Hovraett_-_Advokatfiskalens_Jaemtlands_laen__1702__-7a829e7f/0015_DSC_0348/r1l5,632,False,ok,0.1515,ok,0.1515,0.0
Svea_Hovraett_etc_export_job_4502446_842250_Svea_Hovraett_-_Advokatfiskalens_Jaemtlands_laen__1702__-7a829e7f/0015_DSC_0348/r1l6,634,False,ok,0.3793,ok,0.3793,0.0
Svea_Hovraett_etc_export_job_4502446_842250_Svea_Hovraett_-_Advokatfiskalens_Jaemtlands_laen__1702__-7a829e7f/0015_DSC_0348/r1l7,202,True,ok,0.0909,ok,0.0909,0.0
Svea_Hovraett_etc_export_job_4502446_842250_Svea_Hovraett_-_Advokatfiskalens_Jaemtlands_laen__1702__-7a829e7f/0015_DSC_0348/r1l8,643,False,ok,0.2903,ok,0.2903,0.0
Svea_Hovraett_etc_export_job_4502446_842250_Svea_Hovraett_-_Advokatfiskalens_Jaemtlands_laen__1702__-7a829e7f/0015_DSC_0348/r1l9,657,False,ok,0.3871,ok,0.3871,0.0
Svea_Hovraett_etc_export_job_4502446_842250_Svea_Hovraett_-_Advokatfiskalens_Jaemtlands_laen__1702__-7a829e7f/0015_DSC_0348/r1l10,658,False,ok,0.0625,ok,0.0625,0.0
Svea_Hovraett_etc_export_job_4502446_842250_Svea_Hovraett_-_Advokatfiskalens_Jaemtlands_laen__1702__-7a829e7f/0015_DSC_0348/r1l11,663,False,ok,0.1786,ok,0.1786,0.0
Svea_Hovraett_etc_export_job_4502446_842250_Svea_Hovraett_-_Advokatfiskalens_Jaemtlands_laen__1702__-7a829e7f/0015_DSC_0348/r1l12,667,False,ok,0.129,ok,0.129,0.0
Svea_Hovraett_etc_export_job_4502446_842250_Svea_Hovraett_-_Advokatfiskalens_Jaemtlands_laen__1702__-7a829e7f/0015_DSC_0348/r1l13,667,False,ok,0.2903,ok,0.2903,0.0
Svea_Hovraett_etc_export_job_4502446_842250_Svea_Hovraett_-_Advokatfiskalens_Jaemtlands_laen__1702__-7a829e7f/0015_DSC_0348/r1l14,675,False,ok,0.1765,ok,0.1765,0.0
Svea_Hovraett_etc_export_job_4502446_842250_Svea_Hovraett_-_Advokatfiskalens_Jaemtlands_laen__1702__-7a829e7f/0015_DSC_0348/r1l15,682,False,ok,0.125,ok,0.125,0.0
Svea_Hovraett_etc_export_job_4502446_842250_Svea_Hovraett_-_Advokatfiskalens_Jaemtlands_laen__1702__-7a829e7f/0015_DSC_0348/r1l16,703,False,ok,0.2222,ok,0.2222,0.0
Svea_Hovraett_etc_export_job_4502446_842250_Svea_Hovraett_-_Advokatfiskalens_Jaemtlands_laen__1702__-7a829e7f/0015_DSC_0348/r1l17,689,False,ok,0.4242,ok,0.4242,0.0
Svea_Hovraett_etc_export_job_4502446_842250_Svea_Hovraett_-_Advokatfiskalens_Jaemtlands_laen__1702__-7a829e7f/0015_DSC_0348/r1l18,695,False,ok,0.25,ok,0.25,0.0
Svea_Hovraett_etc_export_job_4502446_842250_Svea_Hovraett_-_Advokatfiskalens_Jaemtlands_laen__1702__-7a829e7f/0015_DSC_0348/r1l19,704,False,ok,0.3889,ok,0.3889,0.0
Svea_Hovraett_etc_export_job_4502446_842250_Svea_Hovraett_-_Advokatfiskalens_Jaemtlands_laen__1702__-7a829e7f/0015_DSC_0348/r1l20,743,False,ok,0.5,ok,0.5,0.0
Svea_Hovraett_etc_export_job_4502446_842250_Svea_Hovraett_-_Advokatfiskalens_Jaemtlands_laen__1702__-7a829e7f/0015_DSC_0348/r1l21,143,True,ok,0.5,empty,1.0,0.5
Svea_Hovraett_etc_export_job_4502446_842250_Svea_Hovraett_-_Advokatfiskalens_Jaemtlands_laen__1702__-7a829e7f/0015_DSC_0348/r2l1,81,True,ok,0.6667,empty,1.0,0.3333
Svea_Hovraett_etc_export_job_4502446_842250_Svea_Hovraett_-_Advokatfiskalens_Jaemtlands_laen__1702__-7a829e7f/0015_DSC_0348/r2l2,619,False,ok,0.4,ok,0.4,0.0
Svea_Hovraett_etc_export_job_4502446_842250_Svea_Hovraett_-_Advokatfiskalens_Jaemtlands_laen__1702__-7a829e7f/0015_DSC_0348/r2l3,649,False,ok,0.3889,ok,0.3889,0.0
Svea_Hovraett_etc_export_job_4502446_842250_Svea_Hovraett_-_Advokatfiskalens_Jaemtlands_laen__1702__-7a829e7f/0015_DSC_0348/r2l4,634,False,ok,0.25,ok,0.25,0.0
Svea_Hovraett_etc_export_job_4502446_842250_Svea_Hovraett_-_Advokatfiskalens_Jaemtlands_laen__1702__-7a829e7f/0015_DSC_0348/r2l5,653,False,ok,0.2424,ok,0.2424,0.0
Svea_Hovraett_etc_export_job_4502446_842250_Svea_Hovraett_-_Advokatfiskalens_Jaemtlands_laen__1702__-7a829e7f/0015_DSC_0348/r2l6,652,False,ok,0.4118,ok,0.4118,0.0
Svea_Hovraett_etc_export_job_4502446_842250_Svea_Hovraett_-_Advokatfiskalens_Jaemtlands_laen__1702__-7a829e7f/0015_DSC_0348/r2l7,665,False,ok,0.6216,ok,0.6216,0.0
Svea_Hovraett_etc_export_job_4502446_842250_Svea_Hovraett_-_Advokatfiskalens_Jaemtlands_laen__1702__-7a829e7f/0015_DSC_0348/r2l8,675,False,ok,0.4474,ok,0.4474,0.0
Svea_Hovraett_etc_export_job_4502446_842250_Svea_Hovraett_-_Advokatfiskalens_Jaemtlands_laen__1702__-7a829e7f/0015_DSC_0348/r2l9,467,False,ok,0.0417,ok,0.0417,0.0
Svea_Hovraett_etc_export_job_4502446_842250_Svea_Hovraett_-_Advokatfiskalens_Jaemtlands_laen__1702__-7a829e7f/0015_DSC_0348/r2l10,699,False,ok,0.1389,ok,0.1389,0.0
Svea_Hovraett_etc_export_job_4502446_842250_Svea_Hovraett_-_Advokatfiskalens_Jaemtlands_laen__1702__-7a829e7f/0015_DSC_0348/r2l11,692,False,ok,0.2903,ok,0.2903,0.0
Svea_Hovraett_etc_export_job_4502446_842250_Svea_Hovraett_-_Advokatfiskalens_Jaemtlands_laen__1702__-7a829e7f/0015_DSC_0348/r2l12,698,False,ok,0.2143,ok,0.2143,0.0
Svea_Hovraett_etc_export_job_4502446_842250_Svea_Hovraett_-_Advokatfiskalens_Jaemtlands_laen__1702__-7a829e7f/0015_DSC_0348/r2l13,710,False,ok,0.1818,ok,0.1818,0.0
Svea_Hovraett_etc_export_job_4502446_842250_Svea_Hovraett_-_Advokatfiskalens_Jaemtlands_laen__1702__-7a829e7f/0015_DSC_0348/r2l14,711,False,ok,0.0,ok,0.0,0.0
Svea_Hovraett_etc_export_job_4502446_842250_Svea_Hovraett_-_Advokatfiskalens_Jaemtlands_laen__1702__-7a829e7f/0015_DSC_0348/r2l15,179,True,ok,0.1,ok,0.1,0.0
Svea_Hovraett_etc_export_job_4502446_842250_Svea_Hovraett_-_Advokatfiskalens_Jaemtlands_laen__1702__-7a829e7f/0015_DSC_0348/r2l16,755,False,ok,0.1034,ok,0.1034,0.0
Svea_Hovraett_etc_export_job_4502446_842250_Svea_Hovraett_-_Advokatfiskalens_Jaemtlands_laen__1702__-7a829e7f/0015_DSC_0348/r2l17,718,False,ok,0.1212,ok,0.1212,0.0
Svea_Hovraett_etc_export_job_4502446_842250_Svea_Hovraett_-_Advokatfiskalens_Jaemtlands_laen__1702__-7a829e7f/0015_DSC_0348/r2l18,741,False,ok,0.1562,ok,0.1562,0.0
Svea_Hovraett_etc_export_job_4502446_842250_Svea_Hovraett_-_Advokatfiskalens_Jaemtlands_laen__1702__-7a829e7f/0015_DSC_0348/r2l19,732,False,ok,0.1212,ok,0.1212,0.0
Svea_Hovraett_etc_export_job_4502446_842250_Svea_Hovraett_-_Advokatfiskalens_Jaemtlands_laen__1702__-7a829e7f/0015_DSC_0348/r2l20,737,False,ok,0.4571,ok,0.4571,0.0
Svea_Hovraett_etc_export_job_4502446_842250_Svea_Hovraett_-_Advokatfiskalens_Jaemtlands_laen__1702__-7a829e7f/0015_DSC_0348/r2l21,748,False,ok,0.2188,ok,0.2188,0.0
Svea_Hovraett_etc_export_job_4502446_842250_Svea_Hovraett_-_Advokatfiskalens_Jaemtlands_laen__1702__-7a829e7f/0015_DSC_0348/r2l22,124,True,empty,1.0,ok,0.6667,-0.3333
Svea_Hovraett_etc_export_job_4502446_842250_Svea_Hovraett_-_Advokatfiskalens_Jaemtlands_laen__1702__-7a829e7f/0016_DSC_0349/r2l1,653,False,ok,0.25,ok,0.25,0.0
Svea_Hovraett_etc_export_job_4502446_842250_Svea_Hovraett_-_Advokatfiskalens_Jaemtlands_laen__1702__-7a829e7f/0016_DSC_0349/r2l2,661,False,ok,0.1143,ok,0.1143,0.0
Svea_Hovraett_etc_export_job_4502446_842250_Svea_Hovraett_-_Advokatfiskalens_Jaemtlands_laen__1702__-7a829e7f/0016_DSC_0349/r2l3,672,False,ok,0.1471,ok,0.1471,0.0
Svea_Hovraett_etc_export_job_4502446_842250_Svea_Hovraett_-_Advokatfiskalens_Jaemtlands_laen__1702__-7a829e7f/0016_DSC_0349/r2l4,652,False,ok,0.25,ok,0.25,0.0
Svea_Hovraett_etc_export_job_4502446_842250_Svea_Hovraett_-_Advokatfiskalens_Jaemtlands_laen__1702__-7a829e7f/0016_DSC_0349/r2l5,654,False,ok,0.1613,ok,0.1613,0.0
Svea_Hovraett_etc_export_job_4502446_842250_Svea_Hovraett_-_Advokatfiskalens_Jaemtlands_laen__1702__-7a829e7f/0016_DSC_0349/r2l6,665,False,ok,0.0541,ok,0.0541,0.0
Svea_Hovraett_etc_export_job_4502446_842250_Svea_Hovraett_-_Advokatfiskalens_Jaemtlands_laen__1702__-7a829e7f/0016_DSC_0349/r2l7,676,False,ok,0.1562,ok,0.1562,0.0
Svea_Hovraett_etc_export_job_4502446_842250_Svea_Hovraett_-_Advokatfiskalens_Jaemtlands_laen__1702__-7a829e7f/0016_DSC_0349/r2l8,703,False,ok,0.1429,ok,0.1429,0.0
Svea_Hovraett_etc_export_job_4502446_842250_Svea_Hovraett_-_Advokatfiskalens_Jaemtlands_laen__1702__-7a829e7f/0016_DSC_0349/r2l9,694,False,ok,0.1786,ok,0.1786,0.0
Svea_Hovraett_etc_export_job_4502446_842250_Svea_Hovraett_-_Advokatfiskalens_Jaemtlands_laen__1702__-7a829e7f/0016_DSC_0349/r2l10,709,False,ok,0.0882,ok,0.0882,0.0
Svea_Hovraett_etc_export_job_4502446_842250_Svea_Hovraett_-_Advokatfiskalens_Jaemtlands_laen__1702__-7a829e7f/0016_DSC_0349/r2l11,320,False,ok,0.3077,ok,0.3077,0.0
Svea_Hovraett_etc_export_job_4502446_842250_Svea_Hovraett_-_Advokatfiskalens_Jaemtlands_laen__1702__-7a829e7f/0016_DSC_0349/r2l12,774,False,ok,0.5278,ok,0.5278,0.0
Svea_Hovraett_etc_export_job_4502446_842250_Svea_Hovraett_-_Advokatfiskalens_Jaemtlands_laen__1702__-7a829e7f/0016_DSC_0349/r2l13,727,False,ok,0.2286,ok,0.2286,0.0
Svea_Hovraett_etc_export_job_4502446_842250_Svea_Hovraett_-_Advokatfiskalens_Jaemtlands_laen__1702__-7a829e7f/0016_DSC_0349/r2l14,719,False,ok,0.0857,ok,0.0857,0.0
Svea_Hovraett_etc_export_job_4502446_842250_Svea_Hovraett_-_Advokatfiskalens_Jaemtlands_laen__1702__-7a829e7f/0016_DSC_0349/r2l15,245,False,ok,0.0,ok,0.0,0.0
Svea_Hovraett_etc_export_job_4502446_842250_Svea_Hovraett_-_Advokatfiskalens_Jaemtlands_laen__1702__-7a829e7f/0016_DSC_0349/r2l16,809,False,ok,0.5143,ok,0.5143,0.0
Svea_Hovraett_etc_export_job_4502446_842250_Svea_Hovraett_-_Advokatfiskalens_Jaemtlands_laen__1702__-7a829e7f/0016_DSC_0349/r2l17,742,False,ok,0.2,ok,0.2,0.0
Svea_Hovraett_etc_export_job_4502446_842250_Svea_Hovraett_-_Advokatfiskalens_Jaemtlands_laen__1702__-7a829e7f/0016_DSC_0349/r2l18,745,False,ok,0.1562,ok,0.1562,0.0
Svea_Hovraett_etc_export_job_4502446_842250_Svea_Hovraett_-_Advokatfiskalens_Jaemtlands_laen__1702__-7a829e7f/0016_DSC_0349/r2l19,154,True,ok,0.0,ok,0.0,0.0
Svea_Hovraett_etc_export_job_4502446_842250_Svea_Hovraett_-_Advokatfiskalens_Jaemtlands_laen__1702__-7a829e7f/0016_DSC_0349/r3l1,96,True,ok,0.0,ok,0.3333,0.3333
Svea_Hovraett_etc_export_job_4502446_842250_Svea_Hovraett_-_Advokatfiskalens_Jaemtlands_laen__1702__-7a829e7f/0016_DSC_0349/r3l2,619,False,ok,0.5758,ok,0.5758,0.0
Svea_Hovraett_etc_export_job_4502446_842250_Svea_Hovraett_-_Advokatfiskalens_Jaemtlands_laen__1702__-7a829e7f/0016_DSC_0349/r3l3,641,False,ok,0.7667,ok,0.7667,0.0
Svea_Hovraett_etc_export_job_4502446_842250_Svea_Hovraett_-_Advokatfiskalens_Jaemtlands_laen__1702__-7a829e7f/0016_DSC_0349/r3l4,680,False,ok,0.4737,ok,0.4737,0.0
Svea_Hovraett_etc_export_job_4502446_842250_Svea_Hovraett_-_Advokatfiskalens_Jaemtlands_laen__1702__-7a829e7f/0016_DSC_0349/r3l5,683,False,ok,0.6765,ok,0.6765,0.0
Svea_Hovraett_etc_export_job_4502446_842250_Svea_Hovraett_-_Advokatfiskalens_Jaemtlands_laen__1702__-7a829e7f/0016_DSC_0349/r3l6,674,False,ok,0.3143,ok,0.3143,0.0
Svea_Hovraett_etc_export_job_4502446_842250_Svea_Hovraett_-_Advokatfiskalens_Jaemtlands_laen__1702__-7a829e7f/0016_DSC_0349/r3l7,708,False,ok,0.2903,ok,0.2903,0.0
Svea_Hovraett_etc_export_job_4502446_842250_Svea_Hovraett_-_Advokatfiskalens_Jaemtlands_laen__1702__-7a829e7f/0016_DSC_0349/r3l10,709,False,ok,0.2188,ok,0.2188,0.0
Svea_Hovraett_etc_export_job_4502446_842250_Svea_Hovraett_-_Advokatfiskalens_Jaemtlands_laen__1702__-7a829e7f/0016_DSC_0349/r3l11,724,False,ok,0.1034,ok,0.1034,0.0
Svea_Hovraett_etc_export_job_4502446_842250_Svea_Hovraett_-_Advokatfiskalens_Jaemtlands_laen__1702__-7a829e7f/0016_DSC_0349/r3l12,724,False,ok,0.2222,ok,0.2222,0.0
Svea_Hovraett_etc_export_job_4502446_842250_Svea_Hovraett_-_Advokatfiskalens_Jaemtlands_laen__1702__-7a829e7f/0016_DSC_0349/r3l13,723,False,ok,0.3256,ok,0.3256,0.0
Svea_Hovraett_etc_export_job_4502446_842250_Svea_Hovraett_-_Advokatfiskalens_Jaemtlands_laen__1702__-7a829e7f/0016_DSC_0349/r3l14,701,False,ok,0.0968,ok,0.0968,0.0
Svea_Hovraett_etc_export_job_4502446_842250_Svea_Hovraett_-_Advokatfiskalens_Jaemtlands_laen__1702__-7a829e7f/0016_DSC_0349/r3l15,709,False,ok,0.1379,ok,0.1379,0.0
Svea_Hovraett_etc_export_job_4502446_842250_Svea_Hovraett_-_Advokatfiskalens_Jaemtlands_laen__1702__-7a829e7f/0016_DSC_0349/r3l16,321,False,ok,0.4167,ok,0.4167,0.0
Svea_Hovraett_etc_export_job_4502446_842250_Svea_Hovraett_-_Advokatfiskalens_Jaemtlands_laen__1702__-7a829e7f/0016_DSC_0349/r3l17,824,False,ok,0.3714,ok,0.3714,0.0
Svea_Hovraett_etc_export_job_4502446_842250_Svea_Hovraett_-_Advokatfiskalens_Jaemtlands_laen__1702__-7a829e7f/0016_DSC_0349/r3l18,739,False,ok,0.0938,ok,0.0938,0.0
Svea_Hovraett_etc_export_job_4502446_842250_Svea_Hovraett_-_Advokatfiskalens_Jaemtlands_laen__1702__-7a829e7f/0016_DSC_0349/r3l19,763,False,ok,0.1081,ok,0.1081,0.0
Svea_Hovraett_etc_export_job_4502446_842250_Svea_Hovraett_-_Advokatfiskalens_Jaemtlands_laen__1702__-7a829e7f/0016_DSC_0349/r3l20,723,False,ok,0.1714,ok,0.1714,0.0
Svea_Hovraett_etc_export_job_4502446_842250_Svea_Hovraett_-_Advokatfiskalens_Jaemtlands_laen__1702__-7a829e7f/0016_DSC_0349/r3l21,735,False,ok,0.3429,ok,0.3429,0.0
Svea_Hovraett_etc_export_job_4502446_842250_Svea_Hovraett_-_Advokatfiskalens_Jaemtlands_laen__1702__-7a829e7f/0016_DSC_0349/r3l22,762,False,ok,0.303,ok,0.303,0.0
Svea_Hovraett_etc_export_job_4502446_842250_Svea_Hovraett_-_Advokatfiskalens_Jaemtlands_laen__1702__-7a829e7f/0016_DSC_0349/r3l23,144,True,ok,1.3333,ok,1.6667,0.3333
Svea_Hovraett_etc_export_job_4502446_842250_Svea_Hovraett_-_Advokatfiskalens_Jaemtlands_laen__1702__-7a829e7f/0017_DSC_0350/r2l1,681,False,ok,0.1935,ok,0.1935,0.0
Svea_Hovraett_etc_export_job_4502446_842250_Svea_Hovraett_-_Advokatfiskalens_Jaemtlands_laen__1702__-7a829e7f/0017_DSC_0350/r2l2,655,False,ok,0.1515,ok,0.1515,0.0
Svea_Hovraett_etc_export_job_4502446_842250_Svea_Hovraett_-_Advokatfiskalens_Jaemtlands_laen__1702__-7a829e7f/0017_DSC_0350/r2l3,671,False,ok,0.4865,ok,0.4865,0.0
Svea_Hovraett_etc_export_job_4502446_842250_Svea_Hovraett_-_Advokatfiskalens_Jaemtlands_laen__1702__-7a829e7f/0017_DSC_0350/r2l4,88,True,ok,0.75,empty,1.0,0.25
Svea_Hovraett_etc_export_job_4502446_842250_Svea_Hovraett_-_Advokatfiskalens_Jaemtlands_laen__1702__-7a829e7f/0017_DSC_0350/r2l5,759,False,ok,0.3611,ok,0.3611,0.0
Svea_Hovraett_etc_export_job_4502446_842250_Svea_Hovraett_-_Advokatfiskalens_Jaemtlands_laen__1702__-7a829e7f/0017_DSC_0350/r2l6,658,False,ok,0.3429,ok,0.3429,0.0
Svea_Hovraett_etc_export_job_4502446_842250_Svea_Hovraett_-_Advokatfiskalens_Jaemtlands_laen__1702__-7a829e7f/0017_DSC_0350/r2l7,688,False,ok,0.3824,ok,0.3824,0.0
Svea_Hovraett_etc_export_job_4502446_842250_Svea_Hovraett_-_Advokatfiskalens_Jaemtlands_laen__1702__-7a829e7f/0017_DSC_0350/r2l8,697,False,ok,0.2143,ok,0.2143,0.0
Svea_Hovraett_etc_export_job_4502446_842250_Svea_Hovraett_-_Advokatfiskalens_Jaemtlands_laen__1702__-7a829e7f/0017_DSC_0350/r2l9,691,False,ok,0.2353,ok,0.2353,0.0
Svea_Hovraett_etc_export_job_4502446_842250_Svea_Hovraett_-_Advokatfiskalens_Jaemtlands_laen__1702__-7a829e7f/0017_DSC_0350/r2l10,672,False,ok,0.2069,ok,0.2069,0.0
Svea_Hovraett_etc_export_job_4502446_842250_Svea_Hovraett_-_Advokatfiskalens_Jaemtlands_laen__1702__-7a829e7f/0017_DSC_0350/r2l11,702,False,ok,0.1622,ok,0.1622,0.0
Svea_Hovraett_etc_export_job_4502446_842250_Svea_Hovraett_-_Advokatfiskalens_Jaemtlands_laen__1702__-7a829e7f/0017_DSC_0350/r2l12,689,False,ok,0.0588,ok,0.0588,0.0
Svea_Hovraett_etc_export_job_4502446_842250_Svea_Hovraett_-_Advokatfiskalens_Jaemtlands_laen__1702__-7a829e7f/0017_DSC_0350/r2l13,707,False,ok,0.0556,ok,0.0556,0.0
Svea_Hovraett_etc_export_job_4502446_842250_Svea_Hovraett_-_Advokatfiskalens_Jaemtlands_laen__1702__-7a829e7f/0017_DSC_0350/r2l14,712,False,ok,0.2,ok,0.2,0.0
Svea_Hovraett_etc_export_job_4502446_842250_Svea_Hovraett_-_Advokatfiskalens_Jaemtlands_laen__1702__-7a829e7f/0017_DSC_0350/r2l15,723,False,ok,0.0571,ok,0.0571,0.0
Svea_Hovraett_etc_export_job_4502446_842250_Svea_Hovraett_-_Advokatfiskalens_Jaemtlands_laen__1702__-7a829e7f/0017_DSC_0350/r2l16,731,False,ok,0.303,ok,0.303,0.0
Svea_Hovraett_etc_export_job_4502446_842250_Svea_Hovraett_-_Advokatfiskalens_Jaemtlands_laen__1702__-7a829e7f/0017_DSC_0350/r2l17,739,False,ok,0.1579,ok,0.1579,0.0
Svea_Hovraett_etc_export_job_4502446_842250_Svea_Hovraett_-_Advokatfiskalens_Jaemtlands_laen__1702__-7a829e7f/0017_DSC_0350/r2l18,704,False,ok,0.0667,ok,0.0667,0.0
Svea_Hovraett_etc_export_job_4502446_842250_Svea_Hovraett_-_Advokatfiskalens_Jaemtlands_laen__1702__-7a829e7f/0017_DSC_0350/r2l19,719,False,ok,0.1875,ok,0.1875,0.0
Svea_Hovraett_etc_export_job_4502446_842250_Svea_Hovraett_-_Advokatfiskalens_Jaemtlands_laen__1702__-7a829e7f/0017_DSC_0350/r2l20,181,True,ok,0.4286,ok,0.4286,0.0
Svea_Hovraett_etc_export_job_4502446_842250_Svea_Hovraett_-_Advokatfiskalens_Jaemtlands_laen__1702__-7a829e7f/0017_DSC_0350/r3l1,75,True,ok,0.6667,empty,1.0,0.3333
Svea_Hovraett_etc_export_job_4502446_842250_Svea_Hovraett_-_Advokatfiskalens_Jaemtlands_laen__1702__-7a829e7f/0017_DSC_0350/r3l2,683,False,ok,0.6667,ok,0.6667,0.0
Svea_Hovraett_etc_export_job_4502446_842250_Svea_Hovraett_-_Advokatfiskalens_Jaemtlands_laen__1702__-7a829e7f/0017_DSC_0350/r3l3,647,False,ok,0.2727,ok,0.2727,0.0
Svea_Hovraett_etc_export_job_4502446_842250_Svea_Hovraett_-_Advokatfiskalens_Jaemtlands_laen__1702__-7a829e7f/0017_DSC_0350/r3l4,647,False,ok,0.525,ok,0.525,0.0
Svea_Hovraett_etc_export_job_4502446_842250_Svea_Hovraett_-_Advokatfiskalens_Jaemtlands_laen__1702__-7a829e7f/0017_DSC_0350/r3l5,683,False,ok,0.3421,ok,0.3421,0.0
Svea_Hovraett_etc_export_job_4502446_842250_Svea_Hovraett_-_Advokatfiskalens_Jaemtlands_laen__1702__-7a829e7f/0017_DSC_0350/r3l6,691,False,ok,0.1429,ok,0.1429,0.0
Svea_Hovraett_etc_export_job_4502446_842250_Svea_Hovraett_-_Advokatfiskalens_Jaemtlands_laen__1702__-7a829e7f/0017_DSC_0350/r3l7,708,False,ok,0.2727,ok,0.2727,0.0
Svea_Hovraett_etc_export_job_4502446_842250_Svea_Hovraett_-_Advokatfiskalens_Jaemtlands_laen__1702__-7a829e7f/0017_DSC_0350/r3l8,715,False,ok,0.1765,ok,0.1765,0.0
Svea_Hovraett_etc_export_job_4502446_842250_Svea_Hovraett_-_Advokatfiskalens_Jaemtlands_laen__1702__-7a829e7f/0017_DSC_0350/r3l9,721,False,ok,0.0,ok,0.0,0.0
Svea_Hovraett_etc_export_job_4502446_842250_Svea_Hovraett_-_Advokatfiskalens_Jaemtlands_laen__1702__-7a829e7f/0017_DSC_0350/r3l10,738,False,ok,0.1765,ok,0.1765,0.0
Svea_Hovraett_etc_export_job_4502446_842250_Svea_Hovraett_-_Advokatfiskalens_Jaemtlands_laen__1702__-7a829e7f/0017_DSC_0350/r3l11,721,False,ok,0.2162,ok,0.2162,0.0
Svea_Hovraett_etc_export_job_4502446_842250_Svea_Hovraett_-_Advokatfiskalens_Jaemtlands_laen__1702__-7a829e7f/0017_DSC_0350/r3l12,680,False,ok,0.1471,ok,0.1471,0.0
Svea_Hovraett_etc_export_job_4502446_842250_Svea_Hovraett_-_Advokatfiskalens_Jaemtlands_laen__1702__-7a829e7f/0017_DSC_0350/r3l13,747,False,ok,0.0606,ok,0.0606,0.0
Svea_Hovraett_etc_export_job_4502446_842250_Svea_Hovraett_-_Advokatfiskalens_Jaemtlands_laen__1702__-7a829e7f/0017_DSC_0350/r3l15,738,False,ok,0.1333,ok,0.1333,0.0
Svea_Hovraett_etc_export_job_4502446_842250_Svea_Hovraett_-_Advokatfiskalens_Jaemtlands_laen__1702__-7a829e7f/0017_DSC_0350/r3l16,752,False,ok,0.0606,ok,0.0606,0.0
Svea_Hovraett_etc_export_job_4502446_842250_Svea_Hovraett_-_Advokatfiskalens_Jaemtlands_laen__1702__-7a829e7f/0017_DSC_0350/r3l17,739,False,ok,0.1667,ok,0.1667,0.0
Svea_Hovraett_etc_export_job_4502446_842250_Svea_Hovraett_-_Advokatfiskalens_Jaemtlands_laen__1702__-7a829e7f/0017_DSC_0350/r3l18,746,False,ok,0.2812,ok,0.2812,0.0
Svea_Hovraett_etc_export_job_4502446_842250_Svea_Hovraett_-_Advokatfiskalens_Jaemtlands_laen__1702__-7a829e7f/0017_DSC_0350/r3l19,755,False,ok,0.0938,ok,0.0938,0.0
Svea_Hovraett_etc_export_job_4502446_842250_Svea_Hovraett_-_Advokatfiskalens_Jaemtlands_laen__1702__-7a829e7f/0017_DSC_0350/r3l21,742,False,ok,0.303,ok,0.303,0.0
Svea_Hovraett_etc_export_job_4502446_842250_Svea_Hovraett_-_Advokatfiskalens_Jaemtlands_laen__1702__-7a829e7f/0017_DSC_0350/r3l22,799,False,ok,0.4118,ok,0.4118,0.0
Svea_Hovraett_etc_export_job_4502446_842250_Svea_Hovraett_-_Advokatfiskalens_Jaemtlands_laen__1702__-7a829e7f/0017_DSC_0350/r3l24,235,False,ok,0.7778,ok,0.7778,0.0
Svea_Hovraett_etc_export_job_4502446_842250_Svea_Hovraett_-_Advokatfiskalens_Jaemtlands_laen__1702__-7a829e7f/0018_DSC_0351/r1l1,653,False,ok,0.4222,ok,0.4222,0.0
Svea_Hovraett_etc_export_job_4502446_842250_Svea_Hovraett_-_Advokatfiskalens_Jaemtlands_laen__1702__-7a829e7f/0018_DSC_0351/r1l2,663,False,ok,0.25,ok,0.25,0.0
Svea_Hovraett_etc_export_job_4502446_842250_Svea_Hovraett_-_Advokatfiskalens_Jaemtlands_laen__1702__-7a829e7f/0018_DSC_0351/r1l3,125,True,ok,0.6,ok,0.8,0.2
Svea_Hovraett_etc_export_job_4502446_842250_Svea_Hovraett_-_Advokatfiskalens_Jaemtlands_laen__1702__-7a829e7f/0018_DSC_0351/r1l4,674,False,ok,0.325,ok,0.325,0.0
Svea_Hovraett_etc_export_job_4502446_842250_Svea_Hovraett_-_Advokatfiskalens_Jaemtlands_laen__1702__-7a829e7f/0018_DSC_0351/r1l5,696,False,ok,0.2162,ok,0.2162,0.0
Svea_Hovraett_etc_export_job_4502446_842250_Svea_Hovraett_-_Advokatfiskalens_Jaemtlands_laen__1702__-7a829e7f/0018_DSC_0351/r1l6,680,False,ok,0.4419,ok,0.4419,0.0
Svea_Hovraett_etc_export_job_4502446_842250_Svea_Hovraett_-_Advokatfiskalens_Jaemtlands_laen__1702__-7a829e7f/0018_DSC_0351/r1l7,705,False,ok,0.3409,ok,0.3409,0.0
Svea_Hovraett_etc_export_job_4502446_842250_Svea_Hovraett_-_Advokatfiskalens_Jaemtlands_laen__1702__-7a829e7f/0018_DSC_0351/r1l8,701,False,ok,0.1053,ok,0.1053,0.0
Svea_Hovraett_etc_export_job_4502446_842250_Svea_Hovraett_-_Advokatfiskalens_Jaemtlands_laen__1702__-7a829e7f/0018_DSC_0351/r1l9,148,True,ok,0.1,ok,0.1,0.0
Svea_Hovraett_etc_export_job_4502446_842250_Svea_Hovraett_-_Advokatfiskalens_Jaemtlands_laen__1702__-7a829e7f/0018_DSC_0351/r1l10,701,False,ok,0.3158,ok,0.3158,0.0
Svea_Hovraett_etc_export_job_4502446_842250_Svea_Hovraett_-_Advokatfiskalens_Jaemtlands_laen__1702__-7a829e7f/0018_DSC_0351/r1l11,715,False,ok,0.1562,ok,0.1562,0.0
Svea_Hovraett_etc_export_job_4502446_842250_Svea_Hovraett_-_Advokatfiskalens_Jaemtlands_laen__1702__-7a829e7f/0018_DSC_0351/r1l12,720,False,ok,0.1389,ok,0.1389,0.0
Svea_Hovraett_etc_export_job_4502446_842250_Svea_Hovraett_-_Advokatfiskalens_Jaemtlands_laen__1702__-7a829e7f/0018_DSC_0351/r1l13,706,False,ok,0.1944,ok,0.1944,0.0
Svea_Hovraett_etc_export_job_4502446_842250_Svea_Hovraett_-_Advokatfiskalens_Jaemtlands_laen__1702__-7a829e7f/0018_DSC_0351/r1l14,728,False,ok,0.175,ok,0.175,0.0
Svea_Hovraett_etc_export_job_4502446_842250_Svea_Hovraett_-_Advokatfiskalens_Jaemtlands_laen__1702__-7a829e7f/0018_DSC_0351/r1l15,730,False,ok,0.1081,ok,0.1081,0.0
Svea_Hovraett_etc_export_job_4502446_842250_Svea_Hovraett_-_Advokatfiskalens_Jaemtlands_laen__1702__-7a829e7f/0018_DSC_0351/r1l16,734,False,ok,0.0571,ok,0.0571,0.0
Svea_Hovraett_etc_export_job_4502446_842250_Svea_Hovraett_-_Advokatfiskalens_Jaemtlands_laen__1702__-7a829e7f/0018_DSC_0351/r1l17,709,False,ok,0.0857,ok,0.0857,0.0
Svea_Hovraett_etc_export_job_4502446_842250_Svea_Hovraett_-_Advokatfiskalens_Jaemtlands_laen__1702__-7a829e7f/0018_DSC_0351/r1l18,734,False,ok,0.0811,ok,0.0811,0.0
Svea_Hovraett_etc_export_job_4502446_842250_Svea_Hovraett_-_Advokatfiskalens_Jaemtlands_laen__1702__-7a829e7f/0018_DSC_0351/r1l19,733,False,ok,0.1389,ok,0.1389,0.0
Svea_Hovraett_etc_export_job_4502446_842250_Svea_Hovraett_-_Advokatfiskalens_Jaemtlands_laen__1702__-7a829e7f/0018_DSC_0351/r1l20,722,False,ok,0.1842,ok,0.1842,0.0
Svea_Hovraett_etc_export_job_4502446_842250_Svea_Hovraett_-_Advokatfiskalens_Jaemtlands_laen__1702__-7a829e7f/0018_DSC_0351/r1l21,162,True,ok,0.3333,ok,0.6667,0.3333
Svea_Hovraett_etc_export_job_4502446_842250_Svea_Hovraett_-_Advokatfiskalens_Jaemtlands_laen__1702__-7a829e7f/0018_DSC_0351/r2l1,640,False,ok,0.3226,ok,0.3226,0.0
Svea_Hovraett_etc_export_job_4502446_842250_Svea_Hovraett_-_Advokatfiskalens_Jaemtlands_laen__1702__-7a829e7f/0018_DSC_0351/r2l2,673,False,ok,0.4146,ok,0.4146,0.0
Svea_Hovraett_etc_export_job_4502446_842250_Svea_Hovraett_-_Advokatfiskalens_Jaemtlands_laen__1702__-7a829e7f/0018_DSC_0351/r2l3,673,False,ok,0.4054,ok,0.4054,0.0
Svea_Hovraett_etc_export_job_4502446_842250_Svea_Hovraett_-_Advokatfiskalens_Jaemtlands_laen__1702__-7a829e7f/0018_DSC_0351/r2l4,693,False,ok,0.359,ok,0.359,0.0
Svea_Hovraett_etc_export_job_4502446_842250_Svea_Hovraett_-_Advokatfiskalens_Jaemtlands_laen__1702__-7a829e7f/0018_DSC_0351/r2l5,684,False,ok,0.2424,ok,0.2424,0.0
Svea_Hovraett_etc_export_job_4502446_842250_Svea_Hovraett_-_Advokatfiskalens_Jaemtlands_laen__1702__-7a829e7f/0018_DSC_0351/r2l6,718,False,ok,0.2121,ok,0.2121,0.0
Svea_Hovraett_etc_export_job_4502446_842250_Svea_Hovraett_-_Advokatfiskalens_Jaemtlands_laen__1702__-7a829e7f/0018_DSC_0351/r2l7,682,False,ok,0.2258,ok,0.2258,0.0
Svea_Hovraett_etc_export_job_4502446_842250_Svea_Hovraett_-_Advokatfiskalens_Jaemtlands_laen__1702__-7a829e7f/0018_DSC_0351/r2l8,726,False,ok,0.2424,ok,0.2424,0.0
Svea_Hovraett_etc_export_job_4502446_842250_Svea_Hovraett_-_Advokatfiskalens_Jaemtlands_laen__1702__-7a829e7f/0018_DSC_0351/r2l9,708,False,ok,0.1176,ok,0.1176,0.0
Svea_Hovraett_etc_export_job_4502446_842250_Svea_Hovraett_-_Advokatfiskalens_Jaemtlands_laen__1702__-7a829e7f/0018_DSC_0351/r2l10,618,False,ok,0.3103,ok,0.3103,0.0
Svea_Hovraett_etc_export_job_4502446_842250_Svea_Hovraett_-_Advokatfiskalens_Jaemtlands_laen__1702__-7a829e7f/0018_DSC_0351/r2l11,705,False,ok,0.2,ok,0.2,0.0
Svea_Hovraett_etc_export_job_4502446_842250_Svea_Hovraett_-_Advokatfiskalens_Jaemtlands_laen__1702__-7a829e7f/0018_DSC_0351/r2l12,757,False,ok,0.1143,ok,0.1143,0.0
Svea_Hovraett_etc_export_job_4502446_842250_Svea_Hovraett_-_Advokatfiskalens_Jaemtlands_laen__1702__-7a829e7f/0018_DSC_0351/r2l13,746,False,ok,0.1143,ok,0.1143,0.0
Svea_Hovraett_etc_export_job_4502446_842250_Svea_Hovraett_-_Advokatfiskalens_Jaemtlands_laen__1702__-7a829e7f/0018_DSC_0351/r2l14,732,False,ok,0.2121,ok,0.2121,0.0
Svea_Hovraett_etc_export_job_4502446_842250_Svea_Hovraett_-_Advokatfiskalens_Jaemtlands_laen__1702__-7a829e7f/0018_DSC_0351/r2l15,755,False,ok,0.2353,ok,0.2353,0.0
Svea_Hovraett_etc_export_job_4502446_842250_Svea_Hovraett_-_Advokatfiskalens_Jaemtlands_laen__1702__-7a829e7f/0018_DSC_0351/r2l16,746,False,ok,0.1667,ok,0.1667,0.0
Svea_Hovraett_etc_export_job_4502446_842250_Svea_Hovraett_-_Advokatfiskalens_Jaemtlands_laen__1702__-7a829e7f/0018_DSC_0351/r2l17,741,False,ok,0.1515,ok,0.1515,0.0
Svea_Hovraett_etc_export_job_4502446_842250_Svea_Hovraett_-_Advokatfiskalens_Jaemtlands_laen__1702__-7a829e7f/0018_DSC_0351/r2l18,777,False,ok,0.2414,ok,0.2414,0.0
Svea_Hovraett_etc_export_job_4502446_842250_Svea_Hovraett_-_Advokatfiskalens_Jaemtlands_laen__1702__-7a829e7f/0018_DSC_0351/r2l19,764,False,ok,0.0968,ok,0.0968,0.0
Svea_Hovraett_etc_export_job_4502446_842250_Svea_Hovraett_-_Advokatfiskalens_Jaemtlands_laen__1702__-7a829e7f/0018_DSC_0351/r2l20,731,False,ok,0.2258,ok,0.2258,0.0
Svea_Hovraett_etc_export_job_4502446_842250_Svea_Hovraett_-_Advokatfiskalens_Jaemtlands_laen__1702__-7a829e7f/0018_DSC_0351/r2l21,164,True,ok,0.4,ok,0.2,-0.2
Svea_Hovraett_etc_export_job_4502446_842250_Svea_Hovraett_-_Advokatfiskalens_Jaemtlands_laen__1702__-7a829e7f/0018_DSC_0351/r3l1,73,True,ok,0.6667,ok,0.6667,0.0
Svea_Hovraett_etc_export_job_4502446_842250_Svea_Hovraett_-_Advokatfiskalens_Jaemtlands_laen__1702__-7a829e7f/0019_DSC_0352/r1l1,633,False,ok,0.1765,ok,0.1765,0.0
Svea_Hovraett_etc_export_job_4502446_842250_Svea_Hovraett_-_Advokatfiskalens_Jaemtlands_laen__1702__-7a829e7f/0019_DSC_0352/r1l2,652,False,ok,0.1818,ok,0.1818,0.0
Svea_Hovraett_etc_export_job_4502446_842250_Svea_Hovraett_-_Advokatfiskalens_Jaemtlands_laen__1702__-7a829e7f/0019_DSC_0352/r1l3,651,False,ok,0.3529,ok,0.3529,0.0
Svea_Hovraett_etc_export_job_4502446_842250_Svea_Hovraett_-_Advokatfiskalens_Jaemtlands_laen__1702__-7a829e7f/0019_DSC_0352/r1l4,585,False,ok,0.0714,ok,0.0714,0.0
Svea_Hovraett_etc_export_job_4502446_842250_Svea_Hovraett_-_Advokatfiskalens_Jaemtlands_laen__1702__-7a829e7f/0019_DSC_0352/r1l5,183,True,ok,0.0,ok,0.0,0.0
Svea_Hovraett_etc_export_job_4502446_842250_Svea_Hovraett_-_Advokatfiskalens_Jaemtlands_laen__1702__-7a829e7f/0019_DSC_0352/r1l6,661,False,ok,0.5429,ok,0.5429,0.0
Svea_Hovraett_etc_export_job_4502446_842250_Svea_Hovraett_-_Advokatfiskalens_Jaemtlands_laen__1702__-7a829e7f/0019_DSC_0352/r1l7,681,False,ok,0.1389,ok,0.1389,0.0
Svea_Hovraett_etc_export_job_4502446_842250_Svea_Hovraett_-_Advokatfiskalens_Jaemtlands_laen__1702__-7a829e7f/0019_DSC_0352/r1l8,680,False,ok,0.1212,ok,0.1212,0.0
Svea_Hovraett_etc_export_job_4502446_842250_Svea_Hovraett_-_Advokatfiskalens_Jaemtlands_laen__1702__-7a829e7f/0019_DSC_0352/r1l9,680,False,ok,0.1892,ok,0.1892,0.0
Svea_Hovraett_etc_export_job_4502446_842250_Svea_Hovraett_-_Advokatfiskalens_Jaemtlands_laen__1702__-7a829e7f/0019_DSC_0352/r1l10,695,False,ok,0.1034,ok,0.1034,0.0
Svea_Hovraett_etc_export_job_4502446_842250_Svea_Hovraett_-_Advokatfiskalens_Jaemtlands_laen__1702__-7a829e7f/0019_DSC_0352/r1l11,707,False,ok,0.0968,ok,0.0968,0.0
Svea_Hovraett_etc_export_job_4502446_842250_Svea_Hovraett_-_Advokatfiskalens_Jaemtlands_laen__1702__-7a829e7f/0019_DSC_0352/r1l12,687,False,ok,0.1176,ok,0.1176,0.0
Svea_Hovraett_etc_export_job_4502446_842250_Svea_Hovraett_-_Advokatfiskalens_Jaemtlands_laen__1702__-7a829e7f/0019_DSC_0352/r1l13,714,False,ok,0.0938,ok,0.0938,0.0
Svea_Hovraett_etc_export_job_4502446_842250_Svea_Hovraett_-_Advokatfiskalens_Jaemtlands_laen__1702__-7a829e7f/0019_DSC_0352/r1l14,698,False,ok,0.3871,ok,0.3871,0.0
Svea_Hovraett_etc_export_job_4502446_842250_Svea_Hovraett_-_Advokatfiskalens_Jaemtlands_laen__1702__-7a829e7f/0019_DSC_0352/r1l15,702,False,ok,0.3333,ok,0.3333,0.0
Svea_Hovraett_etc_export_job_4502446_842250_Svea_Hovraett_-_Advokatfiskalens_Jaemtlands_laen__1702__-7a829e7f/0019_DSC_0352/r1l16,730,False,ok,0.2059,ok,0.2059,0.0
Svea_Hovraett_etc_export_job_4502446_842250_Svea_Hovraett_-_Advokatfiskalens_Jaemtlands_laen__1702__-7a829e7f/0019_DSC_0352/r1l17,552,False,ok,0.25,ok,0.25,0.0
Svea_Hovraett_etc_export_job_4502446_842250_Svea_Hovraett_-_Advokatfiskalens_Jaemtlands_laen__1702__-7a829e7f/0019_DSC_0352/r1l18,825,False,ok,0.4595,ok,0.4595,0.0
Svea_Hovraett_etc_export_job_4502446_842250_Svea_Hovraett_-_Advokatfiskalens_Jaemtlands_laen__1702__-7a829e7f/0019_DSC_0352/r1l19,777,False,ok,0.3243,ok,0.3243,0.0
Svea_Hovraett_etc_export_job_4502446_842250_Svea_Hovraett_-_Advokatfiskalens_Jaemtlands_laen__1702__-7a829e7f/0019_DSC_0352/r1l20,148,True,empty,1.0,ok,1.0,0.0
Svea_Hovraett_etc_export_job_4502446_842250_Svea_Hovraett_-_Advokatfiskalens_Jaemtlands_laen__1702__-7a829e7f/0019_DSC_0352/r2l1,651,False,ok,0.4615,ok,0.4615,0.0
Svea_Hovraett_etc_export_job_4502446_842250_Svea_Hovraett_-_Advokatfiskalens_Jaemtlands_laen__1702__-7a829e7f/0019_DSC_0352/r2l2,648,False,ok,0.3684,ok,0.3684,0.0
Svea_Hovraett_etc_export_job_4502446_842250_Svea_Hovraett_-_Advokatfiskalens_Jaemtlands_laen__1702__-7a829e7f/0019_DSC_0352/r2l3,660,False,ok,0.4118,ok,0.4118,0.0
Svea_Hovraett_etc_export_job_4502446_842250_Svea_Hovraett_-_Advokatfiskalens_Jaemtlands_laen__1702__-7a829e7f/0019_DSC_0352/r2l4,693,False,ok,0.3333,ok,0.3333,0.0
Svea_Hovraett_etc_export_job_4502446_842250_Svea_Hovraett_-_Advokatfiskalens_Jaemtlands_laen__1702__-7a829e7f/0019_DSC_0352/r2l5,662,False,ok,0.6471,ok,0.6471,0.0
Svea_Hovraett_etc_export_job_4502446_842250_Svea_Hovraett_-_Advokatfiskalens_Jaemtlands_laen__1702__-7a829e7f/0019_DSC_0352/r2l6,677,False,ok,0.5405,ok,0.5405,0.0
Svea_Hovraett_etc_export_job_4502446_842250_Svea_Hovraett_-_Advokatfiskalens_Jaemtlands_laen__1702__-7a829e7f/0019_DSC_0352/r2l7,700,False,ok,0.1818,ok,0.1818,0.0
Svea_Hovraett_etc_export_job_4502446_842250_Svea_Hovraett_-_Advokatfiskalens_Jaemtlands_laen__1702__-7a829e7f/0019_DSC_0352/r2l8,702,False,ok,0.2432,ok,0.2432,0.0
Svea_Hovraett_etc_export_job_4502446_842250_Svea_Hovraett_-_Advokatfiskalens_Jaemtlands_laen__1702__-7a829e7f/0019_DSC_0352/r2l9,679,False,ok,0.2703,ok,0.2703,0.0
Svea_Hovraett_etc_export_job_4502446_842250_Svea_Hovraett_-_Advokatfiskalens_Jaemtlands_laen__1702__-7a829e7f/0019_DSC_0352/r2l10,689,False,ok,0.1765,ok,0.1765,0.0
Svea_Hovraett_etc_export_job_4502446_842250_Svea_Hovraett_-_Advokatfiskalens_Jaemtlands_laen__1702__-7a829e7f/0019_DSC_0352/r2l11,700,False,ok,0.1429,ok,0.1429,0.0
Svea_Hovraett_etc_export_job_4502446_842250_Svea_Hovraett_-_Advokatfiskalens_Jaemtlands_laen__1702__-7a829e7f/0019_DSC_0352/r2l12,717,False,ok,0.2632,ok,0.2632,0.0
Svea_Hovraett_etc_export_job_4502446_842250_Svea_Hovraett_-_Advokatfiskalens_Jaemtlands_laen__1702__-7a829e7f/0019_DSC_0352/r2l13,707,False,ok,0.0833,ok,0.0833,0.0
Svea_Hovraett_etc_export_job_4502446_842250_Svea_Hovraett_-_Advokatfiskalens_Jaemtlands_laen__1702__-7a829e7f/0019_DSC_0352/r2l14,717,False,ok,0.1515,ok,0.1515,0.0
Svea_Hovraett_etc_export_job_4502446_842250_Svea_Hovraett_-_Advokatfiskalens_Jaemtlands_laen__1702__-7a829e7f/0019_DSC_0352/r2l15,744,False,ok,0.0278,ok,0.0278,0.0
Svea_Hovraett_etc_export_job_4502446_842250_Svea_Hovraett_-_Advokatfiskalens_Jaemtlands_laen__1702__-7a829e7f/0019_DSC_0352/r2l16,748,False,ok,0.25,ok,0.25,0.0
Svea_Hovraett_etc_export_job_4502446_842250_Svea_Hovraett_-_Advokatfiskalens_Jaemtlands_laen__1702__-7a829e7f/0019_DSC_0352/r2l17,747,False,ok,0.0294,ok,0.0294,0.0
Svea_Hovraett_etc_export_job_4502446_842250_Svea_Hovraett_-_Advokatfiskalens_Jaemtlands_laen__1702__-7a829e7f/0019_DSC_0352/r2l18,772,False,ok,0.2857,ok,0.2857,0.0
Svea_Hovraett_etc_export_job_4502446_842250_Svea_Hovraett_-_Advokatfiskalens_Jaemtlands_laen__1702__-7a829e7f/0019_DSC_0352/r2l19,733,False,ok,0.2727,ok,0.2727,0.0
Svea_Hovraett_etc_export_job_4502446_842250_Svea_Hovraett_-_Advokatfiskalens_Jaemtlands_laen__1702__-7a829e7f/0019_DSC_0352/r2l20,730,False,ok,0.2424,ok,0.2424,0.0
Svea_Hovraett_etc_export_job_4502446_842250_Svea_Hovraett_-_Advokatfiskalens_Jaemtlands_laen__1702__-7a829e7f/0019_DSC_0352/r2l21,108,True,empty,1.0,empty,1.0,0.0
Svea_Hovraett_etc_export_job_4502446_842250_Svea_Hovraett_-_Advokatfiskalens_Jaemtlands_laen__1702__-7a829e7f/0019_DSC_0352/r3l1,65,True,empty,1.0,empty,1.0,0.0
Svea_Hovraett_etc_export_job_4502446_842250_Svea_Hovraett_-_Advokatfiskalens_Jaemtlands_laen__1702__-7a829e7f/0020_DSC_0353/r1l1,602,False,ok,0.3056,ok,0.3056,0.0
Svea_Hovraett_etc_export_job_4502446_842250_Svea_Hovraett_-_Advokatfiskalens_Jaemtlands_laen__1702__-7a829e7f/0020_DSC_0353/r1l2,631,False,ok,0.6111,ok,0.6111,0.0
Svea_Hovraett_etc_export_job_4502446_842250_Svea_Hovraett_-_Advokatfiskalens_Jaemtlands_laen__1702__-7a829e7f/0020_DSC_0353/r1l3,636,False,ok,0.4167,ok,0.4167,0.0
Svea_Hovraett_etc_export_job_4502446_842250_Svea_Hovraett_-_Advokatfiskalens_Jaemtlands_laen__1702__-7a829e7f/0020_DSC_0353/r1l4,642,False,ok,0.5312,ok,0.5312,0.0
Svea_Hovraett_etc_export_job_4502446_842250_Svea_Hovraett_-_Advokatfiskalens_Jaemtlands_laen__1702__-7a829e7f/0020_DSC_0353/r1l5,637,False,ok,0.1667,ok,0.1667,0.0
Svea_Hovraett_etc_export_job_4502446_842250_Svea_Hovraett_-_Advokatfiskalens_Jaemtlands_laen__1702__-7a829e7f/0020_DSC_0353/r1l6,642,False,ok,0.129,ok,0.129,0.0
Svea_Hovraett_etc_export_job_4502446_842250_Svea_Hovraett_-_Advokatfiskalens_Jaemtlands_laen__1702__-7a829e7f/0020_DSC_0353/r1l7,645,False,ok,0.2703,ok,0.2703,0.0
Svea_Hovraett_etc_export_job_4502446_842250_Svea_Hovraett_-_Advokatfiskalens_Jaemtlands_laen__1702__-7a829e7f/0020_DSC_0353/r1l8,663,False,ok,0.2286,ok,0.2286,0.0
Svea_Hovraett_etc_export_job_4502446_842250_Svea_Hovraett_-_Advokatfiskalens_Jaemtlands_laen__1702__-7a829e7f/0020_DSC_0353/r1l9,644,False,ok,0.2162,ok,0.2162,0.0
Svea_Hovraett_etc_export_job_4502446_842250_Svea_Hovraett_-_Advokatfiskalens_Jaemtlands_laen__1702__-7a829e7f/0020_DSC_0353/r1l10,655,False,ok,0.3514,ok,0.3514,0.0
Svea_Hovraett_etc_export_job_4502446_842250_Svea_Hovraett_-_Advokatfiskalens_Jaemtlands_laen__1702__-7a829e7f/0020_DSC_0353/r1l11,666,False,ok,0.1351,ok,0.1351,0.0
Svea_Hovraett_etc_export_job_4502446_842250_Svea_Hovraett_-_Advokatfiskalens_Jaemtlands_laen__1702__-7a829e7f/0020_DSC_0353/r1l12,669,False,ok,0.1389,ok,0.1389,0.0
Svea_Hovraett_etc_export_job_4502446_842250_Svea_Hovraett_-_Advokatfiskalens_Jaemtlands_laen__1702__-7a829e7f/0020_DSC_0353/r1l13,664,False,ok,0.2222,ok,0.2222,0.0
Svea_Hovraett_etc_export_job_4502446_842250_Svea_Hovraett_-_Advokatfiskalens_Jaemtlands_laen__1702__-7a829e7f/0020_DSC_0353/r1l14,675,False,ok,0.3158,ok,0.3158,0.0
Svea_Hovraett_etc_export_job_4502446_842250_Svea_Hovraett_-_Advokatfiskalens_Jaemtlands_laen__1702__-7a829e7f/0020_DSC_0353/r1l15,674,False,ok,0.2703,ok,0.2703,0.0
Svea_Hovraett_etc_export_job_4502446_842250_Svea_Hovraett_-_Advokatfiskalens_Jaemtlands_laen__1702__-7a829e7f/0020_DSC_0353/r1l16,673,False,ok,0.4211,ok,0.4211,0.0
Svea_Hovraett_etc_export_job_4502446_842250_Svea_Hovraett_-_Advokatfiskalens_Jaemtlands_laen__1702__-7a829e7f/0020_DSC_0353/r1l17,694,False,ok,0.1429,ok,0.1429,0.0
Svea_Hovraett_etc_export_job_4502446_842250_Svea_Hovraett_-_Advokatfiskalens_Jaemtlands_laen__1702__-7a829e7f/0020_DSC_0353/r1l18,691,False,ok,0.5455,ok,0.5455,0.0
Svea_Hovraett_etc_export_job_4502446_842250_Svea_Hovraett_-_Advokatfiskalens_Jaemtlands_laen__1702__-7a829e7f/0020_DSC_0353/r1l19,685,False,ok,0.4688,ok,0.4688,0.0
Svea_Hovraett_etc_export_job_4502446_842250_Svea_Hovraett_-_Advokatfiskalens_Jaemtlands_laen__1702__-7a829e7f/0020_DSC_0353/r1l20,681,False,ok,0.2424,ok,0.2424,0.0
Svea_Hovraett_etc_export_job_4502446_842250_Svea_Hovraett_-_Advokatfiskalens_Jaemtlands_laen__1702__-7a829e7f/0020_DSC_0353/r1l21,114,True,empty,1.0,empty,1.0,0.0
Svea_Hovraett_etc_export_job_4502446_842250_Svea_Hovraett_-_Advokatfiskalens_Jaemtlands_laen__1702__-7a829e7f/0020_DSC_0353/r2l1,85,True,ok,0.6667,empty,1.0,0.3333
Svea_Hovraett_etc_export_job_4502446_842250_Svea_Hovraett_-_Advokatfiskalens_Jaemtlands_laen__1702__-7a829e7f/0020_DSC_0353/r2l2,671,False,ok,0.3333,ok,0.3333,0.0
Svea_Hovraett_etc_export_job_4502446_842250_Svea_Hovraett_-_Advokatfiskalens_Jaemtlands_laen__1702__-7a829e7f/0020_DSC_0353/r2l3,667,False,ok,0.4634,ok,0.4634,0.0
Svea_Hovraett_etc_export_job_4502446_842250_Svea_Hovraett_-_Advokatfiskalens_Jaemtlands_laen__1702__-7a829e7f/0020_DSC_0353/r2l4,659,False,ok,0.2963,ok,0.2963,0.0
Svea_Hovraett_etc_export_job_4502446_842250_Svea_Hovraett_-_Advokatfiskalens_Jaemtlands_laen__1702__-7a829e7f/0020_DSC_0353/r2l5,669,False,ok,0.2581,ok,0.2581,0.0
Svea_Hovraett_etc_export_job_4502446_842250_Svea_Hovraett_-_Advokatfiskalens_Jaemtlands_laen__1702__-7a829e7f/0020_DSC_0353/r2l6,694,False,ok,0.2162,ok,0.2162,0.0
Svea_Hovraett_etc_export_job_4502446_842250_Svea_Hovraett_-_Advokatfiskalens_Jaemtlands_laen__1702__-7a829e7f/0020_DSC_0353/r2l7,702,False,ok,0.2647,ok,0.2647,0.0
Svea_Hovraett_etc_export_job_4502446_842250_Svea_Hovraett_-_Advokatfiskalens_Jaemtlands_laen__1702__-7a829e7f/0020_DSC_0353/r2l8,710,False,ok,0.3243,ok,0.3243,0.0
Svea_Hovraett_etc_export_job_4502446_842250_Svea_Hovraett_-_Advokatfiskalens_Jaemtlands_laen__1702__-7a829e7f/0020_DSC_0353/r2l9,711,False,ok,0.1316,ok,0.1316,0.0
Svea_Hovraett_etc_export_job_4502446_842250_Svea_Hovraett_-_Advokatfiskalens_Jaemtlands_laen__1702__-7a829e7f/0020_DSC_0353/r2l10,668,False,ok,0.129,ok,0.129,0.0
Svea_Hovraett_etc_export_job_4502446_842250_Svea_Hovraett_-_Advokatfiskalens_Jaemtlands_laen__1702__-7a829e7f/0020_DSC_0353/r2l11,709,False,ok,0.2222,ok,0.2222,0.0
Svea_Hovraett_etc_export_job_4502446_842250_Svea_Hovraett_-_Advokatfiskalens_Jaemtlands_laen__1702__-7a829e7f/0020_DSC_0353/r2l12,693,False,ok,0.1562,ok,0.1562,0.0
Svea_Hovraett_etc_export_job_4502446_842250_Svea_Hovraett_-_Advokatfiskalens_Jaemtlands_laen__1702__-7a829e7f/0020_DSC_0353/r2l13,692,False,ok,0.1613,ok,0.1613,0.0
Svea_Hovraett_etc_export_job_4502446_842250_Svea_Hovraett_-_Advokatfiskalens_Jaemtlands_laen__1702__-7a829e7f/0020_DSC_0353/r2l14,722,False,ok,0.0833,ok,0.0833,0.0
Svea_Hovraett_etc_export_job_4502446_842250_Svea_Hovraett_-_Advokatfiskalens_Jaemtlands_laen__1702__-7a829e7f/0020_DSC_0353/r2l15,710,False,ok,0.1667,ok,0.1667,0.0
Svea_Hovraett_etc_export_job_4502446_842250_Svea_Hovraett_-_Advokatfiskalens_Jaemtlands_laen__1702__-7a829e7f/0020_DSC_0353/r2l16,737,False,ok,0.1429,ok,0.1429,0.0
Svea_Hovraett_etc_export_job_4502446_842250_Svea_Hovraett_-_Advokatfiskalens_Jaemtlands_laen__1702__-7a829e7f/0020_DSC_0353/r2l17,770,False,ok,0.1053,ok,0.1053,0.0
Svea_Hovraett_etc_export_job_4502446_842250_Svea_Hovraett_-_Advokatfiskalens_Jaemtlands_laen__1702__-7a829e7f/0020_DSC_0353/r2l18,80,True,empty,1.0,empty,1.0,0.0
Svea_Hovraett_etc_export_job_4502446_842250_Svea_Hovraett_-_Advokatfiskalens_Jaemtlands_laen__1702__-7a829e7f/0020_DSC_0353/r2l19,842,False,ok,0.4054,ok,0.4054,0.0
Svea_Hovraett_etc_export_job_4502446_842250_Svea_Hovraett_-_Advokatfiskalens_Jaemtlands_laen__1702__-7a829e7f/0020_DSC_0353/r2l20,730,False,ok,0.0741,ok,0.0741,0.0
Svea_Hovraett_etc_export_job_4502446_842250_Svea_Hovraett_-_Advokatfiskalens_Jaemtlands_laen__1702__-7a829e7f/0020_DSC_0353/r2l21,145,True,ok,0.5,ok,0.75,0.25
Svea_Hovraett_etc_export_job_4502446_842250_Svea_Hovraett_-_Advokatfiskalens_Jaemtlands_laen__1702__-7a829e7f/0021_DSC_0355/r1l1,634,False,ok,0.7838,ok,0.7838,0.0
Svea_Hovraett_etc_export_job_4502446_842250_Svea_Hovraett_-_Advokatfiskalens_Jaemtlands_laen__1702__-7a829e7f/0021_DSC_0355/r1l2,629,False,ok,0.6667,ok,0.6667,0.0
Svea_Hovraett_etc_export_job_4502446_842250_Svea_Hovraett_-_Advokatfiskalens_Jaemtlands_laen__1702__-7a829e7f/0021_DSC_0355/r1l3,630,False,ok,0.2105,ok,0.2105,0.0
Svea_Hovraett_etc_export_job_4502446_842250_Svea_Hovraett_-_Advokatfiskalens_Jaemtlands_laen__1702__-7a829e7f/0021_DSC_0355/r1l4,615,False,ok,0.7333,ok,0.7333,0.0
Svea_Hovraett_etc_export_job_4502446_842250_Svea_Hovraett_-_Advokatfiskalens_Jaemtlands_laen__1702__-7a829e7f/0021_DSC_0355/r1l5,645,False,ok,0.3429,ok,0.3429,0.0
Svea_Hovraett_etc_export_job_4502446_842250_Svea_Hovraett_-_Advokatfiskalens_Jaemtlands_laen__1702__-7a829e7f/0021_DSC_0355/r1l6,632,False,ok,0.3548,ok,0.3548,0.0
Svea_Hovraett_etc_export_job_4502446_842250_Svea_Hovraett_-_Advokatfiskalens_Jaemtlands_laen__1702__-7a829e7f/0021_DSC_0355/r1l7,643,False,ok,0.3846,ok,0.3846,0.0
Svea_Hovraett_etc_export_job_4502446_842250_Svea_Hovraett_-_Advokatfiskalens_Jaemtlands_laen__1702__-7a829e7f/0021_DSC_0355/r1l8,648,False,ok,0.3846,ok,0.3846,0.0
Svea_Hovraett_etc_export_job_4502446_842250_Svea_Hovraett_-_Advokatfiskalens_Jaemtlands_laen__1702__-7a829e7f/0021_DSC_0355/r1l9,663,False,ok,0.5294,ok,0.5294,0.0
Svea_Hovraett_etc_export_job_4502446_842250_Svea_Hovraett_-_Advokatfiskalens_Jaemtlands_laen__1702__-7a829e7f/0021_DSC_0355/r1l10,659,False,ok,0.1562,ok,0.1562,0.0
Svea_Hovraett_etc_export_job_4502446_842250_Svea_Hovraett_-_Advokatfiskalens_Jaemtlands_laen__1702__-7a829e7f/0021_DSC_0355/r1l11,661,False,ok,0.0,ok,0.0,0.0
Svea_Hovraett_etc_export_job_4502446_842250_Svea_Hovraett_-_Advokatfiskalens_Jaemtlands_laen__1702__-7a829e7f/0021_DSC_0355/r1l12,641,False,ok,0.1429,ok,0.1429,0.0
Svea_Hovraett_etc_export_job_4502446_842250_Svea_Hovraett_-_Advokatfiskalens_Jaemtlands_laen__1702__-7a829e7f/0021_DSC_0355/r1l13,662,False,ok,0.1667,ok,0.1667,0.0
Svea_Hovraett_etc_export_job_4502446_842250_Svea_Hovraett_-_Advokatfiskalens_Jaemtlands_laen__1702__-7a829e7f/0021_DSC_0355/r1l14,652,False,ok,0.1875,ok,0.1875,0.0
Svea_Hovraett_etc_export_job_4502446_842250_Svea_Hovraett_-_Advokatfiskalens_Jaemtlands_laen__1702__-7a829e7f/0021_DSC_0355/r1l15,666,False,ok,0.0588,ok,0.0588,0.0
Svea_Hovraett_etc_export_job_4502446_842250_Svea_Hovraett_-_Advokatfiskalens_Jaemtlands_laen__1702__-7a829e7f/0021_DSC_0355/r1l16,667,False,ok,0.1562,ok,0.1562,0.0
Svea_Hovraett_etc_export_job_4502446_842250_Svea_Hovraett_-_Advokatfiskalens_Jaemtlands_laen__1702__-7a829e7f/0021_DSC_0355/r1l17,691,False,ok,0.125,ok,0.125,0.0
Svea_Hovraett_etc_export_job_4502446_842250_Svea_Hovraett_-_Advokatfiskalens_Jaemtlands_laen__1702__-7a829e7f/0021_DSC_0355/r1l18,711,False,ok,0.2,ok,0.2,0.0
Svea_Hovraett_etc_export_job_4502446_842250_Svea_Hovraett_-_Advokatfiskalens_Jaemtlands_laen__1702__-7a829e7f/0021_DSC_0355/r1l19,700,False,ok,0.0,ok,0.0,0.0
Svea_Hovraett_etc_export_job_4502446_842250_Svea_Hovraett_-_Advokatfiskalens_Jaemtlands_laen__1702__-7a829e7f/0021_DSC_0355/r1l20,699,False,ok,0.1154,ok,0.1154,0.0
Svea_Hovraett_etc_export_job_4502446_842250_Svea_Hovraett_-_Advokatfiskalens_Jaemtlands_laen__1702__-7a829e7f/0021_DSC_0355/r1l21,161,True,ok,1.0,ok,1.0,0.0
Svea_Hovraett_etc_export_job_4502446_842250_Svea_Hovraett_-_Advokatfiskalens_Jaemtlands_laen__1702__-7a829e7f/0021_DSC_0355/r2l3,78,True,ok,0.3333,ok,1.0,0.6667
Svea_Hovraett_etc_export_job_4502446_842250_Svea_Hovraett_-_Advokatfiskalens_Jaemtlands_laen__1702__-7a829e7f/0021_DSC_0355/r2l4,690,False,ok,0.8,ok,0.8,0.0
Svea_Hovraett_etc_export_job_4502446_842250_Svea_Hovraett_-_Advokatfiskalens_Jaemtlands_laen__1702__-7a829e7f/0021_DSC_0355/r2l5,637,False,ok,0.7778,ok,0.7778,0.0
Svea_Hovraett_etc_export_job_4502446_842250_Svea_Hovraett_-_Advokatfiskalens_Jaemtlands_laen__1702__-7a829e7f/0021_DSC_0355/r2l6,688,False,ok,0.675,ok,0.675,0.0
Svea_Hovraett_etc_export_job_4502446_842250_Svea_Hovraett_-_Advokatfiskalens_Jaemtlands_laen__1702__-7a829e7f/0021_DSC_0355/r2l7,680,False,ok,0.5135,ok,0.5135,0.0
Svea_Hovraett_etc_export_job_4502446_842250_Svea_Hovraett_-_Advokatfiskalens_Jaemtlands_laen__1702__-7a829e7f/0021_DSC_0355/r2l9,389,False,ok,0.65,ok,0.65,0.0
Svea_Hovraett_etc_export_job_4502446_842250_Svea_Hovraett_-_Advokatfiskalens_Jaemtlands_laen__1702__-7a829e7f/0021_DSC_0355/r2l10,702,False,ok,0.8611,ok,0.8611,0.0
Svea_Hovraett_etc_export_job_4502446_842250_Svea_Hovraett_-_Advokatfiskalens_Jaemtlands_laen__1702__-7a829e7f/0021_DSC_0355/r2l11,710,False,ok,0.5833,ok,0.5833,0.0
Svea_Hovraett_etc_export_job_4502446_842250_Svea_Hovraett_-_Advokatfiskalens_Jaemtlands_laen__1702__-7a829e7f/0021_DSC_0355/r2l12,692,False,ok,0.2424,ok,0.2424,0.0
Svea_Hovraett_etc_export_job_4502446_842250_Svea_Hovraett_-_Advokatfiskalens_Jaemtlands_laen__1702__-7a829e7f/0021_DSC_0355/r2l13,713,False,ok,0.4333,ok,0.4333,0.0
Svea_Hovraett_etc_export_job_4502446_842250_Svea_Hovraett_-_Advokatfiskalens_Jaemtlands_laen__1702__-7a829e7f/0021_DSC_0355/r2l14,708,False,ok,0.303,ok,0.303,0.0
Svea_Hovraett_etc_export_job_4502446_842250_Svea_Hovraett_-_Advokatfiskalens_Jaemtlands_laen__1702__-7a829e7f/0021_DSC_0355/r2l15,717,False,ok,0.0882,ok,0.0882,0.0
Svea_Hovraett_etc_export_job_4502446_842250_Svea_Hovraett_-_Advokatfiskalens_Jaemtlands_laen__1702__-7a829e7f/0021_DSC_0355/r2l16,714,False,ok,0.2188,ok,0.2188,0.0
Svea_Hovraett_etc_export_job_4502446_842250_Svea_Hovraett_-_Advokatfiskalens_Jaemtlands_laen__1702__-7a829e7f/0021_DSC_0355/r2l17,748,False,ok,0.0286,ok,0.0286,0.0
Svea_Hovraett_etc_export_job_4502446_842250_Svea_Hovraett_-_Advokatfiskalens_Jaemtlands_laen__1702__-7a829e7f/0021_DSC_0355/r2l18,723,False,ok,0.2727,ok,0.2727,0.0
Svea_Hovraett_etc_export_job_4502446_842250_Svea_Hovraett_-_Advokatfiskalens_Jaemtlands_laen__1702__-7a829e7f/0021_DSC_0355/r2l19,721,False,ok,0.2,ok,0.2,0.0
Svea_Hovraett_etc_export_job_4502446_842250_Svea_Hovraett_-_Advokatfiskalens_Jaemtlands_laen__1702__-7a829e7f/0021_DSC_0355/r2l20,752,False,ok,0.2895,ok,0.2895,0.0
Svea_Hovraett_etc_export_job_4502446_842250_Svea_Hovraett_-_Advokatfiskalens_Jaemtlands_laen__1702__-7a829e7f/0021_DSC_0355/r2l21,751,False,ok,0.2162,ok,0.2162,0.0
Svea_Hovraett_etc_export_job_4502446_842250_Svea_Hovraett_-_Advokatfiskalens_Jaemtlands_laen__1702__-7a829e7f/0021_DSC_0355/r2l22,757,False,ok,0.0938,ok,0.0938,0.0
Svea_Hovraett_etc_export_job_4502446_842250_Svea_Hovraett_-_Advokatfiskalens_Jaemtlands_laen__1702__-7a829e7f/0021_DSC_0355/r2l23,739,False,ok,0.1562,ok,0.1562,0.0
Svea_Hovraett_etc_export_job_4502446_842250_Svea_Hovraett_-_Advokatfiskalens_Jaemtlands_laen__1702__-7a829e7f/0021_DSC_0355/r2l24,781,False,ok,0.4688,ok,0.4688,0.0
Svea_Hovraett_etc_export_job_4502446_842250_Svea_Hovraett_-_Advokatfiskalens_Jaemtlands_laen__1702__-7a829e7f/0021_DSC_0355/r2l25,199,True,ok,1.0,ok,1.0,0.0
Svea_Hovraett_etc_export_job_4502446_842250_Svea_Hovraett_-_Advokatfiskalens_Jaemtlands_laen__1702__-7a829e7f/0022_DSC_0356/r1l1,640,False,ok,0.2,ok,0.2,0.0
Svea_Hovraett_etc_export_job_4502446_842250_Svea_Hovraett_-_Advokatfiskalens_Jaemtlands_laen__1702__-7a829e7f/0022_DSC_0356/r1l2,622,False,ok,0.2353,ok,0.2353,0.0
Svea_Hovraett_etc_export_job_4502446_842250_Svea_Hovraett_-_Advokatfiskalens_Jaemtlands_laen__1702__-7a829e7f/0022_DSC_0356/r1l3,621,False,ok,0.0625,ok,0.0625,0.0
Svea_Hovraett_etc_export_job_4502446_842250_Svea_Hovraett_-_Advokatfiskalens_Jaemtlands_laen__1702__-7a829e7f/0022_DSC_0356/line_1637852783406_1527,628,False,ok,0.4333,ok,0.4333,0.0
Svea_Hovraett_etc_export_job_4502446_842250_Svea_Hovraett_-_Advokatfiskalens_Jaemtlands_laen__1702__-7a829e7f/0022_DSC_0356/r1l6,637,False,ok,0.1515,ok,0.1515,0.0
Svea_Hovraett_etc_export_job_4502446_842250_Svea_Hovraett_-_Advokatfiskalens_Jaemtlands_laen__1702__-7a829e7f/0022_DSC_0356/r1l7,646,False,ok,0.1389,ok,0.1389,0.0
Svea_Hovraett_etc_export_job_4502446_842250_Svea_Hovraett_-_Advokatfiskalens_Jaemtlands_laen__1702__-7a829e7f/0022_DSC_0356/r1l8,671,False,ok,0.129,ok,0.129,0.0
Svea_Hovraett_etc_export_job_4502446_842250_Svea_Hovraett_-_Advokatfiskalens_Jaemtlands_laen__1702__-7a829e7f/0022_DSC_0356/r1l9,656,False,ok,0.1562,ok,0.1562,0.0
Svea_Hovraett_etc_export_job_4502446_842250_Svea_Hovraett_-_Advokatfiskalens_Jaemtlands_laen__1702__-7a829e7f/0022_DSC_0356/r1l10,650,False,ok,0.0588,ok,0.0588,0.0
Svea_Hovraett_etc_export_job_4502446_842250_Svea_Hovraett_-_Advokatfiskalens_Jaemtlands_laen__1702__-7a829e7f/0022_DSC_0356/r1l11,649,False,ok,0.1111,ok,0.1111,0.0
Svea_Hovraett_etc_export_job_4502446_842250_Svea_Hovraett_-_Advokatfiskalens_Jaemtlands_laen__1702__-7a829e7f/0022_DSC_0356/r1l12,274,False,ok,0.1818,ok,0.1818,0.0
Svea_Hovraett_etc_export_job_4502446_842250_Svea_Hovraett_-_Advokatfiskalens_Jaemtlands_laen__1702__-7a829e7f/0022_DSC_0356/r1l13,186,True,ok,0.0,ok,0.0,0.0
Svea_Hovraett_etc_export_job_4502446_842250_Svea_Hovraett_-_Advokatfiskalens_Jaemtlands_laen__1702__-7a829e7f/0022_DSC_0356/r1l14,687,False,ok,0.0667,ok,0.0667,0.0
Svea_Hovraett_etc_export_job_4502446_842250_Svea_Hovraett_-_Advokatfiskalens_Jaemtlands_laen__1702__-7a829e7f/0022_DSC_0356/r1l15,679,False,ok,0.25,ok,0.25,0.0
Svea_Hovraett_etc_export_job_4502446_842250_Svea_Hovraett_-_Advokatfiskalens_Jaemtlands_laen__1702__-7a829e7f/0022_DSC_0356/r1l17,679,False,ok,0.3103,ok,0.3103,0.0
Svea_Hovraett_etc_export_job_4502446_842250_Svea_Hovraett_-_Advokatfiskalens_Jaemtlands_laen__1702__-7a829e7f/0022_DSC_0356/r1l18,667,False,ok,0.1935,ok,0.1935,0.0
Svea_Hovraett_etc_export_job_4502446_842250_Svea_Hovraett_-_Advokatfiskalens_Jaemtlands_laen__1702__-7a829e7f/0022_DSC_0356/r1l19,669,False,ok,0.1667,ok,0.1667,0.0
Svea_Hovraett_etc_export_job_4502446_842250_Svea_Hovraett_-_Advokatfiskalens_Jaemtlands_laen__1702__-7a829e7f/0022_DSC_0356/r1l20,655,False,ok,0.2143,ok,0.2143,0.0
Svea_Hovraett_etc_export_job_4502446_842250_Svea_Hovraett_-_Advokatfiskalens_Jaemtlands_laen__1702__-7a829e7f/0022_DSC_0356/r1l21,679,False,ok,0.303,ok,0.303,0.0
Svea_Hovraett_etc_export_job_4502446_842250_Svea_Hovraett_-_Advokatfiskalens_Jaemtlands_laen__1702__-7a829e7f/0022_DSC_0356/r1l22,709,False,ok,0.3143,ok,0.3143,0.0
Svea_Hovraett_etc_export_job_4502446_842250_Svea_Hovraett_-_Advokatfiskalens_Jaemtlands_laen__1702__-7a829e7f/0022_DSC_0356/r1l23,104,True,empty,1.0,ok,0.6667,-0.3333
Svea_Hovraett_etc_export_job_4502446_842250_Svea_Hovraett_-_Advokatfiskalens_Jaemtlands_laen__1702__-7a829e7f/0022_DSC_0356/r2l2,73,True,ok,0.5,ok,0.25,-0.25
Svea_Hovraett_etc_export_job_4502446_842250_Svea_Hovraett_-_Advokatfiskalens_Jaemtlands_laen__1702__-7a829e7f/0022_DSC_0356/r2l3,621,False,ok,0.4706,ok,0.4706,0.0
Svea_Hovraett_etc_export_job_4502446_842250_Svea_Hovraett_-_Advokatfiskalens_Jaemtlands_laen__1702__-7a829e7f/0022_DSC_0356/r2l4,639,False,ok,0.5172,ok,0.5172,0.0
Svea_Hovraett_etc_export_job_4502446_842250_Svea_Hovraett_-_Advokatfiskalens_Jaemtlands_laen__1702__-7a829e7f/0022_DSC_0356/r2l5,682,False,ok,0.2632,ok,0.2632,0.0
Svea_Hovraett_etc_export_job_4502446_842250_Svea_Hovraett_-_Advokatfiskalens_Jaemtlands_laen__1702__-7a829e7f/0022_DSC_0356/r2l6,642,False,ok,0.2759,ok,0.2759,0.0
Svea_Hovraett_etc_export_job_4502446_842250_Svea_Hovraett_-_Advokatfiskalens_Jaemtlands_laen__1702__-7a829e7f/0022_DSC_0356/r2l7,628,False,ok,0.1875,ok,0.1875,0.0
Svea_Hovraett_etc_export_job_4502446_842250_Svea_Hovraett_-_Advokatfiskalens_Jaemtlands_laen__1702__-7a829e7f/0022_DSC_0356/r2l8,629,False,ok,0.2222,ok,0.2222,0.0
Svea_Hovraett_etc_export_job_4502446_842250_Svea_Hovraett_-_Advokatfiskalens_Jaemtlands_laen__1702__-7a829e7f/0022_DSC_0356/r2l9,671,False,ok,0.1562,ok,0.1562,0.0
Svea_Hovraett_etc_export_job_4502446_842250_Svea_Hovraett_-_Advokatfiskalens_Jaemtlands_laen__1702__-7a829e7f/0022_DSC_0356/r2l10,646,False,ok,0.1613,ok,0.1613,0.0
Svea_Hovraett_etc_export_job_4502446_842250_Svea_Hovraett_-_Advokatfiskalens_Jaemtlands_laen__1702__-7a829e7f/0022_DSC_0356/r2l11,656,False,ok,0.1944,ok,0.1944,0.0
Svea_Hovraett_etc_export_job_4502446_842250_Svea_Hovraett_-_Advokatfiskalens_Jaemtlands_laen__1702__-7a829e7f/0022_DSC_0356/r2l12,668,False,ok,0.3,ok,0.3,0.0
Svea_Hovraett_etc_export_job_4502446_842250_Svea_Hovraett_-_Advokatfiskalens_Jaemtlands_laen__1702__-7a829e7f/0022_DSC_0356/r2l13,668,False,ok,0.2353,ok,0.2353,0.0
Svea_Hovraett_etc_export_job_4502446_842250_Svea_Hovraett_-_Advokatfiskalens_Jaemtlands_laen__1702__-7a829e7f/0022_DSC_0356/r2l14,677,False,ok,0.2059,ok,0.2059,0.0
Svea_Hovraett_etc_export_job_4502446_842250_Svea_Hovraett_-_Advokatfiskalens_Jaemtlands_laen__1702__-7a829e7f/0022_DSC_0356/r2l15,673,False,ok,0.2059,ok,0.2059,0.0
Svea_Hovraett_etc_export_job_4502446_842250_Svea_Hovraett_-_Advokatfiskalens_Jaemtlands_laen__1702__-7a829e7f/0022_DSC_0356/r2l16,680,False,ok,0.1389,ok,0.1389,0.0
Svea_Hovraett_etc_export_job_4502446_842250_Svea_Hovraett_-_Advokatfiskalens_Jaemtlands_laen__1702__-7a829e7f/0022_DSC_0356/r2l17,680,False,ok,0.4359,ok,0.4359,0.0
Svea_Hovraett_etc_export_job_4502446_842250_Svea_Hovraett_-_Advokatfiskalens_Jaemtlands_laen__1702__-7a829e7f/0022_DSC_0356/r2l18,656,False,ok,0.3824,ok,0.3824,0.0
Svea_Hovraett_etc_export_job_4502446_842250_Svea_Hovraett_-_Advokatfiskalens_Jaemtlands_laen__1702__-7a829e7f/0022_DSC_0356/r2l19,754,False,ok,0.1935,ok,0.1935,0.0
Svea_Hovraett_etc_export_job_4502446_842250_Svea_Hovraett_-_Advokatfiskalens_Jaemtlands_laen__1702__-7a829e7f/0022_DSC_0356/r2l20,688,False,ok,0.2593,ok,0.2593,0.0
Svea_Hovraett_etc_export_job_4502446_842250_Svea_Hovraett_-_Advokatfiskalens_Jaemtlands_laen__1702__-7a829e7f/0022_DSC_0356/r2l21,730,False,ok,0.2571,ok,0.2571,0.0
Svea_Hovraett_etc_export_job_4502446_842250_Svea_Hovraett_-_Advokatfiskalens_Jaemtlands_laen__1702__-7a829e7f/0022_DSC_0356/r2l22,174,True,ok,0.8,ok,0.6,-0.2
Svea_Hovraett_etc_export_job_4502446_842250_Svea_Hovraett_-_Advokatfiskalens_Jaemtlands_laen__1702__-7a829e7f/0023_DSC_0357/r1l1,629,False,ok,0.4571,ok,0.4571,0.0
Svea_Hovraett_etc_export_job_4502446_842250_Svea_Hovraett_-_Advokatfiskalens_Jaemtlands_laen__1702__-7a829e7f/0023_DSC_0357/r1l2,626,False,ok,0.1481,ok,0.1481,0.0
Svea_Hovraett_etc_export_job_4502446_842250_Svea_Hovraett_-_Advokatfiskalens_Jaemtlands_laen__1702__-7a829e7f/0023_DSC_0357/r1l3,629,False,ok,0.0938,ok,0.0938,0.0
Svea_Hovraett_etc_export_job_4502446_842250_Svea_Hovraett_-_Advokatfiskalens_Jaemtlands_laen__1702__-7a829e7f/0023_DSC_0357/r1l4,622,False,ok,0.1562,ok,0.1562,0.0
Svea_Hovraett_etc_export_job_4502446_842250_Svea_Hovraett_-_Advokatfiskalens_Jaemtlands_laen__1702__-7a829e7f/0023_DSC_0357/r1l5,641,False,ok,0.3548,ok,0.3548,0.0
Svea_Hovraett_etc_export_job_4502446_842250_Svea_Hovraett_-_Advokatfiskalens_Jaemtlands_laen__1702__-7a829e7f/0023_DSC_0357/r1l6,650,False,ok,0.1351,ok,0.1351,0.0
Svea_Hovraett_etc_export_job_4502446_842250_Svea_Hovraett_-_Advokatfiskalens_Jaemtlands_laen__1702__-7a829e7f/0023_DSC_0357/r1l7,661,False,ok,0.1875,ok,0.1875,0.0
Svea_Hovraett_etc_export_job_4502446_842250_Svea_Hovraett_-_Advokatfiskalens_Jaemtlands_laen__1702__-7a829e7f/0023_DSC_0357/r1l8,640,False,ok,0.1714,ok,0.1714,0.0
Svea_Hovraett_etc_export_job_4502446_842250_Svea_Hovraett_-_Advokatfiskalens_Jaemtlands_laen__1702__-7a829e7f/0023_DSC_0357/r1l9,656,False,ok,0.2571,ok,0.2571,0.0
Svea_Hovraett_etc_export_job_4502446_842250_Svea_Hovraett_-_Advokatfiskalens_Jaemtlands_laen__1702__-7a829e7f/0023_DSC_0357/r1l10,649,False,ok,0.1111,ok,0.1111,0.0
Svea_Hovraett_etc_export_job_4502446_842250_Svea_Hovraett_-_Advokatfiskalens_Jaemtlands_laen__1702__-7a829e7f/0023_DSC_0357/r1l11,662,False,ok,0.0833,ok,0.0833,0.0
Svea_Hovraett_etc_export_job_4502446_842250_Svea_Hovraett_-_Advokatfiskalens_Jaemtlands_laen__1702__-7a829e7f/0023_DSC_0357/r1l12,656,False,ok,0.1875,ok,0.1875,0.0
Svea_Hovraett_etc_export_job_4502446_842250_Svea_Hovraett_-_Advokatfiskalens_Jaemtlands_laen__1702__-7a829e7f/0023_DSC_0357/r1l13,661,False,ok,0.0968,ok,0.0968,0.0
Svea_Hovraett_etc_export_job_4502446_842250_Svea_Hovraett_-_Advokatfiskalens_Jaemtlands_laen__1702__-7a829e7f/0023_DSC_0357/r1l14,648,False,ok,0.0606,ok,0.0606,0.0
Svea_Hovraett_etc_export_job_4502446_842250_Svea_Hovraett_-_Advokatfiskalens_Jaemtlands_laen__1702__-7a829e7f/0023_DSC_0357/r1l15,675,False,ok,0.0968,ok,0.0968,0.0
Svea_Hovraett_etc_export_job_4502446_842250_Svea_Hovraett_-_Advokatfiskalens_Jaemtlands_laen__1702__-7a829e7f/0023_DSC_0357/r1l16,681,False,ok,0.3333,ok,0.3333,0.0
Svea_Hovraett_etc_export_job_4502446_842250_Svea_Hovraett_-_Advokatfiskalens_Jaemtlands_laen__1702__-7a829e7f/0023_DSC_0357/r1l17,688,False,ok,0.2105,ok,0.2105,0.0
Svea_Hovraett_etc_export_job_4502446_842250_Svea_Hovraett_-_Advokatfiskalens_Jaemtlands_laen__1702__-7a829e7f/0023_DSC_0357/r1l18,676,False,ok,0.1724,ok,0.1724,0.0
Svea_Hovraett_etc_export_job_4502446_842250_Svea_Hovraett_-_Advokatfiskalens_Jaemtlands_laen__1702__-7a829e7f/0023_DSC_0357/r1l19,682,False,ok,0.1379,ok,0.1379,0.0
Svea_Hovraett_etc_export_job_4502446_842250_Svea_Hovraett_-_Advokatfiskalens_Jaemtlands_laen__1702__-7a829e7f/0023_DSC_0357/r1l20,698,False,ok,0.0588,ok,0.0588,0.0
Svea_Hovraett_etc_export_job_4502446_842250_Svea_Hovraett_-_Advokatfiskalens_Jaemtlands_laen__1702__-7a829e7f/0023_DSC_0357/r1l21,197,True,ok,0.6667,ok,0.3333,-0.3333
Svea_Hovraett_etc_export_job_4502446_842250_Svea_Hovraett_-_Advokatfiskalens_Jaemtlands_laen__1702__-7a829e7f/0023_DSC_0357/r2l1,81,True,empty,1.0,empty,1.0,0.0
Svea_Hovraett_etc_export_job_4502446_842250_Svea_Hovraett_-_Advokatfiskalens_Jaemtlands_laen__1702__-7a829e7f/0023_DSC_0357/r2l2,638,False,ok,0.6154,ok,0.6154,0.0
Svea_Hovraett_etc_export_job_4502446_842250_Svea_Hovraett_-_Advokatfiskalens_Jaemtlands_laen__1702__-7a829e7f/0023_DSC_0357/r2l3,727,False,ok,0.5714,ok,0.5714,0.0
Svea_Hovraett_etc_export_job_4502446_842250_Svea_Hovraett_-_Advokatfiskalens_Jaemtlands_laen__1702__-7a829e7f/0023_DSC_0357/r2l4,677,False,ok,0.4848,ok,0.4848,0.0
Svea_Hovraett_etc_export_job_4502446_842250_Svea_Hovraett_-_Advokatfiskalens_Jaemtlands_laen__1702__-7a829e7f/0023_DSC_0357/r2l5,668,False,ok,0.3158,ok,0.3158,0.0
Svea_Hovraett_etc_export_job_4502446_842250_Svea_Hovraett_-_Advokatfiskalens_Jaemtlands_laen__1702__-7a829e7f/0023_DSC_0357/r2l6,680,False,ok,0.359,ok,0.359,0.0
Svea_Hovraett_etc_export_job_4502446_842250_Svea_Hovraett_-_Advokatfiskalens_Jaemtlands_laen__1702__-7a829e7f/0023_DSC_0357/r2l7,676,False,ok,0.3056,ok,0.3056,0.0
Svea_Hovraett_etc_export_job_4502446_842250_Svea_Hovraett_-_Advokatfiskalens_Jaemtlands_laen__1702__-7a829e7f/0023_DSC_0357/r2l8,675,False,ok,0.1389,ok,0.1389,0.0
Svea_Hovraett_etc_export_job_4502446_842250_Svea_Hovraett_-_Advokatfiskalens_Jaemtlands_laen__1702__-7a829e7f/0023_DSC_0357/r2l9,690,False,ok,0.1515,ok,0.1515,0.0
Svea_Hovraett_etc_export_job_4502446_842250_Svea_Hovraett_-_Advokatfiskalens_Jaemtlands_laen__1702__-7a829e7f/0023_DSC_0357/r2l10,671,False,ok,0.0938,ok,0.0938,0.0
Svea_Hovraett_etc_export_job_4502446_842250_Svea_Hovraett_-_Advokatfiskalens_Jaemtlands_laen__1702__-7a829e7f/0023_DSC_0357/r2l11,690,False,ok,0.1143,ok,0.1143,0.0
Svea_Hovraett_etc_export_job_4502446_842250_Svea_Hovraett_-_Advokatfiskalens_Jaemtlands_laen__1702__-7a829e7f/0023_DSC_0357/r2l12,690,False,ok,0.129,ok,0.129,0.0
Svea_Hovraett_etc_export_job_4502446_842250_Svea_Hovraett_-_Advokatfiskalens_Jaemtlands_laen__1702__-7a829e7f/0023_DSC_0357/r2l13,702,False,ok,0.3514,ok,0.3514,0.0
Svea_Hovraett_etc_export_job_4502446_842250_Svea_Hovraett_-_Advokatfiskalens_Jaemtlands_laen__1702__-7a829e7f/0023_DSC_0357/r2l14,611,False,ok,0.3333,ok,0.3333,0.0
Svea_Hovraett_etc_export_job_4502446_842250_Svea_Hovraett_-_Advokatfiskalens_Jaemtlands_laen__1702__-7a829e7f/0023_DSC_0357/r2l15,800,False,ok,0.2051,ok,0.2051,0.0
Svea_Hovraett_etc_export_job_4502446_842250_Svea_Hovraett_-_Advokatfiskalens_Jaemtlands_laen__1702__-7a829e7f/0023_DSC_0357/r2l16,739,False,ok,0.0882,ok,0.0882,0.0
Svea_Hovraett_etc_export_job_4502446_842250_Svea_Hovraett_-_Advokatfiskalens_Jaemtlands_laen__1702__-7a829e7f/0023_DSC_0357/r2l17,727,False,ok,0.0645,ok,0.0645,0.0
Svea_Hovraett_etc_export_job_4502446_842250_Svea_Hovraett_-_Advokatfiskalens_Jaemtlands_laen__1702__-7a829e7f/0023_DSC_0357/r2l18,745,False,ok,0.1389,ok,0.1389,0.0
Svea_Hovraett_etc_export_job_4502446_842250_Svea_Hovraett_-_Advokatfiskalens_Jaemtlands_laen__1702__-7a829e7f/0023_DSC_0357/r2l19,749,False,ok,0.2,ok,0.2,0.0
Svea_Hovraett_etc_export_job_4502446_842250_Svea_Hovraett_-_Advokatfiskalens_Jaemtlands_laen__1702__-7a829e7f/0023_DSC_0357/r2l20,157,True,ok,1.0,ok,1.0,0.0
Svea_Hovraett_etc_export_job_4502446_842250_Svea_Hovraett_-_Advokatfiskalens_Jaemtlands_laen__1702__-7a829e7f/0024_DSC_0358/r1l1,617,False,ok,0.3636,ok,0.3636,0.0
Svea_Hovraett_etc_export_job_4502446_842250_Svea_Hovraett_-_Advokatfiskalens_Jaemtlands_laen__1702__-7a829e7f/0024_DSC_0358/r1l2,618,False,ok,0.4412,ok,0.4412,0.0
Svea_Hovraett_etc_export_job_4502446_842250_Svea_Hovraett_-_Advokatfiskalens_Jaemtlands_laen__1702__-7a829e7f/0024_DSC_0358/r1l3,638,False,ok,0.2258,ok,0.2258,0.0
Svea_Hovraett_etc_export_job_4502446_842250_Svea_Hovraett_-_Advokatfiskalens_Jaemtlands_laen__1702__-7a829e7f/0024_DSC_0358/r1l4,628,False,ok,0.2727,ok,0.2727,0.0
Svea_Hovraett_etc_export_job_4502446_842250_Svea_Hovraett_-_Advokatfiskalens_Jaemtlands_laen__1702__-7a829e7f/0024_DSC_0358/r1l5,617,False,ok,0.4074,ok,0.4074,0.0
Svea_Hovraett_etc_export_job_4502446_842250_Svea_Hovraett_-_Advokatfiskalens_Jaemtlands_laen__1702__-7a829e7f/0024_DSC_0358/r1l6,192,True,ok,0.2222,ok,0.0,-0.2222
Svea_Hovraett_etc_export_job_4502446_842250_Svea_Hovraett_-_Advokatfiskalens_Jaemtlands_laen__1702__-7a829e7f/0024_DSC_0358/r1l7,738,False,ok,0.2791,ok,0.2791,0.0
Svea_Hovraett_etc_export_job_4502446_842250_Svea_Hovraett_-_Advokatfiskalens_Jaemtlands_laen__1702__-7a829e7f/0024_DSC_0358/r1l8,689,False,ok,0.2857,ok,0.2857,0.0
Svea_Hovraett_etc_export_job_4502446_842250_Svea_Hovraett_-_Advokatfiskalens_Jaemtlands_laen__1702__-7a829e7f/0024_DSC_0358/r1l9,652,False,ok,0.1667,ok,0.1667,0.0
Svea_Hovraett_etc_export_job_4502446_842250_Svea_Hovraett_-_Advokatfiskalens_Jaemtlands_laen__1702__-7a829e7f/0024_DSC_0358/r1l10,621,False,ok,0.3704,ok,0.3704,0.0
Svea_Hovraett_etc_export_job_4502446_842250_Svea_Hovraett_-_Advokatfiskalens_Jaemtlands_laen__1702__-7a829e7f/0024_DSC_0358/r1l11,655,False,ok,0.0833,ok,0.0833,0.0
Svea_Hovraett_etc_export_job_4502446_842250_Svea_Hovraett_-_Advokatfiskalens_Jaemtlands_laen__1702__-7a829e7f/0024_DSC_0358/r1l12,672,False,ok,0.1818,ok,0.1818,0.0
Svea_Hovraett_etc_export_job_4502446_842250_Svea_Hovraett_-_Advokatfiskalens_Jaemtlands_laen__1702__-7a829e7f/0024_DSC_0358/r1l13,669,False,ok,0.0882,ok,0.0882,0.0
Svea_Hovraett_etc_export_job_4502446_842250_Svea_Hovraett_-_Advokatfiskalens_Jaemtlands_laen__1702__-7a829e7f/0024_DSC_0358/r1l14,669,False,ok,0.0571,ok,0.0571,0.0
Svea_Hovraett_etc_export_job_4502446_842250_Svea_Hovraett_-_Advokatfiskalens_Jaemtlands_laen__1702__-7a829e7f/0024_DSC_0358/r1l15,666,False,ok,0.1765,ok,0.1765,0.0
Svea_Hovraett_etc_export_job_4502446_842250_Svea_Hovraett_-_Advokatfiskalens_Jaemtlands_laen__1702__-7a829e7f/0024_DSC_0358/r1l16,677,False,ok,0.2333,ok,0.2333,0.0
Svea_Hovraett_etc_export_job_4502446_842250_Svea_Hovraett_-_Advokatfiskalens_Jaemtlands_laen__1702__-7a829e7f/0024_DSC_0358/r1l17,702,False,ok,0.2121,ok,0.2121,0.0
Svea_Hovraett_etc_export_job_4502446_842250_Svea_Hovraett_-_Advokatfiskalens_Jaemtlands_laen__1702__-7a829e7f/0024_DSC_0358/r1l18,673,False,ok,0.1714,ok,0.1714,0.0
Svea_Hovraett_etc_export_job_4502446_842250_Svea_Hovraett_-_Advokatfiskalens_Jaemtlands_laen__1702__-7a829e7f/0024_DSC_0358/r1l19,665,False,ok,0.1379,ok,0.1379,0.0
Svea_Hovraett_etc_export_job_4502446_842250_Svea_Hovraett_-_Advokatfiskalens_Jaemtlands_laen__1702__-7a829e7f/0024_DSC_0358/r1l20,145,True,ok,0.0,ok,0.0,0.0
Svea_Hovraett_etc_export_job_4502446_842250_Svea_Hovraett_-_Advokatfiskalens_Jaemtlands_laen__1702__-7a829e7f/0024_DSC_0358/r2l1,86,True,ok,0.25,ok,0.5,0.25
Svea_Hovraett_etc_export_job_4502446_842250_Svea_Hovraett_-_Advokatfiskalens_Jaemtlands_laen__1702__-7a829e7f/0024_DSC_0358/r2l2,690,False,ok,0.7838,ok,0.7838,0.0
Svea_Hovraett_etc_export_job_4502446_842250_Svea_Hovraett_-_Advokatfiskalens_Jaemtlands_laen__1702__-7a829e7f/0024_DSC_0358/r2l4,640,False,ok,0.4571,ok,0.4571,0.0
Svea_Hovraett_etc_export_job_4502446_842250_Svea_Hovraett_-_Advokatfiskalens_Jaemtlands_laen__1702__-7a829e7f/0024_DSC_0358/r2l5,658,False,ok,0.9474,ok,0.9474,0.0
Svea_Hovraett_etc_export_job_4502446_842250_Svea_Hovraett_-_Advokatfiskalens_Jaemtlands_laen__1702__-7a829e7f/0024_DSC_0358/r2l6,673,False,ok,0.4054,ok,0.4054,0.0
Svea_Hovraett_etc_export_job_4502446_842250_Svea_Hovraett_-_Advokatfiskalens_Jaemtlands_laen__1702__-7a829e7f/0024_DSC_0358/r2l7,669,False,ok,0.4167,ok,0.4167,0.0
Svea_Hovraett_etc_export_job_4502446_842250_Svea_Hovraett_-_Advokatfiskalens_Jaemtlands_laen__1702__-7a829e7f/0024_DSC_0358/r2l8,666,False,ok,0.0333,ok,0.0333,0.0
Svea_Hovraett_etc_export_job_4502446_842250_Svea_Hovraett_-_Advokatfiskalens_Jaemtlands_laen__1702__-7a829e7f/0024_DSC_0358/r2l9,664,False,ok,0.3235,ok,0.3235,0.0
Svea_Hovraett_etc_export_job_4502446_842250_Svea_Hovraett_-_Advokatfiskalens_Jaemtlands_laen__1702__-7a829e7f/0024_DSC_0358/r2l10,678,False,ok,0.2105,ok,0.2105,0.0
Svea_Hovraett_etc_export_job_4502446_842250_Svea_Hovraett_-_Advokatfiskalens_Jaemtlands_laen__1702__-7a829e7f/0024_DSC_0358/r2l11,681,False,ok,0.2353,ok,0.2353,0.0
Svea_Hovraett_etc_export_job_4502446_842250_Svea_Hovraett_-_Advokatfiskalens_Jaemtlands_laen__1702__-7a829e7f/0024_DSC_0358/r2l12,695,False,ok,0.1515,ok,0.1515,0.0
Svea_Hovraett_etc_export_job_4502446_842250_Svea_Hovraett_-_Advokatfiskalens_Jaemtlands_laen__1702__-7a829e7f/0024_DSC_0358/r2l13,680,False,ok,0.2593,ok,0.2593,0.0
Svea_Hovraett_etc_export_job_4502446_842250_Svea_Hovraett_-_Advokatfiskalens_Jaemtlands_laen__1702__-7a829e7f/0024_DSC_0358/r2l14,682,False,ok,0.1071,ok,0.1071,0.0
Svea_Hovraett_etc_export_job_4502446_842250_Svea_Hovraett_-_Advokatfiskalens_Jaemtlands_laen__1702__-7a829e7f/0024_DSC_0358/r2l15,797,False,ok,0.3,ok,0.3,0.0
Svea_Hovraett_etc_export_job_4502446_842250_Svea_Hovraett_-_Advokatfiskalens_Jaemtlands_laen__1702__-7a829e7f/0024_DSC_0358/r2l16,713,False,ok,0.0976,ok,0.0976,0.0
Svea_Hovraett_etc_export_job_4502446_842250_Svea_Hovraett_-_Advokatfiskalens_Jaemtlands_laen__1702__-7a829e7f/0024_DSC_0358/r2l17,693,False,ok,0.2439,ok,0.2439,0.0
Svea_Hovraett_etc_export_job_4502446_842250_Svea_Hovraett_-_Advokatfiskalens_Jaemtlands_laen__1702__-7a829e7f/0024_DSC_0358/r2l18,58,True,ok,0.6,ok,0.4,-0.2
Svea_Hovraett_etc_export_job_4502446_842250_Svea_Hovraett_-_Advokatfiskalens_Jaemtlands_laen__1702__-7a829e7f/0024_DSC_0358/r2l19,814,False,ok,0.4103,ok,0.4103,0.0
Svea_Hovraett_etc_export_job_4502446_842250_Svea_Hovraett_-_Advokatfiskalens_Jaemtlands_laen__1702__-7a829e7f/0024_DSC_0358/r2l20,729,False,ok,0.2432,ok,0.2432,0.0
Svea_Hovraett_etc_export_job_4502446_842250_Svea_Hovraett_-_Advokatfiskalens_Jaemtlands_laen__1702__-7a829e7f/0024_DSC_0358/r2l21,700,False,ok,0.2647,ok,0.2647,0.0
Svea_Hovraett_etc_export_job_4502446_842250_Svea_Hovraett_-_Advokatfiskalens_Jaemtlands_laen__1702__-7a829e7f/0024_DSC_0358/r2l22,212,True,ok,0.5,ok,0.75,0.25
Svea_Hovraett_etc_export_job_4502446_842250_Svea_Hovraett_-_Advokatfiskalens_Jaemtlands_laen__1702__-7a829e7f/0025_DSC_0359/r1l1,630,False,ok,0.5135,ok,0.5135,0.0
Svea_Hovraett_etc_export_job_4502446_842250_Svea_Hovraett_-_Advokatfiskalens_Jaemtlands_laen__1702__-7a829e7f/0025_DSC_0359/r1l2,386,False,ok,0.2,ok,0.2,0.0
Svea_Hovraett_etc_export_job_4502446_842250_Svea_Hovraett_-_Advokatfiskalens_Jaemtlands_laen__1702__-7a829e7f/0025_DSC_0359/r1l3,720,False,ok,0.6579,ok,0.6579,0.0
Svea_Hovraett_etc_export_job_4502446_842250_Svea_Hovraett_-_Advokatfiskalens_Jaemtlands_laen__1702__-7a829e7f/0025_DSC_0359/r1l4,644,False,ok,0.2857,ok,0.2857,0.0
Svea_Hovraett_etc_export_job_4502446_842250_Svea_Hovraett_-_Advokatfiskalens_Jaemtlands_laen__1702__-7a829e7f/0025_DSC_0359/r1l5,442,False,ok,0.3913,ok,0.3913,0.0
Svea_Hovraett_etc_export_job_4502446_842250_Svea_Hovraett_-_Advokatfiskalens_Jaemtlands_laen__1702__-7a829e7f/0025_DSC_0359/r1l6,737,False,ok,0.2778,ok,0.2778,0.0
Svea_Hovraett_etc_export_job_4502446_842250_Svea_Hovraett_-_Advokatfiskalens_Jaemtlands_laen__1702__-7a829e7f/0025_DSC_0359/r1l7,652,False,ok,0.1875,ok,0.1875,0.0
Svea_Hovraett_etc_export_job_4502446_842250_Svea_Hovraett_-_Advokatfiskalens_Jaemtlands_laen__1702__-7a829e7f/0025_DSC_0359/r1l8,644,False,ok,0.3438,ok,0.3438,0.0
Svea_Hovraett_etc_export_job_4502446_842250_Svea_Hovraett_-_Advokatfiskalens_Jaemtlands_laen__1702__-7a829e7f/0025_DSC_0359/r1l9,656,False,ok,0.1765,ok,0.1765,0.0
Svea_Hovraett_etc_export_job_4502446_842250_Svea_Hovraett_-_Advokatfiskalens_Jaemtlands_laen__1702__-7a829e7f/0025_DSC_0359/r1l10,145,True,ok,0.125,ok,0.125,0.0
Svea_Hovraett_etc_export_job_4502446_842250_Svea_Hovraett_-_Advokatfiskalens_Jaemtlands_laen__1702__-7a829e7f/0025_DSC_0359/r1l11,749,False,ok,0.2368,ok,0.2368,0.0
Svea_Hovraett_etc_export_job_4502446_842250_Svea_Hovraett_-_Advokatfiskalens_Jaemtlands_laen__1702__-7a829e7f/0025_DSC_0359/r1l12,667,False,ok,0.0882,ok,0.0882,0.0
Svea_Hovraett_etc_export_job_4502446_842250_Svea_Hovraett_-_Advokatfiskalens_Jaemtlands_laen__1702__-7a829e7f/0025_DSC_0359/r1l13,687,False,ok,0.0833,ok,0.0833,0.0
Svea_Hovraett_etc_export_job_4502446_842250_Svea_Hovraett_-_Advokatfiskalens_Jaemtlands_laen__1702__-7a829e7f/0025_DSC_0359/r1l14,684,False,ok,0.125,ok,0.125,0.0
Svea_Hovraett_etc_export_job_4502446_842250_Svea_Hovraett_-_Advokatfiskalens_Jaemtlands_laen__1702__-7a829e7f/0025_DSC_0359/r1l15,686,False,ok,0.2051,ok,0.2051,0.0
Svea_Hovraett_etc_export_job_4502446_842250_Svea_Hovraett_-_Advokatfiskalens_Jaemtlands_laen__1702__-7a829e7f/0025_DSC_0359/r1l16,761,False,ok,0.3939,ok,0.3939,0.0
Svea_Hovraett_etc_export_job_4502446_842250_Svea_Hovraett_-_Advokatfiskalens_Jaemtlands_laen__1702__-7a829e7f/0025_DSC_0359/r1l17,164,True,ok,0.5,ok,0.5,0.0
Svea_Hovraett_etc_export_job_4502446_842250_Svea_Hovraett_-_Advokatfiskalens_Jaemtlands_laen__1702__-7a829e7f/0025_DSC_0359/r2l2,78,True,ok,0.75,empty,1.0,0.25
Svea_Hovraett_etc_export_job_4502446_842250_Svea_Hovraett_-_Advokatfiskalens_Jaemtlands_laen__1702__-7a829e7f/0025_DSC_0359/r2l3,680,False,ok,0.6667,ok,0.6667,0.0
Svea_Hovraett_etc_export_job_4502446_842250_Svea_Hovraett_-_Advokatfiskalens_Jaemtlands_laen__1702__-7a829e7f/0025_DSC_0359/r2l4,674,False,ok,0.4595,ok,0.4595,0.0
Svea_Hovraett_etc_export_job_4502446_842250_Svea_Hovraett_-_Advokatfiskalens_Jaemtlands_laen__1702__-7a829e7f/0025_DSC_0359/r2l5,692,False,ok,0.3429,ok,0.3429,0.0
Svea_Hovraett_etc_export_job_4502446_842250_Svea_Hovraett_-_Advokatfiskalens_Jaemtlands_laen__1702__-7a829e7f/0025_DSC_0359/r2l6,697,False,ok,0.4286,ok,0.4286,0.0
Svea_Hovraett_etc_export_job_4502446_842250_Svea_Hovraett_-_Advokatfiskalens_Jaemtlands_laen__1702__-7a829e7f/0025_DSC_0359/r2l7,705,False,ok,0.1622,ok,0.1622,0.0
Svea_Hovraett_etc_export_job_4502446_842250_Svea_Hovraett_-_Advokatfiskalens_Jaemtlands_laen__1702__-7a829e7f/0025_DSC_0359/r2l8,269,False,ok,0.0769,ok,0.0769,0.0
Svea_Hovraett_etc_export_job_4502446_842250_Svea_Hovraett_-_Advokatfiskalens_Jaemtlands_laen__1702__-7a829e7f/0025_DSC_0359/r2l9,775,False,ok,0.5122,ok,0.5122,0.0
Svea_Hovraett_etc_export_job_4502446_842250_Svea_Hovraett_-_Advokatfiskalens_Jaemtlands_laen__1702__-7a829e7f/0025_DSC_0359/r2l10,683,False,ok,0.1143,ok,0.1143,0.0
Svea_Hovraett_etc_export_job_4502446_842250_Svea_Hovraett_-_Advokatfiskalens_Jaemtlands_laen__1702__-7a829e7f/0025_DSC_0359/r2l11,741,False,ok,0.1351,ok,0.1351,0.0
Svea_Hovraett_etc_export_job_4502446_842250_Svea_Hovraett_-_Advokatfiskalens_Jaemtlands_laen__1702__-7a829e7f/0025_DSC_0359/r2l12,714,False,ok,0.25,ok,0.25,0.0
Svea_Hovraett_etc_export_job_4502446_842250_Svea_Hovraett_-_Advokatfiskalens_Jaemtlands_laen__1702__-7a829e7f/0025_DSC_0359/r2l13,748,False,ok,0.2381,ok,0.2381,0.0
Svea_Hovraett_etc_export_job_4502446_842250_Svea_Hovraett_-_Advokatfiskalens_Jaemtlands_laen__1702__-7a829e7f/0025_DSC_0359/r2l14,712,False,ok,0.2667,ok,0.2667,0.0
Svea_Hovraett_etc_export_job_4502446_842250_Svea_Hovraett_-_Advokatfiskalens_Jaemtlands_laen__1702__-7a829e7f/0025_DSC_0359/r2l15,706,False,ok,0.1389,ok,0.1389,0.0
Svea_Hovraett_etc_export_job_4502446_842250_Svea_Hovraett_-_Advokatfiskalens_Jaemtlands_laen__1702__-7a829e7f/0025_DSC_0359/r2l16,745,False,ok,0.359,ok,0.359,0.0
Svea_Hovraett_etc_export_job_4502446_842250_Svea_Hovraett_-_Advokatfiskalens_Jaemtlands_laen__1702__-7a829e7f/0025_DSC_0359/r2l17,745,False,ok,0.3143,ok,0.3143,0.0
Svea_Hovraett_etc_export_job_4502446_842250_Svea_Hovraett_-_Advokatfiskalens_Jaemtlands_laen__1702__-7a829e7f/0025_DSC_0359/r2l18,750,False,ok,0.1818,ok,0.1818,0.0
Svea_Hovraett_etc_export_job_4502446_842250_Svea_Hovraett_-_Advokatfiskalens_Jaemtlands_laen__1702__-7a829e7f/0025_DSC_0359/r2l19,733,False,ok,0.5526,ok,0.5526,0.0
Svea_Hovraett_etc_export_job_4502446_842250_Svea_Hovraett_-_Advokatfiskalens_Jaemtlands_laen__1702__-7a829e7f/0025_DSC_0359/r2l20,425,False,ok,0.2632,ok,0.2632,0.0
Svea_Hovraett_etc_export_job_4502446_842250_Svea_Hovraett_-_Advokatfiskalens_Jaemtlands_laen__1702__-7a829e7f/0025_DSC_0359/r2l21,845,False,ok,0.7209,ok,0.7209,0.0
Svea_Hovraett_etc_export_job_4502446_842250_Svea_Hovraett_-_Advokatfiskalens_Jaemtlands_laen__1702__-7a829e7f/0025_DSC_0359/r2l22,149,True,ok,1.0,ok,1.0,0.0
Svea_Hovraett_etc_export_job_4502446_842250_Svea_Hovraett_-_Advokatfiskalens_Jaemtlands_laen__1702__-7a829e7f/0026_DSC_0361/r1l1,644,False,ok,0.8684,ok,0.8684,0.0
Svea_Hovraett_etc_export_job_4502446_842250_Svea_Hovraett_-_Advokatfiskalens_Jaemtlands_laen__1702__-7a829e7f/0026_DSC_0361/r1l2,650,False,ok,0.3611,ok,0.3611,0.0
Svea_Hovraett_etc_export_job_4502446_842250_Svea_Hovraett_-_Advokatfiskalens_Jaemtlands_laen__1702__-7a829e7f/0026_DSC_0361/r1l3,647,False,ok,0.7027,ok,0.7027,0.0
Svea_Hovraett_etc_export_job_4502446_842250_Svea_Hovraett_-_Advokatfiskalens_Jaemtlands_laen__1702__-7a829e7f/0026_DSC_0361/r1l4,642,False,ok,0.6585,ok,0.6585,0.0
Svea_Hovraett_etc_export_job_4502446_842250_Svea_Hovraett_-_Advokatfiskalens_Jaemtlands_laen__1702__-7a829e7f/0026_DSC_0361/r1l5,659,False,ok,0.3235,ok,0.3235,0.0
Svea_Hovraett_etc_export_job_4502446_842250_Svea_Hovraett_-_Advokatfiskalens_Jaemtlands_laen__1702__-7a829e7f/0026_DSC_0361/r1l6,661,False,ok,0.3226,ok,0.3226,0.0
Svea_Hovraett_etc_export_job_4502446_842250_Svea_Hovraett_-_Advokatfiskalens_Jaemtlands_laen__1702__-7a829e7f/0026_DSC_0361/r1l9,665,False,ok,0.1667,ok,0.1667,0.0
Svea_Hovraett_etc_export_job_4502446_842250_Svea_Hovraett_-_Advokatfiskalens_Jaemtlands_laen__1702__-7a829e7f/0026_DSC_0361/r1l10,671,False,ok,0.1842,ok,0.1842,0.0
Svea_Hovraett_etc_export_job_4502446_842250_Svea_Hovraett_-_Advokatfiskalens_Jaemtlands_laen__1702__-7a829e7f/0026_DSC_0361/r1l11,652,False,ok,0.1613,ok,0.1613,0.0
Svea_Hovraett_etc_export_job_4502446_842250_Svea_Hovraett_-_Advokatfiskalens_Jaemtlands_laen__1702__-7a829e7f/0026_DSC_0361/r1l12,661,False,ok,0.0606,ok,0.0606,0.0
Svea_Hovraett_etc_export_job_4502446_842250_Svea_Hovraett_-_Advokatfiskalens_Jaemtlands_laen__1702__-7a829e7f/0026_DSC_0361/r1l15,689,False,ok,0.2286,ok,0.2286,0.0
Svea_Hovraett_etc_export_job_4502446_842250_Svea_Hovraett_-_Advokatfiskalens_Jaemtlands_laen__1702__-7a829e7f/0026_DSC_0361/r1l16,701,False,ok,0.1842,ok,0.1842,0.0
Svea_Hovraett_etc_export_job_4502446_842250_Svea_Hovraett_-_Advokatfiskalens_Jaemtlands_laen__1702__-7a829e7f/0026_DSC_0361/r1l17,699,False,ok,0.2353,ok,0.2353,0.0
Svea_Hovraett_etc_export_job_4502446_842250_Svea_Hovraett_-_Advokatfiskalens_Jaemtlands_laen__1702__-7a829e7f/0026_DSC_0361/r1l18,693,False,ok,0.0882,ok,0.0882,0.0
Svea_Hovraett_etc_export_job_4502446_842250_Svea_Hovraett_-_Advokatfiskalens_Jaemtlands_laen__1702__-7a829e7f/0026_DSC_0361/r1l19,722,False,ok,0.175,ok,0.175,0.0
Svea_Hovraett_etc_export_job_4502446_842250_Svea_Hovraett_-_Advokatfiskalens_Jaemtlands_laen__1702__-7a829e7f/0026_DSC_0361/r1l20,711,False,ok,0.5455,ok,0.5455,0.0
Svea_Hovraett_etc_export_job_4502446_842250_Svea_Hovraett_-_Advokatfiskalens_Jaemtlands_laen__1702__-7a829e7f/0026_DSC_0361/r1l21,734,False,ok,0.2353,ok,0.2353,0.0
Svea_Hovraett_etc_export_job_4502446_842250_Svea_Hovraett_-_Advokatfiskalens_Jaemtlands_laen__1702__-7a829e7f/0026_DSC_0361/r1l22,171,True,ok,0.8,ok,0.4,-0.4
Svea_Hovraett_etc_export_job_4502446_842250_Svea_Hovraett_-_Advokatfiskalens_Jaemtlands_laen__1702__-7a829e7f/0026_DSC_0361/r2l1,70,True,ok,1.0,empty,1.0,0.0
Svea_Hovraett_etc_export_job_4502446_842250_Svea_Hovraett_-_Advokatfiskalens_Jaemtlands_laen__1702__-7a829e7f/0026_DSC_0361/r2l2,672,False,ok,0.65,ok,0.65,0.0
Svea_Hovraett_etc_export_job_4502446_842250_Svea_Hovraett_-_Advokatfiskalens_Jaemtlands_laen__1702__-7a829e7f/0026_DSC_0361/r2l3,681,False,ok,0.8421,ok,0.8421,0.0
Svea_Hovraett_etc_export_job_4502446_842250_Svea_Hovraett_-_Advokatfiskalens_Jaemtlands_laen__1702__-7a829e7f/0026_DSC_0361/r2l4,708,False,ok,0.5676,ok,0.5676,0.0
Svea_Hovraett_etc_export_job_4502446_842250_Svea_Hovraett_-_Advokatfiskalens_Jaemtlands_laen__1702__-7a829e7f/0026_DSC_0361/r2l5,690,False,ok,0.7778,ok,0.7778,0.0
Svea_Hovraett_etc_export_job_4502446_842250_Svea_Hovraett_-_Advokatfiskalens_Jaemtlands_laen__1702__-7a829e7f/0026_DSC_0361/r2l6,695,False,ok,0.2895,ok,0.2895,0.0
Svea_Hovraett_etc_export_job_4502446_842250_Svea_Hovraett_-_Advokatfiskalens_Jaemtlands_laen__1702__-7a829e7f/0026_DSC_0361/r2l7,708,False,ok,0.1622,ok,0.1622,0.0
Svea_Hovraett_etc_export_job_4502446_842250_Svea_Hovraett_-_Advokatfiskalens_Jaemtlands_laen__1702__-7a829e7f/0026_DSC_0361/r2l8,716,False,ok,0.1562,ok,0.1562,0.0
Svea_Hovraett_etc_export_job_4502446_842250_Svea_Hovraett_-_Advokatfiskalens_Jaemtlands_laen__1702__-7a829e7f/0026_DSC_0361/r2l9,722,False,ok,0.1471,ok,0.1471,0.0
Svea_Hovraett_etc_export_job_4502446_842250_Svea_Hovraett_-_Advokatfiskalens_Jaemtlands_laen__1702__-7a829e7f/0026_DSC_0361/r2l10,716,False,ok,0.2162,ok,0.2162,0.0
Svea_Hovraett_etc_export_job_4502446_842250_Svea_Hovraett_-_Advokatfiskalens_Jaemtlands_laen__1702__-7a829e7f/0026_DSC_0361/r2l11,739,False,ok,0.0789,ok,0.0789,0.0
Svea_Hovraett_etc_export_job_4502446_842250_Svea_Hovraett_-_Advokatfiskalens_Jaemtlands_laen__1702__-7a829e7f/0026_DSC_0361/r2l12,368,False,ok,0.25,ok,0.25,0.0
Svea_Hovraett_etc_export_job_4502446_842250_Svea_Hovraett_-_Advokatfiskalens_Jaemtlands_laen__1702__-7a829e7f/0026_DSC_0361/r2l14,733,False,ok,0.1333,ok,0.1333,0.0
Svea_Hovraett_etc_export_job_4502446_842250_Svea_Hovraett_-_Advokatfiskalens_Jaemtlands_laen__1702__-7a829e7f/0026_DSC_0361/r2l15,766,False,ok,0.2353,ok,0.2353,0.0
Svea_Hovraett_etc_export_job_4502446_842250_Svea_Hovraett_-_Advokatfiskalens_Jaemtlands_laen__1702__-7a829e7f/0026_DSC_0361/r2l16,765,False,ok,0.0952,ok,0.0952,0.0
Svea_Hovraett_etc_export_job_4502446_842250_Svea_Hovraett_-_Advokatfiskalens_Jaemtlands_laen__1702__-7a829e7f/0026_DSC_0361/r2l17,757,False,ok,0.1724,ok,0.1724,0.0
Svea_Hovraett_etc_export_job_4502446_842250_Svea_Hovraett_-_Advokatfiskalens_Jaemtlands_laen__1702__-7a829e7f/0026_DSC_0361/r2l18,751,False,ok,0.2432,ok,0.2432,0.0
Svea_Hovraett_etc_export_job_4502446_842250_Svea_Hovraett_-_Advokatfiskalens_Jaemtlands_laen__1702__-7a829e7f/0026_DSC_0361/r2l19,766,False,ok,0.0857,ok,0.0857,0.0
Svea_Hovraett_etc_export_job_4502446_842250_Svea_Hovraett_-_Advokatfiskalens_Jaemtlands_laen__1702__-7a829e7f/0026_DSC_0361/r2l20,767,False,ok,0.1282,ok,0.1282,0.0
Svea_Hovraett_etc_export_job_4502446_842250_Svea_Hovraett_-_Advokatfiskalens_Jaemtlands_laen__1702__-7a829e7f/0026_DSC_0361/line_1637853207295_1650,798,False,ok,0.1875,ok,0.1875,0.0
Svea_Hovraett_etc_export_job_4502446_842250_Svea_Hovraett_-_Advokatfiskalens_Jaemtlands_laen__1702__-7a829e7f/0026_DSC_0361/r2l23,748,False,ok,0.3684,ok,0.3684,0.0
Svea_Hovraett_etc_export_job_4502446_842250_Svea_Hovraett_-_Advokatfiskalens_Jaemtlands_laen__1702__-7a829e7f/0026_DSC_0361/r2l24,167,True,ok,0.75,ok,1.0,0.25
Svea_Hovraett_etc_export_job_4502446_842250_Svea_Hovraett_-_Advokatfiskalens_Jaemtlands_laen__1702__-7a829e7f/0027_DSC_0362/r2l1,702,False,ok,0.1111,ok,0.1111,0.0
Svea_Hovraett_etc_export_job_4502446_842250_Svea_Hovraett_-_Advokatfiskalens_Jaemtlands_laen__1702__-7a829e7f/0027_DSC_0362/r2l2,371,False,ok,0.3913,ok,0.3913,0.0
Svea_Hovraett_etc_export_job_4502446_842250_Svea_Hovraett_-_Advokatfiskalens_Jaemtlands_laen__1702__-7a829e7f/0027_DSC_0362/r2l3,751,False,ok,0.4,ok,0.4,0.0
Svea_Hovraett_etc_export_job_4502446_842250_Svea_Hovraett_-_Advokatfiskalens_Jaemtlands_laen__1702__-7a829e7f/0027_DSC_0362/r2l4,693,False,ok,0.1818,ok,0.1818,0.0
Svea_Hovraett_etc_export_job_4502446_842250_Svea_Hovraett_-_Advokatfiskalens_Jaemtlands_laen__1702__-7a829e7f/0027_DSC_0362/r2l5,714,False,ok,0.1143,ok,0.1143,0.0
Svea_Hovraett_etc_export_job_4502446_842250_Svea_Hovraett_-_Advokatfiskalens_Jaemtlands_laen__1702__-7a829e7f/0027_DSC_0362/r2l6,716,False,ok,0.1471,ok,0.1471,0.0
Svea_Hovraett_etc_export_job_4502446_842250_Svea_Hovraett_-_Advokatfiskalens_Jaemtlands_laen__1702__-7a829e7f/0027_DSC_0362/r2l7,718,False,ok,0.2581,ok,0.2581,0.0
Svea_Hovraett_etc_export_job_4502446_842250_Svea_Hovraett_-_Advokatfiskalens_Jaemtlands_laen__1702__-7a829e7f/0027_DSC_0362/r2l8,723,False,ok,0.1429,ok,0.1429,0.0
Svea_Hovraett_etc_export_job_4502446_842250_Svea_Hovraett_-_Advokatfiskalens_Jaemtlands_laen__1702__-7a829e7f/0027_DSC_0362/r2l9,83,True,ok,0.25,ok,0.5,0.25
Svea_Hovraett_etc_export_job_4502446_842250_Svea_Hovraett_-_Advokatfiskalens_Jaemtlands_laen__1702__-7a829e7f/0027_DSC_0362/r2l10,796,False,ok,0.3158,ok,0.3158,0.0
Svea_Hovraett_etc_export_job_4502446_842250_Svea_Hovraett_-_Advokatfiskalens_Jaemtlands_laen__1702__-7a829e7f/0027_DSC_0362/r2l11,724,False,ok,0.1842,ok,0.1842,0.0
Svea_Hovraett_etc_export_job_4502446_842250_Svea_Hovraett_-_Advokatfiskalens_Jaemtlands_laen__1702__-7a829e7f/0027_DSC_0362/r2l12,715,False,ok,0.1818,ok,0.1818,0.0
Svea_Hovraett_etc_export_job_4502446_842250_Svea_Hovraett_-_Advokatfiskalens_Jaemtlands_laen__1702__-7a829e7f/0027_DSC_0362/r2l13,740,False,ok,0.0556,ok,0.0556,0.0
Svea_Hovraett_etc_export_job_4502446_842250_Svea_Hovraett_-_Advokatfiskalens_Jaemtlands_laen__1702__-7a829e7f/0027_DSC_0362/r2l14,738,False,ok,0.2222,ok,0.2222,0.0
Svea_Hovraett_etc_export_job_4502446_842250_Svea_Hovraett_-_Advokatfiskalens_Jaemtlands_laen__1702__-7a829e7f/0027_DSC_0362/r2l15,733,False,ok,0.275,ok,0.275,0.0
Svea_Hovraett_etc_export_job_4502446_842250_Svea_Hovraett_-_Advokatfiskalens_Jaemtlands_laen__1702__-7a829e7f/0027_DSC_0362/r2l16,763,False,ok,0.1471,ok,0.1471,0.0
Svea_Hovraett_etc_export_job_4502446_842250_Svea_Hovraett_-_Advokatfiskalens_Jaemtlands_laen__1702__-7a829e7f/0027_DSC_0362/r2l17,756,False,ok,0.1842,ok,0.1842,0.0
Svea_Hovraett_etc_export_job_4502446_842250_Svea_Hovraett_-_Advokatfiskalens_Jaemtlands_laen__1702__-7a829e7f/0027_DSC_0362/r2l19,123,True,ok,0.6667,ok,0.6667,0.0
Svea_Hovraett_etc_export_job_4502446_842250_Svea_Hovraett_-_Advokatfiskalens_Jaemtlands_laen__1702__-7a829e7f/0027_DSC_0362/r3l1,78,True,ok,0.5,empty,1.0,0.5
Svea_Hovraett_etc_export_job_4502446_842250_Svea_Hovraett_-_Advokatfiskalens_Jaemtlands_laen__1702__-7a829e7f/0027_DSC_0362/r3l2,664,False,ok,0.4474,ok,0.4474,0.0
Svea_Hovraett_etc_export_job_4502446_842250_Svea_Hovraett_-_Advokatfiskalens_Jaemtlands_laen__1702__-7a829e7f/0027_DSC_0362/r3l3,703,False,ok,0.2703,ok,0.2703,0.0
Svea_Hovraett_etc_export_job_4502446_842250_Svea_Hovraett_-_Advokatfiskalens_Jaemtlands_laen__1702__-7a829e7f/0027_DSC_0362/r3l4,705,False,ok,0.1351,ok,0.1351,0.0
Svea_Hovraett_etc_export_job_4502446_842250_Svea_Hovraett_-_Advokatfiskalens_Jaemtlands_laen__1702__-7a829e7f/0027_DSC_0362/r3l5,673,False,ok,0.2,ok,0.2,0.0
Svea_Hovraett_etc_export_job_4502446_842250_Svea_Hovraett_-_Advokatfiskalens_Jaemtlands_laen__1702__-7a829e7f/0027_DSC_0362/r3l6,735,False,ok,0.4706,ok,0.4706,0.0
Svea_Hovraett_etc_export_job_4502446_842250_Svea_Hovraett_-_Advokatfiskalens_Jaemtlands_laen__1702__-7a829e7f/0027_DSC_0362/r3l7,786,False,ok,0.4878,ok,0.4878,0.0
Svea_Hovraett_etc_export_job_4502446_842250_Svea_Hovraett_-_Advokatfiskalens_Jaemtlands_laen__1702__-7a829e7f/0027_DSC_0362/r3l8,733,False,ok,0.0541,ok,0.0541,0.0
Svea_Hovraett_etc_export_job_4502446_842250_Svea_Hovraett_-_Advokatfiskalens_Jaemtlands_laen__1702__-7a829e7f/0027_DSC_0362/r3l9,426,False,ok,0.3,ok,0.3,0.0
Svea_Hovraett_etc_export_job_4502446_842250_Svea_Hovraett_-_Advokatfiskalens_Jaemtlands_laen__1702__-7a829e7f/0027_DSC_0362/r3l10,723,False,ok,0.0606,ok,0.0606,0.0
Svea_Hovraett_etc_export_job_4502446_842250_Svea_Hovraett_-_Advokatfiskalens_Jaemtlands_laen__1702__-7a829e7f/0027_DSC_0362/r3l11,709,False,ok,0.129,ok,0.129,0.0
Svea_Hovraett_etc_export_job_4502446_842250_Svea_Hovraett_-_Advokatfiskalens_Jaemtlands_laen__1702__-7a829e7f/0027_DSC_0362/r3l12,404,False,ok,0.0909,ok,0.0909,0.0
Svea_Hovraett_etc_export_job_4502446_842250_Svea_Hovraett_-_Advokatfiskalens_Jaemtlands_laen__1702__-7a829e7f/0027_DSC_0362/r3l13,805,False,ok,0.2045,ok,0.2045,0.0
Svea_Hovraett_etc_export_job_4502446_842250_Svea_Hovraett_-_Advokatfiskalens_Jaemtlands_laen__1702__-7a829e7f/0027_DSC_0362/r3l14,733,False,ok,0.1176,ok,0.1176,0.0
Svea_Hovraett_etc_export_job_4502446_842250_Svea_Hovraett_-_Advokatfiskalens_Jaemtlands_laen__1702__-7a829e7f/0027_DSC_0362/r3l15,733,False,ok,0.1515,ok,0.1515,0.0
Svea_Hovraett_etc_export_job_4502446_842250_Svea_Hovraett_-_Advokatfiskalens_Jaemtlands_laen__1702__-7a829e7f/0027_DSC_0362/r3l16,741,False,ok,0.1667,ok,0.1667,0.0
Svea_Hovraett_etc_export_job_4502446_842250_Svea_Hovraett_-_Advokatfiskalens_Jaemtlands_laen__1702__-7a829e7f/0027_DSC_0362/r3l17,733,False,ok,0.1875,ok,0.1875,0.0
Svea_Hovraett_etc_export_job_4502446_842250_Svea_Hovraett_-_Advokatfiskalens_Jaemtlands_laen__1702__-7a829e7f/0027_DSC_0362/r3l18,758,False,ok,0.1034,ok,0.1034,0.0
Svea_Hovraett_etc_export_job_4502446_842250_Svea_Hovraett_-_Advokatfiskalens_Jaemtlands_laen__1702__-7a829e7f/0027_DSC_0362/r3l20,152,True,ok,0.2,ok,0.4,0.2
Svea_Hovraett_etc_export_job_4502446_842250_Svea_Hovraett_-_Advokatfiskalens_Jaemtlands_laen__1702__-7a829e7f/0028_DSC_0364/r1l1,682,False,ok,0.1818,ok,0.1818,0.0
Svea_Hovraett_etc_export_job_4502446_842250_Svea_Hovraett_-_Advokatfiskalens_Jaemtlands_laen__1702__-7a829e7f/0028_DSC_0364/r1l2,780,False,ok,0.2632,ok,0.2632,0.0
Svea_Hovraett_etc_export_job_4502446_842250_Svea_Hovraett_-_Advokatfiskalens_Jaemtlands_laen__1702__-7a829e7f/0028_DSC_0364/r1l3,691,False,ok,0.2,ok,0.2,0.0
Svea_Hovraett_etc_export_job_4502446_842250_Svea_Hovraett_-_Advokatfiskalens_Jaemtlands_laen__1702__-7a829e7f/0028_DSC_0364/r1l4,699,False,ok,0.1944,ok,0.1944,0.0
Svea_Hovraett_etc_export_job_4502446_842250_Svea_Hovraett_-_Advokatfiskalens_Jaemtlands_laen__1702__-7a829e7f/0028_DSC_0364/r1l5,688,False,ok,0.1944,ok,0.1944,0.0
Svea_Hovraett_etc_export_job_4502446_842250_Svea_Hovraett_-_Advokatfiskalens_Jaemtlands_laen__1702__-7a829e7f/0028_DSC_0364/r1l6,716,False,ok,0.1765,ok,0.1765,0.0
Svea_Hovraett_etc_export_job_4502446_842250_Svea_Hovraett_-_Advokatfiskalens_Jaemtlands_laen__1702__-7a829e7f/0028_DSC_0364/r1l7,725,False,ok,0.1613,ok,0.1613,0.0
Svea_Hovraett_etc_export_job_4502446_842250_Svea_Hovraett_-_Advokatfiskalens_Jaemtlands_laen__1702__-7a829e7f/0028_DSC_0364/r1l8,723,False,ok,0.2353,ok,0.2353,0.0
Svea_Hovraett_etc_export_job_4502446_842250_Svea_Hovraett_-_Advokatfiskalens_Jaemtlands_laen__1702__-7a829e7f/0028_DSC_0364/r1l9,725,False,ok,0.3429,ok,0.3429,0.0
Svea_Hovraett_etc_export_job_4502446_842250_Svea_Hovraett_-_Advokatfiskalens_Jaemtlands_laen__1702__-7a829e7f/0028_DSC_0364/r1l10,744,False,ok,0.0303,ok,0.0303,0.0
Svea_Hovraett_etc_export_job_4502446_842250_Svea_Hovraett_-_Advokatfiskalens_Jaemtlands_laen__1702__-7a829e7f/0028_DSC_0364/r1l11,738,False,ok,0.0909,ok,0.0909,0.0
Svea_Hovraett_etc_export_job_4502446_842250_Svea_Hovraett_-_Advokatfiskalens_Jaemtlands_laen__1702__-7a829e7f/0028_DSC_0364/r1l12,759,False,ok,0.2727,ok,0.2727,0.0
Svea_Hovraett_etc_export_job_4502446_842250_Svea_Hovraett_-_Advokatfiskalens_Jaemtlands_laen__1702__-7a829e7f/0028_DSC_0364/r1l13,744,False,ok,0.2703,ok,0.2703,0.0
Svea_Hovraett_etc_export_job_4502446_842250_Svea_Hovraett_-_Advokatfiskalens_Jaemtlands_laen__1702__-7a829e7f/0028_DSC_0364/r1l14,747,False,ok,0.2,ok,0.2,0.0
Svea_Hovraett_etc_export_job_4502446_842250_Svea_Hovraett_-_Advokatfiskalens_Jaemtlands_laen__1702__-7a829e7f/0028_DSC_0364/r1l15,763,False,ok,0.0312,ok,0.0312,0.0
Svea_Hovraett_etc_export_job_4502446_842250_Svea_Hovraett_-_Advokatfiskalens_Jaemtlands_laen__1702__-7a829e7f/0028_DSC_0364/r1l16,730,False,ok,0.0312,ok,0.0312,0.0
Svea_Hovraett_etc_export_job_4502446_842250_Svea_Hovraett_-_Advokatfiskalens_Jaemtlands_laen__1702__-7a829e7f/0028_DSC_0364/r1l17,746,False,ok,0.1515,ok,0.1515,0.0
Svea_Hovraett_etc_export_job_4502446_842250_Svea_Hovraett_-_Advokatfiskalens_Jaemtlands_laen__1702__-7a829e7f/0028_DSC_0364/r1l18,757,False,ok,0.2812,ok,0.2812,0.0
Svea_Hovraett_etc_export_job_4502446_842250_Svea_Hovraett_-_Advokatfiskalens_Jaemtlands_laen__1702__-7a829e7f/0028_DSC_0364/r1l19,793,False,ok,0.1562,ok,0.1562,0.0
Svea_Hovraett_etc_export_job_4502446_842250_Svea_Hovraett_-_Advokatfiskalens_Jaemtlands_laen__1702__-7a829e7f/0028_DSC_0364/r1l20,143,True,ok,0.4444,ok,0.4444,0.0
Svea_Hovraett_etc_export_job_4502446_842250_Svea_Hovraett_-_Advokatfiskalens_Jaemtlands_laen__1702__-7a829e7f/0028_DSC_0364/r2l1,86,True,ok,0.5,ok,0.5,0.0
Svea_Hovraett_etc_export_job_4502446_842250_Svea_Hovraett_-_Advokatfiskalens_Jaemtlands_laen__1702__-7a829e7f/0028_DSC_0364/r2l2,670,False,ok,0.5122,ok,0.5122,0.0
Svea_Hovraett_etc_export_job_4502446_842250_Svea_Hovraett_-_Advokatfiskalens_Jaemtlands_laen__1702__-7a829e7f/0028_DSC_0364/r2l3,702,False,ok,0.8056,ok,0.8056,0.0
Svea_Hovraett_etc_export_job_4502446_842250_Svea_Hovraett_-_Advokatfiskalens_Jaemtlands_laen__1702__-7a829e7f/0028_DSC_0364/r2l4,713,False,ok,0.6216,ok,0.6216,0.0
Svea_Hovraett_etc_export_job_4502446_842250_Svea_Hovraett_-_Advokatfiskalens_Jaemtlands_laen__1702__-7a829e7f/0028_DSC_0364/r2l5,702,False,ok,0.3143,ok,0.3143,0.0
Svea_Hovraett_etc_export_job_4502446_842250_Svea_Hovraett_-_Advokatfiskalens_Jaemtlands_laen__1702__-7a829e7f/0028_DSC_0364/r2l6,728,False,ok,0.5714,ok,0.5714,0.0
Svea_Hovraett_etc_export_job_4502446_842250_Svea_Hovraett_-_Advokatfiskalens_Jaemtlands_laen__1702__-7a829e7f/0028_DSC_0364/r2l7,492,False,ok,0.4545,ok,0.4545,0.0
Svea_Hovraett_etc_export_job_4502446_842250_Svea_Hovraett_-_Advokatfiskalens_Jaemtlands_laen__1702__-7a829e7f/0028_DSC_0364/r2l8,731,False,ok,0.1333,ok,0.1333,0.0
Svea_Hovraett_etc_export_job_4502446_842250_Svea_Hovraett_-_Advokatfiskalens_Jaemtlands_laen__1702__-7a829e7f/0028_DSC_0364/r2l9,740,False,ok,0.4737,ok,0.4737,0.0
Svea_Hovraett_etc_export_job_4502446_842250_Svea_Hovraett_-_Advokatfiskalens_Jaemtlands_laen__1702__-7a829e7f/0028_DSC_0364/r2l10,745,False,ok,0.2647,ok,0.2647,0.0
Svea_Hovraett_etc_export_job_4502446_842250_Svea_Hovraett_-_Advokatfiskalens_Jaemtlands_laen__1702__-7a829e7f/0028_DSC_0364/r2l11,767,False,ok,0.3143,ok,0.3143,0.0
Svea_Hovraett_etc_export_job_4502446_842250_Svea_Hovraett_-_Advokatfiskalens_Jaemtlands_laen__1702__-7a829e7f/0028_DSC_0364/r2l12,741,False,ok,0.125,ok,0.125,0.0
Svea_Hovraett_etc_export_job_4502446_842250_Svea_Hovraett_-_Advokatfiskalens_Jaemtlands_laen__1702__-7a829e7f/0028_DSC_0364/r2l13,764,False,ok,0.0541,ok,0.0541,0.0
Svea_Hovraett_etc_export_job_4502446_842250_Svea_Hovraett_-_Advokatfiskalens_Jaemtlands_laen__1702__-7a829e7f/0028_DSC_0364/r2l15,777,False,ok,0.1622,ok,0.1622,0.0
Svea_Hovraett_etc_export_job_4502446_842250_Svea_Hovraett_-_Advokatfiskalens_Jaemtlands_laen__1702__-7a829e7f/0028_DSC_0364/r2l16,786,False,ok,0.1176,ok,0.1176,0.0
Svea_Hovraett_etc_export_job_4502446_842250_Svea_Hovraett_-_Advokatfiskalens_Jaemtlands_laen__1702__-7a829e7f/0028_DSC_0364/r2l17,760,False,ok,0.1034,ok,0.1034,0.0
Svea_Hovraett_etc_export_job_4502446_842250_Svea_Hovraett_-_Advokatfiskalens_Jaemtlands_laen__1702__-7a829e7f/0028_DSC_0364/r2l18,778,False,ok,0.1707,ok,0.1707,0.0
Svea_Hovraett_etc_export_job_4502446_842250_Svea_Hovraett_-_Advokatfiskalens_Jaemtlands_laen__1702__-7a829e7f/0028_DSC_0364/r2l19,764,False,ok,0.1667,ok,0.1667,0.0
Svea_Hovraett_etc_export_job_4502446_842250_Svea_Hovraett_-_Advokatfiskalens_Jaemtlands_laen__1702__-7a829e7f/0028_DSC_0364/r2l20,684,False,ok,0.1,ok,0.1,0.0
Svea_Hovraett_etc_export_job_4502446_842250_Svea_Hovraett_-_Advokatfiskalens_Jaemtlands_laen__1702__-7a829e7f/0028_DSC_0364/r2l21,914,False,ok,0.3077,ok,0.3077,0.0
Svea_Hovraett_etc_export_job_4502446_842250_Svea_Hovraett_-_Advokatfiskalens_Jaemtlands_laen__1702__-7a829e7f/0028_DSC_0364/r2l22,172,True,ok,0.4,ok,0.4,0.0
Svea_Hovraett_etc_export_job_4502446_842250_Svea_Hovraett_-_Advokatfiskalens_Jaemtlands_laen__1702__-7a829e7f/0029_DSC_0365/r1l2,654,False,ok,0.5278,ok,0.5278,0.0
Svea_Hovraett_etc_export_job_4502446_842250_Svea_Hovraett_-_Advokatfiskalens_Jaemtlands_laen__1702__-7a829e7f/0029_DSC_0365/r1l3,660,False,ok,0.5714,ok,0.5714,0.0
Svea_Hovraett_etc_export_job_4502446_842250_Svea_Hovraett_-_Advokatfiskalens_Jaemtlands_laen__1702__-7a829e7f/0029_DSC_0365/r1l4,643,False,ok,0.2778,ok,0.2778,0.0
Svea_Hovraett_etc_export_job_4502446_842250_Svea_Hovraett_-_Advokatfiskalens_Jaemtlands_laen__1702__-7a829e7f/0029_DSC_0365/r1l5,653,False,ok,0.4857,ok,0.4857,0.0
Svea_Hovraett_etc_export_job_4502446_842250_Svea_Hovraett_-_Advokatfiskalens_Jaemtlands_laen__1702__-7a829e7f/0029_DSC_0365/r1l6,680,False,ok,0.2973,ok,0.2973,0.0
Svea_Hovraett_etc_export_job_4502446_842250_Svea_Hovraett_-_Advokatfiskalens_Jaemtlands_laen__1702__-7a829e7f/0029_DSC_0365/r1l7,683,False,ok,0.2059,ok,0.2059,0.0
Svea_Hovraett_etc_export_job_4502446_842250_Svea_Hovraett_-_Advokatfiskalens_Jaemtlands_laen__1702__-7a829e7f/0029_DSC_0365/r1l8,690,False,ok,0.0,ok,0.0,0.0
Svea_Hovraett_etc_export_job_4502446_842250_Svea_Hovraett_-_Advokatfiskalens_Jaemtlands_laen__1702__-7a829e7f/0029_DSC_0365/r1l9,691,False,ok,0.225,ok,0.225,0.0
Svea_Hovraett_etc_export_job_4502446_842250_Svea_Hovraett_-_Advokatfiskalens_Jaemtlands_laen__1702__-7a829e7f/0029_DSC_0365/r1l10,681,False,ok,0.1471,ok,0.1471,0.0
Svea_Hovraett_etc_export_job_4502446_842250_Svea_Hovraett_-_Advokatfiskalens_Jaemtlands_laen__1702__-7a829e7f/0029_DSC_0365/r1l11,700,False,ok,0.1316,ok,0.1316,0.0
Svea_Hovraett_etc_export_job_4502446_842250_Svea_Hovraett_-_Advokatfiskalens_Jaemtlands_laen__1702__-7a829e7f/0029_DSC_0365/r1l12,683,False,ok,0.2051,ok,0.2051,0.0
Svea_Hovraett_etc_export_job_4502446_842250_Svea_Hovraett_-_Advokatfiskalens_Jaemtlands_laen__1702__-7a829e7f/0029_DSC_0365/r1l13,694,False,ok,0.1143,ok,0.1143,0.0
Svea_Hovraett_etc_export_job_4502446_842250_Svea_Hovraett_-_Advokatfiskalens_Jaemtlands_laen__1702__-7a829e7f/0029_DSC_0365/r1l14,720,False,ok,0.0882,ok,0.0882,0.0
Svea_Hovraett_etc_export_job_4502446_842250_Svea_Hovraett_-_Advokatfiskalens_Jaemtlands_laen__1702__-7a829e7f/0029_DSC_0365/r1l15,718,False,ok,0.0857,ok,0.0857,0.0
Svea_Hovraett_etc_export_job_4502446_842250_Svea_Hovraett_-_Advokatfiskalens_Jaemtlands_laen__1702__-7a829e7f/0029_DSC_0365/r1l16,720,False,ok,0.1389,ok,0.1389,0.0
Svea_Hovraett_etc_export_job_4502446_842250_Svea_Hovraett_-_Advokatfiskalens_Jaemtlands_laen__1702__-7a829e7f/0029_DSC_0365/r1l17,728,False,ok,0.1111,ok,0.1111,0.0
Svea_Hovraett_etc_export_job_4502446_842250_Svea_Hovraett_-_Advokatfiskalens_Jaemtlands_laen__1702__-7a829e7f/0029_DSC_0365/r1l19,742,False,ok,0.0882,ok,0.0882,0.0
Svea_Hovraett_etc_export_job_4502446_842250_Svea_Hovraett_-_Advokatfiskalens_Jaemtlands_laen__1702__-7a829e7f/0029_DSC_0365/r1l20,760,False,ok,0.2121,ok,0.2121,0.0
Svea_Hovraett_etc_export_job_4502446_842250_Svea_Hovraett_-_Advokatfiskalens_Jaemtlands_laen__1702__-7a829e7f/0029_DSC_0365/r1l21,750,False,ok,0.1944,ok,0.1944,0.0
Svea_Hovraett_etc_export_job_4502446_842250_Svea_Hovraett_-_Advokatfiskalens_Jaemtlands_laen__1702__-7a829e7f/0029_DSC_0365/r1l22,144,True,ok,0.4286,ok,0.4286,0.0
Svea_Hovraett_etc_export_job_4502446_842250_Svea_Hovraett_-_Advokatfiskalens_Jaemtlands_laen__1702__-7a829e7f/0029_DSC_0365/r2l1,84,True,ok,0.75,empty,1.0,0.25
Svea_Hovraett_etc_export_job_4502446_842250_Svea_Hovraett_-_Advokatfiskalens_Jaemtlands_laen__1702__-7a829e7f/0029_DSC_0365/r2l2,687,False,ok,0.7,ok,0.7,0.0
Svea_Hovraett_etc_export_job_4502446_842250_Svea_Hovraett_-_Advokatfiskalens_Jaemtlands_laen__1702__-7a829e7f/0029_DSC_0365/r2l3,675,False,ok,0.7647,ok,0.7647,0.0
Svea_Hovraett_etc_export_job_4502446_842250_Svea_Hovraett_-_Advokatfiskalens_Jaemtlands_laen__1702__-7a829e7f/0029_DSC_0365/r2l4,701,False,ok,0.2703,ok,0.2703,0.0
Svea_Hovraett_etc_export_job_4502446_842250_Svea_Hovraett_-_Advokatfiskalens_Jaemtlands_laen__1702__-7a829e7f/0029_DSC_0365/r2l5,687,False,ok,0.2286,ok,0.2286,0.0
Svea_Hovraett_etc_export_job_4502446_842250_Svea_Hovraett_-_Advokatfiskalens_Jaemtlands_laen__1702__-7a829e7f/0029_DSC_0365/r2l6,678,False,ok,0.1818,ok,0.1818,0.0
Svea_Hovraett_etc_export_job_4502446_842250_Svea_Hovraett_-_Advokatfiskalens_Jaemtlands_laen__1702__-7a829e7f/0029_DSC_0365/r2l7,690,False,ok,0.4848,ok,0.4848,0.0
Svea_Hovraett_etc_export_job_4502446_842250_Svea_Hovraett_-_Advokatfiskalens_Jaemtlands_laen__1702__-7a829e7f/0029_DSC_0365/r2l8,539,False,ok,0.3448,ok,0.3448,0.0
Svea_Hovraett_etc_export_job_4502446_842250_Svea_Hovraett_-_Advokatfiskalens_Jaemtlands_laen__1702__-7a829e7f/0029_DSC_0365/r2l9,745,False,ok,0.2895,ok,0.2895,0.0
Svea_Hovraett_etc_export_job_4502446_842250_Svea_Hovraett_-_Advokatfiskalens_Jaemtlands_laen__1702__-7a829e7f/0029_DSC_0365/r2l10,744,False,ok,0.1944,ok,0.1944,0.0
Svea_Hovraett_etc_export_job_4502446_842250_Svea_Hovraett_-_Advokatfiskalens_Jaemtlands_laen__1702__-7a829e7f/0029_DSC_0365/r2l11,724,False,ok,0.1667,ok,0.1667,0.0
Svea_Hovraett_etc_export_job_4502446_842250_Svea_Hovraett_-_Advokatfiskalens_Jaemtlands_laen__1702__-7a829e7f/0029_DSC_0365/r2l12,744,False,ok,0.0811,ok,0.0811,0.0
Svea_Hovraett_etc_export_job_4502446_842250_Svea_Hovraett_-_Advokatfiskalens_Jaemtlands_laen__1702__-7a829e7f/0029_DSC_0365/r2l13,705,False,ok,0.0645,ok,0.0645,0.0
Svea_Hovraett_etc_export_job_4502446_842250_Svea_Hovraett_-_Advokatfiskalens_Jaemtlands_laen__1702__-7a829e7f/0029_DSC_0365/r2l14,734,False,ok,0.1111,ok,0.1111,0.0
Svea_Hovraett_etc_export_job_4502446_842250_Svea_Hovraett_-_Advokatfiskalens_Jaemtlands_laen__1702__-7a829e7f/0029_DSC_0365/r2l15,767,False,ok,0.0263,ok,0.0263,0.0
Svea_Hovraett_etc_export_job_4502446_842250_Svea_Hovraett_-_Advokatfiskalens_Jaemtlands_laen__1702__-7a829e7f/0029_DSC_0365/r2l16,767,False,ok,0.0811,ok,0.0811,0.0
Svea_Hovraett_etc_export_job_4502446_842250_Svea_Hovraett_-_Advokatfiskalens_Jaemtlands_laen__1702__-7a829e7f/0029_DSC_0365/r2l17,788,False,ok,0.1282,ok,0.1282,0.0
Svea_Hovraett_etc_export_job_4502446_842250_Svea_Hovraett_-_Advokatfiskalens_Jaemtlands_laen__1702__-7a829e7f/0029_DSC_0365/r2l18,411,False,ok,0.1765,ok,0.1765,0.0
Svea_Hovraett_etc_export_job_4502446_842250_Svea_Hovraett_-_Advokatfiskalens_Jaemtlands_laen__1702__-7a829e7f/0029_DSC_0365/r2l19,885,False,ok,0.7297,ok,0.7297,0.0
Svea_Hovraett_etc_export_job_4502446_842250_Svea_Hovraett_-_Advokatfiskalens_Jaemtlands_laen__1702__-7a829e7f/0029_DSC_0365/r2l21,134,True,empty,1.0,empty,1.0,0.0
Svea_Hovraett_etc_export_job_4502446_842250_Svea_Hovraett_-_Advokatfiskalens_Jaemtlands_laen__1702__-7a829e7f/0030_DSC_0366/r2l2,672,False,ok,0.2121,ok,0.2121,0.0
Svea_Hovraett_etc_export_job_4502446_842250_Svea_Hovraett_-_Advokatfiskalens_Jaemtlands_laen__1702__-7a829e7f/0030_DSC_0366/r2l3,674,False,ok,0.1944,ok,0.1944,0.0
Svea_Hovraett_etc_export_job_4502446_842250_Svea_Hovraett_-_Advokatfiskalens_Jaemtlands_laen__1702__-7a829e7f/0030_DSC_0366/r2l4,689,False,ok,0.3,ok,0.3,0.0
Svea_Hovraett_etc_export_job_4502446_842250_Svea_Hovraett_-_Advokatfiskalens_Jaemtlands_laen__1702__-7a829e7f/0030_DSC_0366/r2l5,682,False,ok,0.2059,ok,0.2059,0.0
Svea_Hovraett_etc_export_job_4502446_842250_Svea_Hovraett_-_Advokatfiskalens_Jaemtlands_laen__1702__-7a829e7f/0030_DSC_0366/r2l6,672,False,ok,0.2581,ok,0.2581,0.0
Svea_Hovraett_etc_export_job_4502446_842250_Svea_Hovraett_-_Advokatfiskalens_Jaemtlands_laen__1702__-7a829e7f/0030_DSC_0366/r2l7,683,False,ok,0.1714,ok,0.1714,0.0
Svea_Hovraett_etc_export_job_4502446_842250_Svea_Hovraett_-_Advokatfiskalens_Jaemtlands_laen__1702__-7a829e7f/0030_DSC_0366/r2l8,683,False,ok,0.3158,ok,0.3158,0.0
Svea_Hovraett_etc_export_job_4502446_842250_Svea_Hovraett_-_Advokatfiskalens_Jaemtlands_laen__1702__-7a829e7f/0030_DSC_0366/r2l9,778,False,ok,0.3824,ok,0.3824,0.0
Svea_Hovraett_etc_export_job_4502446_842250_Svea_Hovraett_-_Advokatfiskalens_Jaemtlands_laen__1702__-7a829e7f/0030_DSC_0366/r2l10,719,False,ok,0.1071,ok,0.1071,0.0
Svea_Hovraett_etc_export_job_4502446_842250_Svea_Hovraett_-_Advokatfiskalens_Jaemtlands_laen__1702__-7a829e7f/0030_DSC_0366/r2l11,697,False,ok,0.1613,ok,0.1613,0.0
Svea_Hovraett_etc_export_job_4502446_842250_Svea_Hovraett_-_Advokatfiskalens_Jaemtlands_laen__1702__-7a829e7f/0030_DSC_0366/r2l12,717,False,ok,0.1765,ok,0.1765,0.0
Svea_Hovraett_etc_export_job_4502446_842250_Svea_Hovraett_-_Advokatfiskalens_Jaemtlands_laen__1702__-7a829e7f/0030_DSC_0366/r2l13,718,False,ok,0.0323,ok,0.0323,0.0
Svea_Hovraett_etc_export_job_4502446_842250_Svea_Hovraett_-_Advokatfiskalens_Jaemtlands_laen__1702__-7a829e7f/0030_DSC_0366/r2l15,724,False,ok,0.0667,ok,0.0667,0.0
Svea_Hovraett_etc_export_job_4502446_842250_Svea_Hovraett_-_Advokatfiskalens_Jaemtlands_laen__1702__-7a829e7f/0030_DSC_0366/r2l16,742,False,ok,0.0625,ok,0.0625,0.0
Svea_Hovraett_etc_export_job_4502446_842250_Svea_Hovraett_-_Advokatfiskalens_Jaemtlands_laen__1702__-7a829e7f/0030_DSC_0366/r2l17,751,False,ok,0.0,ok,0.0,0.0
Svea_Hovraett_etc_export_job_4502446_842250_Svea_Hovraett_-_Advokatfiskalens_Jaemtlands_laen__1702__-7a829e7f/0030_DSC_0366/r2l18,746,False,ok,0.0323,ok,0.0323,0.0
Svea_Hovraett_etc_export_job_4502446_842250_Svea_Hovraett_-_Advokatfiskalens_Jaemtlands_laen__1702__-7a829e7f/0030_DSC_0366/r2l19,752,False,ok,0.1389,ok,0.1389,0.0
Svea_Hovraett_etc_export_job_4502446_842250_Svea_Hovraett_-_Advokatfiskalens_Jaemtlands_laen__1702__-7a829e7f/0030_DSC_0366/r2l20,740,False,ok,0.1515,ok,0.1515,0.0
Svea_Hovraett_etc_export_job_4502446_842250_Svea_Hovraett_-_Advokatfiskalens_Jaemtlands_laen__1702__-7a829e7f/0030_DSC_0366/r2l21,130,True,ok,0.6667,ok,0.6667,0.0
Svea_Hovraett_etc_export_job_4502446_842250_Svea_Hovraett_-_Advokatfiskalens_Jaemtlands_laen__1702__-7a829e7f/0030_DSC_0366/r3l1,81,True,ok,0.75,empty,1.0,0.25
Svea_Hovraett_etc_export_job_4502446_842250_Svea_Hovraett_-_Advokatfiskalens_Jaemtlands_laen__1702__-7a829e7f/0030_DSC_0366/r3l2,668,False,ok,0.3947,ok,0.3947,0.0
Svea_Hovraett_etc_export_job_4502446_842250_Svea_Hovraett_-_Advokatfiskalens_Jaemtlands_laen__1702__-7a829e7f/0030_DSC_0366/r3l3,691,False,ok,0.5152,ok,0.5152,0.0
Svea_Hovraett_etc_export_job_4502446_842250_Svea_Hovraett_-_Advokatfiskalens_Jaemtlands_laen__1702__-7a829e7f/0030_DSC_0366/r3l4,143,True,ok,0.5556,ok,0.5556,0.0
Svea_Hovraett_etc_export_job_4502446_842250_Svea_Hovraett_-_Advokatfiskalens_Jaemtlands_laen__1702__-7a829e7f/0030_DSC_0366/r3l5,770,False,ok,0.5,ok,0.5,0.0
Svea_Hovraett_etc_export_job_4502446_842250_Svea_Hovraett_-_Advokatfiskalens_Jaemtlands_laen__1702__-7a829e7f/0030_DSC_0366/r3l6,725,False,ok,0.4722,ok,0.4722,0.0
Svea_Hovraett_etc_export_job_4502446_842250_Svea_Hovraett_-_Advokatfiskalens_Jaemtlands_laen__1702__-7a829e7f/0030_DSC_0366/r3l7,684,False,ok,0.3333,ok,0.3333,0.0
Svea_Hovraett_etc_export_job_4502446_842250_Svea_Hovraett_-_Advokatfiskalens_Jaemtlands_laen__1702__-7a829e7f/0030_DSC_0366/r3l8,713,False,ok,0.3226,ok,0.3226,0.0
Svea_Hovraett_etc_export_job_4502446_842250_Svea_Hovraett_-_Advokatfiskalens_Jaemtlands_laen__1702__-7a829e7f/0030_DSC_0366/r3l9,722,False,ok,0.1613,ok,0.1613,0.0
Svea_Hovraett_etc_export_job_4502446_842250_Svea_Hovraett_-_Advokatfiskalens_Jaemtlands_laen__1702__-7a829e7f/0030_DSC_0366/r3l10,723,False,ok,0.0606,ok,0.0606,0.0
Svea_Hovraett_etc_export_job_4502446_842250_Svea_Hovraett_-_Advokatfiskalens_Jaemtlands_laen__1702__-7a829e7f/0030_DSC_0366/r3l11,727,False,ok,0.2286,ok,0.2286,0.0
Svea_Hovraett_etc_export_job_4502446_842250_Svea_Hovraett_-_Advokatfiskalens_Jaemtlands_laen__1702__-7a829e7f/0030_DSC_0366/r3l12,422,False,ok,0.1111,ok,0.1111,0.0
Svea_Hovraett_etc_export_job_4502446_842250_Svea_Hovraett_-_Advokatfiskalens_Jaemtlands_laen__1702__-7a829e7f/0030_DSC_0366/r3l13,781,False,ok,0.3095,ok,0.3095,0.0
Svea_Hovraett_etc_export_job_4502446_842250_Svea_Hovraett_-_Advokatfiskalens_Jaemtlands_laen__1702__-7a829e7f/0030_DSC_0366/r3l14,777,False,ok,0.3235,ok,0.3235,0.0
Svea_Hovraett_etc_export_job_4502446_842250_Svea_Hovraett_-_Advokatfiskalens_Jaemtlands_laen__1702__-7a829e7f/0030_DSC_0366/r3l15,788,False,ok,0.1081,ok,0.1081,0.0
Svea_Hovraett_etc_export_job_4502446_842250_Svea_Hovraett_-_Advokatfiskalens_Jaemtlands_laen__1702__-7a829e7f/0030_DSC_0366/r3l16,739,False,ok,0.0357,ok,0.0357,0.0
Svea_Hovraett_etc_export_job_4502446_842250_Svea_Hovraett_-_Advokatfiskalens_Jaemtlands_laen__1702__-7a829e7f/0030_DSC_0366/r3l17,779,False,ok,0.0323,ok,0.0323,0.0
Svea_Hovraett_etc_export_job_4502446_842250_Svea_Hovraett_-_Advokatfiskalens_Jaemtlands_laen__1702__-7a829e7f/0030_DSC_0366/r3l18,808,False,ok,0.2647,ok,0.2647,0.0
Svea_Hovraett_etc_export_job_4502446_842250_Svea_Hovraett_-_Advokatfiskalens_Jaemtlands_laen__1702__-7a829e7f/0030_DSC_0366/r3l19,783,False,ok,0.0882,ok,0.0882,0.0
Svea_Hovraett_etc_export_job_4502446_842250_Svea_Hovraett_-_Advokatfiskalens_Jaemtlands_laen__1702__-7a829e7f/0030_DSC_0366/r3l20,135,True,empty,1.0,ok,1.0,0.0
Svea_Hovraett_etc_export_job_4502446_842250_Svea_Hovraett_-_Advokatfiskalens_Jaemtlands_laen__1702__-7a829e7f/0031_DSC_0367/r2l1,672,False,ok,0.25,ok,0.25,0.0
Svea_Hovraett_etc_export_job_4502446_842250_Svea_Hovraett_-_Advokatfiskalens_Jaemtlands_laen__1702__-7a829e7f/0031_DSC_0367/r2l2,669,False,ok,0.4054,ok,0.4054,0.0
Svea_Hovraett_etc_export_job_4502446_842250_Svea_Hovraett_-_Advokatfiskalens_Jaemtlands_laen__1702__-7a829e7f/0031_DSC_0367/r2l3,685,False,ok,0.2424,ok,0.2424,0.0
Svea_Hovraett_etc_export_job_4502446_842250_Svea_Hovraett_-_Advokatfiskalens_Jaemtlands_laen__1702__-7a829e7f/0031_DSC_0367/r2l4,682,False,ok,0.1935,ok,0.1935,0.0
Svea_Hovraett_etc_export_job_4502446_842250_Svea_Hovraett_-_Advokatfiskalens_Jaemtlands_laen__1702__-7a829e7f/0031_DSC_0367/r2l5,693,False,ok,0.1613,ok,0.1613,0.0
Svea_Hovraett_etc_export_job_4502446_842250_Svea_Hovraett_-_Advokatfiskalens_Jaemtlands_laen__1702__-7a829e7f/0031_DSC_0367/r2l6,666,False,ok,0.0,ok,0.0,0.0
Svea_Hovraett_etc_export_job_4502446_842250_Svea_Hovraett_-_Advokatfiskalens_Jaemtlands_laen__1702__-7a829e7f/0031_DSC_0367/r2l7,818,False,ok,0.2632,ok,0.2632,0.0
Svea_Hovraett_etc_export_job_4502446_842250_Svea_Hovraett_-_Advokatfiskalens_Jaemtlands_laen__1702__-7a829e7f/0031_DSC_0367/r2l8,732,False,ok,0.0968,ok,0.0968,0.0
Svea_Hovraett_etc_export_job_4502446_842250_Svea_Hovraett_-_Advokatfiskalens_Jaemtlands_laen__1702__-7a829e7f/0031_DSC_0367/r2l10,713,False,ok,0.1429,ok,0.1429,0.0
Svea_Hovraett_etc_export_job_4502446_842250_Svea_Hovraett_-_Advokatfiskalens_Jaemtlands_laen__1702__-7a829e7f/0031_DSC_0367/r2l12,720,False,ok,0.2,ok,0.2,0.0
Svea_Hovraett_etc_export_job_4502446_842250_Svea_Hovraett_-_Advokatfiskalens_Jaemtlands_laen__1702__-7a829e7f/0031_DSC_0367/r2l13,745,False,ok,0.1,ok,0.1,0.0
Svea_Hovraett_etc_export_job_4502446_842250_Svea_Hovraett_-_Advokatfiskalens_Jaemtlands_laen__1702__-7a829e7f/0031_DSC_0367/r2l14,748,False,ok,0.0303,ok,0.0303,0.0
Svea_Hovraett_etc_export_job_4502446_842250_Svea_Hovraett_-_Advokatfiskalens_Jaemtlands_laen__1702__-7a829e7f/0031_DSC_0367/r2l16,745,False,ok,0.1,ok,0.1,0.0
Svea_Hovraett_etc_export_job_4502446_842250_Svea_Hovraett_-_Advokatfiskalens_Jaemtlands_laen__1702__-7a829e7f/0031_DSC_0367/r2l18,745,False,ok,0.2222,ok,0.2222,0.0
Svea_Hovraett_etc_export_job_4502446_842250_Svea_Hovraett_-_Advokatfiskalens_Jaemtlands_laen__1702__-7a829e7f/0031_DSC_0367/r2l19,766,False,ok,0.0,ok,0.0,0.0
Svea_Hovraett_etc_export_job_4502446_842250_Svea_Hovraett_-_Advokatfiskalens_Jaemtlands_laen__1702__-7a829e7f/0031_DSC_0367/r2l20,745,False,ok,0.1111,ok,0.1111,0.0
Svea_Hovraett_etc_export_job_4502446_842250_Svea_Hovraett_-_Advokatfiskalens_Jaemtlands_laen__1702__-7a829e7f/0031_DSC_0367/r2l21,773,False,ok,0.1034,ok,0.1034,0.0
Svea_Hovraett_etc_export_job_4502446_842250_Svea_Hovraett_-_Advokatfiskalens_Jaemtlands_laen__1702__-7a829e7f/0031_DSC_0367/r2l22,769,False,ok,0.0882,ok,0.0882,0.0
Svea_Hovraett_etc_export_job_4502446_842250_Svea_Hovraett_-_Advokatfiskalens_Jaemtlands_laen__1702__-7a829e7f/0031_DSC_0367/r3l2,74,True,empty,1.0,empty,1.0,0.0
Svea_Hovraett_etc_export_job_4502446_842250_Svea_Hovraett_-_Advokatfiskalens_Jaemtlands_laen__1702__-7a829e7f/0031_DSC_0367/r3l3,706,False,ok,0.6216,ok,0.6216,0.0
Svea_Hovraett_etc_export_job_4502446_842250_Svea_Hovraett_-_Advokatfiskalens_Jaemtlands_laen__1702__-7a829e7f/0031_DSC_0367/r3l4,690,False,ok,0.4865,ok,0.4865,0.0
Svea_Hovraett_etc_export_job_4502446_842250_Svea_Hovraett_-_Advokatfiskalens_Jaemtlands_laen__1702__-7a829e7f/0031_DSC_0367/r3l5,631,False,ok,0.1562,ok,0.1562,0.0
Svea_Hovraett_etc_export_job_4502446_842250_Svea_Hovraett_-_Advokatfiskalens_Jaemtlands_laen__1702__-7a829e7f/0031_DSC_0367/r3l6,725,False,ok,0.4565,ok,0.4565,0.0
Svea_Hovraett_etc_export_job_4502446_842250_Svea_Hovraett_-_Advokatfiskalens_Jaemtlands_laen__1702__-7a829e7f/0031_DSC_0367/r3l7,749,False,ok,0.3514,ok,0.3514,0.0
Svea_Hovraett_etc_export_job_4502446_842250_Svea_Hovraett_-_Advokatfiskalens_Jaemtlands_laen__1702__-7a829e7f/0031_DSC_0367/r3l8,67,True,ok,0.2,ok,0.0,-0.2
Svea_Hovraett_etc_export_job_4502446_842250_Svea_Hovraett_-_Advokatfiskalens_Jaemtlands_laen__1702__-7a829e7f/0031_DSC_0367/r3l9,725,False,ok,0.5333,ok,0.5333,0.0
Svea_Hovraett_etc_export_job_4502446_842250_Svea_Hovraett_-_Advokatfiskalens_Jaemtlands_laen__1702__-7a829e7f/0031_DSC_0367/r3l10,723,False,ok,0.4878,ok,0.4878,0.0
Svea_Hovraett_etc_export_job_4502446_842250_Svea_Hovraett_-_Advokatfiskalens_Jaemtlands_laen__1702__-7a829e7f/0031_DSC_0367/r3l11,761,False,ok,0.3243,ok,0.3243,0.0
Svea_Hovraett_etc_export_job_4502446_842250_Svea_Hovraett_-_Advokatfiskalens_Jaemtlands_laen__1702__-7a829e7f/0031_DSC_0367/r3l12,725,False,ok,0.2353,ok,0.2353,0.0
Svea_Hovraett_etc_export_job_4502446_842250_Svea_Hovraett_-_Advokatfiskalens_Jaemtlands_laen__1702__-7a829e7f/0031_DSC_0367/r3l13,716,False,ok,0.1818,ok,0.1818,0.0
Svea_Hovraett_etc_export_job_4502446_842250_Svea_Hovraett_-_Advokatfiskalens_Jaemtlands_laen__1702__-7a829e7f/0031_DSC_0367/r3l14,771,False,ok,0.2683,ok,0.2683,0.0
Svea_Hovraett_etc_export_job_4502446_842250_Svea_Hovraett_-_Advokatfiskalens_Jaemtlands_laen__1702__-7a829e7f/0031_DSC_0367/r3l15,212,True,ok,0.0,ok,0.0,0.0
Svea_Hovraett_etc_export_job_4502446_842250_Svea_Hovraett_-_Advokatfiskalens_Jaemtlands_laen__1702__-7a829e7f/0031_DSC_0367/r3l16,786,False,ok,0.2368,ok,0.2368,0.0
Svea_Hovraett_etc_export_job_4502446_842250_Svea_Hovraett_-_Advokatfiskalens_Jaemtlands_laen__1702__-7a829e7f/0031_DSC_0367/r3l17,784,False,ok,0.1081,ok,0.1081,0.0
Svea_Hovraett_etc_export_job_4502446_842250_Svea_Hovraett_-_Advokatfiskalens_Jaemtlands_laen__1702__-7a829e7f/0031_DSC_0367/r3l18,759,False,ok,0.1622,ok,0.1622,0.0
Svea_Hovraett_etc_export_job_4502446_842250_Svea_Hovraett_-_Advokatfiskalens_Jaemtlands_laen__1702__-7a829e7f/0031_DSC_0367/r3l19,764,False,ok,0.0909,ok,0.0909,0.0
Svea_Hovraett_etc_export_job_4502446_842250_Svea_Hovraett_-_Advokatfiskalens_Jaemtlands_laen__1702__-7a829e7f/0031_DSC_0367/r3l20,686,False,ok,0.1935,ok,0.1935,0.0
Svea_Hovraett_etc_export_job_4502446_842250_Svea_Hovraett_-_Advokatfiskalens_Jaemtlands_laen__1702__-7a829e7f/0031_DSC_0367/r3l21,764,False,ok,0.2581,ok,0.2581,0.0
Svea_Hovraett_etc_export_job_4502446_842250_Svea_Hovraett_-_Advokatfiskalens_Jaemtlands_laen__1702__-7a829e7f/0031_DSC_0367/r3l22,780,False,ok,0.1429,ok,0.1429,0.0
Svea_Hovraett_etc_export_job_4502446_842250_Svea_Hovraett_-_Advokatfiskalens_Jaemtlands_laen__1702__-7a829e7f/0031_DSC_0367/r3l23,134,True,empty,1.0,empty,1.0,0.0
Svea_Hovraett_etc_export_job_4502446_842250_Svea_Hovraett_-_Advokatfiskalens_Jaemtlands_laen__1702__-7a829e7f/0032_DSC_0368/r1l1,658,False,ok,0.439,ok,0.439,0.0
Svea_Hovraett_etc_export_job_4502446_842250_Svea_Hovraett_-_Advokatfiskalens_Jaemtlands_laen__1702__-7a829e7f/0032_DSC_0368/r1l2,660,False,ok,0.5333,ok,0.5333,0.0
Svea_Hovraett_etc_export_job_4502446_842250_Svea_Hovraett_-_Advokatfiskalens_Jaemtlands_laen__1702__-7a829e7f/0032_DSC_0368/r1l3,646,False,ok,0.2941,ok,0.2941,0.0
Svea_Hovraett_etc_export_job_4502446_842250_Svea_Hovraett_-_Advokatfiskalens_Jaemtlands_laen__1702__-7a829e7f/0032_DSC_0368/r1l4,654,False,ok,0.2903,ok,0.2903,0.0
Svea_Hovraett_etc_export_job_4502446_842250_Svea_Hovraett_-_Advokatfiskalens_Jaemtlands_laen__1702__-7a829e7f/0032_DSC_0368/r1l5,657,False,ok,0.2727,ok,0.2727,0.0
Svea_Hovraett_etc_export_job_4502446_842250_Svea_Hovraett_-_Advokatfiskalens_Jaemtlands_laen__1702__-7a829e7f/0032_DSC_0368/r1l6,669,False,ok,0.1562,ok,0.1562,0.0
Svea_Hovraett_etc_export_job_4502446_842250_Svea_Hovraett_-_Advokatfiskalens_Jaemtlands_laen__1702__-7a829e7f/0032_DSC_0368/r1l7,667,False,ok,0.2059,ok,0.2059,0.0
Svea_Hovraett_etc_export_job_4502446_842250_Svea_Hovraett_-_Advokatfiskalens_Jaemtlands_laen__1702__-7a829e7f/0032_DSC_0368/r1l8,675,False,ok,0.2258,ok,0.2258,0.0
Svea_Hovraett_etc_export_job_4502446_842250_Svea_Hovraett_-_Advokatfiskalens_Jaemtlands_laen__1702__-7a829e7f/0032_DSC_0368/r1l9,671,False,ok,0.1786,ok,0.1786,0.0
Svea_Hovraett_etc_export_job_4502446_842250_Svea_Hovraett_-_Advokatfiskalens_Jaemtlands_laen__1702__-7a829e7f/0032_DSC_0368/r1l10,694,False,ok,0.1667,ok,0.1667,0.0
Svea_Hovraett_etc_export_job_4502446_842250_Svea_Hovraett_-_Advokatfiskalens_Jaemtlands_laen__1702__-7a829e7f/0032_DSC_0368/r1l11,675,False,ok,0.3889,ok,0.3889,0.0
Svea_Hovraett_etc_export_job_4502446_842250_Svea_Hovraett_-_Advokatfiskalens_Jaemtlands_laen__1702__-7a829e7f/0032_DSC_0368/r1l12,680,False,ok,0.1143,ok,0.1143,0.0
Svea_Hovraett_etc_export_job_4502446_842250_Svea_Hovraett_-_Advokatfiskalens_Jaemtlands_laen__1702__-7a829e7f/0032_DSC_0368/r1l13,695,False,ok,0.0882,ok,0.0882,0.0
Svea_Hovraett_etc_export_job_4502446_842250_Svea_Hovraett_-_Advokatfiskalens_Jaemtlands_laen__1702__-7a829e7f/0032_DSC_0368/r1l14,697,False,ok,0.2857,ok,0.2857,0.0
Svea_Hovraett_etc_export_job_4502446_842250_Svea_Hovraett_-_Advokatfiskalens_Jaemtlands_laen__1702__-7a829e7f/0032_DSC_0368/r1l15,691,False,ok,0.1892,ok,0.1892,0.0
Svea_Hovraett_etc_export_job_4502446_842250_Svea_Hovraett_-_Advokatfiskalens_Jaemtlands_laen__1702__-7a829e7f/0032_DSC_0368/r1l16,698,False,ok,0.0857,ok,0.0857,0.0
Svea_Hovraett_etc_export_job_4502446_842250_Svea_Hovraett_-_Advokatfiskalens_Jaemtlands_laen__1702__-7a829e7f/0032_DSC_0368/r1l17,685,False,ok,0.125,ok,0.125,0.0
Svea_Hovraett_etc_export_job_4502446_842250_Svea_Hovraett_-_Advokatfiskalens_Jaemtlands_laen__1702__-7a829e7f/0032_DSC_0368/r1l18,719,False,ok,0.0286,ok,0.0286,0.0
Svea_Hovraett_etc_export_job_4502446_842250_Svea_Hovraett_-_Advokatfiskalens_Jaemtlands_laen__1702__-7a829e7f/0032_DSC_0368/r1l19,716,False,ok,0.0667,ok,0.0667,0.0
Svea_Hovraett_etc_export_job_4502446_842250_Svea_Hovraett_-_Advokatfiskalens_Jaemtlands_laen__1702__-7a829e7f/0032_DSC_0368/r1l20,722,False,ok,0.2188,ok,0.2188,0.0
Svea_Hovraett_etc_export_job_4502446_842250_Svea_Hovraett_-_Advokatfiskalens_Jaemtlands_laen__1702__-7a829e7f/0032_DSC_0368/r1l21,116,True,ok,1.0,ok,1.0,0.0
Svea_Hovraett_etc_export_job_4502446_842250_Svea_Hovraett_-_Advokatfiskalens_Jaemtlands_laen__1702__-7a829e7f/0032_DSC_0368/r2l1,82,True,ok,0.75,empty,1.0,0.25
Svea_Hovraett_etc_export_job_4502446_842250_Svea_Hovraett_-_Advokatfiskalens_Jaemtlands_laen__1702__-7a829e7f/0032_DSC_0368/r2l2,650,False,ok,0.4706,ok,0.4706,0.0
Svea_Hovraett_etc_export_job_4502446_842250_Svea_Hovraett_-_Advokatfiskalens_Jaemtlands_laen__1702__-7a829e7f/0032_DSC_0368/r2l3,113,True,ok,0.4444,ok,0.6667,0.2222
Svea_Hovraett_etc_export_job_4502446_842250_Svea_Hovraett_-_Advokatfiskalens_Jaemtlands_laen__1702__-7a829e7f/0032_DSC_0368/r2l4,703,False,ok,0.3333,ok,0.3333,0.0
Svea_Hovraett_etc_export_job_4502446_842250_Svea_Hovraett_-_Advokatfiskalens_Jaemtlands_laen__1702__-7a829e7f/0032_DSC_0368/r2l5,714,False,ok,0.4634,ok,0.4634,0.0
Svea_Hovraett_etc_export_job_4502446_842250_Svea_Hovraett_-_Advokatfiskalens_Jaemtlands_laen__1702__-7a829e7f/0032_DSC_0368/r2l6,682,False,ok,0.5556,ok,0.5556,0.0
Svea_Hovraett_etc_export_job_4502446_842250_Svea_Hovraett_-_Advokatfiskalens_Jaemtlands_laen__1702__-7a829e7f/0032_DSC_0368/r2l7,671,False,ok,0.3125,ok,0.3125,0.0
Svea_Hovraett_etc_export_job_4502446_842250_Svea_Hovraett_-_Advokatfiskalens_Jaemtlands_laen__1702__-7a829e7f/0032_DSC_0368/r2l8,689,False,ok,0.2571,ok,0.2571,0.0
Svea_Hovraett_etc_export_job_4502446_842250_Svea_Hovraett_-_Advokatfiskalens_Jaemtlands_laen__1702__-7a829e7f/0032_DSC_0368/r2l9,693,False,ok,0.0882,ok,0.0882,0.0
Svea_Hovraett_etc_export_job_4502446_842250_Svea_Hovraett_-_Advokatfiskalens_Jaemtlands_laen__1702__-7a829e7f/0032_DSC_0368/r2l10,703,False,ok,0.1176,ok,0.1176,0.0
Svea_Hovraett_etc_export_job_4502446_842250_Svea_Hovraett_-_Advokatfiskalens_Jaemtlands_laen__1702__-7a829e7f/0032_DSC_0368/r2l11,722,False,ok,0.2812,ok,0.2812,0.0
Svea_Hovraett_etc_export_job_4502446_842250_Svea_Hovraett_-_Advokatfiskalens_Jaemtlands_laen__1702__-7a829e7f/0032_DSC_0368/r2l12,693,False,ok,0.0312,ok,0.0312,0.0
Svea_Hovraett_etc_export_job_4502446_842250_Svea_Hovraett_-_Advokatfiskalens_Jaemtlands_laen__1702__-7a829e7f/0032_DSC_0368/r2l13,716,False,ok,0.3784,ok,0.3784,0.0
Svea_Hovraett_etc_export_job_4502446_842250_Svea_Hovraett_-_Advokatfiskalens_Jaemtlands_laen__1702__-7a829e7f/0032_DSC_0368/r2l14,749,False,ok,0.1951,ok,0.1951,0.0
Svea_Hovraett_etc_export_job_4502446_842250_Svea_Hovraett_-_Advokatfiskalens_Jaemtlands_laen__1702__-7a829e7f/0032_DSC_0368/r2l15,736,False,ok,0.1562,ok,0.1562,0.0
Svea_Hovraett_etc_export_job_4502446_842250_Svea_Hovraett_-_Advokatfiskalens_Jaemtlands_laen__1702__-7a829e7f/0032_DSC_0368/r2l16,754,False,ok,0.0286,ok,0.0286,0.0
Svea_Hovraett_etc_export_job_4502446_842250_Svea_Hovraett_-_Advokatfiskalens_Jaemtlands_laen__1702__-7a829e7f/0032_DSC_0368/r2l17,731,False,ok,0.0588,ok,0.0588,0.0
Svea_Hovraett_etc_export_job_4502446_842250_Svea_Hovraett_-_Advokatfiskalens_Jaemtlands_laen__1702__-7a829e7f/0032_DSC_0368/r2l18,740,False,ok,0.2105,ok,0.2105,0.0
Svea_Hovraett_etc_export_job_4502446_842250_Svea_Hovraett_-_Advokatfiskalens_Jaemtlands_laen__1702__-7a829e7f/0032_DSC_0368/r2l19,749,False,ok,0.1471,ok,0.1471,0.0
Svea_Hovraett_etc_export_job_4502446_842250_Svea_Hovraett_-_Advokatfiskalens_Jaemtlands_laen__1702__-7a829e7f/0032_DSC_0368/r2l20,771,False,ok,0.1143,ok,0.1143,0.0
Svea_Hovraett_etc_export_job_4502446_842250_Svea_Hovraett_-_Advokatfiskalens_Jaemtlands_laen__1702__-7a829e7f/0032_DSC_0368/r2l21,766,False,ok,0.1579,ok,0.1579,0.0
Svea_Hovraett_etc_export_job_4502446_842250_Svea_Hovraett_-_Advokatfiskalens_Jaemtlands_laen__1702__-7a829e7f/0032_DSC_0368/r2l22,124,True,empty,1.0,empty,1.0,0.0
Svea_Hovraett_etc_export_job_4502446_842250_Svea_Hovraett_-_Advokatfiskalens_Jaemtlands_laen__1702__-7a829e7f/0033_DSC_0369/r1l1,657,False,ok,0.6176,ok,0.6176,0.0
Svea_Hovraett_etc_export_job_4502446_842250_Svea_Hovraett_-_Advokatfiskalens_Jaemtlands_laen__1702__-7a829e7f/0033_DSC_0369/r1l2,666,False,ok,0.2632,ok,0.2632,0.0
Svea_Hovraett_etc_export_job_4502446_842250_Svea_Hovraett_-_Advokatfiskalens_Jaemtlands_laen__1702__-7a829e7f/0033_DSC_0369/r1l3,662,False,ok,0.2857,ok,0.2857,0.0
Svea_Hovraett_etc_export_job_4502446_842250_Svea_Hovraett_-_Advokatfiskalens_Jaemtlands_laen__1702__-7a829e7f/0033_DSC_0369/r1l4,676,False,ok,0.2778,ok,0.2778,0.0
Svea_Hovraett_etc_export_job_4502446_842250_Svea_Hovraett_-_Advokatfiskalens_Jaemtlands_laen__1702__-7a829e7f/0033_DSC_0369/r1l5,660,False,ok,0.3529,ok,0.3529,0.0
Svea_Hovraett_etc_export_job_4502446_842250_Svea_Hovraett_-_Advokatfiskalens_Jaemtlands_laen__1702__-7a829e7f/0033_DSC_0369/r1l6,683,False,ok,0.2,ok,0.2,0.0
Svea_Hovraett_etc_export_job_4502446_842250_Svea_Hovraett_-_Advokatfiskalens_Jaemtlands_laen__1702__-7a829e7f/0033_DSC_0369/r1l7,663,False,ok,0.0645,ok,0.0645,0.0
Svea_Hovraett_etc_export_job_4502446_842250_Svea_Hovraett_-_Advokatfiskalens_Jaemtlands_laen__1702__-7a829e7f/0033_DSC_0369/r1l8,694,False,ok,0.1714,ok,0.1714,0.0
Svea_Hovraett_etc_export_job_4502446_842250_Svea_Hovraett_-_Advokatfiskalens_Jaemtlands_laen__1702__-7a829e7f/0033_DSC_0369/r1l9,698,False,ok,0.1818,ok,0.1818,0.0
Svea_Hovraett_etc_export_job_4502446_842250_Svea_Hovraett_-_Advokatfiskalens_Jaemtlands_laen__1702__-7a829e7f/0033_DSC_0369/r1l10,698,False,ok,0.2,ok,0.2,0.0
Svea_Hovraett_etc_export_job_4502446_842250_Svea_Hovraett_-_Advokatfiskalens_Jaemtlands_laen__1702__-7a829e7f/0033_DSC_0369/r1l11,699,False,ok,0.1892,ok,0.1892,0.0
Svea_Hovraett_etc_export_job_4502446_842250_Svea_Hovraett_-_Advokatfiskalens_Jaemtlands_laen__1702__-7a829e7f/0033_DSC_0369/r1l12,694,False,ok,0.1389,ok,0.1389,0.0
Svea_Hovraett_etc_export_job_4502446_842250_Svea_Hovraett_-_Advokatfiskalens_Jaemtlands_laen__1702__-7a829e7f/0033_DSC_0369/r1l13,685,False,ok,0.069,ok,0.069,0.0
Svea_Hovraett_etc_export_job_4502446_842250_Svea_Hovraett_-_Advokatfiskalens_Jaemtlands_laen__1702__-7a829e7f/0033_DSC_0369/r1l15,144,True,ok,0.4,ok,0.4,0.0
